state,crop_year,season,crop,yield_kg_ha
Assam,1997,Kharif     ,Arhar/Tur,705.8912159108031
Assam,1997,Rabi       ,Gram,505.8744545149379
Assam,1997,Kharif     ,Maize,766.0803497085761
Assam,1997,Whole Year ,Potato,8927.450537477245
Assam,1997,Rabi       ,Rapeseed &Mustard,554.1583718831904
Assam,1997,Autumn     ,Rice,655.809259119004
Assam,1997,Summer     ,Rice,1198.0237063792335
Assam,1997,Winter     ,Rice,944.9183483707246
Assam,1997,Whole Year ,Sesamum,523.7551538217571
Assam,1997,Kharif     ,Sugarcane,41108.97886199629
Assam,1997,Rabi       ,Wheat,1299.3695246641007
Karnataka,1997,Kharif     ,Arhar/Tur,233.45345060572296
Karnataka,1997,Kharif     ,Bajra,438.5071841513669
Karnataka,1997,Summer     ,Bajra,807.3170731707318
Karnataka,1997,Kharif     ,Groundnut,620.010711766191
Karnataka,1997,Rabi       ,Groundnut,941.039206718776
Karnataka,1997,Kharif     ,Jowar,1324.3680874541303
Karnataka,1997,Rabi       ,Jowar,481.472476171951
Karnataka,1997,Summer     ,Jowar,2466.188691543099
Karnataka,1997,Kharif     ,Maize,2766.7865957831887
Karnataka,1997,Rabi       ,Maize,2025.4688395708788
Karnataka,1997,Summer     ,Maize,2147.2764645426514
Karnataka,1997,Kharif     ,Ragi,1352.3260955028338
Karnataka,1997,Rabi       ,Ragi,1243.2113341204251
Karnataka,1997,Summer     ,Ragi,1851.5642334146883
Karnataka,1997,Kharif     ,Rice,2268.9529146025807
Karnataka,1997,Rabi       ,Rice,2029.1710738740744
Karnataka,1997,Summer     ,Rice,2845.648475623405
Karnataka,1997,Whole Year ,Sugarcane,93892.21872905584
Karnataka,1997,Rabi       ,Wheat,472.7281430246751
Meghalaya,1997,Kharif     ,Arhar/Tur,789.5953757225434
Meghalaya,1997,Rabi       ,Gram,609.4808126410835
Meghalaya,1997,Kharif     ,Maize,1448.5007278020378
Meghalaya,1997,Whole Year ,Potato,9656.569061837796
Meghalaya,1997,Rabi       ,Rapeseed &Mustard,646.0804165461383
Meghalaya,1997,Kharif     ,Rice,1427.2225919939146
Meghalaya,1997,Kharif     ,Sesamum,518.8536953242835
Meghalaya,1997,Whole Year ,Sugarcane,2743.9024390243903
Meghalaya,1997,Rabi       ,Wheat,1608.1175647305809
West Bengal,1997,Whole Year ,Arhar/Tur,600.8264462809917
West Bengal,1997,Kharif     ,Bajra,458.93719806763283
West Bengal,1997,Rabi       ,Gram,666.8236217382774
West Bengal,1997,Whole Year ,Groundnut,1305.824750970792
West Bengal,1997,Whole Year ,Jowar,474.6835443037975
West Bengal,1997,Whole Year ,Maize,3676.167921283374
West Bengal,1997,Kharif     ,Moong(Green Gram),477.18120805369125
West Bengal,1997,Rabi       ,Moong(Green Gram),523.0957479351483
West Bengal,1997,Summer     ,Moong(Green Gram),30.424741439903606
West Bengal,1997,Whole Year ,Potato,19652.31765927856
West Bengal,1997,Autumn     ,Ragi,1215.9911160466409
West Bengal,1997,Whole Year ,Rapeseed &Mustard,767.1426344219146
West Bengal,1997,Autumn     ,Rice,1777.1984845942413
West Bengal,1997,Summer     ,Rice,2957.7678362054608
West Bengal,1997,Winter     ,Rice,2087.685067751236
West Bengal,1997,Whole Year ,Sesamum,695.3398012711765
West Bengal,1997,Whole Year ,Sugarcane,70500.44578826995
West Bengal,1997,Kharif     ,Urad,642.1157482929365
West Bengal,1997,Rabi       ,Urad,632.1432850125793
West Bengal,1997,Rabi       ,Wheat,2206.144147381143
Puducherry,1998,Kharif     ,Bajra,2174.496644295302
Puducherry,1998,Rabi       ,Groundnut,1971.31931166348
Puducherry,1998,Kharif     ,Ragi,3267.8571428571427
Puducherry,1998,Kharif     ,Rice,2329.221435793731
Puducherry,1998,Rabi       ,Rice,2164.6013895852734
Puducherry,1998,Summer     ,Rice,2600.2449265220434
Puducherry,1998,Kharif     ,Sesamum,816.3265306122449
Puducherry,1998,Kharif     ,Sugarcane,85745.0184501845
Assam,1998,Kharif     ,Arhar/Tur,703.8004440381351
Assam,1998,Rabi       ,Gram,500.6662225183211
Assam,1998,Kharif     ,Maize,704.9469964664311
Assam,1998,Whole Year ,Potato,7940.396060188675
Assam,1998,Rabi       ,Rapeseed &Mustard,469.5892725453469
Assam,1998,Autumn     ,Rice,874.9972688111682
Assam,1998,Summer     ,Rice,1992.354173272655
Assam,1998,Winter     ,Rice,1399.2612659992783
Assam,1998,Kharif     ,Sesamum,515.0564617314931
Assam,1998,Whole Year ,Sugarcane,40024.140525334464
Assam,1998,Rabi       ,Wheat,1010.2465649451395
Goa,1998,Kharif     ,Groundnut,1177.142857142857
Goa,1998,Rabi       ,Groundnut,2026.7175572519084
Goa,1998,Kharif     ,Ragi,990.4
Goa,1998,Kharif     ,Rice,2542.6585365853657
Goa,1998,Rabi       ,Rice,3039.380788911199
Goa,1998,Whole Year ,Sugarcane,48484.84848484849
Karnataka,1998,Kharif     ,Arhar/Tur,465.82848824979595
Karnataka,1998,Kharif     ,Bajra,678.7401158204591
Karnataka,1998,Rabi       ,Bajra,1188.470066518847
Karnataka,1998,Summer     ,Bajra,588.6524822695036
Karnataka,1998,Rabi       ,Gram,569.9217057012434
Karnataka,1998,Kharif     ,Groundnut,917.476893115289
Karnataka,1998,Rabi       ,Groundnut,1210.0439191519695
Karnataka,1998,Kharif     ,Jowar,1465.3832626756146
Karnataka,1998,Rabi       ,Jowar,706.5743203944339
Karnataka,1998,Summer     ,Jowar,2601.3262897605937
Karnataka,1998,Kharif     ,Maize,3424.4237155694473
Karnataka,1998,Rabi       ,Maize,2035.2750290453107
Karnataka,1998,Summer     ,Maize,2261.5667279104728
Karnataka,1998,Kharif     ,Moong(Green Gram),196.4166559733094
Karnataka,1998,Rabi       ,Moong(Green Gram),448.2626223843348
Karnataka,1998,Kharif     ,Potato,11025.978090766823
Karnataka,1998,Rabi       ,Potato,19679.84663311766
Karnataka,1998,Summer     ,Potato,17051.011433597185
Karnataka,1998,Whole Year ,Potato,14589.55223880597
Karnataka,1998,Kharif     ,Ragi,1688.108475896217
Karnataka,1998,Rabi       ,Ragi,1338.9590045222121
Karnataka,1998,Summer     ,Ragi,2249.4144101939473
Karnataka,1998,Kharif     ,Rapeseed &Mustard,268.2451670912633
Karnataka,1998,Kharif     ,Rice,2408.4385276776256
Karnataka,1998,Rabi       ,Rice,2048.433818701479
Karnataka,1998,Summer     ,Rice,3216.6075110705474
Karnataka,1998,Kharif     ,Sesamum,404.97180043383946
Karnataka,1998,Rabi       ,Wheat,815.7936805945401
Kerala,1998,Kharif     ,Groundnut,743.3414043583535
Kerala,1998,Kharif     ,Jowar,508.95728066146074
Kerala,1998,Kharif     ,Ragi,808.9887640449438
Kerala,1998,Autumn     ,Rice,1961.8606353510734
Kerala,1998,Summer     ,Rice,2510.779896013865
Kerala,1998,Winter     ,Rice,1980.5052829195142
Kerala,1998,Kharif     ,Sesamum,320.0121102028459
Kerala,1998,Whole Year ,Sugarcane,76649.35064935064
Meghalaya,1998,Kharif     ,Arhar/Tur,787.4564459930314
Meghalaya,1998,Rabi       ,Gram,611.231101511879
Meghalaya,1998,Kharif     ,Maize,1467.6810500029037
Meghalaya,1998,Whole Year ,Potato,9688.189659326363
Meghalaya,1998,Rabi       ,Rapeseed &Mustard,661.6541353383459
Meghalaya,1998,Kharif     ,Rice,1420.675129504184
Meghalaya,1998,Kharif     ,Sesamum,524.9621785173979
Meghalaya,1998,Whole Year ,Sugarcane,2710.843373493976
Meghalaya,1998,Rabi       ,Wheat,1632.3769535805925
West Bengal,1998,Kharif     ,Arhar/Tur,641.5963161933998
West Bengal,1998,Kharif     ,Bajra,480.0
West Bengal,1998,Rabi       ,Gram,814.6955252082796
West Bengal,1998,Whole Year ,Groundnut,1160.393938389097
West Bengal,1998,Kharif     ,Jowar,467.2686230248307
West Bengal,1998,Kharif     ,Maize,3145.4866429554245
West Bengal,1998,Kharif     ,Moong(Green Gram),521.8978102189781
West Bengal,1998,Rabi       ,Moong(Green Gram),585.562477097838
West Bengal,1998,Summer     ,Moong(Green Gram),319.7424892703863
West Bengal,1998,Whole Year ,Potato,21023.435020223194
West Bengal,1998,Kharif     ,Ragi,1213.4936021713843
West Bengal,1998,Rabi       ,Rapeseed &Mustard,731.0415323587662
West Bengal,1998,Autumn     ,Rice,1742.7870927666222
West Bengal,1998,Summer     ,Rice,3393.3647851425017
West Bengal,1998,Winter     ,Rice,1899.8515620733651
West Bengal,1998,Whole Year ,Sesamum,850.8638287279064
West Bengal,1998,Whole Year ,Sugarcane,74284.76010241568
West Bengal,1998,Kharif     ,Urad,425.81269744216854
West Bengal,1998,Rabi       ,Urad,641.8740074113288
West Bengal,1998,Rabi       ,Wheat,2117.4130273871206
Assam,1999,Kharif     ,Arhar/Tur,702.1745114230663
Assam,1999,Rabi       ,Gram,511.986301369863
Assam,1999,Kharif     ,Maize,713.212908463568
Assam,1999,Whole Year ,Potato,9117.42325532913
Assam,1999,Rabi       ,Rapeseed &Mustard,452.1539541854591
Assam,1999,Autumn     ,Rice,922.7163418398478
Assam,1999,Summer     ,Rice,2218.8159672022102
Assam,1999,Winter     ,Rice,1500.9576397691408
Assam,1999,Kharif     ,Sesamum,519.4479297365119
Assam,1999,Whole Year ,Sugarcane,39667.94929054866
Assam,1999,Rabi       ,Wheat,1278.7708033023196
Goa,1999,Kharif     ,Groundnut,1465.7142857142858
Goa,1999,Rabi       ,Groundnut,1759.9601593625498
Goa,1999,Kharif     ,Ragi,1070.0
Goa,1999,Kharif     ,Rice,2377.3086419753085
Goa,1999,Rabi       ,Rice,2691.790538456794
Goa,1999,Whole Year ,Sugarcane,51265.917602996255
Kerala,1999,Kharif     ,Groundnut,743.2451957809565
Kerala,1999,Kharif     ,Jowar,508.8967971530249
Kerala,1999,Kharif     ,Ragi,809.1954022988506
Kerala,1999,Autumn     ,Rice,2080.8557909895085
Kerala,1999,Summer     ,Rice,2491.3565777907997
Kerala,1999,Winter     ,Rice,2192.700378316141
Kerala,1999,Kharif     ,Sesamum,274.88514548238896
Meghalaya,1999,Kharif     ,Arhar/Tur,742.8243398392652
Meghalaya,1999,Rabi       ,Gram,615.2173913043479
Meghalaya,1999,Kharif     ,Maize,1445.6332271443168
Meghalaya,1999,Whole Year ,Potato,7813.239544140902
Meghalaya,1999,Rabi       ,Rapeseed &Mustard,660.0397614314115
Meghalaya,1999,Kharif     ,Rice,1530.8737144083839
Meghalaya,1999,Rabi       ,Rice,3524.0519216085518
Meghalaya,1999,Kharif     ,Sesamum,521.4723926380368
Meghalaya,1999,Whole Year ,Sugarcane,2787.5
Puducherry,1999,Kharif     ,Bajra,2764.705882352941
Puducherry,1999,Kharif     ,Groundnut,2796.2138084632516
Puducherry,1999,Kharif     ,Jowar,1000.0
Puducherry,1999,Rabi       ,Moong(Green Gram),538.5242560130453
Puducherry,1999,Kharif     ,Ragi,3645.1612903225805
Puducherry,1999,Rabi       ,Rapeseed &Mustard,7546.875
Puducherry,1999,Kharif     ,Rice,2335.8355604464705
Puducherry,1999,Whole Year ,Sugarcane,84921.37240886348
Puducherry,1999,Rabi       ,Urad,780.9433364988921
West Bengal,1999,Kharif     ,Arhar/Tur,753.9811504712383
West Bengal,1999,Kharif     ,Bajra,657.5342465753424
West Bengal,1999,Rabi       ,Gram,825.0432038470208
West Bengal,1999,Kharif     ,Groundnut,689.2173189009159
West Bengal,1999,Rabi       ,Groundnut,1520.006559527714
West Bengal,1999,Summer     ,Groundnut,1429.6044419575603
West Bengal,1999,Kharif     ,Jowar,467.1280276816609
West Bengal,1999,Kharif     ,Maize,1983.603290728458
West Bengal,1999,Kharif     ,Moong(Green Gram),506.9204152249135
West Bengal,1999,Rabi       ,Moong(Green Gram),616.8421052631579
West Bengal,1999,Summer     ,Moong(Green Gram),496.03624009060024
West Bengal,1999,Summer     ,Potato,13403.551251008877
West Bengal,1999,Winter     ,Potato,23770.723706254208
West Bengal,1999,Kharif     ,Ragi,1205.1405236608216
West Bengal,1999,Rabi       ,Rapeseed &Mustard,805.1196522151341
West Bengal,1999,Autumn     ,Rice,1938.3362011447834
West Bengal,1999,Summer     ,Rice,3030.7839857617455
West Bengal,1999,Winter     ,Rice,1991.8610403615392
West Bengal,1999,Autumn     ,Sesamum,455.66778900112234
West Bengal,1999,Summer     ,Sesamum,707.8319156442319
West Bengal,1999,Winter     ,Sesamum,511.9521912350598
West Bengal,1999,Whole Year ,Sugarcane,77035.61595944587
West Bengal,1999,Kharif     ,Urad,589.554220466691
West Bengal,1999,Rabi       ,Urad,593.0263939115885
West Bengal,1999,Rabi       ,Wheat,2336.307341653966
Andhra Pradesh,2000,Kharif     ,Arhar/Tur,426.6289030009894
Andhra Pradesh,2000,Rabi       ,Arhar/Tur,442.93210888816003
Andhra Pradesh,2000,Kharif     ,Bajra,1050.1177833558602
Andhra Pradesh,2000,Rabi       ,Bajra,880.1742919389978
Andhra Pradesh,2000,Kharif     ,Gram,1730.0
Andhra Pradesh,2000,Rabi       ,Gram,1138.387053391312
Andhra Pradesh,2000,Kharif     ,Groundnut,1059.8770161907241
Andhra Pradesh,2000,Rabi       ,Groundnut,1635.8618259758944
Andhra Pradesh,2000,Kharif     ,Jowar,988.1330184848166
Andhra Pradesh,2000,Rabi       ,Jowar,843.2624175237232
Andhra Pradesh,2000,Kharif     ,Maize,2571.54901705749
Andhra Pradesh,2000,Rabi       ,Maize,4876.311481317504
Andhra Pradesh,2000,Kharif     ,Moong(Green Gram),360.17315575600037
Andhra Pradesh,2000,Rabi       ,Moong(Green Gram),335.10692166867915
Andhra Pradesh,2000,Whole Year ,Potato,5873.041382081157
Andhra Pradesh,2000,Kharif     ,Ragi,1111.2441910602213
Andhra Pradesh,2000,Rabi       ,Ragi,1732.1700507614214
Andhra Pradesh,2000,Rabi       ,Rapeseed &Mustard,233.82418563141454
Andhra Pradesh,2000,Kharif     ,Rice,2741.2458013904975
Andhra Pradesh,2000,Rabi       ,Rice,3409.223011445031
Andhra Pradesh,2000,Kharif     ,Sesamum,204.17846483508075
Andhra Pradesh,2000,Rabi       ,Sesamum,202.0426969743511
Andhra Pradesh,2000,Whole Year ,Sugarcane,74594.69112376134
Andhra Pradesh,2000,Kharif     ,Urad,284.6021544310673
Andhra Pradesh,2000,Rabi       ,Urad,794.7172841022762
Andhra Pradesh,2000,Rabi       ,Wheat,569.4551574223407
Assam,2000,Kharif     ,Arhar/Tur,708.6538461538462
Assam,2000,Rabi       ,Gram,499.4363021420519
Assam,2000,Kharif     ,Maize,722.0987105380169
Assam,2000,Whole Year ,Potato,8303.401073238598
Assam,2000,Rabi       ,Rapeseed &Mustard,514.5795911229
Assam,2000,Autumn     ,Rice,1033.5374723207915
Assam,2000,Summer     ,Rice,2068.3877238007017
Assam,2000,Winter     ,Rice,1552.7591113721876
Assam,2000,Kharif     ,Sesamum,539.8395721925134
Assam,2000,Whole Year ,Sugarcane,36898.386132695756
Assam,2000,Rabi       ,Wheat,1218.9727030909944
Goa,2000,Kharif     ,Groundnut,1575.0
Goa,2000,Rabi       ,Groundnut,1818.4377199155524
Goa,2000,Kharif     ,Ragi,998.0
Goa,2000,Kharif     ,Rice,2355.317073170732
Goa,2000,Rabi       ,Rice,2810.8224841118035
Goa,2000,Whole Year ,Sugarcane,58200.0
Karnataka,2000,Kharif     ,Arhar/Tur,452.2129922455612
Karnataka,2000,Kharif     ,Bajra,738.5304783883673
Karnataka,2000,Rabi       ,Bajra,806.25
Karnataka,2000,Summer     ,Bajra,1093.0996714129244
Karnataka,2000,Rabi       ,Gram,648.0338211452529
Karnataka,2000,Kharif     ,Groundnut,997.9583776118677
Karnataka,2000,Rabi       ,Groundnut,1108.4236168272118
Karnataka,2000,Kharif     ,Jowar,1463.6442145909539
Karnataka,2000,Rabi       ,Jowar,688.2167316382
Karnataka,2000,Summer     ,Jowar,2027.2201429057502
Karnataka,2000,Kharif     ,Maize,3270.381551376662
Karnataka,2000,Rabi       ,Maize,2468.5364292264303
Karnataka,2000,Summer     ,Maize,2784.6842812360055
Karnataka,2000,Kharif     ,Moong(Green Gram),415.0842415959389
Karnataka,2000,Rabi       ,Moong(Green Gram),267.9979320149929
Karnataka,2000,Whole Year ,Potato,11814.246174734973
Karnataka,2000,Kharif     ,Ragi,1819.041217909088
Karnataka,2000,Rabi       ,Ragi,878.6186059584036
Karnataka,2000,Summer     ,Ragi,1982.7474260272702
Karnataka,2000,Rabi       ,Rapeseed &Mustard,263.45423595652744
Karnataka,2000,Kharif     ,Rice,2492.222116123436
Karnataka,2000,Rabi       ,Rice,2044.7072396884914
Karnataka,2000,Summer     ,Rice,3048.466991752763
Karnataka,2000,Kharif     ,Sesamum,410.28189652522315
Karnataka,2000,Kharif     ,Urad,386.28121050781806
Karnataka,2000,Rabi       ,Urad,349.79872525997985
Karnataka,2000,Rabi       ,Wheat,938.3049829146483
Kerala,2000,Kharif     ,Groundnut,743.2689692684254
Kerala,2000,Kharif     ,Jowar,509.71922246220305
Kerala,2000,Kharif     ,Ragi,809.2071611253197
Kerala,2000,Autumn     ,Rice,2006.1810222578458
Kerala,2000,Summer     ,Rice,2797.8935176806976
Kerala,2000,Winter     ,Rice,2070.953245713934
Kerala,2000,Kharif     ,Sesamum,398.1018981018981
Kerala,2000,Whole Year ,Sugarcane,81838.43183843183
Meghalaya,2000,Kharif     ,Arhar/Tur,742.757821552723
Meghalaya,2000,Rabi       ,Gram,617.7105831533478
Meghalaya,2000,Kharif     ,Maize,1434.4019874600733
Meghalaya,2000,Whole Year ,Potato,7877.060814499399
Meghalaya,2000,Rabi       ,Rapeseed &Mustard,663.7664889138366
Meghalaya,2000,Kharif     ,Rice,1616.1294407590326
Meghalaya,2000,Rabi       ,Rice,3281.2890332250813
Meghalaya,2000,Kharif     ,Sesamum,526.9552012148823
Meghalaya,2000,Whole Year ,Sugarcane,2755.813953488372
Meghalaya,2000,Rabi       ,Wheat,1635.1126927639384
Puducherry,2000,Kharif     ,Bajra,2758.064516129032
Puducherry,2000,Kharif     ,Groundnut,1836.595744680851
Puducherry,2000,Kharif     ,Jowar,1000.0
Puducherry,2000,Kharif     ,Moong(Green Gram),564.516129032258
Puducherry,2000,Rabi       ,Moong(Green Gram),564.516129032258
Puducherry,2000,Kharif     ,Ragi,2208.0
Puducherry,2000,Rabi       ,Rapeseed &Mustard,7174.603174603175
Puducherry,2000,Kharif     ,Rice,2421.889244722878
Puducherry,2000,Whole Year ,Sugarcane,81336.4448051948
Puducherry,2000,Kharif     ,Urad,625.8844339622641
Puducherry,2000,Rabi       ,Urad,625.8844339622641
West Bengal,2000,Kharif     ,Arhar/Tur,668.6964366260713
West Bengal,2000,Kharif     ,Bajra,817.891373801917
West Bengal,2000,Rabi       ,Gram,917.43622565603
West Bengal,2000,Kharif     ,Groundnut,789.1089108910891
West Bengal,2000,Rabi       ,Groundnut,1454.1289792082698
West Bengal,2000,Summer     ,Groundnut,1531.9140670525621
West Bengal,2000,Kharif     ,Jowar,512.7952755905512
West Bengal,2000,Kharif     ,Maize,2502.736269033374
West Bengal,2000,Kharif     ,Moong(Green Gram),485.03937007874015
West Bengal,2000,Rabi       ,Moong(Green Gram),581.7427385892116
West Bengal,2000,Summer     ,Moong(Green Gram),586.6780529461998
West Bengal,2000,Whole Year ,Potato,25605.778471888516
West Bengal,2000,Kharif     ,Ragi,1204.8059441941348
West Bengal,2000,Rabi       ,Rapeseed &Mustard,956.4722773957678
West Bengal,2000,Autumn     ,Rice,1736.1604695083565
West Bengal,2000,Summer     ,Rice,3239.5457116748616
West Bengal,2000,Winter     ,Rice,1979.0314045354107
West Bengal,2000,Whole Year ,Sesamum,861.096854266011
West Bengal,2000,Whole Year ,Sugarcane,67821.27817113239
West Bengal,2000,Kharif     ,Urad,494.63837959916776
West Bengal,2000,Rabi       ,Urad,635.8585858585859
West Bengal,2000,Rabi       ,Wheat,2482.652582159624
Andhra Pradesh,2001,Kharif     ,Arhar/Tur,447.92362952792104
Andhra Pradesh,2001,Rabi       ,Arhar/Tur,497.51792608935466
Andhra Pradesh,2001,Kharif     ,Bajra,776.8872707725012
Andhra Pradesh,2001,Rabi       ,Bajra,768.48409748038
Andhra Pradesh,2001,Kharif     ,Gram,1109.89010989011
Andhra Pradesh,2001,Rabi       ,Gram,1273.4157412149316
Andhra Pradesh,2001,Kharif     ,Groundnut,568.2705841874238
Andhra Pradesh,2001,Rabi       ,Groundnut,1713.9111042451466
Andhra Pradesh,2001,Kharif     ,Jowar,959.9206163591775
Andhra Pradesh,2001,Rabi       ,Jowar,1019.7574869935269
Andhra Pradesh,2001,Kharif     ,Maize,2921.228442848551
Andhra Pradesh,2001,Rabi       ,Maize,5187.147390691114
Andhra Pradesh,2001,Kharif     ,Moong(Green Gram),334.90868571867696
Andhra Pradesh,2001,Rabi       ,Moong(Green Gram),305.2404537466049
Andhra Pradesh,2001,Whole Year ,Potato,6240.630323679728
Andhra Pradesh,2001,Kharif     ,Ragi,1165.33542839684
Andhra Pradesh,2001,Rabi       ,Ragi,1747.4988456210558
Andhra Pradesh,2001,Rabi       ,Rapeseed &Mustard,322.18597063621536
Andhra Pradesh,2001,Kharif     ,Rice,2679.4515251602074
Andhra Pradesh,2001,Rabi       ,Rice,3495.629431876191
Andhra Pradesh,2001,Kharif     ,Sesamum,179.31101323483486
Andhra Pradesh,2001,Rabi       ,Sesamum,254.56618112729575
Andhra Pradesh,2001,Whole Year ,Sugarcane,82831.21696030197
Andhra Pradesh,2001,Kharif     ,Urad,416.3047234754019
Andhra Pradesh,2001,Rabi       ,Urad,651.1712460395783
Andhra Pradesh,2001,Rabi       ,Wheat,687.7401580511854
Assam,2001,Kharif     ,Arhar/Tur,708.2642343836374
Assam,2001,Rabi       ,Gram,525.7815671944783
Assam,2001,Kharif     ,Maize,711.2244897959183
Assam,2001,Rabi       ,Moong(Green Gram),455.7640750670241
Assam,2001,Whole Year ,Potato,7751.711302088538
Assam,2001,Rabi       ,Rapeseed &Mustard,503.2847023571274
Assam,2001,Autumn     ,Rice,983.9035057635899
Assam,2001,Summer     ,Rice,2003.2577986238714
Assam,2001,Winter     ,Rice,1582.4552584187886
Assam,2001,Kharif     ,Sesamum,546.4784909757091
Assam,2001,Whole Year ,Sugarcane,37230.287859824784
Assam,2001,Rabi       ,Urad,556.2522436280962
Assam,2001,Rabi       ,Wheat,1180.7045470274759
Goa,2001,Kharif     ,Groundnut,925.6756756756756
Goa,2001,Rabi       ,Groundnut,1577.5577557755776
Goa,2001,Kharif     ,Ragi,1000.0
Goa,2001,Kharif     ,Rice,2414.6766017223476
Goa,2001,Rabi       ,Rice,2852.196910500691
Goa,2001,Whole Year ,Sugarcane,58560.16597510374
Karnataka,2001,Kharif     ,Arhar/Tur,305.8224434764572
Karnataka,2001,Kharif     ,Bajra,533.5449755778938
Karnataka,2001,Rabi       ,Bajra,500.0
Karnataka,2001,Summer     ,Bajra,1092.9411764705883
Karnataka,2001,Rabi       ,Gram,587.1028532237656
Karnataka,2001,Kharif     ,Groundnut,685.2450040421602
Karnataka,2001,Kharif     ,Jowar,1250.5538924129928
Karnataka,2001,Rabi       ,Jowar,661.9305119408759
Karnataka,2001,Summer     ,Jowar,1929.7288875038953
Karnataka,2001,Kharif     ,Maize,2521.60514583424
Karnataka,2001,Rabi       ,Maize,2343.478194173864
Karnataka,2001,Summer     ,Maize,2584.1242450388268
Karnataka,2001,Kharif     ,Moong(Green Gram),259.958938774211
Karnataka,2001,Rabi       ,Moong(Green Gram),293.9108423569118
Karnataka,2001,Whole Year ,Potato,12090.279906016958
Karnataka,2001,Kharif     ,Ragi,1636.0616629340793
Karnataka,2001,Rabi       ,Ragi,1152.2755958126068
Karnataka,2001,Summer     ,Ragi,1526.6961492827095
Karnataka,2001,Rabi       ,Rapeseed &Mustard,269.71541837746
Karnataka,2001,Kharif     ,Rice,2200.384754316997
Karnataka,2001,Rabi       ,Rice,1864.2296185489902
Karnataka,2001,Summer     ,Rice,2679.919066733749
Karnataka,2001,Kharif     ,Sesamum,370.71608452863245
Karnataka,2001,Whole Year ,Sugarcane,81131.87860916574
Karnataka,2001,Kharif     ,Urad,369.3919834249741
Karnataka,2001,Rabi       ,Urad,375.26364633426135
Karnataka,2001,Rabi       ,Wheat,763.2732661256267
Kerala,2001,Kharif     ,Groundnut,743.5371358227329
Kerala,2001,Kharif     ,Jowar,509.30392832529293
Kerala,2001,Kharif     ,Ragi,808.9368258859785
Kerala,2001,Autumn     ,Rice,2023.665694182255
Kerala,2001,Summer     ,Rice,2395.256556442417
Kerala,2001,Winter     ,Rice,2238.7855140821594
Kerala,2001,Kharif     ,Sesamum,323.4624145785877
Kerala,2001,Whole Year ,Sugarcane,82577.28803183348
Meghalaya,2001,Kharif     ,Arhar/Tur,771.3936430317848
Meghalaya,2001,Rabi       ,Gram,611.4519427402863
Meghalaya,2001,Kharif     ,Maize,1496.9168741847504
Meghalaya,2001,Whole Year ,Potato,8761.610930527244
Meghalaya,2001,Rabi       ,Rapeseed &Mustard,668.2504192286193
Meghalaya,2001,Kharif     ,Rice,1753.6121602435019
Meghalaya,2001,Kharif     ,Sesamum,521.412471825695
Meghalaya,2001,Whole Year ,Sugarcane,2722.89156626506
Meghalaya,2001,Rabi       ,Wheat,1747.9113694151833
Puducherry,2001,Kharif     ,Bajra,2129.6296296296296
Puducherry,2001,Kharif     ,Groundnut,1558.1773799837265
Puducherry,2001,Rabi       ,Moong(Green Gram),193.01470588235293
Puducherry,2001,Kharif     ,Ragi,2355.072463768116
Puducherry,2001,Rabi       ,Rapeseed &Mustard,7464.788732394366
Puducherry,2001,Kharif     ,Rice,2546.0914594676924
Puducherry,2001,Whole Year ,Sugarcane,93250.82664147379
Puducherry,2001,Rabi       ,Urad,329.2231812577065
West Bengal,2001,Kharif     ,Arhar/Tur,829.8628745556119
West Bengal,2001,Kharif     ,Bajra,757.6470588235294
West Bengal,2001,Rabi       ,Gram,850.546899590809
West Bengal,2001,Kharif     ,Groundnut,967.6832043695949
West Bengal,2001,Rabi       ,Groundnut,1342.3205438414564
West Bengal,2001,Summer     ,Groundnut,1608.9361865611434
West Bengal,2001,Kharif     ,Jowar,551.0887772194305
West Bengal,2001,Kharif     ,Maize,2595.8002883922136
West Bengal,2001,Kharif     ,Moong(Green Gram),502.4232633279483
West Bengal,2001,Rabi       ,Moong(Green Gram),550.1653803748621
West Bengal,2001,Summer     ,Moong(Green Gram),558.9277279168634
West Bengal,2001,Whole Year ,Potato,26090.110432558093
West Bengal,2001,Kharif     ,Ragi,1143.5978004713277
West Bengal,2001,Rabi       ,Rapeseed &Mustard,765.6138387271428
West Bengal,2001,Autumn     ,Rice,2072.7436495887246
West Bengal,2001,Summer     ,Rice,3049.277121043891
West Bengal,2001,Winter     ,Rice,2356.8119698734013
West Bengal,2001,Whole Year ,Sesamum,836.76778098142
West Bengal,2001,Whole Year ,Sugarcane,77235.22808449842
West Bengal,2001,Kharif     ,Urad,655.2717534641213
West Bengal,2001,Rabi       ,Urad,1050.9667382769094
West Bengal,2001,Rabi       ,Wheat,2215.493405590732
Andhra Pradesh,2002,Kharif     ,Arhar/Tur,348.01245052380995
Andhra Pradesh,2002,Rabi       ,Arhar/Tur,366.3414634146341
Andhra Pradesh,2002,Kharif     ,Bajra,671.500796627818
Andhra Pradesh,2002,Rabi       ,Bajra,543.8910291689598
Andhra Pradesh,2002,Kharif     ,Gram,1216.2162162162163
Andhra Pradesh,2002,Rabi       ,Gram,978.5908185577
Andhra Pradesh,2002,Kharif     ,Groundnut,426.81846155783364
Andhra Pradesh,2002,Rabi       ,Groundnut,1398.819875152039
Andhra Pradesh,2002,Kharif     ,Jowar,975.6061485248774
Andhra Pradesh,2002,Rabi       ,Jowar,972.4632329463897
Andhra Pradesh,2002,Kharif     ,Maize,2204.828131383579
Andhra Pradesh,2002,Rabi       ,Maize,5122.73417269399
Andhra Pradesh,2002,Kharif     ,Moong(Green Gram),247.2951825540682
Andhra Pradesh,2002,Rabi       ,Moong(Green Gram),254.81965437281022
Andhra Pradesh,2002,Whole Year ,Potato,6989.895209580838
Andhra Pradesh,2002,Kharif     ,Ragi,1046.00609953929
Andhra Pradesh,2002,Rabi       ,Ragi,1289.5941727367326
Andhra Pradesh,2002,Rabi       ,Rapeseed &Mustard,220.24339566636985
Andhra Pradesh,2002,Kharif     ,Rice,2396.060590688574
Andhra Pradesh,2002,Rabi       ,Rice,3188.6664066467815
Andhra Pradesh,2002,Kharif     ,Sesamum,143.52643968536486
Andhra Pradesh,2002,Rabi       ,Sesamum,197.68270944741533
Andhra Pradesh,2002,Whole Year ,Sugarcane,66189.8387325731
Andhra Pradesh,2002,Kharif     ,Urad,410.6844589687727
Andhra Pradesh,2002,Rabi       ,Urad,566.336511652983
Andhra Pradesh,2002,Rabi       ,Wheat,1348.9677653024266
Assam,2002,Kharif     ,Arhar/Tur,707.4005418508484
Assam,2002,Rabi       ,Gram,504.606365159129
Assam,2002,Kharif     ,Maize,716.4344841510195
Assam,2002,Rabi       ,Moong(Green Gram),458.87445887445887
Assam,2002,Whole Year ,Potato,7814.906075298731
Assam,2002,Rabi       ,Rapeseed &Mustard,496.66869491674606
Assam,2002,Autumn     ,Rice,957.7758306296919
Assam,2002,Summer     ,Rice,1900.5154702138834
Assam,2002,Winter     ,Rice,1527.155654294725
Assam,2002,Kharif     ,Sesamum,545.0664800559832
Assam,2002,Whole Year ,Sugarcane,36421.59669211196
Assam,2002,Rabi       ,Urad,497.7588469824918
Assam,2002,Rabi       ,Wheat,1128.7412577286746
Goa,2002,Kharif     ,Groundnut,1443.9834024896265
Goa,2002,Rabi       ,Groundnut,1822.6256983240223
Goa,2002,Kharif     ,Ragi,852.6912181303117
Goa,2002,Kharif     ,Rice,2670.540796963947
Goa,2002,Rabi       ,Rice,2718.5086065324494
Goa,2002,Whole Year ,Sugarcane,55109.42760942761
Kerala,2002,Kharif     ,Groundnut,743.6003303055326
Kerala,2002,Kharif     ,Jowar,509.91831971995333
Kerala,2002,Kharif     ,Ragi,809.0909090909091
Kerala,2002,Autumn     ,Rice,2074.1831053558403
Kerala,2002,Summer     ,Rice,2722.8024051218385
Kerala,2002,Winter     ,Rice,2189.7021731930395
Kerala,2002,Kharif     ,Sesamum,320.5918618988903
Kerala,2002,Whole Year ,Sugarcane,83243.74667376264
Tamil Nadu,2002,Kharif     ,Arhar/Tur,545.4030412219277
Tamil Nadu,2002,Kharif     ,Bajra,869.2609292295629
Tamil Nadu,2002,Rabi       ,Gram,673.0117760929182
Tamil Nadu,2002,Kharif     ,Groundnut,1428.8334760700272
Tamil Nadu,2002,Kharif     ,Jowar,668.4428063215136
Tamil Nadu,2002,Kharif     ,Maize,1583.1054792370537
Tamil Nadu,2002,Kharif     ,Moong(Green Gram),425.9564585327802
Tamil Nadu,2002,Whole Year ,Potato,16169.715671148337
Tamil Nadu,2002,Kharif     ,Ragi,1344.0826189517288
Tamil Nadu,2002,Rabi       ,Rapeseed &Mustard,242.73504273504273
Tamil Nadu,2002,Kharif     ,Rice,2358.7344060843884
Tamil Nadu,2002,Kharif     ,Sesamum,434.9653386268823
Tamil Nadu,2002,Whole Year ,Sugarcane,92440.36325244055
Tamil Nadu,2002,Kharif     ,Urad,398.9831782536264
West Bengal,2002,Kharif     ,Arhar/Tur,912.520325203252
West Bengal,2002,Kharif     ,Bajra,759.0361445783133
West Bengal,2002,Rabi       ,Gram,780.0917161008035
West Bengal,2002,Kharif     ,Groundnut,962.719298245614
West Bengal,2002,Rabi       ,Groundnut,1499.002849002849
West Bengal,2002,Summer     ,Groundnut,1570.189414055585
West Bengal,2002,Kharif     ,Jowar,751.065124771759
West Bengal,2002,Kharif     ,Maize,1994.661664983408
West Bengal,2002,Kharif     ,Moong(Green Gram),482.0143884892086
West Bengal,2002,Rabi       ,Moong(Green Gram),588.3822610868208
West Bengal,2002,Summer     ,Moong(Green Gram),504.26789231779384
West Bengal,2002,Summer     ,Potato,12863.048016701461
West Bengal,2002,Winter     ,Potato,19808.41784229734
West Bengal,2002,Kharif     ,Ragi,1156.9874972257157
West Bengal,2002,Rabi       ,Rapeseed &Mustard,803.6764885982316
West Bengal,2002,Autumn     ,Rice,2069.414102580754
West Bengal,2002,Summer     ,Rice,2986.032780542758
West Bengal,2002,Winter     ,Rice,2318.883291484452
West Bengal,2002,Autumn     ,Sesamum,561.487130600572
West Bengal,2002,Summer     ,Sesamum,815.1440175528687
West Bengal,2002,Winter     ,Sesamum,565.4205607476636
West Bengal,2002,Whole Year ,Sugarcane,65841.5210688592
West Bengal,2002,Kharif     ,Urad,654.3940795559666
West Bengal,2002,Rabi       ,Urad,640.035574001334
West Bengal,2002,Rabi       ,Wheat,2189.3104724312325
Andhra Pradesh,2003,Kharif     ,Arhar/Tur,418.2398453741824
Andhra Pradesh,2003,Rabi       ,Arhar/Tur,433.2621462893753
Andhra Pradesh,2003,Kharif     ,Bajra,1102.0605079681275
Andhra Pradesh,2003,Rabi       ,Bajra,674.2684577736125
Andhra Pradesh,2003,Kharif     ,Gram,1730.7692307692307
Andhra Pradesh,2003,Rabi       ,Gram,1081.5170390869523
Andhra Pradesh,2003,Kharif     ,Groundnut,482.34734151304866
Andhra Pradesh,2003,Rabi       ,Groundnut,1613.378481983133
Andhra Pradesh,2003,Kharif     ,Jowar,1270.2404853351954
Andhra Pradesh,2003,Rabi       ,Jowar,1052.6370785162164
Andhra Pradesh,2003,Kharif     ,Maize,2996.532882046281
Andhra Pradesh,2003,Rabi       ,Maize,4946.401149863023
Andhra Pradesh,2003,Kharif     ,Moong(Green Gram),509.9702126059583
Andhra Pradesh,2003,Rabi       ,Moong(Green Gram),338.3204896300518
Andhra Pradesh,2003,Whole Year ,Potato,9081.948640483384
Andhra Pradesh,2003,Kharif     ,Ragi,1215.4977291891653
Andhra Pradesh,2003,Rabi       ,Ragi,1753.6191793453204
Andhra Pradesh,2003,Rabi       ,Rapeseed &Mustard,254.86725663716814
Andhra Pradesh,2003,Kharif     ,Rice,2769.940689571455
Andhra Pradesh,2003,Rabi       ,Rice,3593.786313116962
Andhra Pradesh,2003,Kharif     ,Sesamum,290.22145377065215
Andhra Pradesh,2003,Rabi       ,Sesamum,203.53151923569052
Andhra Pradesh,2003,Whole Year ,Sugarcane,72115.11755332131
Andhra Pradesh,2003,Kharif     ,Urad,700.0963815031324
Andhra Pradesh,2003,Rabi       ,Urad,388.64631366628
Andhra Pradesh,2003,Rabi       ,Wheat,565.1408450704225
Assam,2003,Kharif     ,Arhar/Tur,704.5065601825443
Assam,2003,Rabi       ,Gram,519.2228193468376
Assam,2003,Kharif     ,Maize,718.0234043640452
Assam,2003,Rabi       ,Moong(Green Gram),462.54114549045426
Assam,2003,Whole Year ,Potato,6971.910545099751
Assam,2003,Rabi       ,Rapeseed &Mustard,523.644184276589
Assam,2003,Autumn     ,Rice,975.5884146410574
Assam,2003,Summer     ,Rice,1794.1310880180292
Assam,2003,Winter     ,Rice,1626.3656573044473
Assam,2003,Kharif     ,Sesamum,549.8098859315589
Assam,2003,Whole Year ,Sugarcane,38589.12351067595
Assam,2003,Rabi       ,Urad,522.7846822269374
Assam,2003,Rabi       ,Wheat,1046.2017897475484
Goa,2003,Kharif     ,Groundnut,1116.923076923077
Goa,2003,Rabi       ,Groundnut,1800.0
Goa,2003,Kharif     ,Ragi,897.49430523918
Goa,2003,Kharif     ,Rice,3270.164359617716
Goa,2003,Rabi       ,Rice,3154.3566070398156
Goa,2003,Whole Year ,Sugarcane,47609.09090909091
Karnataka,2003,Kharif     ,Arhar/Tur,375.06176597131804
Karnataka,2003,Kharif     ,Bajra,600.2582242215576
Karnataka,2003,Rabi       ,Bajra,897.4358974358975
Karnataka,2003,Summer     ,Bajra,903.3333333333334
Karnataka,2003,Rabi       ,Gram,335.78917206702596
Karnataka,2003,Kharif     ,Groundnut,434.6210195358664
Karnataka,2003,Rabi       ,Groundnut,995.9631159295589
Karnataka,2003,Kharif     ,Jowar,971.5434655964788
Karnataka,2003,Rabi       ,Jowar,361.54782664097854
Karnataka,2003,Summer     ,Jowar,2680.6051091765376
Karnataka,2003,Kharif     ,Maize,1954.2018454905729
Karnataka,2003,Rabi       ,Maize,1924.157697160392
Karnataka,2003,Summer     ,Maize,2404.3663977218794
Karnataka,2003,Kharif     ,Moong(Green Gram),149.28590880208176
Karnataka,2003,Rabi       ,Moong(Green Gram),292.48210023866346
Karnataka,2003,Whole Year ,Potato,6457.758685658301
Karnataka,2003,Kharif     ,Ragi,1191.2157421499735
Karnataka,2003,Rabi       ,Ragi,210.00137886657168
Karnataka,2003,Summer     ,Ragi,1189.3373952779893
Karnataka,2003,Rabi       ,Rapeseed &Mustard,282.0767195767196
Karnataka,2003,Kharif     ,Rice,2224.0657352966095
Karnataka,2003,Rabi       ,Rice,2893.078767687492
Karnataka,2003,Summer     ,Rice,3896.503906770847
Karnataka,2003,Kharif     ,Sesamum,440.11561286791743
Karnataka,2003,Whole Year ,Sugarcane,65814.80309524495
Karnataka,2003,Kharif     ,Urad,251.79321711274636
Karnataka,2003,Rabi       ,Urad,526.6298148635606
Karnataka,2003,Rabi       ,Wheat,414.4503737165616
Kerala,2003,Kharif     ,Groundnut,739.8585783401563
Kerala,2003,Kharif     ,Jowar,510.5683419445749
Kerala,2003,Kharif     ,Ragi,809.1755319148937
Kerala,2003,Autumn     ,Rice,2141.9869611754402
Kerala,2003,Summer     ,Rice,2238.4499542838703
Kerala,2003,Winter     ,Rice,1809.3822938717908
Kerala,2003,Kharif     ,Sesamum,236.7109634551495
Kerala,2003,Whole Year ,Sugarcane,82314.00282885431
Meghalaya,2003,Kharif     ,Arhar/Tur,786.9458128078818
Meghalaya,2003,Rabi       ,Gram,622.0472440944882
Meghalaya,2003,Kharif     ,Maize,1534.2603550295858
Meghalaya,2003,Whole Year ,Potato,8285.444968117548
Meghalaya,2003,Rabi       ,Rapeseed &Mustard,643.530063729565
Meghalaya,2003,Kharif     ,Rice,1829.212274769643
Meghalaya,2003,Kharif     ,Sesamum,525.0463821892394
Meghalaya,2003,Whole Year ,Sugarcane,2746.987951807229
Meghalaya,2003,Rabi       ,Wheat,1786.5429234338746
Puducherry,2003,Kharif     ,Bajra,1944.1624365482232
Puducherry,2003,Rabi       ,Moong(Green Gram),298.69130100076984
Puducherry,2003,Kharif     ,Ragi,2198.3471074380163
Puducherry,2003,Kharif     ,Rice,2673.169758627568
Puducherry,2003,Whole Year ,Sugarcane,84636.46855164455
Puducherry,2003,Rabi       ,Urad,372.23168654173764
Tamil Nadu,2003,Kharif     ,Arhar/Tur,611.7246292915349
Tamil Nadu,2003,Kharif     ,Bajra,1084.9286438234572
Tamil Nadu,2003,Rabi       ,Gram,656.4528301886793
Tamil Nadu,2003,Kharif     ,Groundnut,1551.879681458046
Tamil Nadu,2003,Kharif     ,Jowar,612.3722943076191
Tamil Nadu,2003,Kharif     ,Maize,1567.1426519895854
Tamil Nadu,2003,Kharif     ,Moong(Green Gram),424.17853448961733
Tamil Nadu,2003,Whole Year ,Potato,16149.043999078553
Tamil Nadu,2003,Kharif     ,Ragi,1489.2138569221288
Tamil Nadu,2003,Rabi       ,Rapeseed &Mustard,247.3404255319149
Tamil Nadu,2003,Kharif     ,Rice,2307.5027333242165
Tamil Nadu,2003,Kharif     ,Sesamum,345.96528896045805
Tamil Nadu,2003,Kharif     ,Urad,408.76101048823034
West Bengal,2003,Kharif     ,Arhar/Tur,1006.2481404343945
West Bengal,2003,Kharif     ,Bajra,693.7984496124031
West Bengal,2003,Rabi       ,Gram,1025.509765120881
West Bengal,2003,Kharif     ,Groundnut,1022.8794642857143
West Bengal,2003,Rabi       ,Groundnut,1578.1096696827647
West Bengal,2003,Summer     ,Groundnut,1705.5401106302486
West Bengal,2003,Kharif     ,Jowar,480.12470771628995
West Bengal,2003,Kharif     ,Maize,2270.1062488744824
West Bengal,2003,Kharif     ,Moong(Green Gram),516.1676646706587
West Bengal,2003,Rabi       ,Moong(Green Gram),653.0612244897959
West Bengal,2003,Summer     ,Moong(Green Gram),385.35645472061657
West Bengal,2003,Whole Year ,Potato,24711.469563102863
West Bengal,2003,Kharif     ,Ragi,1155.6234627711112
West Bengal,2003,Rabi       ,Rapeseed &Mustard,927.9516462316539
West Bengal,2003,Autumn     ,Rice,2116.8466503607033
West Bengal,2003,Summer     ,Rice,3085.609589770298
West Bengal,2003,Winter     ,Rice,2339.294342751822
West Bengal,2003,Whole Year ,Sesamum,875.5150394582979
West Bengal,2003,Whole Year ,Sugarcane,74106.84493876826
West Bengal,2003,Kharif     ,Urad,608.33154391239
West Bengal,2003,Rabi       ,Urad,733.2144979203803
West Bengal,2003,Rabi       ,Wheat,2315.333281656296
Karnataka,2004,Kharif     ,Arhar/Tur,517.8776326346182
Karnataka,2004,Kharif     ,Bajra,597.2416879911025
Karnataka,2004,Rabi       ,Bajra,900.9009009009009
Karnataka,2004,Summer     ,Bajra,808.8235294117648
Karnataka,2004,Rabi       ,Gram,565.9945992834984
Karnataka,2004,Kharif     ,Groundnut,662.2819644056661
Karnataka,2004,Rabi       ,Groundnut,935.8912623353943
Karnataka,2004,Kharif     ,Jowar,1403.7326042291918
Karnataka,2004,Rabi       ,Jowar,642.444044189227
Karnataka,2004,Summer     ,Jowar,794.2667584652938
Karnataka,2004,Kharif     ,Maize,2947.1534187679804
Karnataka,2004,Rabi       ,Maize,2985.2987229896657
Karnataka,2004,Summer     ,Maize,3056.3162544169613
Karnataka,2004,Kharif     ,Moong(Green Gram),156.9035070093819
Karnataka,2004,Rabi       ,Moong(Green Gram),243.78453038674033
Karnataka,2004,Whole Year ,Potato,6946.088530334829
Karnataka,2004,Kharif     ,Ragi,1868.975393116638
Karnataka,2004,Rabi       ,Ragi,686.3694438840697
Karnataka,2004,Summer     ,Ragi,1591.647643346314
Karnataka,2004,Rabi       ,Rapeseed &Mustard,277.88215200683175
Karnataka,2004,Kharif     ,Rice,2490.4351501951073
Karnataka,2004,Rabi       ,Rice,3288.4567155331615
Karnataka,2004,Summer     ,Rice,4469.747726479879
Karnataka,2004,Kharif     ,Sesamum,538.7698401524325
Karnataka,2004,Kharif     ,Urad,114.66650000781213
Karnataka,2004,Rabi       ,Urad,344.06215316315206
Karnataka,2004,Rabi       ,Wheat,852.4945142587948
Kerala,2004,Kharif     ,Groundnut,739.9702823179792
Kerala,2004,Kharif     ,Jowar,510.13250194855806
Kerala,2004,Kharif     ,Ragi,809.1106290672451
Kerala,2004,Autumn     ,Rice,2295.456055586669
Kerala,2004,Summer     ,Rice,2511.810142169484
Kerala,2004,Winter     ,Rice,2253.4907618222483
Kerala,2004,Kharif     ,Sesamum,294.4507361268403
Kerala,2004,Whole Year ,Sugarcane,80322.74856845393
Meghalaya,2004,Kharif     ,Arhar/Tur,787.3134328358209
Meghalaya,2004,Rabi       ,Gram,624.2774566473988
Meghalaya,2004,Kharif     ,Maize,1422.2222222222222
Meghalaya,2004,Whole Year ,Potato,8192.398912477584
Meghalaya,2004,Rabi       ,Rapeseed &Mustard,664.2204375519246
Meghalaya,2004,Autumn     ,Rice,1156.0902439771023
Meghalaya,2004,Summer     ,Rice,4058.868169991327
Meghalaya,2004,Winter     ,Rice,1701.3451241045666
Meghalaya,2004,Kharif     ,Sesamum,528.2555282555282
Meghalaya,2004,Whole Year ,Sugarcane,2678.5714285714284
Meghalaya,2004,Rabi       ,Wheat,1812.2827346465817
Tamil Nadu,2004,Kharif     ,Arhar/Tur,667.4728210797863
Tamil Nadu,2004,Kharif     ,Bajra,1273.461191705598
Tamil Nadu,2004,Rabi       ,Gram,614.018691588785
Tamil Nadu,2004,Kharif     ,Groundnut,1632.3746462361803
Tamil Nadu,2004,Kharif     ,Jowar,669.0653210843582
Tamil Nadu,2004,Kharif     ,Maize,1552.0161354025688
Tamil Nadu,2004,Kharif     ,Moong(Green Gram),398.55703766802833
Tamil Nadu,2004,Whole Year ,Potato,15705.204608661104
Tamil Nadu,2004,Kharif     ,Ragi,1415.6369148789563
Tamil Nadu,2004,Rabi       ,Rapeseed &Mustard,241.1504424778761
Tamil Nadu,2004,Kharif     ,Rice,2702.6711561483153
Tamil Nadu,2004,Kharif     ,Sesamum,465.31454107940874
Tamil Nadu,2004,Kharif     ,Urad,366.65724231768303
Andhra Pradesh,2005,Kharif     ,Arhar/Tur,607.9312792327152
Andhra Pradesh,2005,Kharif     ,Bajra,1051.0568491957495
Andhra Pradesh,2005,Rabi       ,Bajra,805.4018336499546
Andhra Pradesh,2005,Rabi       ,Gram,1589.5173700636087
Andhra Pradesh,2005,Kharif     ,Groundnut,564.8343808138886
Andhra Pradesh,2005,Rabi       ,Groundnut,1739.5122586976188
Andhra Pradesh,2005,Kharif     ,Jowar,1531.4928548380922
Andhra Pradesh,2005,Rabi       ,Jowar,1178.9393098432506
Andhra Pradesh,2005,Kharif     ,Maize,3537.4577457071323
Andhra Pradesh,2005,Rabi       ,Maize,5998.477191236872
Andhra Pradesh,2005,Kharif     ,Moong(Green Gram),486.9720867283963
Andhra Pradesh,2005,Rabi       ,Moong(Green Gram),320.56286335296284
Andhra Pradesh,2005,Whole Year ,Potato,9027.175572519083
Andhra Pradesh,2005,Kharif     ,Ragi,1112.6095871040725
Andhra Pradesh,2005,Rabi       ,Ragi,1815.745764588639
Andhra Pradesh,2005,Rabi       ,Rapeseed &Mustard,453.7102473498233
Andhra Pradesh,2005,Kharif     ,Rice,2524.4328429346647
Andhra Pradesh,2005,Rabi       ,Rice,3659.2997046665973
Andhra Pradesh,2005,Kharif     ,Sesamum,204.95064464141822
Andhra Pradesh,2005,Rabi       ,Sesamum,343.36444587490615
Andhra Pradesh,2005,Whole Year ,Sugarcane,76780.28787615238
Andhra Pradesh,2005,Kharif     ,Urad,427.29086180339874
Andhra Pradesh,2005,Rabi       ,Urad,632.5534180533127
Andhra Pradesh,2005,Rabi       ,Wheat,800.3420649923486
Assam,2005,Kharif     ,Arhar/Tur,699.6755754673259
Assam,2005,Rabi       ,Gram,512.8712871287129
Assam,2005,Kharif     ,Maize,724.6033001212504
Assam,2005,Rabi       ,Moong(Green Gram),456.33652822151225
Assam,2005,Whole Year ,Potato,5079.066027169074
Assam,2005,Rabi       ,Rapeseed &Mustard,456.49523935031135
Assam,2005,Autumn     ,Rice,999.3999738900773
Assam,2005,Summer     ,Rice,1779.5379936505112
Assam,2005,Winter     ,Rice,1519.552051729591
Assam,2005,Kharif     ,Sesamum,555.5395268320831
Assam,2005,Whole Year ,Sugarcane,37190.25868692905
Assam,2005,Rabi       ,Urad,489.90841248303934
Assam,2005,Rabi       ,Wheat,1075.538920357879
Karnataka,2005,Kharif     ,Arhar/Tur,679.8514379446693
Karnataka,2005,Kharif     ,Bajra,905.8617457064498
Karnataka,2005,Rabi       ,Bajra,1333.3333333333333
Karnataka,2005,Summer     ,Bajra,1187.5681570338058
Karnataka,2005,Rabi       ,Gram,568.8375572759932
Karnataka,2005,Kharif     ,Groundnut,513.7108968035183
Karnataka,2005,Rabi       ,Groundnut,870.9157152139609
Karnataka,2005,Kharif     ,Jowar,1491.993848800547
Karnataka,2005,Rabi       ,Jowar,828.473691279675
Karnataka,2005,Summer     ,Jowar,1693.938332165382
Karnataka,2005,Kharif     ,Maize,2952.7107972402264
Karnataka,2005,Rabi       ,Maize,3462.5647811225053
Karnataka,2005,Summer     ,Maize,3086.321934945788
Karnataka,2005,Kharif     ,Moong(Green Gram),244.95219204557014
Karnataka,2005,Rabi       ,Moong(Green Gram),294.46330634630453
Karnataka,2005,Kharif     ,Potato,3347.9585348180353
Karnataka,2005,Rabi       ,Potato,18080.50221565731
Karnataka,2005,Summer     ,Potato,16018.927444794952
Karnataka,2005,Kharif     ,Ragi,1754.9627595069594
Karnataka,2005,Rabi       ,Ragi,1873.1731537249314
Karnataka,2005,Summer     ,Ragi,2183.8279466538506
Karnataka,2005,Rabi       ,Rapeseed &Mustard,267.1019439085918
Karnataka,2005,Kharif     ,Rice,2574.7500216079475
Karnataka,2005,Rabi       ,Rice,2168.988074047704
Karnataka,2005,Summer     ,Rice,3106.0223366754153
Karnataka,2005,Kharif     ,Sesamum,866.179930392176
Karnataka,2005,Whole Year ,Sugarcane,88717.92903522952
Karnataka,2005,Kharif     ,Urad,195.5881039564169
Karnataka,2005,Rabi       ,Urad,478.7936811871709
Karnataka,2005,Rabi       ,Wheat,896.198552583654
Kerala,2005,Kharif     ,Groundnut,739.9211882388603
Kerala,2005,Kharif     ,Jowar,509.38775510204084
Kerala,2005,Kharif     ,Ragi,809.1787439613527
Kerala,2005,Autumn     ,Rice,2162.921348314607
Kerala,2005,Summer     ,Rice,2732.9002150340852
Kerala,2005,Winter     ,Rice,2298.633288140385
Kerala,2005,Kharif     ,Sesamum,350.0
Kerala,2005,Whole Year ,Sugarcane,75000.0
Meghalaya,2005,Kharif     ,Arhar/Tur,787.3134328358209
Meghalaya,2005,Rabi       ,Gram,621.414913957935
Meghalaya,2005,Kharif     ,Maize,1445.3781512605042
Meghalaya,2005,Whole Year ,Potato,9286.667407983987
Meghalaya,2005,Rabi       ,Rapeseed &Mustard,661.3396331295164
Meghalaya,2005,Autumn     ,Rice,1339.1884448252647
Meghalaya,2005,Summer     ,Rice,4076.192421611684
Meghalaya,2005,Winter     ,Rice,1959.1365051413477
Meghalaya,2005,Kharif     ,Sesamum,533.4972341733252
Meghalaya,2005,Whole Year ,Sugarcane,2737.5
Meghalaya,2005,Rabi       ,Wheat,1788.0597014925372
Tamil Nadu,2005,Kharif     ,Arhar/Tur,540.1254997484709
Tamil Nadu,2005,Kharif     ,Bajra,1157.1437290204456
Tamil Nadu,2005,Rabi       ,Gram,678.3477230404604
Tamil Nadu,2005,Kharif     ,Groundnut,1773.6424087196103
Tamil Nadu,2005,Kharif     ,Jowar,731.7990097194205
Tamil Nadu,2005,Kharif     ,Moong(Green Gram),335.63522776318774
Tamil Nadu,2005,Whole Year ,Potato,14903.696303696304
Tamil Nadu,2005,Kharif     ,Ragi,1327.7079629127365
Tamil Nadu,2005,Rabi       ,Rapeseed &Mustard,246.21212121212122
Tamil Nadu,2005,Kharif     ,Rice,2540.622934909569
Tamil Nadu,2005,Kharif     ,Sesamum,472.557510980067
Tamil Nadu,2005,Kharif     ,Urad,328.4226356243734
West Bengal,2005,Rabi       ,Arhar/Tur,865.5737704918033
West Bengal,2005,Kharif     ,Bajra,345.45454545454544
West Bengal,2005,Rabi       ,Gram,910.7348019381587
West Bengal,2005,Whole Year ,Groundnut,1702.5687246507437
West Bengal,2005,Kharif     ,Jowar,390.5489923558026
West Bengal,2005,Kharif     ,Maize,2888.4088470168494
West Bengal,2005,Kharif     ,Moong(Green Gram),503.44827586206895
West Bengal,2005,Rabi       ,Moong(Green Gram),659.8157335223246
West Bengal,2005,Summer     ,Moong(Green Gram),347.9282357966681
West Bengal,2005,Whole Year ,Potato,21053.346687167625
West Bengal,2005,Kharif     ,Ragi,1213.4537675303065
West Bengal,2005,Rabi       ,Rapeseed &Mustard,908.7009440475654
West Bengal,2005,Autumn     ,Rice,2101.8779782666793
West Bengal,2005,Summer     ,Rice,2928.483303026071
West Bengal,2005,Winter     ,Rice,2396.892870003207
West Bengal,2005,Whole Year ,Sesamum,915.5206286836935
West Bengal,2005,Whole Year ,Sugarcane,83009.31408422593
West Bengal,2005,Kharif     ,Urad,631.910297294517
West Bengal,2005,Rabi       ,Urad,1199.4362226920366
West Bengal,2005,Rabi       ,Wheat,2109.225068102059
Puducherry,2006,Rabi       ,Groundnut,2047.3457675753227
Puducherry,2006,Summer     ,Jowar,1750.0
Puducherry,2006,Kharif     ,Rice,2651.6966067864273
Puducherry,2006,Rabi       ,Rice,2784.263328082249
Puducherry,2006,Summer     ,Rice,3048.0979449059905
Puducherry,2006,Rabi       ,Sesamum,656.7164179104477
Meghalaya,2006,Rabi       ,Gram,619.4029850746268
Meghalaya,2006,Kharif     ,Maize,1486.824344151652
Meghalaya,2006,Rabi       ,Potato,10356.13272437132
Meghalaya,2006,Rabi       ,Rapeseed &Mustard,663.1318000275444
Meghalaya,2006,Autumn     ,Rice,1368.9525383273663
Meghalaya,2006,Rabi       ,Rice,4053.176375076111
Meghalaya,2006,Winter     ,Rice,1870.9191605130197
Meghalaya,2006,Rabi       ,Sesamum,535.7798165137615
Meghalaya,2006,Whole Year ,Sugarcane,2747.1264367816093
Meghalaya,2006,Rabi       ,Wheat,1803.3536585365853
Andhra Pradesh,2006,Kharif     ,Arhar/Tur,398.5122989354066
Andhra Pradesh,2006,Rabi       ,Arhar/Tur,566.1790938280413
Andhra Pradesh,2006,Kharif     ,Bajra,816.1649147872232
Andhra Pradesh,2006,Rabi       ,Bajra,578.2633887923186
Andhra Pradesh,2006,Rabi       ,Gram,1085.8902026605954
Andhra Pradesh,2006,Kharif     ,Groundnut,300.6714077876074
Andhra Pradesh,2006,Rabi       ,Groundnut,1800.9727506788165
Andhra Pradesh,2006,Kharif     ,Jowar,1003.8082272426227
Andhra Pradesh,2006,Rabi       ,Jowar,952.014281968629
Andhra Pradesh,2006,Kharif     ,Maize,2398.673533578865
Andhra Pradesh,2006,Rabi       ,Maize,6189.149822266159
Andhra Pradesh,2006,Kharif     ,Moong(Green Gram),325.0324780772978
Andhra Pradesh,2006,Rabi       ,Moong(Green Gram),430.4646530346762
Andhra Pradesh,2006,Whole Year ,Potato,12271.056241426611
Andhra Pradesh,2006,Kharif     ,Ragi,1003.5698789002406
Andhra Pradesh,2006,Rabi       ,Ragi,1655.8394160583941
Andhra Pradesh,2006,Rabi       ,Rapeseed &Mustard,516.0571746797847
Andhra Pradesh,2006,Kharif     ,Rice,2631.400258248229
Andhra Pradesh,2006,Rabi       ,Rice,3682.0271948063605
Andhra Pradesh,2006,Kharif     ,Sesamum,229.37985374265253
Andhra Pradesh,2006,Rabi       ,Sesamum,307.9647571934549
Andhra Pradesh,2006,Whole Year ,Sugarcane,82061.78570212572
Andhra Pradesh,2006,Kharif     ,Urad,275.0106687801012
Andhra Pradesh,2006,Rabi       ,Urad,787.8919818718908
Andhra Pradesh,2006,Rabi       ,Wheat,878.1948881789137
Assam,2006,Kharif     ,Arhar/Tur,714.3499101258238
Assam,2006,Rabi       ,Gram,512.4010554089709
Assam,2006,Kharif     ,Maize,726.6441550088439
Assam,2006,Rabi       ,Moong(Green Gram),460.40141036072686
Assam,2006,Whole Year ,Potato,6492.652357422277
Assam,2006,Rabi       ,Rapeseed &Mustard,485.9956548363014
Assam,2006,Autumn     ,Rice,884.743609678448
Assam,2006,Summer     ,Rice,2016.7055502750654
Assam,2006,Winter     ,Rice,1296.0807418617123
Assam,2006,Kharif     ,Sesamum,567.0503812229033
Assam,2006,Whole Year ,Sugarcane,39634.09321365531
Assam,2006,Rabi       ,Urad,513.9297176299253
Assam,2006,Rabi       ,Wheat,1131.6032430799187
Karnataka,2006,Kharif     ,Arhar/Tur,440.9506846601544
Karnataka,2006,Kharif     ,Bajra,418.9429068250978
Karnataka,2006,Rabi       ,Bajra,977.2727272727273
Karnataka,2006,Summer     ,Bajra,1144.822006472492
Karnataka,2006,Kharif     ,Gram,136.869820763935
Karnataka,2006,Rabi       ,Gram,458.5999886295365
Karnataka,2006,Kharif     ,Groundnut,342.8329169309635
Karnataka,2006,Rabi       ,Groundnut,792.0045075997032
Karnataka,2006,Kharif     ,Jowar,1165.15660052519
Karnataka,2006,Rabi       ,Jowar,698.6164140340852
Karnataka,2006,Summer     ,Jowar,1502.3973316656243
Karnataka,2006,Kharif     ,Maize,2718.742276375816
Karnataka,2006,Rabi       ,Maize,3004.220425337761
Karnataka,2006,Summer     ,Maize,3198.1622306717363
Karnataka,2006,Kharif     ,Moong(Green Gram),115.58934843575571
Karnataka,2006,Rabi       ,Moong(Green Gram),301.84714080300853
Karnataka,2006,Whole Year ,Potato,8852.226465111875
Karnataka,2006,Kharif     ,Ragi,1054.3926032988509
Karnataka,2006,Rabi       ,Ragi,1145.2641086658214
Karnataka,2006,Summer     ,Ragi,2099.9000999001
Karnataka,2006,Kharif     ,Rapeseed &Mustard,263.88512598211867
Karnataka,2006,Kharif     ,Rice,2552.09605419403
Karnataka,2006,Rabi       ,Rice,2264.8480584617478
Karnataka,2006,Summer     ,Rice,2890.3707243036624
Karnataka,2006,Kharif     ,Sesamum,588.2070387553306
Karnataka,2006,Whole Year ,Sugarcane,87744.75950118765
Karnataka,2006,Kharif     ,Urad,136.869820763935
Karnataka,2006,Rabi       ,Urad,525.7600582559621
Karnataka,2006,Rabi       ,Wheat,830.4674686634953
Kerala,2006,Kharif     ,Groundnut,739.7795947387132
Kerala,2006,Kharif     ,Jowar,508.48385331143953
Kerala,2006,Kharif     ,Ragi,808.1395348837209
Kerala,2006,Autumn     ,Rice,2280.506564590563
Kerala,2006,Summer     ,Rice,2881.2941634674235
Kerala,2006,Winter     ,Rice,2412.700731958476
Kerala,2006,Kharif     ,Sesamum,401.6393442622951
Kerala,2006,Whole Year ,Sugarcane,56666.666666666664
Tamil Nadu,2006,Whole Year ,Arhar/Tur,732.4475572492876
Tamil Nadu,2006,Whole Year ,Bajra,1510.7003297105873
Tamil Nadu,2006,Whole Year ,Gram,645.7104331704028
Tamil Nadu,2006,Whole Year ,Groundnut,1981.1252047115142
Tamil Nadu,2006,Whole Year ,Jowar,998.518900997364
Tamil Nadu,2006,Whole Year ,Maize,3838.124804077216
Tamil Nadu,2006,Whole Year ,Moong(Green Gram),577.3358891930395
Tamil Nadu,2006,Whole Year ,Potato,14921.579961464355
Tamil Nadu,2006,Whole Year ,Ragi,1551.6454052242402
Tamil Nadu,2006,Whole Year ,Rapeseed &Mustard,232.5581395348837
Tamil Nadu,2006,Kharif     ,Rice,3422.7075013578255
Tamil Nadu,2006,Whole Year ,Sesamum,519.3067801763453
Tamil Nadu,2006,Whole Year ,Urad,569.9004836383629
West Bengal,2006,Rabi       ,Arhar/Tur,690.802348336595
West Bengal,2006,Kharif     ,Bajra,392.40506329113924
West Bengal,2006,Rabi       ,Gram,768.2301678841471
West Bengal,2006,Whole Year ,Groundnut,1711.7518947643523
West Bengal,2006,Kharif     ,Jowar,434.40860215053766
West Bengal,2006,Kharif     ,Maize,2966.8445567961053
West Bengal,2006,Kharif     ,Moong(Green Gram),371.85354691075514
West Bengal,2006,Rabi       ,Moong(Green Gram),647.0113085621971
West Bengal,2006,Summer     ,Moong(Green Gram),373.52829472085074
West Bengal,2006,Whole Year ,Potato,12384.050634773166
West Bengal,2006,Kharif     ,Ragi,1140.00761324705
West Bengal,2006,Rabi       ,Rapeseed &Mustard,803.2344693752639
West Bengal,2006,Autumn     ,Rice,2026.6893070151025
West Bengal,2006,Summer     ,Rice,3226.198640768523
West Bengal,2006,Winter     ,Rice,2411.3184218838082
West Bengal,2006,Whole Year ,Sesamum,928.9132637020995
West Bengal,2006,Whole Year ,Sugarcane,76385.75649761804
West Bengal,2006,Kharif     ,Urad,649.2844834045104
West Bengal,2006,Rabi       ,Urad,755.3134248049503
West Bengal,2006,Rabi       ,Wheat,2281.3123001759736
Puducherry,2007,Kharif     ,Bajra,2078.125
Puducherry,2007,Kharif     ,Groundnut,1827.5862068965516
Puducherry,2007,Rabi       ,Groundnut,2017.684887459807
Puducherry,2007,Summer     ,Groundnut,1743.3628318584072
Puducherry,2007,Kharif     ,Jowar,1666.6666666666667
Puducherry,2007,Summer     ,Moong(Green Gram),124.59917544663307
Puducherry,2007,Kharif     ,Ragi,2086.9565217391305
Puducherry,2007,Rabi       ,Ragi,2000.0
Puducherry,2007,Summer     ,Ragi,2511.1111111111113
Puducherry,2007,Kharif     ,Rice,2940.854076273122
Puducherry,2007,Rabi       ,Rice,2458.2420471474893
Puducherry,2007,Summer     ,Rice,2667.3122444587907
Puducherry,2007,Kharif     ,Sesamum,785.7142857142857
Puducherry,2007,Rabi       ,Sesamum,809.5238095238095
Puducherry,2007,Summer     ,Sesamum,1134.020618556701
Puducherry,2007,Kharif     ,Sugarcane,98328.0241067585
Puducherry,2007,Kharif     ,Urad,684.2105263157895
Puducherry,2007,Rabi       ,Urad,647.9591836734694
Puducherry,2007,Summer     ,Urad,67.29810568295115
Assam,2007,Kharif     ,Arhar/Tur,717.8007805871373
Assam,2007,Rabi       ,Gram,505.07749866381613
Assam,2007,Kharif     ,Maize,725.2477943579131
Assam,2007,Rabi       ,Moong(Green Gram),459.90413265967095
Assam,2007,Whole Year ,Potato,6926.220460922643
Assam,2007,Rabi       ,Rapeseed &Mustard,523.4024974020886
Assam,2007,Autumn     ,Rice,982.7090069610155
Assam,2007,Summer     ,Rice,2266.5714843181404
Assam,2007,Winter     ,Rice,1359.3053275304312
Assam,2007,Kharif     ,Sesamum,570.1906412478336
Assam,2007,Whole Year ,Sugarcane,38076.47470272791
Assam,2007,Rabi       ,Urad,531.2614259597806
Assam,2007,Rabi       ,Wheat,1262.6763452174998
Karnataka,2007,Kharif     ,Arhar/Tur,662.1482347137722
Karnataka,2007,Kharif     ,Bajra,774.232723482663
Karnataka,2007,Rabi       ,Bajra,1152.619589977221
Karnataka,2007,Summer     ,Bajra,996.8434343434343
Karnataka,2007,Rabi       ,Gram,602.3726757150342
Karnataka,2007,Kharif     ,Groundnut,731.2675804068274
Karnataka,2007,Rabi       ,Groundnut,892.2741793250054
Karnataka,2007,Kharif     ,Jowar,1625.83221050963
Karnataka,2007,Rabi       ,Jowar,1086.1983667422892
Karnataka,2007,Summer     ,Jowar,1961.3478691774035
Karnataka,2007,Kharif     ,Maize,2906.567420307216
Karnataka,2007,Rabi       ,Maize,3360.70260385814
Karnataka,2007,Summer     ,Maize,3223.4595026465595
Karnataka,2007,Kharif     ,Moong(Green Gram),224.74309970612526
Karnataka,2007,Rabi       ,Moong(Green Gram),326.41991065730696
Karnataka,2007,Kharif     ,Potato,3297.684654698896
Karnataka,2007,Rabi       ,Potato,12305.03889076767
Karnataka,2007,Summer     ,Potato,16001.855287569573
Karnataka,2007,Kharif     ,Ragi,1639.8210034937617
Karnataka,2007,Rabi       ,Ragi,1612.6221563071056
Karnataka,2007,Summer     ,Ragi,2077.5946876537137
Karnataka,2007,Kharif     ,Rapeseed &Mustard,363.4066211776598
Karnataka,2007,Kharif     ,Rice,2654.56134577818
Karnataka,2007,Rabi       ,Rice,2151.419714817111
Karnataka,2007,Summer     ,Rice,3052.393498189662
Karnataka,2007,Kharif     ,Sesamum,557.9348276338196
Karnataka,2007,Whole Year ,Sugarcane,84759.57392765497
Karnataka,2007,Kharif     ,Urad,431.04151052555454
Karnataka,2007,Rabi       ,Urad,387.70329980257594
Karnataka,2007,Rabi       ,Wheat,1017.4212487707878
Kerala,2007,Kharif     ,Groundnut,739.9519065613191
Kerala,2007,Kharif     ,Jowar,510.2173207914369
Kerala,2007,Kharif     ,Ragi,812.0300751879699
Kerala,2007,Autumn     ,Rice,2168.2122451085343
Kerala,2007,Summer     ,Rice,2404.493145862213
Kerala,2007,Winter     ,Rice,2369.835217727779
Kerala,2007,Kharif     ,Sesamum,320.8255159474672
Kerala,2007,Whole Year ,Sugarcane,53209.62888665998
Tamil Nadu,2007,Whole Year ,Arhar/Tur,701.2343214559005
Tamil Nadu,2007,Whole Year ,Bajra,1435.4995150339475
Tamil Nadu,2007,Whole Year ,Gram,674.5588235294117
Tamil Nadu,2007,Whole Year ,Groundnut,1957.332715508463
Tamil Nadu,2007,Whole Year ,Jowar,874.1208919111475
Tamil Nadu,2007,Whole Year ,Maize,3625.5840807777004
Tamil Nadu,2007,Whole Year ,Moong(Green Gram),291.2137424302575
Tamil Nadu,2007,Whole Year ,Potato,16765.617314313822
Tamil Nadu,2007,Whole Year ,Ragi,1877.7174203050129
Tamil Nadu,2007,Whole Year ,Rapeseed &Mustard,243.63636363636363
Tamil Nadu,2007,Kharif     ,Rice,2816.9229307444234
Tamil Nadu,2007,Whole Year ,Sesamum,432.9488006883941
Tamil Nadu,2007,Whole Year ,Urad,260.0848739085898
West Bengal,2007,Rabi       ,Arhar/Tur,810.3919781221513
West Bengal,2007,Kharif     ,Bajra,359.375
West Bengal,2007,Rabi       ,Gram,983.3943931188277
West Bengal,2007,Kharif     ,Groundnut,930.3039607000308
West Bengal,2007,Rabi       ,Groundnut,1675.9707804690504
West Bengal,2007,Summer     ,Groundnut,2038.2631370103736
West Bengal,2007,Kharif     ,Jowar,420.7353827606992
West Bengal,2007,Kharif     ,Maize,2096.1238067688746
West Bengal,2007,Rabi       ,Maize,4700.800552899845
West Bengal,2007,Summer     ,Maize,3577.258320126783
West Bengal,2007,Kharif     ,Moong(Green Gram),535.4477611940298
West Bengal,2007,Rabi       ,Moong(Green Gram),649.9701848539058
West Bengal,2007,Summer     ,Moong(Green Gram),704.4832666806988
West Bengal,2007,Whole Year ,Potato,24703.57248007665
West Bengal,2007,Kharif     ,Ragi,1144.9242076251724
West Bengal,2007,Rabi       ,Rapeseed &Mustard,887.6043563403992
West Bengal,2007,Autumn     ,Rice,2009.1933044052582
West Bengal,2007,Summer     ,Rice,3258.8831782100074
West Bengal,2007,Winter     ,Rice,2350.0538896291496
West Bengal,2007,Autumn     ,Sesamum,633.1198536139067
West Bengal,2007,Summer     ,Sesamum,918.3790266794731
West Bengal,2007,Winter     ,Sesamum,608.6142322097378
West Bengal,2007,Kharif     ,Urad,763.0765859537636
West Bengal,2007,Rabi       ,Urad,771.7722069265324
West Bengal,2007,Rabi       ,Wheat,2601.6410506581506
Puducherry,2008,Kharif     ,Bajra,1705.8823529411766
Puducherry,2008,Summer     ,Bajra,2000.0
Puducherry,2008,Kharif     ,Groundnut,1954.0229885057472
Puducherry,2008,Rabi       ,Groundnut,2230.769230769231
Puducherry,2008,Summer     ,Groundnut,2163.6363636363635
Puducherry,2008,Kharif     ,Jowar,1500.0
Puducherry,2008,Rabi       ,Moong(Green Gram),600.0
Puducherry,2008,Summer     ,Moong(Green Gram),190.98360655737704
Puducherry,2008,Kharif     ,Ragi,2476.190476190476
Puducherry,2008,Rabi       ,Ragi,2250.0
Puducherry,2008,Summer     ,Ragi,3000.0
Puducherry,2008,Kharif     ,Rice,2735.366125083463
Puducherry,2008,Rabi       ,Rice,2137.1837962143995
Puducherry,2008,Summer     ,Rice,2863.481228668942
Puducherry,2008,Kharif     ,Sesamum,636.3636363636364
Puducherry,2008,Rabi       ,Sesamum,800.0
Puducherry,2008,Summer     ,Sesamum,1062.5
Puducherry,2008,Kharif     ,Sugarcane,83456.55526992287
Puducherry,2008,Kharif     ,Urad,761.9047619047619
Puducherry,2008,Rabi       ,Urad,637.0967741935484
Puducherry,2008,Summer     ,Urad,219.11037891268535
Andhra Pradesh,2008,Kharif     ,Arhar/Tur,453.9895457691327
Andhra Pradesh,2008,Rabi       ,Arhar/Tur,560.3000577034045
Andhra Pradesh,2008,Kharif     ,Bajra,1029.5321402776663
Andhra Pradesh,2008,Rabi       ,Bajra,956.7608367478973
Andhra Pradesh,2008,Rabi       ,Gram,1413.562413221069
Andhra Pradesh,2008,Kharif     ,Groundnut,299.6612520338214
Andhra Pradesh,2008,Rabi       ,Groundnut,1964.201354259619
Andhra Pradesh,2008,Kharif     ,Jowar,1411.307941131641
Andhra Pradesh,2008,Rabi       ,Jowar,1676.8334475668266
Andhra Pradesh,2008,Kharif     ,Maize,3147.6728746110407
Andhra Pradesh,2008,Rabi       ,Maize,7298.686740626333
Andhra Pradesh,2008,Kharif     ,Moong(Green Gram),444.40362182570567
Andhra Pradesh,2008,Rabi       ,Moong(Green Gram),392.85143840843347
Andhra Pradesh,2008,Whole Year ,Potato,9588.291563038072
Andhra Pradesh,2008,Kharif     ,Ragi,958.600361744412
Andhra Pradesh,2008,Rabi       ,Ragi,1708.4765177548684
Andhra Pradesh,2008,Rabi       ,Rapeseed &Mustard,639.5921835174172
Andhra Pradesh,2008,Kharif     ,Rice,2989.442669410319
Andhra Pradesh,2008,Rabi       ,Rice,3700.113626320906
Andhra Pradesh,2008,Kharif     ,Sesamum,209.248278708108
Andhra Pradesh,2008,Rabi       ,Sesamum,267.3198040587824
Andhra Pradesh,2008,Whole Year ,Sugarcane,78434.26674688721
Andhra Pradesh,2008,Kharif     ,Urad,586.4522205317685
Andhra Pradesh,2008,Rabi       ,Urad,669.8841698841699
Andhra Pradesh,2008,Rabi       ,Wheat,1126.6895594359612
Assam,2008,Kharif     ,Arhar/Tur,709.9478390461996
Assam,2008,Rabi       ,Gram,515.9976730657359
Assam,2008,Kharif     ,Maize,725.9808997813831
Assam,2008,Rabi       ,Moong(Green Gram),458.99893503727367
Assam,2008,Whole Year ,Potato,6585.287996220489
Assam,2008,Rabi       ,Rapeseed &Mustard,550.7785409810721
Assam,2008,Autumn     ,Rice,1066.622177733289
Assam,2008,Summer     ,Rice,2133.37367389651
Assam,2008,Winter     ,Rice,1616.1883723933588
Assam,2008,Kharif     ,Sesamum,563.0072968762811
Assam,2008,Whole Year ,Sugarcane,38386.99431044714
Assam,2008,Rabi       ,Urad,580.4697530398006
Assam,2008,Rabi       ,Wheat,1089.8647433720257
Karnataka,2008,Kharif     ,Arhar/Tur,525.8438341194257
Karnataka,2008,Kharif     ,Bajra,679.5207631449446
Karnataka,2008,Rabi       ,Bajra,935.0282485875706
Karnataka,2008,Summer     ,Bajra,1152.2140221402215
Karnataka,2008,Rabi       ,Gram,546.6317997105436
Karnataka,2008,Kharif     ,Groundnut,397.5417272714181
Karnataka,2008,Rabi       ,Groundnut,782.6167840601465
Karnataka,2008,Kharif     ,Jowar,1309.162902926437
Karnataka,2008,Rabi       ,Jowar,1018.1172353918497
Karnataka,2008,Summer     ,Jowar,2275.706677591151
Karnataka,2008,Kharif     ,Maize,2732.9416519008983
Karnataka,2008,Rabi       ,Maize,2967.4146541061814
Karnataka,2008,Summer     ,Maize,3144.933256781972
Karnataka,2008,Kharif     ,Moong(Green Gram),137.34580646130053
Karnataka,2008,Rabi       ,Moong(Green Gram),255.63728445677077
Karnataka,2008,Kharif     ,Potato,1896.3501063075832
Karnataka,2008,Rabi       ,Potato,14369.63696369637
Karnataka,2008,Summer     ,Potato,16090.194022024121
Karnataka,2008,Kharif     ,Ragi,1462.9372487292342
Karnataka,2008,Rabi       ,Ragi,1397.8076585793629
Karnataka,2008,Summer     ,Ragi,1985.3957636566333
Karnataka,2008,Rabi       ,Rapeseed &Mustard,401.48698884758363
Karnataka,2008,Kharif     ,Rice,2572.6212360040818
Karnataka,2008,Rabi       ,Rice,2173.441998926358
Karnataka,2008,Summer     ,Rice,3018.4773928806662
Karnataka,2008,Kharif     ,Sesamum,511.16762101219905
Karnataka,2008,Whole Year ,Sugarcane,86325.86623977232
Karnataka,2008,Kharif     ,Urad,267.1749686019719
Karnataka,2008,Rabi       ,Urad,435.29411764705884
Karnataka,2008,Rabi       ,Wheat,957.4869694713328
Kerala,2008,Kharif     ,Groundnut,739.7576457010964
Kerala,2008,Kharif     ,Jowar,510.40763226366
Kerala,2008,Kharif     ,Ragi,809.2105263157895
Kerala,2008,Autumn     ,Rice,2428.4148599790883
Kerala,2008,Summer     ,Rice,2981.5923797275027
Kerala,2008,Winter     ,Rice,2369.637183463024
Kerala,2008,Kharif     ,Sesamum,534.7222222222222
Kerala,2008,Whole Year ,Sugarcane,81214.62264150943
Meghalaya,2008,Kharif     ,Arhar/Tur,789.6725440806046
Meghalaya,2008,Rabi       ,Gram,622.6415094339623
Meghalaya,2008,Kharif     ,Maize,1502.366068820471
Meghalaya,2008,Whole Year ,Potato,9108.988128886376
Meghalaya,2008,Rabi       ,Rapeseed &Mustard,681.6729192719189
Meghalaya,2008,Autumn     ,Rice,1286.7055572612835
Meghalaya,2008,Summer     ,Rice,3654.328732747804
Meghalaya,2008,Winter     ,Rice,1839.102083765126
Meghalaya,2008,Kharif     ,Sesamum,548.9833641404806
Meghalaya,2008,Whole Year ,Sugarcane,2717.391304347826
Meghalaya,2008,Rabi       ,Wheat,1776.4423076923076
Tamil Nadu,2008,Whole Year ,Arhar/Tur,607.7575228322963
Tamil Nadu,2008,Whole Year ,Bajra,1482.5839920948617
Tamil Nadu,2008,Whole Year ,Gram,635.5808523058961
Tamil Nadu,2008,Whole Year ,Groundnut,1989.9559859873755
Tamil Nadu,2008,Whole Year ,Jowar,824.4719479596409
Tamil Nadu,2008,Whole Year ,Maize,4388.383995199537
Tamil Nadu,2008,Whole Year ,Moong(Green Gram),226.09272861080245
Tamil Nadu,2008,Whole Year ,Potato,18442.408976414015
Tamil Nadu,2008,Whole Year ,Ragi,1886.6106417700018
Tamil Nadu,2008,Whole Year ,Rapeseed &Mustard,245.13618677042803
Tamil Nadu,2008,Kharif     ,Rice,2683.4629061975984
Tamil Nadu,2008,Whole Year ,Sesamum,506.209473568524
Tamil Nadu,2008,Whole Year ,Urad,314.721755521085
West Bengal,2008,Rabi       ,Arhar/Tur,842.6073131955485
West Bengal,2008,Kharif     ,Bajra,346.6666666666667
West Bengal,2008,Rabi       ,Gram,1039.2310529227366
West Bengal,2008,Kharif     ,Groundnut,938.2511396601741
West Bengal,2008,Rabi       ,Groundnut,1701.010101010101
West Bengal,2008,Summer     ,Groundnut,1779.17725907095
West Bengal,2008,Kharif     ,Jowar,416.5186500888099
West Bengal,2008,Autumn     ,Maize,2655.1855169231603
West Bengal,2008,Rabi       ,Maize,5115.900863269284
West Bengal,2008,Summer     ,Maize,4273.765843895931
West Bengal,2008,Kharif     ,Moong(Green Gram),916.5894346617238
West Bengal,2008,Rabi       ,Moong(Green Gram),647.1337579617834
West Bengal,2008,Summer     ,Moong(Green Gram),500.57527942143327
West Bengal,2008,Whole Year ,Potato,10677.181001137362
West Bengal,2008,Autumn     ,Ragi,1182.5775656324583
West Bengal,2008,Rabi       ,Ragi,825.1028806584362
West Bengal,2008,Rabi       ,Rapeseed &Mustard,764.4586024320707
West Bengal,2008,Autumn     ,Rice,2068.6627183323985
West Bengal,2008,Summer     ,Rice,2799.5871936232784
West Bengal,2008,Winter     ,Rice,2465.199836538532
West Bengal,2008,Autumn     ,Sesamum,673.665791776028
West Bengal,2008,Summer     ,Sesamum,657.3967861310883
West Bengal,2008,Winter     ,Sesamum,599.1967871485944
West Bengal,2008,Whole Year ,Sugarcane,93311.32881471778
West Bengal,2008,Kharif     ,Urad,691.9754806352745
West Bengal,2008,Rabi       ,Urad,760.2365114560237
West Bengal,2008,Rabi       ,Wheat,2490.4409010212225
Puducherry,2009,Kharif     ,Bajra,1689.655172413793
Puducherry,2009,Summer     ,Bajra,2000.0
Puducherry,2009,Kharif     ,Groundnut,1880.0
Puducherry,2009,Rabi       ,Groundnut,2128.342245989305
Puducherry,2009,Summer     ,Groundnut,2000.0
Puducherry,2009,Kharif     ,Jowar,1500.0
Puducherry,2009,Rabi       ,Moong(Green Gram),500.0
Puducherry,2009,Summer     ,Moong(Green Gram),86.79245283018868
Puducherry,2009,Kharif     ,Ragi,2416.6666666666665
Puducherry,2009,Rabi       ,Ragi,2200.0
Puducherry,2009,Summer     ,Ragi,3000.0
Puducherry,2009,Kharif     ,Rice,2903.440860215054
Puducherry,2009,Rabi       ,Rice,2270.3524780819466
Puducherry,2009,Summer     ,Rice,2638.485680659082
Puducherry,2009,Kharif     ,Sesamum,600.0
Puducherry,2009,Rabi       ,Sesamum,722.2222222222222
Puducherry,2009,Summer     ,Sesamum,941.9642857142857
Puducherry,2009,Kharif     ,Urad,322.5806451612903
Puducherry,2009,Rabi       ,Urad,623.6559139784946
Puducherry,2009,Summer     ,Urad,115.56064073226544
Andhra Pradesh,2009,Kharif     ,Arhar/Tur,432.6652858628807
Andhra Pradesh,2009,Rabi       ,Arhar/Tur,532.8780879694718
Andhra Pradesh,2009,Kharif     ,Bajra,1301.0984406333243
Andhra Pradesh,2009,Rabi       ,Bajra,827.9443792930139
Andhra Pradesh,2009,Rabi       ,Gram,1308.806388681917
Andhra Pradesh,2009,Kharif     ,Groundnut,385.3224712010398
Andhra Pradesh,2009,Rabi       ,Groundnut,2126.292176645716
Andhra Pradesh,2009,Kharif     ,Jowar,995.8643283452989
Andhra Pradesh,2009,Rabi       ,Jowar,1265.8537561668784
Andhra Pradesh,2009,Kharif     ,Maize,1986.1788909621548
Andhra Pradesh,2009,Rabi       ,Maize,6280.5436144166715
Andhra Pradesh,2009,Kharif     ,Moong(Green Gram),102.8054228106839
Andhra Pradesh,2009,Rabi       ,Moong(Green Gram),409.5241854315091
Andhra Pradesh,2009,Whole Year ,Potato,11341.07142857143
Andhra Pradesh,2009,Kharif     ,Ragi,1078.265563152213
Andhra Pradesh,2009,Rabi       ,Ragi,1858.7472318886428
Andhra Pradesh,2009,Rabi       ,Rapeseed &Mustard,597.818519378046
Andhra Pradesh,2009,Kharif     ,Rice,2887.4315880302684
Andhra Pradesh,2009,Rabi       ,Rice,3543.0665971872445
Andhra Pradesh,2009,Kharif     ,Sesamum,197.84248897931502
Andhra Pradesh,2009,Rabi       ,Sesamum,263.2952917802523
Andhra Pradesh,2009,Whole Year ,Sugarcane,74102.30368615127
Andhra Pradesh,2009,Kharif     ,Urad,153.50856040511212
Andhra Pradesh,2009,Rabi       ,Urad,738.6200162921965
Andhra Pradesh,2009,Rabi       ,Wheat,1045.2795786061588
Assam,2009,Kharif     ,Arhar/Tur,712.0012921983524
Assam,2009,Rabi       ,Gram,514.2028985507246
Assam,2009,Kharif     ,Maize,717.673630717109
Assam,2009,Rabi       ,Moong(Green Gram),457.3746508844261
Assam,2009,Whole Year ,Potato,7263.224775805104
Assam,2009,Rabi       ,Rapeseed &Mustard,528.7213510253317
Assam,2009,Autumn     ,Rice,981.882463398175
Assam,2009,Summer     ,Rice,2179.762804163857
Assam,2009,Winter     ,Rice,1823.7162973437348
Assam,2009,Kharif     ,Sesamum,567.2193110557512
Assam,2009,Whole Year ,Sugarcane,39109.81041781705
Assam,2009,Rabi       ,Urad,566.4659885129057
Assam,2009,Rabi       ,Wheat,1087.136031431568
Karnataka,2009,Kharif     ,Arhar/Tur,462.945036033129
Karnataka,2009,Kharif     ,Bajra,427.970377577417
Karnataka,2009,Rabi       ,Bajra,1112.9032258064517
Karnataka,2009,Summer     ,Bajra,937.6657824933687
Karnataka,2009,Kharif     ,Gram,526.8098619811205
Karnataka,2009,Rabi       ,Gram,467.8912095315769
Karnataka,2009,Kharif     ,Groundnut,474.58960137396105
Karnataka,2009,Rabi       ,Groundnut,807.2016421432271
Karnataka,2009,Kharif     ,Jowar,978.3913272970888
Karnataka,2009,Rabi       ,Jowar,936.6600814395957
Karnataka,2009,Summer     ,Jowar,1477.314582286958
Karnataka,2009,Kharif     ,Maize,2332.2940292340363
Karnataka,2009,Rabi       ,Maize,2529.0929779560665
Karnataka,2009,Summer     ,Maize,2735.6127165590487
Karnataka,2009,Kharif     ,Moong(Green Gram),122.89621839095977
Karnataka,2009,Rabi       ,Moong(Green Gram),262.2237106496986
Karnataka,2009,Kharif     ,Potato,6185.726903373962
Karnataka,2009,Rabi       ,Potato,14765.195246179966
Karnataka,2009,Summer     ,Potato,16073.120494335737
Karnataka,2009,Kharif     ,Ragi,1559.3459636567202
Karnataka,2009,Rabi       ,Ragi,1629.9252594151367
Karnataka,2009,Summer     ,Ragi,1875.0
Karnataka,2009,Rabi       ,Rapeseed &Mustard,291.8295543393276
Karnataka,2009,Kharif     ,Rice,2481.206581983105
Karnataka,2009,Rabi       ,Rice,2242.1914324317163
Karnataka,2009,Summer     ,Rice,3053.1095783671467
Karnataka,2009,Kharif     ,Sesamum,406.90875721027794
Karnataka,2009,Whole Year ,Sugarcane,95937.6175632427
Karnataka,2009,Kharif     ,Urad,84.86787229947112
Karnataka,2009,Rabi       ,Urad,390.23317201935765
Karnataka,2009,Rabi       ,Wheat,931.0228030498153
Kerala,2009,Kharif     ,Groundnut,740.2985074626865
Kerala,2009,Kharif     ,Jowar,512.3674911660777
Kerala,2009,Kharif     ,Ragi,805.4607508532423
Kerala,2009,Autumn     ,Rice,2486.1163251304224
Kerala,2009,Summer     ,Rice,2719.312486048824
Kerala,2009,Winter     ,Rice,2533.2278922640367
Kerala,2009,Kharif     ,Sesamum,338.8157894736842
Kerala,2009,Whole Year ,Sugarcane,95884.92597577389
Meghalaya,2009,Kharif     ,Arhar/Tur,783.6107554417414
Meghalaya,2009,Rabi       ,Gram,625.6684491978609
Meghalaya,2009,Kharif     ,Maize,1520.5415770817594
Meghalaya,2009,Whole Year ,Potato,9171.465672990063
Meghalaya,2009,Rabi       ,Rapeseed &Mustard,680.4469273743017
Meghalaya,2009,Autumn     ,Rice,1283.7223587223586
Meghalaya,2009,Summer     ,Rice,3674.0236362213354
Meghalaya,2009,Winter     ,Rice,1836.657381615599
Meghalaya,2009,Kharif     ,Sesamum,536.4779874213837
Meghalaya,2009,Whole Year ,Sugarcane,2710.5263157894738
Meghalaya,2009,Rabi       ,Wheat,1772.8395061728395
Tamil Nadu,2009,Whole Year ,Arhar/Tur,763.3857971232774
Tamil Nadu,2009,Whole Year ,Bajra,1518.5845260624324
Tamil Nadu,2009,Whole Year ,Gram,611.1410118406889
Tamil Nadu,2009,Whole Year ,Groundnut,2168.7509533644384
Tamil Nadu,2009,Whole Year ,Jowar,930.7435549069927
Tamil Nadu,2009,Whole Year ,Maize,4661.413259392445
Tamil Nadu,2009,Whole Year ,Moong(Green Gram),345.11141032880164
Tamil Nadu,2009,Whole Year ,Potato,18365.43049230102
Tamil Nadu,2009,Whole Year ,Ragi,1954.6851278314205
Tamil Nadu,2009,Whole Year ,Rapeseed &Mustard,236.6412213740458
Tamil Nadu,2009,Kharif     ,Rice,3069.6804697562193
Tamil Nadu,2009,Whole Year ,Sesamum,463.0247140099239
Tamil Nadu,2009,Whole Year ,Urad,380.0679187746899
Puducherry,2010,Kharif     ,Bajra,2344.8275862068967
Puducherry,2010,Summer     ,Bajra,2200.0
Puducherry,2010,Kharif     ,Groundnut,1920.0
Puducherry,2010,Rabi       ,Groundnut,1990.3846153846155
Puducherry,2010,Summer     ,Groundnut,1860.759493670886
Puducherry,2010,Kharif     ,Moong(Green Gram),1000.0
Puducherry,2010,Rabi       ,Moong(Green Gram),600.0
Puducherry,2010,Summer     ,Moong(Green Gram),467.8402166553825
Puducherry,2010,Kharif     ,Ragi,2071.4285714285716
Puducherry,2010,Rabi       ,Ragi,2000.0
Puducherry,2010,Summer     ,Ragi,2500.0
Puducherry,2010,Kharif     ,Rice,2874.543795620438
Puducherry,2010,Rabi       ,Rice,2434.5238095238096
Puducherry,2010,Summer     ,Rice,2711.8895966029722
Puducherry,2010,Kharif     ,Sesamum,800.0
Puducherry,2010,Rabi       ,Sesamum,800.0
Puducherry,2010,Summer     ,Sesamum,801.8018018018018
Puducherry,2010,Kharif     ,Urad,772.7272727272727
Puducherry,2010,Rabi       ,Urad,1089.94708994709
Puducherry,2010,Summer     ,Urad,408.29694323144105
Assam,2010,Kharif     ,Arhar/Tur,714.3057306991733
Assam,2010,Rabi       ,Gram,507.76914539400667
Assam,2010,Kharif     ,Maize,713.6354440623103
Assam,2010,Rabi       ,Moong(Green Gram),470.294834848149
Assam,2010,Whole Year ,Potato,7734.6953177375535
Assam,2010,Rabi       ,Rapeseed &Mustard,585.1198654717716
Assam,2010,Autumn     ,Rice,1155.3209865319427
Assam,2010,Summer     ,Rice,2576.764421931617
Assam,2010,Winter     ,Rice,1993.3166983670567
Assam,2010,Kharif     ,Sesamum,568.556527590848
Assam,2010,Whole Year ,Sugarcane,36196.26042507398
Assam,2010,Rabi       ,Urad,557.7506352979752
Assam,2010,Rabi       ,Wheat,1255.6061824354508
Andhra Pradesh,2010,Kharif     ,Arhar/Tur,414.75284929680305
Andhra Pradesh,2010,Rabi       ,Arhar/Tur,504.86273544257045
Andhra Pradesh,2010,Kharif     ,Bajra,1653.9015933616424
Andhra Pradesh,2010,Rabi       ,Bajra,1079.1843882912185
Andhra Pradesh,2010,Rabi       ,Gram,1232.511314116899
Andhra Pradesh,2010,Kharif     ,Groundnut,658.4975887097852
Andhra Pradesh,2010,Rabi       ,Groundnut,2070.6259099639465
Andhra Pradesh,2010,Kharif     ,Jowar,1000.0524824183898
Andhra Pradesh,2010,Rabi       ,Jowar,1383.2263041723515
Andhra Pradesh,2010,Kharif     ,Maize,3729.1402179600937
Andhra Pradesh,2010,Rabi       ,Maize,7613.768278076837
Andhra Pradesh,2010,Kharif     ,Moong(Green Gram),466.0367819965838
Andhra Pradesh,2010,Rabi       ,Moong(Green Gram),378.31898136667206
Andhra Pradesh,2010,Whole Year ,Potato,11139.929447337478
Andhra Pradesh,2010,Kharif     ,Ragi,1147.742596688063
Andhra Pradesh,2010,Rabi       ,Ragi,1473.1121281464532
Andhra Pradesh,2010,Rabi       ,Rapeseed &Mustard,2423.7214677838774
Andhra Pradesh,2010,Kharif     ,Rice,2570.29365187746
Andhra Pradesh,2010,Rabi       ,Rice,3776.652950835084
Andhra Pradesh,2010,Kharif     ,Sesamum,169.46210268948656
Andhra Pradesh,2010,Rabi       ,Sesamum,284.21540243196296
Andhra Pradesh,2010,Whole Year ,Sugarcane,77935.28887127143
Andhra Pradesh,2010,Kharif     ,Urad,561.1356098983199
Andhra Pradesh,2010,Rabi       ,Urad,543.266697944324
Andhra Pradesh,2010,Rabi       ,Wheat,1303.222607833416
Karnataka,2010,Kharif     ,Arhar/Tur,586.1192899806512
Karnataka,2010,Kharif     ,Bajra,945.229676242057
Karnataka,2010,Rabi       ,Bajra,850.0
Karnataka,2010,Summer     ,Bajra,876.1467889908257
Karnataka,2010,Rabi       ,Gram,633.2298761537282
Karnataka,2010,Kharif     ,Groundnut,655.9122808881818
Karnataka,2010,Rabi       ,Groundnut,899.7449375177126
Karnataka,2010,Kharif     ,Jowar,1537.0545207890298
Karnataka,2010,Rabi       ,Jowar,978.8007363263819
Karnataka,2010,Summer     ,Jowar,2093.8303341902315
Karnataka,2010,Kharif     ,Maize,3428.7125438306375
Karnataka,2010,Rabi       ,Maize,2780.2561246254413
Karnataka,2010,Summer     ,Maize,3392.8222815123318
Karnataka,2010,Kharif     ,Moong(Green Gram),275.3101803639006
Karnataka,2010,Rabi       ,Moong(Green Gram),263.2758452694144
Karnataka,2010,Kharif     ,Potato,7595.895624638431
Karnataka,2010,Rabi       ,Potato,11640.982503364738
Karnataka,2010,Summer     ,Potato,15374.391092553931
Karnataka,2010,Kharif     ,Ragi,1922.518050849191
Karnataka,2010,Rabi       ,Ragi,1559.9372521678504
Karnataka,2010,Summer     ,Ragi,1957.6945244956773
Karnataka,2010,Rabi       ,Rapeseed &Mustard,334.549244398124
Karnataka,2010,Kharif     ,Rice,2827.1802809518076
Karnataka,2010,Rabi       ,Rice,2364.20523138833
Karnataka,2010,Summer     ,Rice,3232.012820014331
Karnataka,2010,Kharif     ,Sesamum,566.3022923296896
Karnataka,2010,Whole Year ,Sugarcane,96787.78977925723
Karnataka,2010,Kharif     ,Urad,363.34285569397724
Karnataka,2010,Rabi       ,Urad,467.40002291738284
Karnataka,2010,Rabi       ,Wheat,1178.5323153618183
Kerala,2010,Autumn     ,Rice,2415.122751930969
Kerala,2010,Summer     ,Rice,2688.400733543336
Kerala,2010,Winter     ,Rice,2348.4202329972427
Kerala,2010,Kharif     ,Sesamum,439.46724234305435
Kerala,2010,Whole Year ,Sugarcane,95554.86816806156
Meghalaya,2010,Kharif     ,Arhar/Tur,784.3388960205392
Meghalaya,2010,Rabi       ,Gram,620.9386281588447
Meghalaya,2010,Kharif     ,Maize,1533.9198888631627
Meghalaya,2010,Whole Year ,Potato,9309.98020921685
Meghalaya,2010,Rabi       ,Rapeseed &Mustard,679.3903803131991
Meghalaya,2010,Autumn     ,Rice,1303.5955331942569
Meghalaya,2010,Rabi       ,Rice,3705.0089864812066
Meghalaya,2010,Winter     ,Rice,1862.1764294345862
Meghalaya,2010,Kharif     ,Sesamum,537.8787878787879
Meghalaya,2010,Whole Year ,Sugarcane,2647.0588235294117
Meghalaya,2010,Rabi       ,Wheat,1791.3486005089057
Puducherry,2011,Kharif     ,Bajra,2636.3636363636365
Puducherry,2011,Summer     ,Bajra,2550.0
Puducherry,2011,Kharif     ,Groundnut,1875.0
Puducherry,2011,Rabi       ,Groundnut,1379.4326241134752
Puducherry,2011,Summer     ,Groundnut,1809.5238095238096
Puducherry,2011,Summer     ,Jowar,2000.0
Puducherry,2011,Kharif     ,Moong(Green Gram),1000.0
Puducherry,2011,Rabi       ,Moong(Green Gram),333.3333333333333
Puducherry,2011,Summer     ,Moong(Green Gram),367.17557251908397
Puducherry,2011,Kharif     ,Ragi,2750.0
Puducherry,2011,Summer     ,Ragi,2500.0
Puducherry,2011,Kharif     ,Rice,3019.589332074581
Puducherry,2011,Rabi       ,Rice,2275.1840371948856
Puducherry,2011,Summer     ,Rice,2893.7965260545907
Puducherry,2011,Kharif     ,Sesamum,666.6666666666666
Puducherry,2011,Rabi       ,Sesamum,666.6666666666666
Puducherry,2011,Summer     ,Sesamum,814.1592920353983
Puducherry,2011,Kharif     ,Urad,800.0
Puducherry,2011,Rabi       ,Urad,1080.357142857143
Puducherry,2011,Summer     ,Urad,381.00961538461536
Assam,2011,Kharif     ,Arhar/Tur,784.0968931016324
Assam,2011,Rabi       ,Gram,523.861766319254
Assam,2011,Kharif     ,Maize,801.7561158848664
Assam,2011,Rabi       ,Moong(Green Gram),551.3377345378735
Assam,2011,Whole Year ,Potato,6978.377770507893
Assam,2011,Rabi       ,Rapeseed &Mustard,559.1754756018374
Assam,2011,Autumn     ,Rice,1222.5392967455857
Assam,2011,Summer     ,Rice,2743.9529087772694
Assam,2011,Winter     ,Rice,1758.1516537899051
Assam,2011,Kharif     ,Sesamum,674.2648928056944
Assam,2011,Whole Year ,Sugarcane,37055.13307984791
Assam,2011,Rabi       ,Urad,555.8516089362574
Assam,2011,Rabi       ,Wheat,1208.9366572125193
Andhra Pradesh,2011,Kharif     ,Arhar/Tur,302.2602824151741
Andhra Pradesh,2011,Rabi       ,Arhar/Tur,495.952129531855
Andhra Pradesh,2011,Kharif     ,Bajra,1465.5560697208082
Andhra Pradesh,2011,Rabi       ,Bajra,1036.2858206177893
Andhra Pradesh,2011,Rabi       ,Gram,920.6096813833988
Andhra Pradesh,2011,Kharif     ,Groundnut,361.2904508003566
Andhra Pradesh,2011,Rabi       ,Groundnut,1848.6233035921111
Andhra Pradesh,2011,Kharif     ,Jowar,1487.4640481101653
Andhra Pradesh,2011,Rabi       ,Jowar,1976.709839328468
Andhra Pradesh,2011,Kharif     ,Maize,2810.7922300765276
Andhra Pradesh,2011,Rabi       ,Maize,6500.43118342573
Andhra Pradesh,2011,Kharif     ,Moong(Green Gram),542.4951343958761
Andhra Pradesh,2011,Rabi       ,Moong(Green Gram),608.2693947144076
Andhra Pradesh,2011,Whole Year ,Potato,10038.302790160145
Andhra Pradesh,2011,Kharif     ,Ragi,843.7542164773188
Andhra Pradesh,2011,Rabi       ,Ragi,1767.05707380554
Andhra Pradesh,2011,Rabi       ,Rapeseed &Mustard,2445.6702433126793
Andhra Pradesh,2011,Kharif     ,Rice,2979.6402093426154
Andhra Pradesh,2011,Rabi       ,Rice,3542.402440790933
Andhra Pradesh,2011,Kharif     ,Sesamum,239.28506841883177
Andhra Pradesh,2011,Rabi       ,Sesamum,308.88973674170165
Andhra Pradesh,2011,Whole Year ,Sugarcane,81792.88661915918
Andhra Pradesh,2011,Kharif     ,Urad,645.0272490450848
Andhra Pradesh,2011,Rabi       ,Urad,686.1732115798541
Andhra Pradesh,2011,Rabi       ,Wheat,1322.1078134463962
Karnataka,2011,Kharif     ,Arhar/Tur,458.1734358935601
Karnataka,2011,Kharif     ,Bajra,909.0205572575177
Karnataka,2011,Rabi       ,Bajra,907.4074074074074
Karnataka,2011,Summer     ,Bajra,1042.2799874725963
Karnataka,2011,Rabi       ,Gram,446.6091749245639
Karnataka,2011,Kharif     ,Groundnut,579.8787089485494
Karnataka,2011,Rabi       ,Groundnut,844.4003432739755
Karnataka,2011,Kharif     ,Jowar,1473.9118881862146
Karnataka,2011,Rabi       ,Jowar,764.6763710426213
Karnataka,2011,Summer     ,Jowar,1829.6092041456689
Karnataka,2011,Kharif     ,Maize,2846.0847986950985
Karnataka,2011,Rabi       ,Maize,3118.2360230599306
Karnataka,2011,Summer     ,Maize,3390.582333142821
Karnataka,2011,Kharif     ,Moong(Green Gram),254.17936346707296
Karnataka,2011,Rabi       ,Moong(Green Gram),334.1740226986129
Karnataka,2011,Kharif     ,Potato,8264.15705585072
Karnataka,2011,Rabi       ,Potato,12147.271920745232
Karnataka,2011,Summer     ,Potato,14427.408412483039
Karnataka,2011,Kharif     ,Ragi,1702.2238998360149
Karnataka,2011,Rabi       ,Ragi,1504.7858197932053
Karnataka,2011,Summer     ,Ragi,1925.4731861198738
Karnataka,2011,Rabi       ,Rapeseed &Mustard,286.0536944642433
Karnataka,2011,Kharif     ,Rice,2879.3338224242207
Karnataka,2011,Rabi       ,Rice,2180.86682719022
Karnataka,2011,Summer     ,Rice,3405.390580002586
Karnataka,2011,Kharif     ,Sesamum,503.3783783783784
Karnataka,2011,Whole Year ,Sugarcane,91492.86169608604
Karnataka,2011,Kharif     ,Urad,366.7722046325612
Karnataka,2011,Rabi       ,Urad,508.3535108958838
Karnataka,2011,Rabi       ,Wheat,891.1616520011354
Kerala,2011,Whole Year ,Potato,12505.18134715026
Kerala,2011,Autumn     ,Rice,2519.4456344867963
Kerala,2011,Summer     ,Rice,3155.3598741044884
Kerala,2011,Winter     ,Rice,2675.5191411216274
Kerala,2011,Kharif     ,Sesamum,386.6503866503866
Meghalaya,2011,Kharif     ,Arhar/Tur,1168.781725888325
Meghalaya,2011,Rabi       ,Gram,627.4509803921569
Meghalaya,2011,Kharif     ,Maize,1556.8976478067386
Meghalaya,2011,Whole Year ,Potato,9350.90590957837
Meghalaya,2011,Rabi       ,Rapeseed &Mustard,681.4958987904907
Meghalaya,2011,Autumn     ,Rice,1331.1148596840976
Meghalaya,2011,Rabi       ,Rice,4222.9666562792145
Meghalaya,2011,Winter     ,Rice,1972.506857521203
Meghalaya,2011,Kharif     ,Sesamum,544.5979899497487
Meghalaya,2011,Whole Year ,Sugarcane,2689.189189189189
Meghalaya,2011,Rabi       ,Wheat,1797.4683544303798
Tamil Nadu,2011,Whole Year ,Arhar/Tur,869.9955516014235
Tamil Nadu,2011,Kharif     ,Bajra,2210.4938872134126
Tamil Nadu,2011,Rabi       ,Bajra,2924.2433815631516
Tamil Nadu,2011,Whole Year ,Gram,642.4581005586592
Tamil Nadu,2011,Kharif     ,Groundnut,2202.1246271263335
Tamil Nadu,2011,Rabi       ,Groundnut,3751.115115027136
Tamil Nadu,2011,Kharif     ,Jowar,1095.514448972294
Tamil Nadu,2011,Rabi       ,Jowar,1661.8451114787679
Tamil Nadu,2011,Kharif     ,Maize,5682.024199175208
Tamil Nadu,2011,Rabi       ,Maize,6649.287918575454
Tamil Nadu,2011,Whole Year ,Moong(Green Gram),518.7939220693733
Tamil Nadu,2011,Whole Year ,Potato,19731.863898994223
Tamil Nadu,2011,Kharif     ,Ragi,2636.6092830682064
Tamil Nadu,2011,Rabi       ,Ragi,3104.5812455261275
Tamil Nadu,2011,Rabi       ,Rapeseed &Mustard,244.1860465116279
Tamil Nadu,2011,Kharif     ,Rice,3917.83102178202
Tamil Nadu,2011,Whole Year ,Sesamum,612.5535610885929
Tamil Nadu,2011,Whole Year ,Urad,580.0761038463909
Andhra Pradesh,2012,Kharif     ,Arhar/Tur,522.9166666666666
Andhra Pradesh,2012,Kharif     ,Bajra,1666.6666666666667
Andhra Pradesh,2012,Rabi       ,Bajra,1571.4285714285713
Andhra Pradesh,2012,Rabi       ,Gram,1118.942731277533
Andhra Pradesh,2012,Kharif     ,Groundnut,531.6336166194524
Andhra Pradesh,2012,Rabi       ,Groundnut,1919.5804195804196
Andhra Pradesh,2012,Kharif     ,Jowar,1563.106796116505
Andhra Pradesh,2012,Rabi       ,Jowar,2070.6521739130435
Andhra Pradesh,2012,Kharif     ,Maize,4143.362831858407
Andhra Pradesh,2012,Rabi       ,Maize,6174.447174447175
Andhra Pradesh,2012,Kharif     ,Moong(Green Gram),708.6092715231788
Andhra Pradesh,2012,Rabi       ,Moong(Green Gram),685.0393700787401
Andhra Pradesh,2012,Kharif     ,Potato,15329.588014981273
Andhra Pradesh,2012,Rabi       ,Potato,15316.916488222698
Andhra Pradesh,2012,Kharif     ,Ragi,1055.5555555555557
Andhra Pradesh,2012,Rabi       ,Ragi,1200.0
Andhra Pradesh,2012,Rabi       ,Rapeseed &Mustard,434.412265758092
Andhra Pradesh,2012,Kharif     ,Rice,2881.785283474065
Andhra Pradesh,2012,Rabi       ,Rice,3807.1866783523224
Andhra Pradesh,2012,Kharif     ,Sesamum,240.0
Andhra Pradesh,2012,Rabi       ,Sesamum,365.8536585365854
Andhra Pradesh,2012,Whole Year ,Sugarcane,78816.32653061225
Andhra Pradesh,2012,Kharif     ,Urad,894.7368421052631
Andhra Pradesh,2012,Rabi       ,Urad,829.4573643410853
Andhra Pradesh,2012,Rabi       ,Wheat,1125.0
Assam,2012,Kharif     ,Arhar/Tur,828.633769721383
Assam,2012,Rabi       ,Gram,554.5350172215844
Assam,2012,Kharif     ,Maize,897.1512977421397
Assam,2012,Rabi       ,Moong(Green Gram),592.2204536410665
Assam,2012,Whole Year ,Potato,7425.206421057043
Assam,2012,Rabi       ,Rapeseed &Mustard,609.6044308326416
Assam,2012,Autumn     ,Rice,1296.2784136234245
Assam,2012,Summer     ,Rice,2970.3371537235957
Assam,2012,Winter     ,Rice,1968.0253686585083
Assam,2012,Kharif     ,Sesamum,702.0064838342241
Assam,2012,Whole Year ,Sugarcane,35612.24065671435
Assam,2012,Rabi       ,Urad,550.930409874915
Assam,2012,Rabi       ,Wheat,1300.3177966101696
Karnataka,2012,Kharif     ,Arhar/Tur,708.017679638404
Karnataka,2012,Kharif     ,Bajra,1038.3882890592283
Karnataka,2012,Rabi       ,Gram,642.9873115723084
Karnataka,2012,Kharif     ,Groundnut,561.9455029828541
Karnataka,2012,Rabi       ,Groundnut,1690.13710277394
Karnataka,2012,Summer     ,Groundnut,822.0741690144251
Karnataka,2012,Kharif     ,Jowar,1224.670049476761
Karnataka,2012,Rabi       ,Jowar,1009.0116112195926
Karnataka,2012,Summer     ,Jowar,1647.0517880636287
Karnataka,2012,Kharif     ,Maize,2564.0187527331955
Karnataka,2012,Rabi       ,Maize,3026.5173189524758
Karnataka,2012,Summer     ,Maize,3436.3372720821894
Karnataka,2012,Kharif     ,Moong(Green Gram),302.9993324314265
Karnataka,2012,Rabi       ,Moong(Green Gram),234.1824157764996
Karnataka,2012,Kharif     ,Potato,6385.846086256132
Karnataka,2012,Rabi       ,Potato,16982.902235861464
Karnataka,2012,Summer     ,Potato,21805.212620027436
Karnataka,2012,Kharif     ,Ragi,1515.0468182179898
Karnataka,2012,Rabi       ,Ragi,1440.8810524591954
Karnataka,2012,Summer     ,Ragi,1497.6140484825348
Karnataka,2012,Kharif     ,Rapeseed &Mustard,295.32030895047706
Karnataka,2012,Kharif     ,Rice,2544.1532886886735
Karnataka,2012,Rabi       ,Rice,2411.6180558619776
Karnataka,2012,Summer     ,Rice,3174.0367894060337
Karnataka,2012,Kharif     ,Sesamum,323.50430477305434
Karnataka,2012,Whole Year ,Sugarcane,83477.4291067319
Karnataka,2012,Kharif     ,Urad,481.78027202930747
Karnataka,2012,Rabi       ,Urad,519.1592261904761
Karnataka,2012,Rabi       ,Wheat,794.0152880492201
Kerala,2012,Whole Year ,Arhar/Tur,1595.2782462057335
Kerala,2012,Whole Year ,Groundnut,1244.8979591836735
Kerala,2012,Whole Year ,Jowar,783.7837837837837
Kerala,2012,Whole Year ,Maize,83.33333333333333
Kerala,2012,Whole Year ,Potato,19538.46153846154
Kerala,2012,Whole Year ,Ragi,1088.495575221239
Kerala,2012,Autumn     ,Rice,2547.4917763157896
Kerala,2012,Summer     ,Rice,2846.2172791474604
Kerala,2012,Winter     ,Rice,2450.772901753294
Kerala,2012,Whole Year ,Sesamum,376.9230769230769
Kerala,2012,Winter     ,Sesamum,376.9230769230769
Kerala,2012,Whole Year ,Sugarcane,95132.03214695751
Meghalaya,2012,Kharif     ,Arhar/Tur,1223.5915492957747
Meghalaya,2012,Rabi       ,Gram,975.0
Meghalaya,2012,Whole Year ,Maize,2149.9861226755484
Meghalaya,2012,Whole Year ,Potato,9534.979877611775
Meghalaya,2012,Rabi       ,Rapeseed &Mustard,934.974358974359
Meghalaya,2012,Autumn     ,Rice,2000.0
Meghalaya,2012,Rabi       ,Rice,4280.244214969473
Meghalaya,2012,Winter     ,Rice,2250.4410560141137
Meghalaya,2012,Kharif     ,Sesamum,845.0
Meghalaya,2012,Whole Year ,Sugarcane,2947.3684210526317
Meghalaya,2012,Rabi       ,Wheat,1827.5862068965516
Andhra Pradesh,2013,Kharif     ,Arhar/Tur,563.1255948278691
Andhra Pradesh,2013,Rabi       ,Arhar/Tur,772.7272727272727
Andhra Pradesh,2013,Kharif     ,Bajra,1653.5052205412317
Andhra Pradesh,2013,Rabi       ,Bajra,1852.8515454941228
Andhra Pradesh,2013,Rabi       ,Gram,1371.8425843600492
Andhra Pradesh,2013,Kharif     ,Groundnut,626.9158768350751
Andhra Pradesh,2013,Rabi       ,Groundnut,2218.108999181289
Andhra Pradesh,2013,Kharif     ,Jowar,1747.3114994500795
Andhra Pradesh,2013,Rabi       ,Jowar,2438.015272531662
Andhra Pradesh,2013,Kharif     ,Maize,3711.1683629809004
Andhra Pradesh,2013,Rabi       ,Maize,7453.813735971173
Andhra Pradesh,2013,Kharif     ,Moong(Green Gram),512.0640365923384
Andhra Pradesh,2013,Rabi       ,Moong(Green Gram),625.1548840090866
Andhra Pradesh,2013,Kharif     ,Potato,17428.571428571428
Andhra Pradesh,2013,Rabi       ,Potato,17269.338303821063
Andhra Pradesh,2013,Kharif     ,Ragi,982.8205613030442
Andhra Pradesh,2013,Rabi       ,Ragi,1554.8699867783164
Andhra Pradesh,2013,Rabi       ,Rapeseed &Mustard,643.7025796661609
Andhra Pradesh,2013,Kharif     ,Rice,2554.4893011365803
Andhra Pradesh,2013,Rabi       ,Rice,4142.459433752712
Andhra Pradesh,2013,Kharif     ,Sesamum,448.88571937956857
Andhra Pradesh,2013,Rabi       ,Sesamum,260.66852030947774
Andhra Pradesh,2013,Whole Year ,Sugarcane,78562.52985011155
Andhra Pradesh,2013,Kharif     ,Urad,682.4510614833196
Andhra Pradesh,2013,Rabi       ,Urad,786.3784388548139
Andhra Pradesh,2013,Rabi       ,Wheat,715.5172413793103
Assam,2013,Kharif     ,Arhar/Tur,920.3915171288744
Assam,2013,Rabi       ,Gram,697.515830491963
Assam,2013,Kharif     ,Maize,3199.1856406847264
Assam,2013,Rabi       ,Moong(Green Gram),640.7583716349311
Assam,2013,Whole Year ,Potato,7147.535628241251
Assam,2013,Rabi       ,Rapeseed &Mustard,605.2488305287515
Assam,2013,Autumn     ,Rice,1318.3959307219745
Assam,2013,Summer     ,Rice,2981.1140174177967
Assam,2013,Winter     ,Rice,1972.1423037883553
Assam,2013,Kharif     ,Sesamum,732.3763137657011
Assam,2013,Whole Year ,Sugarcane,36969.05408657979
Assam,2013,Rabi       ,Urad,579.9707412825688
Assam,2013,Rabi       ,Wheat,1292.3883172493129
Goa,2013,Kharif     ,Groundnut,2413.7055837563453
Goa,2013,Rabi       ,Groundnut,2566.681838871188
Goa,2013,Kharif     ,Ragi,777.7777777777778
Goa,2013,Kharif     ,Rice,2827.8856336039535
Goa,2013,Rabi       ,Rice,3202.0013802622498
Goa,2013,Whole Year ,Sugarcane,54666.28440366973
Karnataka,2013,Kharif     ,Arhar/Tur,918.4435045669306
Karnataka,2013,Kharif     ,Bajra,1179.8831251715865
Karnataka,2013,Rabi       ,Gram,757.0257493621606
Karnataka,2013,Kharif     ,Groundnut,844.2562296239603
Karnataka,2013,Rabi       ,Groundnut,1847.5624845335312
Karnataka,2013,Summer     ,Groundnut,891.475918514188
Karnataka,2013,Kharif     ,Jowar,1422.886283481079
Karnataka,2013,Rabi       ,Jowar,1107.3892970611596
Karnataka,2013,Summer     ,Jowar,1627.4377942165434
Karnataka,2013,Kharif     ,Maize,3169.989142201846
Karnataka,2013,Rabi       ,Maize,3061.5331298915085
Karnataka,2013,Summer     ,Maize,3244.4076526857984
Karnataka,2013,Kharif     ,Moong(Green Gram),252.91568201605418
Karnataka,2013,Rabi       ,Moong(Green Gram),252.40032546786006
Karnataka,2013,Kharif     ,Potato,6578.774360178446
Karnataka,2013,Rabi       ,Potato,15215.12102257275
Karnataka,2013,Summer     ,Potato,14048.109965635738
Karnataka,2013,Kharif     ,Ragi,1888.908531405516
Karnataka,2013,Rabi       ,Ragi,1459.0223149783271
Karnataka,2013,Summer     ,Ragi,1964.3052516411378
Karnataka,2013,Kharif     ,Rapeseed &Mustard,284.81481481481484
Karnataka,2013,Kharif     ,Rice,2954.170132478546
Karnataka,2013,Rabi       ,Rice,2509.756455399061
Karnataka,2013,Summer     ,Rice,3378.6795339888195
Karnataka,2013,Kharif     ,Sesamum,573.2201239447617
Karnataka,2013,Whole Year ,Sugarcane,90572.35573374727
Karnataka,2013,Kharif     ,Urad,481.0271370705396
Karnataka,2013,Rabi       ,Urad,571.5329533830192
Karnataka,2013,Rabi       ,Wheat,1004.601131629671
Kerala,2013,Whole Year ,Arhar/Tur,1609.2342342342342
Kerala,2013,Whole Year ,Groundnut,1222.5352112676057
Kerala,2013,Whole Year ,Jowar,793.3333333333334
Kerala,2013,Whole Year ,Maize,1392.1568627450981
Kerala,2013,Whole Year ,Potato,19559.947299077732
Kerala,2013,Whole Year ,Ragi,1036.5853658536585
Kerala,2013,Autumn     ,Rice,2720.118639497708
Kerala,2013,Summer     ,Rice,2933.4684732742985
Kerala,2013,Winter     ,Rice,2832.7977465682775
Kerala,2013,Whole Year ,Sesamum,332.07547169811323
Meghalaya,2013,Kharif     ,Arhar/Tur,1248.9044697633656
Meghalaya,2013,Rabi       ,Gram,1009.972299168975
Meghalaya,2013,Whole Year ,Maize,2200.0
Meghalaya,2013,Whole Year ,Potato,9854.897284405659
Meghalaya,2013,Rabi       ,Rapeseed &Mustard,949.7950819672132
Meghalaya,2013,Autumn     ,Rice,2159.0234392308034
Meghalaya,2013,Rabi       ,Rice,4365.144302290985
Meghalaya,2013,Winter     ,Rice,2397.2298810959846
Meghalaya,2013,Kharif     ,Sesamum,904.8913043478261
Meghalaya,2013,Whole Year ,Sugarcane,3000.0
Meghalaya,2013,Rabi       ,Wheat,1869.6682464454977
Tamil Nadu,2013,Whole Year ,Arhar/Tur,966.8527740053318
Tamil Nadu,2013,Kharif     ,Bajra,2282.072422663413
Tamil Nadu,2013,Rabi       ,Bajra,2002.4491490244916
Tamil Nadu,2013,Whole Year ,Gram,653.6820835204311
Tamil Nadu,2013,Kharif     ,Groundnut,2212.8808062087337
Tamil Nadu,2013,Rabi       ,Groundnut,3628.3403423954437
Tamil Nadu,2013,Kharif     ,Jowar,1113.0794186925025
Tamil Nadu,2013,Rabi       ,Jowar,2152.4471630595885
Tamil Nadu,2013,Kharif     ,Maize,6536.1363972516165
Tamil Nadu,2013,Rabi       ,Maize,5002.154898421012
Tamil Nadu,2013,Kharif     ,Moong(Green Gram),562.5549253015898
Tamil Nadu,2013,Rabi       ,Moong(Green Gram),806.5562023130555
Tamil Nadu,2013,Kharif     ,Potato,18117.677419354837
Tamil Nadu,2013,Rabi       ,Potato,25700.09784735812
Tamil Nadu,2013,Kharif     ,Ragi,2736.2135063403125
Tamil Nadu,2013,Rabi       ,Ragi,3966.266007270822
Tamil Nadu,2013,Rabi       ,Rapeseed &Mustard,243.05555555555554
Tamil Nadu,2013,Kharif     ,Rice,4123.005916336854
Tamil Nadu,2013,Kharif     ,Sesamum,557.8974358974359
Tamil Nadu,2013,Rabi       ,Sesamum,615.4862365533418
Tamil Nadu,2013,Kharif     ,Urad,840.2793679871766
Tamil Nadu,2013,Rabi       ,Urad,853.3137345219064
Andhra Pradesh,2014,Kharif     ,Arhar/Tur,500.46986172640624
Andhra Pradesh,2014,Rabi       ,Arhar/Tur,782.6086956521739
Andhra Pradesh,2014,Kharif     ,Bajra,1289.1537063219553
Andhra Pradesh,2014,Rabi       ,Bajra,1924.0432369266725
Andhra Pradesh,2014,Rabi       ,Gram,1143.9610727807915
Andhra Pradesh,2014,Kharif     ,Groundnut,409.85686353527666
Andhra Pradesh,2014,Rabi       ,Groundnut,2325.2260991127214
Andhra Pradesh,2014,Kharif     ,Jowar,1487.4614093050966
Andhra Pradesh,2014,Rabi       ,Jowar,2769.876118046587
Andhra Pradesh,2014,Kharif     ,Maize,3292.090163524028
Andhra Pradesh,2014,Rabi       ,Maize,7909.619930896527
Andhra Pradesh,2014,Kharif     ,Moong(Green Gram),916.9880785413744
Andhra Pradesh,2014,Rabi       ,Moong(Green Gram),820.4029093453972
Andhra Pradesh,2014,Kharif     ,Potato,17250.71225071225
Andhra Pradesh,2014,Rabi       ,Potato,17293.03675048356
Andhra Pradesh,2014,Kharif     ,Ragi,951.7083014404008
Andhra Pradesh,2014,Rabi       ,Ragi,1499.7871434653043
Andhra Pradesh,2014,Rabi       ,Rapeseed &Mustard,560.8474873052005
Andhra Pradesh,2014,Kharif     ,Rice,3117.855235818734
Andhra Pradesh,2014,Rabi       ,Rice,4424.224738285769
Andhra Pradesh,2014,Kharif     ,Sesamum,272.4509664244669
Andhra Pradesh,2014,Rabi       ,Sesamum,346.7093695051495
Andhra Pradesh,2014,Whole Year ,Sugarcane,71846.78867452918
Andhra Pradesh,2014,Kharif     ,Urad,1078.5111202635915
Andhra Pradesh,2014,Rabi       ,Urad,936.8653302475592
Andhra Pradesh,2014,Rabi       ,Wheat,800.0
Assam,2014,Kharif     ,Arhar/Tur,948.9002811311394
Assam,2014,Rabi       ,Gram,934.0974212034384
Assam,2014,Kharif     ,Maize,3333.416806782814
Assam,2014,Rabi       ,Moong(Green Gram),687.3726185201594
Assam,2014,Whole Year ,Potato,7498.665339979526
Assam,2014,Rabi       ,Rapeseed &Mustard,667.323829384426
Assam,2014,Autumn     ,Rice,1430.7348053907476
Assam,2014,Summer     ,Rice,2939.9235744668586
Assam,2014,Winter     ,Rice,1974.7147267091434
Assam,2014,Kharif     ,Sesamum,758.4620440354913
Assam,2014,Whole Year ,Sugarcane,36760.33444816054
Assam,2014,Rabi       ,Urad,648.0598144993374
Assam,2014,Rabi       ,Wheat,1216.6539795314218
Goa,2014,Kharif     ,Groundnut,2033.240997229917
Goa,2014,Rabi       ,Groundnut,1872.7748691099475
Goa,2014,Kharif     ,Ragi,709.6774193548387
Goa,2014,Kharif     ,Rice,2919.145114942529
Goa,2014,Rabi       ,Rice,2776.7869780608635
Goa,2014,Whole Year ,Sugarcane,60909.653465346535
Karnataka,2014,Kharif     ,Arhar/Tur,651.1022594602019
Karnataka,2014,Kharif     ,Bajra,1061.086948170849
Karnataka,2014,Rabi       ,Gram,718.5068593226512
Karnataka,2014,Kharif     ,Groundnut,728.6761562125241
Karnataka,2014,Rabi       ,Groundnut,1996.236559139785
Karnataka,2014,Summer     ,Groundnut,849.2141137323594
Karnataka,2014,Kharif     ,Jowar,1383.3711249199453
Karnataka,2014,Rabi       ,Jowar,1085.2418730190923
Karnataka,2014,Summer     ,Jowar,2113.4691567628747
Karnataka,2014,Kharif     ,Maize,3129.948212727705
Karnataka,2014,Rabi       ,Maize,3377.2612332231083
Karnataka,2014,Summer     ,Maize,3261.451019725844
Karnataka,2014,Kharif     ,Moong(Green Gram),196.37121547949573
Karnataka,2014,Rabi       ,Moong(Green Gram),328.892455858748
Karnataka,2014,Kharif     ,Potato,6155.635648754915
Karnataka,2014,Rabi       ,Potato,15403.736023997819
Karnataka,2014,Summer     ,Potato,13709.964412811389
Karnataka,2014,Kharif     ,Ragi,1844.9905312110461
Karnataka,2014,Rabi       ,Ragi,1622.4580806278987
Karnataka,2014,Summer     ,Ragi,1782.4136993748302
Karnataka,2014,Kharif     ,Rapeseed &Mustard,218.78072763028516
Karnataka,2014,Kharif     ,Rice,3057.534561635959
Karnataka,2014,Rabi       ,Rice,2463.385728542914
Karnataka,2014,Summer     ,Rice,3058.9589603971067
Karnataka,2014,Kharif     ,Sesamum,510.6570331903364
Karnataka,2014,Whole Year ,Sugarcane,91287.06514903523
Karnataka,2014,Kharif     ,Urad,278.14359883500066
Karnataka,2014,Rabi       ,Urad,455.3785422247286
Karnataka,2014,Rabi       ,Wheat,1316.1602105103357
Kerala,2014,Whole Year ,Arhar/Tur,1289.2953929539296
Kerala,2014,Whole Year ,Groundnut,1441.6666666666667
Kerala,2014,Whole Year ,Jowar,739.8843930635838
Kerala,2014,Whole Year ,Maize,1029.8507462686566
Kerala,2014,Whole Year ,Potato,18557.5117370892
Kerala,2014,Whole Year ,Ragi,987.3417721518987
Kerala,2014,Autumn     ,Rice,2523.8273862552946
Kerala,2014,Summer     ,Rice,3234.5976808002124
Kerala,2014,Winter     ,Rice,2859.3100348353746
Kerala,2014,Whole Year ,Sesamum,335.87786259541986
Kerala,2014,Whole Year ,Sugarcane,97906.47700156883
Kerala,2014,Whole Year ,Wheat,3000.0
Meghalaya,2014,Kharif     ,Arhar/Tur,1276.1324041811847
Meghalaya,2014,Rabi       ,Gram,1031.4222712238147
Meghalaya,2014,Whole Year ,Maize,2260.0210678050676
Meghalaya,2014,Summer     ,Potato,11204.503417772417
Meghalaya,2014,Winter     ,Potato,7114.441868168267
Meghalaya,2014,Rabi       ,Rapeseed &Mustard,956.1125319693094
Meghalaya,2014,Autumn     ,Rice,2314.9960727448492
Meghalaya,2014,Rabi       ,Rice,4602.569750367107
Meghalaya,2014,Winter     ,Rice,2498.7028505841104
Meghalaya,2014,Kharif     ,Sesamum,930.6306306306307
Meghalaya,2014,Whole Year ,Sugarcane,3045.045045045045
Meghalaya,2014,Rabi       ,Wheat,1909.502262443439
Tamil Nadu,2014,Kharif     ,Bajra,3023.0950368313006
Tamil Nadu,2014,Rabi       ,Bajra,3149.731532704198
Tamil Nadu,2014,Rabi       ,Gram,612.4633431085044
Tamil Nadu,2014,Kharif     ,Groundnut,2336.348289226526
Tamil Nadu,2014,Rabi       ,Groundnut,3437.268773419737
Tamil Nadu,2014,Kharif     ,Jowar,2017.7765320899105
Tamil Nadu,2014,Rabi       ,Jowar,2192.335099986639
Tamil Nadu,2014,Kharif     ,Maize,8688.151827074227
Tamil Nadu,2014,Rabi       ,Maize,7542.940576833166
Tamil Nadu,2014,Kharif     ,Moong(Green Gram),632.8102912072378
Tamil Nadu,2014,Rabi       ,Moong(Green Gram),808.9831813777855
Tamil Nadu,2014,Kharif     ,Potato,22684.890656063617
Tamil Nadu,2014,Rabi       ,Potato,25286.794648051193
Tamil Nadu,2014,Kharif     ,Ragi,3003.727677670269
Tamil Nadu,2014,Rabi       ,Ragi,4197.762061294286
Tamil Nadu,2014,Rabi       ,Rapeseed &Mustard,238.41059602649005
Tamil Nadu,2014,Kharif     ,Rice,4428.677915376735
Tamil Nadu,2014,Kharif     ,Sesamum,628.070834703368
Tamil Nadu,2014,Rabi       ,Sesamum,730.496123670058
Tamil Nadu,2014,Kharif     ,Urad,814.2056074766355
Tamil Nadu,2014,Rabi       ,Urad,988.9321936738007
Andhra Pradesh,2015,Kharif     ,Arhar/Tur,597.4930685528253
Andhra Pradesh,2015,Rabi       ,Arhar/Tur,695.0950950950951
Andhra Pradesh,2015,Kharif     ,Bajra,1767.4600078033554
Andhra Pradesh,2015,Rabi       ,Bajra,1792.7506577024262
Andhra Pradesh,2015,Kharif     ,Gram,1000.0
Andhra Pradesh,2015,Rabi       ,Gram,1060.8219829388554
Andhra Pradesh,2015,Kharif     ,Groundnut,876.3476170231481
Andhra Pradesh,2015,Rabi       ,Groundnut,2190.0570268285305
Andhra Pradesh,2015,Kharif     ,Jowar,1110.0599180069378
Andhra Pradesh,2015,Rabi       ,Jowar,2368.5847469992395
Andhra Pradesh,2015,Kharif     ,Maize,3681.8987696122213
Andhra Pradesh,2015,Rabi       ,Maize,7203.555205927881
Andhra Pradesh,2015,Kharif     ,Moong(Green Gram),352.65503875968994
Andhra Pradesh,2015,Rabi       ,Moong(Green Gram),744.1519368183527
Andhra Pradesh,2015,Kharif     ,Potato,13677.700348432056
Andhra Pradesh,2015,Rabi       ,Potato,11620.244565217392
Andhra Pradesh,2015,Kharif     ,Ragi,954.8547156335752
Andhra Pradesh,2015,Rabi       ,Ragi,1876.1216896476253
Andhra Pradesh,2015,Kharif     ,Rapeseed &Mustard,700.0
Andhra Pradesh,2015,Rabi       ,Rapeseed &Mustard,535.7643758765778
Andhra Pradesh,2015,Kharif     ,Rice,2942.029503518519
Andhra Pradesh,2015,Rabi       ,Rice,4466.024246926479
Andhra Pradesh,2015,Kharif     ,Sesamum,182.75432032781043
Andhra Pradesh,2015,Rabi       ,Sesamum,363.60009574722733
Andhra Pradesh,2015,Whole Year ,Sugarcane,76865.82569749764
Andhra Pradesh,2015,Kharif     ,Urad,702.4945474372955
Andhra Pradesh,2015,Rabi       ,Urad,922.5824007619307
Andhra Pradesh,2015,Rabi       ,Wheat,701.219512195122
Puducherry,2015,Kharif     ,Bajra,2500.0
Puducherry,2015,Summer     ,Bajra,2000.0
Puducherry,2015,Kharif     ,Groundnut,2200.0
Puducherry,2015,Rabi       ,Groundnut,3000.0
Puducherry,2015,Summer     ,Groundnut,3000.0
Puducherry,2015,Rabi       ,Moong(Green Gram),1111.111111111111
Puducherry,2015,Summer     ,Moong(Green Gram),317.61308950914344
Puducherry,2015,Kharif     ,Ragi,2382.3529411764707
Puducherry,2015,Kharif     ,Rice,3209.3266963583965
Puducherry,2015,Rabi       ,Rice,2302.99823633157
Puducherry,2015,Summer     ,Rice,3057.345851306775
Puducherry,2015,Kharif     ,Sesamum,666.6666666666666
Puducherry,2015,Rabi       ,Sesamum,800.0
Puducherry,2015,Summer     ,Sesamum,830.0
Puducherry,2015,Kharif     ,Urad,527.7777777777778
Puducherry,2015,Rabi       ,Urad,1189.3203883495146
Puducherry,2015,Summer     ,Urad,395.4703832752613
Assam,2015,Kharif     ,Arhar/Tur,879.6732642161483
Assam,2015,Rabi       ,Gram,704.0583675330597
Assam,2015,Kharif     ,Maize,3067.3821252638986
Assam,2015,Rabi       ,Moong(Green Gram),676.977218003334
Assam,2015,Whole Year ,Potato,6685.180903941741
Assam,2015,Rabi       ,Rapeseed &Mustard,698.3446339747337
Assam,2015,Autumn     ,Rice,1341.8686821170593
Assam,2015,Summer     ,Rice,2818.2388353062606
Assam,2015,Winter     ,Rice,1973.3533896371175
Assam,2015,Kharif     ,Sesamum,679.6091758708582
Assam,2015,Whole Year ,Sugarcane,35245.38357094365
Assam,2015,Rabi       ,Urad,658.039124449873
Assam,2015,Rabi       ,Wheat,1167.5327771156137
Meghalaya,2015,Kharif     ,Arhar/Tur,1294.8829141370338
Meghalaya,2015,Rabi       ,Gram,1059.2105263157894
Meghalaya,2015,Kharif     ,Maize,2284.116083296411
Meghalaya,2015,Summer     ,Potato,11226.676268202913
Meghalaya,2015,Winter     ,Potato,7175.490681180933
Meghalaya,2015,Rabi       ,Rapeseed &Mustard,967.3002248109544
Meghalaya,2015,Autumn     ,Rice,2337.427571221632
Meghalaya,2015,Rabi       ,Rice,4608.469484943952
Meghalaya,2015,Winter     ,Rice,2524.2971572168994
Meghalaya,2015,Rabi       ,Sesamum,968.218442256043
Meghalaya,2015,Whole Year ,Sugarcane,3042.735042735043
Meghalaya,2015,Rabi       ,Wheat,1953.125
Goa,2015,Kharif     ,Groundnut,2038.781163434903
Goa,2015,Rabi       ,Groundnut,2145.7384515289523
Goa,2015,Kharif     ,Rice,2830.4724125495854
Goa,2015,Rabi       ,Rice,2686.8664609960333
Goa,2015,Whole Year ,Sugarcane,50989.464442493416
Karnataka,2015,Kharif     ,Arhar/Tur,367.57363612300225
Karnataka,2015,Kharif     ,Bajra,656.9696152242686
Karnataka,2015,Summer     ,Bajra,1109.4234345939244
Karnataka,2015,Rabi       ,Gram,388.92561483099144
Karnataka,2015,Kharif     ,Groundnut,674.0142239383761
Karnataka,2015,Rabi       ,Groundnut,1878.7712561711464
Karnataka,2015,Summer     ,Groundnut,712.2590622525146
Karnataka,2015,Kharif     ,Jowar,1139.9587542248278
Karnataka,2015,Rabi       ,Jowar,671.385799140415
Karnataka,2015,Summer     ,Jowar,1976.7352432224573
Karnataka,2015,Kharif     ,Maize,2732.41344940898
Karnataka,2015,Rabi       ,Maize,2485.040885040885
Karnataka,2015,Summer     ,Maize,2807.061485012523
Karnataka,2015,Kharif     ,Moong(Green Gram),120.35169017434741
Karnataka,2015,Rabi       ,Moong(Green Gram),302.49396621078034
Karnataka,2015,Summer     ,Moong(Green Gram),316.09390949302485
Karnataka,2015,Kharif     ,Potato,4014.47855088041
Karnataka,2015,Rabi       ,Potato,15056.891690164206
Karnataka,2015,Summer     ,Potato,16200.431034482759
Karnataka,2015,Kharif     ,Ragi,1683.7239848721606
Karnataka,2015,Rabi       ,Ragi,1689.565816678153
Karnataka,2015,Summer     ,Ragi,1709.6271090316177
Karnataka,2015,Kharif     ,Rapeseed &Mustard,218.06853582554518
Karnataka,2015,Kharif     ,Rice,2703.843890256447
Karnataka,2015,Rabi       ,Rice,2435.132462750179
Karnataka,2015,Summer     ,Rice,2965.201376903125
Karnataka,2015,Kharif     ,Sesamum,483.09656003635575
Karnataka,2015,Whole Year ,Sugarcane,80772.37502947156
Karnataka,2015,Kharif     ,Urad,250.99107425152613
Karnataka,2015,Rabi       ,Urad,388.5496183206107
Karnataka,2015,Summer     ,Urad,506.0086934287906
Karnataka,2015,Rabi       ,Wheat,741.9243511871894
Kerala,2015,Whole Year ,Arhar/Tur,1289.308176100629
Kerala,2015,Whole Year ,Groundnut,1378.619153674833
Kerala,2015,Whole Year ,Jowar,741.5730337078652
Kerala,2015,Whole Year ,Maize,1254.2372881355932
Kerala,2015,Whole Year ,Potato,13403.25865580448
Kerala,2015,Whole Year ,Ragi,1187.5
Kerala,2015,Autumn     ,Rice,2663.0143334767786
Kerala,2015,Summer     ,Rice,3057.1259559724513
Kerala,2015,Winter     ,Rice,2734.2961017976168
Kerala,2015,Whole Year ,Sesamum,245.98930481283423
Kerala,2015,Whole Year ,Wheat,1500.0
Tamil Nadu,2015,Kharif     ,Bajra,2693.344613649182
Tamil Nadu,2015,Rabi       ,Bajra,2404.620339402948
Tamil Nadu,2015,Rabi       ,Gram,651.3535684987695
Tamil Nadu,2015,Kharif     ,Groundnut,2174.9842922538373
Tamil Nadu,2015,Rabi       ,Groundnut,3293.0503833073485
Tamil Nadu,2015,Kharif     ,Jowar,1046.7188284654387
Tamil Nadu,2015,Rabi       ,Jowar,1596.2149207978023
Tamil Nadu,2015,Kharif     ,Maize,7351.48946716233
Tamil Nadu,2015,Rabi       ,Maize,6843.256323623414
Tamil Nadu,2015,Kharif     ,Moong(Green Gram),792.8053379750507
Tamil Nadu,2015,Rabi       ,Moong(Green Gram),523.1538566926977
Tamil Nadu,2015,Kharif     ,Potato,20339.72179289026
Tamil Nadu,2015,Rabi       ,Potato,22562.091503267973
Tamil Nadu,2015,Kharif     ,Ragi,2977.8206082906245
Tamil Nadu,2015,Rabi       ,Ragi,3633.285269082283
Tamil Nadu,2015,Rabi       ,Rapeseed &Mustard,236.46723646723646
Tamil Nadu,2015,Kharif     ,Rice,3686.9496833335666
Tamil Nadu,2015,Kharif     ,Sesamum,668.0864829891626
Tamil Nadu,2015,Rabi       ,Sesamum,618.0560611576265
Tamil Nadu,2015,Kharif     ,Urad,691.8928058162144
Tamil Nadu,2015,Rabi       ,Urad,700.6555747661744
Andhra Pradesh,2016,Kharif     ,Arhar/Tur,376.68825809386874
Andhra Pradesh,2016,Rabi       ,Arhar/Tur,582.4561403508771
Andhra Pradesh,2016,Kharif     ,Bajra,1743.9244621020587
Andhra Pradesh,2016,Rabi       ,Bajra,1394.0460947503202
Andhra Pradesh,2016,Kharif     ,Gram,400.0
Andhra Pradesh,2016,Rabi       ,Gram,959.585275622477
Andhra Pradesh,2016,Kharif     ,Groundnut,418.6864373634451
Andhra Pradesh,2016,Rabi       ,Groundnut,2664.107268523173
Andhra Pradesh,2016,Kharif     ,Jowar,1435.834502103787
Andhra Pradesh,2016,Rabi       ,Jowar,2139.212643885541
Andhra Pradesh,2016,Kharif     ,Maize,4149.238020607946
Andhra Pradesh,2016,Rabi       ,Maize,7878.096590564274
Andhra Pradesh,2016,Kharif     ,Moong(Green Gram),518.4244751347
Andhra Pradesh,2016,Rabi       ,Moong(Green Gram),485.45563208480706
Andhra Pradesh,2016,Kharif     ,Potato,9015.18026565465
Andhra Pradesh,2016,Rabi       ,Potato,9170.962199312715
Andhra Pradesh,2016,Kharif     ,Ragi,953.1209338637124
Andhra Pradesh,2016,Rabi       ,Ragi,1724.1713510370228
Andhra Pradesh,2016,Kharif     ,Rapeseed &Mustard,500.0
Andhra Pradesh,2016,Rabi       ,Rapeseed &Mustard,412.2529644268775
Andhra Pradesh,2016,Kharif     ,Rice,3443.9965360581605
Andhra Pradesh,2016,Rabi       ,Rice,4729.795016084036
Andhra Pradesh,2016,Kharif     ,Sesamum,227.82426778242677
Andhra Pradesh,2016,Rabi       ,Sesamum,290.0225105932203
Andhra Pradesh,2016,Whole Year ,Sugarcane,76220.16508974809
Andhra Pradesh,2016,Kharif     ,Urad,818.692278037579
Andhra Pradesh,2016,Rabi       ,Urad,637.0233789028308
Andhra Pradesh,2016,Rabi       ,Wheat,2303.030303030303
Puducherry,2016,Kharif     ,Bajra,1333.3333333333333
Puducherry,2016,Summer     ,Bajra,1250.0
Puducherry,2016,Kharif     ,Groundnut,3000.0
Puducherry,2016,Rabi       ,Groundnut,3000.0
Puducherry,2016,Summer     ,Groundnut,2800.0
Puducherry,2016,Kharif     ,Jowar,2000.0
Puducherry,2016,Summer     ,Jowar,1000.0
Puducherry,2016,Rabi       ,Moong(Green Gram),625.0
Puducherry,2016,Summer     ,Moong(Green Gram),121.33333333333333
Puducherry,2016,Kharif     ,Ragi,1550.0
Puducherry,2016,Rabi       ,Ragi,1666.6666666666667
Puducherry,2016,Summer     ,Ragi,1238.095238095238
Puducherry,2016,Kharif     ,Rice,3561.061467641484
Puducherry,2016,Rabi       ,Rice,2737.0423204945314
Puducherry,2016,Summer     ,Rice,3899.756097560976
Puducherry,2016,Kharif     ,Sesamum,1333.3333333333333
Puducherry,2016,Rabi       ,Sesamum,1000.0
Puducherry,2016,Summer     ,Sesamum,972.2222222222222
Puducherry,2016,Kharif     ,Urad,1400.0
Puducherry,2016,Rabi       ,Urad,949.2537313432836
Puducherry,2016,Summer     ,Urad,263.681592039801
Assam,2016,Kharif     ,Arhar/Tur,858.2415661597623
Assam,2016,Rabi       ,Gram,651.2968299711815
Assam,2016,Kharif     ,Maize,2911.275651868637
Assam,2016,Rabi       ,Moong(Green Gram),693.3047370384185
Assam,2016,Whole Year ,Potato,7307.881657694223
Assam,2016,Rabi       ,Rapeseed &Mustard,643.6102551544463
Assam,2016,Autumn     ,Rice,1358.0133774487633
Assam,2016,Summer     ,Rice,2773.2988346907373
Assam,2016,Winter     ,Rice,1992.2986208063628
Assam,2016,Kharif     ,Sesamum,706.5858177530739
Assam,2016,Whole Year ,Sugarcane,38465.63426058694
Assam,2016,Rabi       ,Urad,677.324973876698
Assam,2016,Rabi       ,Wheat,1344.201237680495
Meghalaya,2016,Kharif     ,Arhar/Tur,1293.2651321398125
Meghalaya,2016,Rabi       ,Gram,1063.7837837837837
Meghalaya,2016,Kharif     ,Maize,2291.6482789055603
Meghalaya,2016,Summer     ,Potato,11379.560299506133
Meghalaya,2016,Winter     ,Potato,6943.068916574673
Meghalaya,2016,Rabi       ,Rapeseed &Mustard,933.5160373528217
Meghalaya,2016,Autumn     ,Rice,2346.935742733163
Meghalaya,2016,Rabi       ,Rice,4635.918068763716
Meghalaya,2016,Winter     ,Rice,2539.5383796310794
Meghalaya,2016,Rabi       ,Sesamum,928.0575539568346
Meghalaya,2016,Whole Year ,Sugarcane,2983.471074380165
Meghalaya,2016,Rabi       ,Wheat,1925.438596491228
Goa,2016,Kharif     ,Groundnut,2556.5476190476193
Goa,2016,Rabi       ,Groundnut,2301.775147928994
Goa,2016,Kharif     ,Rice,2790.770901194354
Goa,2016,Rabi       ,Rice,2737.6639126809673
Goa,2016,Whole Year ,Sugarcane,44840.57971014493
Karnataka,2016,Kharif     ,Arhar/Tur,998.7238803265021
Karnataka,2016,Kharif     ,Bajra,1054.7666498853741
Karnataka,2016,Summer     ,Bajra,1083.3333333333333
Karnataka,2016,Rabi       ,Gram,590.8376639692422
Karnataka,2016,Kharif     ,Groundnut,498.6389298283763
Karnataka,2016,Rabi       ,Groundnut,2261.1060743427015
Karnataka,2016,Summer     ,Groundnut,987.0332826490961
Karnataka,2016,Kharif     ,Jowar,1163.4046550275923
Karnataka,2016,Rabi       ,Jowar,854.9201624075432
Karnataka,2016,Summer     ,Jowar,1369.6264975334743
Karnataka,2016,Kharif     ,Maize,2367.246113503363
Karnataka,2016,Rabi       ,Maize,3006.587992667278
Karnataka,2016,Summer     ,Maize,3100.7297110738587
Karnataka,2016,Kharif     ,Moong(Green Gram),278.0004908778532
Karnataka,2016,Rabi       ,Moong(Green Gram),89.41651932306138
Karnataka,2016,Summer     ,Moong(Green Gram),277.28613569321533
Karnataka,2016,Kharif     ,Potato,9824.976205981066
Karnataka,2016,Rabi       ,Potato,13831.000168662506
Karnataka,2016,Summer     ,Potato,15557.377049180328
Karnataka,2016,Kharif     ,Ragi,803.8525823456031
Karnataka,2016,Rabi       ,Ragi,1035.4196133899104
Karnataka,2016,Summer     ,Ragi,1808.7396054133376
Karnataka,2016,Kharif     ,Rapeseed &Mustard,183.68685764268534
Karnataka,2016,Kharif     ,Rice,2772.4890528383003
Karnataka,2016,Rabi       ,Rice,2655.1964037247135
Karnataka,2016,Summer     ,Rice,2882.7202297106946
Karnataka,2016,Kharif     ,Sesamum,635.9907715970264
Karnataka,2016,Whole Year ,Sugarcane,68946.1770142383
Karnataka,2016,Kharif     ,Urad,488.3777122698497
Karnataka,2016,Rabi       ,Urad,483.7251356238698
Karnataka,2016,Summer     ,Urad,543.2822362488729
Karnataka,2016,Rabi       ,Wheat,1018.9429512250211
Kerala,2016,Whole Year ,Arhar/Tur,1579.5454545454545
Kerala,2016,Whole Year ,Groundnut,1410.6145251396647
Kerala,2016,Whole Year ,Jowar,785.7142857142857
Kerala,2016,Whole Year ,Maize,1046.1538461538462
Kerala,2016,Whole Year ,Potato,15868.705035971223
Kerala,2016,Whole Year ,Ragi,1272.7272727272727
Kerala,2016,Autumn     ,Rice,2953.6757301107755
Kerala,2016,Summer     ,Rice,3006.416886047386
Kerala,2016,Winter     ,Rice,1956.9706448175161
Kerala,2016,Whole Year ,Sesamum,330.16967363567176
Kerala,2016,Whole Year ,Wheat,1000.0
Tamil Nadu,2016,Kharif     ,Arhar/Tur,655.1096181046676
Tamil Nadu,2016,Kharif     ,Bajra,2952.7783948462443
Tamil Nadu,2016,Rabi       ,Bajra,506.82744191168376
Tamil Nadu,2016,Rabi       ,Gram,649.1295198010331
Tamil Nadu,2016,Kharif     ,Groundnut,1567.3509005284538
Tamil Nadu,2016,Rabi       ,Groundnut,3231.904203078536
Tamil Nadu,2016,Kharif     ,Jowar,829.7870682737182
Tamil Nadu,2016,Rabi       ,Jowar,338.13196229648673
Tamil Nadu,2016,Kharif     ,Maize,4553.640684860237
Tamil Nadu,2016,Rabi       ,Maize,1255.4734518733806
Tamil Nadu,2016,Kharif     ,Moong(Green Gram),808.111022225314
Tamil Nadu,2016,Rabi       ,Moong(Green Gram),239.41321790078922
Tamil Nadu,2016,Kharif     ,Potato,24256.731371321228
Tamil Nadu,2016,Rabi       ,Potato,19052.026618269814
Tamil Nadu,2016,Kharif     ,Ragi,1645.358851674641
Tamil Nadu,2016,Rabi       ,Ragi,3123.2440737489023
Tamil Nadu,2016,Rabi       ,Rapeseed &Mustard,231.15577889447235
Tamil Nadu,2016,Kharif     ,Rice,2463.274193067705
Tamil Nadu,2016,Kharif     ,Sesamum,394.4114037571982
Tamil Nadu,2016,Rabi       ,Sesamum,377.53713572967456
Tamil Nadu,2016,Whole Year ,Sugarcane,86994.32333617395
Tamil Nadu,2016,Kharif     ,Urad,773.0598654112512
Tamil Nadu,2016,Rabi       ,Urad,361.02001914559304
Andhra Pradesh,2017,Kharif     ,Arhar/Tur,423.77990100484084
Andhra Pradesh,2017,Rabi       ,Arhar/Tur,818.2256509161042
Andhra Pradesh,2017,Kharif     ,Bajra,1911.9607074503656
Andhra Pradesh,2017,Rabi       ,Bajra,2054.509018036072
Andhra Pradesh,2017,Rabi       ,Gram,1132.103462854068
Andhra Pradesh,2017,Kharif     ,Groundnut,1291.1178676708903
Andhra Pradesh,2017,Rabi       ,Groundnut,2435.324933074864
Andhra Pradesh,2017,Kharif     ,Jowar,1017.8252518785591
Andhra Pradesh,2017,Rabi       ,Jowar,2750.09091570296
Andhra Pradesh,2017,Kharif     ,Maize,4677.663223833849
Andhra Pradesh,2017,Rabi       ,Maize,7956.342905994836
Andhra Pradesh,2017,Kharif     ,Moong(Green Gram),594.458018658374
Andhra Pradesh,2017,Rabi       ,Moong(Green Gram),671.1592518403113
Andhra Pradesh,2017,Kharif     ,Potato,10411.378555798687
Andhra Pradesh,2017,Rabi       ,Potato,10977.867203219315
Andhra Pradesh,2017,Kharif     ,Ragi,1130.930930930931
Andhra Pradesh,2017,Rabi       ,Ragi,1774.775928297055
Andhra Pradesh,2017,Rabi       ,Rapeseed &Mustard,457.6666666666667
Andhra Pradesh,2017,Kharif     ,Rice,3346.08931511895
Andhra Pradesh,2017,Rabi       ,Rice,4747.886700716889
Andhra Pradesh,2017,Kharif     ,Sesamum,219.95987218547967
Andhra Pradesh,2017,Rabi       ,Sesamum,301.62474791674595
Andhra Pradesh,2017,Whole Year ,Sugarcane,78682.76852151407
Andhra Pradesh,2017,Kharif     ,Urad,822.634176164898
Andhra Pradesh,2017,Rabi       ,Urad,932.7751075698994
Andhra Pradesh,2017,Kharif     ,Wheat,727.2727272727273
Andhra Pradesh,2017,Rabi       ,Wheat,710.5263157894736
Puducherry,2017,Kharif     ,Bajra,2777.777777777778
Puducherry,2017,Rabi       ,Bajra,3000.0
Puducherry,2017,Summer     ,Bajra,2666.6666666666665
Puducherry,2017,Kharif     ,Groundnut,3000.0
Puducherry,2017,Rabi       ,Groundnut,3000.0
Puducherry,2017,Summer     ,Groundnut,3000.0
Puducherry,2017,Kharif     ,Jowar,3000.0
Puducherry,2017,Summer     ,Jowar,3000.0
Puducherry,2017,Rabi       ,Moong(Green Gram),1000.0
Puducherry,2017,Summer     ,Moong(Green Gram),237.42138364779873
Puducherry,2017,Kharif     ,Ragi,3000.0
Puducherry,2017,Rabi       ,Ragi,3000.0
Puducherry,2017,Summer     ,Ragi,2782.608695652174
Puducherry,2017,Kharif     ,Rice,3533.1791907514453
Puducherry,2017,Rabi       ,Rice,2878.9575951537317
Puducherry,2017,Summer     ,Rice,3611.356760530603
Puducherry,2017,Kharif     ,Sesamum,1500.0
Puducherry,2017,Rabi       ,Sesamum,1000.0
Puducherry,2017,Summer     ,Sesamum,1090.909090909091
Puducherry,2017,Kharif     ,Urad,900.0
Puducherry,2017,Rabi       ,Urad,996.1389961389962
Puducherry,2017,Summer     ,Urad,389.70588235294116
Assam,2017,Kharif     ,Arhar/Tur,832.9470493849171
Assam,2017,Rabi       ,Gram,687.1975362956446
Assam,2017,Kharif     ,Maize,3132.289057297777
Assam,2017,Rabi       ,Moong(Green Gram),705.170902716915
Assam,2017,Whole Year ,Potato,7008.671306917603
Assam,2017,Rabi       ,Rapeseed &Mustard,639.2476359439861
Assam,2017,Autumn     ,Rice,1354.9132424228696
Assam,2017,Summer     ,Rice,2975.1200043955823
Assam,2017,Winter     ,Rice,2066.81080137407
Assam,2017,Kharif     ,Sesamum,683.1504830522351
Assam,2017,Whole Year ,Sugarcane,37402.205569553975
Assam,2017,Rabi       ,Urad,648.0149690855841
Assam,2017,Rabi       ,Wheat,1386.3713032722367
Meghalaya,2017,Kharif     ,Arhar/Tur,1294.5670628183361
Meghalaya,2017,Rabi       ,Gram,1066.2002152852529
Meghalaya,2017,Kharif     ,Maize,2293.080652269722
Meghalaya,2017,Summer     ,Potato,11380.125806194761
Meghalaya,2017,Winter     ,Potato,6944.287063267233
Meghalaya,2017,Rabi       ,Rapeseed &Mustard,934.8464890059784
Meghalaya,2017,Autumn     ,Rice,2348.413998510797
Meghalaya,2017,Rabi       ,Rice,4635.533143316524
Meghalaya,2017,Winter     ,Rice,2540.1437002019316
Meghalaya,2017,Rabi       ,Sesamum,930.4677623261693
Meghalaya,2017,Whole Year ,Sugarcane,2983.471074380165
Meghalaya,2017,Rabi       ,Wheat,1928.2608695652175
Goa,2017,Kharif     ,Groundnut,2325.0
Goa,2017,Rabi       ,Groundnut,2242.6412092283213
Goa,2017,Kharif     ,Rice,2618.7222160990486
Goa,2017,Rabi       ,Rice,2806.654278382444
Goa,2017,Whole Year ,Sugarcane,51824.17582417582
Karnataka,2017,Kharif     ,Arhar/Tur,948.7520242102896
Karnataka,2017,Kharif     ,Bajra,1598.752589569281
Karnataka,2017,Summer     ,Bajra,1029.451656655687
Karnataka,2017,Rabi       ,Gram,771.3188434777867
Karnataka,2017,Kharif     ,Groundnut,1101.8938752903891
Karnataka,2017,Rabi       ,Groundnut,2248.1514344868383
Karnataka,2017,Summer     ,Groundnut,1160.5414168746647
Karnataka,2017,Kharif     ,Jowar,1654.8640025955767
Karnataka,2017,Rabi       ,Jowar,1113.8939463018485
Karnataka,2017,Summer     ,Jowar,2075.416258570029
Karnataka,2017,Kharif     ,Maize,4352.498956338616
Karnataka,2017,Rabi       ,Maize,3713.5768201605497
Karnataka,2017,Summer     ,Maize,3753.2103069988943
Karnataka,2017,Kharif     ,Moong(Green Gram),325.2304000408465
Karnataka,2017,Rabi       ,Moong(Green Gram),166.66666666666666
Karnataka,2017,Summer     ,Moong(Green Gram),275.9084791386272
Karnataka,2017,Kharif     ,Potato,9640.768336276325
Karnataka,2017,Rabi       ,Potato,18710.815188051107
Karnataka,2017,Summer     ,Potato,13788.856304985336
Karnataka,2017,Kharif     ,Ragi,2043.3839717883245
Karnataka,2017,Rabi       ,Ragi,1600.9552859946562
Karnataka,2017,Summer     ,Ragi,1738.0410022779042
Karnataka,2017,Kharif     ,Rapeseed &Mustard,166.66666666666666
Karnataka,2017,Kharif     ,Rice,2878.596211495674
Karnataka,2017,Rabi       ,Rice,2667.8200692041523
Karnataka,2017,Summer     ,Rice,3126.42384223828
Karnataka,2017,Kharif     ,Sesamum,877.3447152645176
Karnataka,2017,Whole Year ,Sugarcane,93652.3775
Karnataka,2017,Kharif     ,Urad,484.43695854135666
Karnataka,2017,Rabi       ,Urad,446.05221767851526
Karnataka,2017,Summer     ,Urad,527.2177419354839
Karnataka,2017,Rabi       ,Wheat,1133.1812680383578
Kerala,2017,Whole Year ,Arhar/Tur,1560.3864734299516
Kerala,2017,Whole Year ,Groundnut,1394.1605839416059
Kerala,2017,Whole Year ,Jowar,798.8505747126437
Kerala,2017,Whole Year ,Maize,2264.364562694594
Kerala,2017,Whole Year ,Potato,14153.100775193798
Kerala,2017,Whole Year ,Ragi,1271.6763005780347
Kerala,2017,Autumn     ,Rice,2555.218092590686
Kerala,2017,Summer     ,Rice,3088.2216811220896
Kerala,2017,Winter     ,Rice,2699.056894532454
Kerala,2017,Whole Year ,Sesamum,376.40524625267665
Kerala,2017,Whole Year ,Wheat,1000.0
Tamil Nadu,2017,Kharif     ,Arhar/Tur,1092.6561706449975
Tamil Nadu,2017,Kharif     ,Bajra,2355.848613887199
Tamil Nadu,2017,Rabi       ,Bajra,2065.3490971119345
Tamil Nadu,2017,Rabi       ,Gram,926.0326609029779
Tamil Nadu,2017,Kharif     ,Groundnut,2459.8024864222675
Tamil Nadu,2017,Rabi       ,Groundnut,3916.712293239583
Tamil Nadu,2017,Kharif     ,Jowar,1139.261904860556
Tamil Nadu,2017,Rabi       ,Jowar,1079.0325375099621
Tamil Nadu,2017,Kharif     ,Maize,9218.724991726585
Tamil Nadu,2017,Rabi       ,Maize,6692.179910688908
Tamil Nadu,2017,Kharif     ,Moong(Green Gram),608.7547118551975
Tamil Nadu,2017,Rabi       ,Moong(Green Gram),399.1861849940453
Tamil Nadu,2017,Kharif     ,Potato,17310.008481764205
Tamil Nadu,2017,Rabi       ,Potato,22629.08496732026
Tamil Nadu,2017,Kharif     ,Ragi,3424.3502797684896
Tamil Nadu,2017,Rabi       ,Ragi,4463.338856669428
Tamil Nadu,2017,Rabi       ,Rapeseed &Mustard,229.45205479452054
Tamil Nadu,2017,Autumn     ,Rice,3853.7586873817772
Tamil Nadu,2017,Summer     ,Rice,4468.603405339665
Tamil Nadu,2017,Winter     ,Rice,3413.9180681040098
Tamil Nadu,2017,Kharif     ,Sesamum,426.6777133388567
Tamil Nadu,2017,Rabi       ,Sesamum,614.3437555202261
Tamil Nadu,2017,Whole Year ,Sugarcane,99825.45270458989
Tamil Nadu,2017,Kharif     ,Urad,911.0609017151073
Tamil Nadu,2017,Rabi       ,Urad,675.1026066157484
Andhra Pradesh,2018,Kharif     ,Arhar/Tur,179.96540144499846
Andhra Pradesh,2018,Rabi       ,Arhar/Tur,329.8365454989022
Andhra Pradesh,2018,Kharif     ,Bajra,1013.3766481941525
Andhra Pradesh,2018,Rabi       ,Bajra,1341.793570219966
Andhra Pradesh,2018,Kharif     ,Gram,161.29032258064515
Andhra Pradesh,2018,Rabi       ,Gram,507.7754362761614
Andhra Pradesh,2018,Kharif     ,Groundnut,484.48712705871736
Andhra Pradesh,2018,Rabi       ,Groundnut,2121.7807453211853
Andhra Pradesh,2018,Kharif     ,Jowar,129.48259891491332
Andhra Pradesh,2018,Rabi       ,Jowar,1617.5213827132407
Andhra Pradesh,2018,Kharif     ,Maize,4133.75491041487
Andhra Pradesh,2018,Rabi       ,Maize,6992.264585766096
Andhra Pradesh,2018,Kharif     ,Moong(Green Gram),293.55488418932526
Andhra Pradesh,2018,Rabi       ,Moong(Green Gram),771.2575547385067
Andhra Pradesh,2018,Kharif     ,Potato,6156.378600823045
Andhra Pradesh,2018,Rabi       ,Potato,6212.371134020618
Andhra Pradesh,2018,Kharif     ,Ragi,1228.1498770474723
Andhra Pradesh,2018,Rabi       ,Ragi,1699.963185666953
Andhra Pradesh,2018,Rabi       ,Rapeseed &Mustard,344.4816053511706
Andhra Pradesh,2018,Kharif     ,Rice,3352.7038718270564
Andhra Pradesh,2018,Rabi       ,Rice,4641.853023740839
Andhra Pradesh,2018,Kharif     ,Sesamum,270.4542715989878
Andhra Pradesh,2018,Rabi       ,Sesamum,267.59658031754196
Andhra Pradesh,2018,Kharif     ,Sugarcane,79359.02487072149
Andhra Pradesh,2018,Kharif     ,Urad,810.1860132355572
Andhra Pradesh,2018,Rabi       ,Urad,989.0445153238109
Andhra Pradesh,2018,Rabi       ,Wheat,186.27450980392157
Puducherry,2018,Kharif     ,Bajra,2428.5714285714284
Puducherry,2018,Rabi       ,Bajra,3000.0
Puducherry,2018,Summer     ,Bajra,2666.6666666666665
Puducherry,2018,Kharif     ,Groundnut,3000.0
Puducherry,2018,Rabi       ,Groundnut,3199.2619926199263
Puducherry,2018,Summer     ,Groundnut,3230.769230769231
Puducherry,2018,Kharif     ,Jowar,2500.0
Puducherry,2018,Summer     ,Jowar,3000.0
Puducherry,2018,Rabi       ,Moong(Green Gram),800.0
Puducherry,2018,Summer     ,Moong(Green Gram),415.1515151515151
Puducherry,2018,Kharif     ,Ragi,2307.6923076923076
Puducherry,2018,Rabi       ,Ragi,3000.0
Puducherry,2018,Summer     ,Ragi,2500.0
Puducherry,2018,Kharif     ,Rice,3741.7403443462076
Puducherry,2018,Rabi       ,Rice,3385.8311229000883
Puducherry,2018,Summer     ,Rice,3682.392026578073
Puducherry,2018,Kharif     ,Sesamum,1000.0
Puducherry,2018,Rabi       ,Sesamum,800.0
Puducherry,2018,Summer     ,Sesamum,858.3333333333334
Puducherry,2018,Kharif     ,Urad,833.3333333333334
Puducherry,2018,Rabi       ,Urad,1000.0
Puducherry,2018,Summer     ,Urad,449.70414201183434
Assam,2018,Kharif     ,Arhar/Tur,833.8738738738739
Assam,2018,Rabi       ,Gram,701.8716577540107
Assam,2018,Kharif     ,Maize,3254.494173072155
Assam,2018,Rabi       ,Moong(Green Gram),693.1521641320976
Assam,2018,Whole Year ,Potato,7494.607819388595
Assam,2018,Rabi       ,Rapeseed &Mustard,642.7786488226894
Assam,2018,Autumn     ,Rice,1444.5518975450036
Assam,2018,Summer     ,Rice,2857.5434115043918
Assam,2018,Winter     ,Rice,2172.2018005479003
Assam,2018,Kharif     ,Sesamum,697.2377534841024
Assam,2018,Whole Year ,Sugarcane,35062.98278790987
Assam,2018,Rabi       ,Urad,665.0686533257609
Assam,2018,Rabi       ,Wheat,1398.2295662437298
Meghalaya,2018,Kharif     ,Arhar/Tur,1295.0126796280642
Meghalaya,2018,Rabi       ,Gram,1068.0965147453082
Meghalaya,2018,Kharif     ,Maize,2294.059351428729
Meghalaya,2018,Summer     ,Potato,11379.664253321664
Meghalaya,2018,Winter     ,Potato,6945.754716981132
Meghalaya,2018,Rabi       ,Rapeseed &Mustard,935.5197894523737
Meghalaya,2018,Autumn     ,Rice,2335.164507075894
Meghalaya,2018,Rabi       ,Rice,4627.862595419847
Meghalaya,2018,Winter     ,Rice,2534.020747798289
Meghalaya,2018,Rabi       ,Sesamum,932.7448507776377
Meghalaya,2018,Whole Year ,Sugarcane,2992.0
Meghalaya,2018,Rabi       ,Wheat,1930.7359307359307
Goa,2018,Kharif     ,Groundnut,2371.4285714285716
Goa,2018,Rabi       ,Groundnut,2322.429906542056
Goa,2018,Kharif     ,Rice,2719.399404047831
Goa,2018,Rabi       ,Rice,2710.9930759745803
Goa,2018,Whole Year ,Sugarcane,39747.747747747744
Karnataka,2018,Kharif     ,Arhar/Tur,606.1069533792962
Karnataka,2018,Kharif     ,Bajra,908.548779855966
Karnataka,2018,Summer     ,Bajra,1088.1523272214386
Karnataka,2018,Rabi       ,Gram,483.81758030209204
Karnataka,2018,Kharif     ,Groundnut,683.7420960665753
Karnataka,2018,Rabi       ,Groundnut,2086.0448300795374
Karnataka,2018,Summer     ,Groundnut,846.1133632031862
Karnataka,2018,Kharif     ,Jowar,1373.5444928764227
Karnataka,2018,Rabi       ,Jowar,879.1049607140985
Karnataka,2018,Summer     ,Jowar,1615.3846153846155
Karnataka,2018,Kharif     ,Maize,2629.3139698977893
Karnataka,2018,Rabi       ,Maize,3391.217500907945
Karnataka,2018,Summer     ,Maize,3445.644972223638
Karnataka,2018,Kharif     ,Moong(Green Gram),323.6021929975163
Karnataka,2018,Rabi       ,Moong(Green Gram),224.48287555103425
Karnataka,2018,Summer     ,Moong(Green Gram),268.2926829268293
Karnataka,2018,Kharif     ,Potato,7918.538274377691
Karnataka,2018,Rabi       ,Potato,15154.427645788337
Karnataka,2018,Summer     ,Potato,16160.975609756097
Karnataka,2018,Kharif     ,Ragi,1201.4896378089813
Karnataka,2018,Rabi       ,Ragi,1388.4575141802964
Karnataka,2018,Summer     ,Ragi,1793.0308699719365
Karnataka,2018,Kharif     ,Rapeseed &Mustard,197.98234552332914
Karnataka,2018,Kharif     ,Rice,2843.6535224141358
Karnataka,2018,Rabi       ,Rice,2476.3153294878516
Karnataka,2018,Summer     ,Rice,3207.632141887372
Karnataka,2018,Kharif     ,Sesamum,631.2560542460445
Karnataka,2018,Whole Year ,Sugarcane,85340.7543776163
Karnataka,2018,Kharif     ,Urad,482.1609044115919
Karnataka,2018,Rabi       ,Urad,532.4721923214927
Karnataka,2018,Summer     ,Urad,513.8067061143984
Karnataka,2018,Rabi       ,Wheat,1035.4737343278844
Kerala,2018,Whole Year ,Arhar/Tur,1646.6165413533834
Kerala,2018,Whole Year ,Gram,790.3193121616536
Kerala,2018,Whole Year ,Groundnut,1276.0277629471436
Kerala,2018,Whole Year ,Jowar,819.5121951219512
Kerala,2018,Whole Year ,Maize,1389.8740486551771
Kerala,2018,Whole Year ,Potato,13747.43900167629
Kerala,2018,Whole Year ,Ragi,1210.5028927458834
Kerala,2018,Autumn     ,Rice,1678.9457440126116
Kerala,2018,Summer     ,Rice,4027.648947118073
Kerala,2018,Winter     ,Rice,3160.3241941415818
Kerala,2018,Whole Year ,Sesamum,415.72114378920554
Kerala,2018,Whole Year ,Wheat,1428.5714285714287
Tamil Nadu,2018,Kharif     ,Arhar/Tur,1247.7223846692928
Tamil Nadu,2018,Kharif     ,Bajra,2844.64302934842
Tamil Nadu,2018,Rabi       ,Bajra,1871.2990553477462
Tamil Nadu,2018,Rabi       ,Gram,926.1664672705521
Tamil Nadu,2018,Kharif     ,Groundnut,2168.578886045293
Tamil Nadu,2018,Rabi       ,Groundnut,3490.5650872243655
Tamil Nadu,2018,Kharif     ,Jowar,1149.1120435597138
Tamil Nadu,2018,Rabi       ,Jowar,1252.9072055409074
Tamil Nadu,2018,Kharif     ,Maize,7597.801638412729
Tamil Nadu,2018,Rabi       ,Maize,6996.5171570617795
Tamil Nadu,2018,Kharif     ,Moong(Green Gram),674.1298142862438
Tamil Nadu,2018,Rabi       ,Moong(Green Gram),409.34554663355215
Tamil Nadu,2018,Kharif     ,Potato,10977.720651242502
Tamil Nadu,2018,Rabi       ,Potato,19824.707846410685
Tamil Nadu,2018,Kharif     ,Ragi,3144.719503838923
Tamil Nadu,2018,Rabi       ,Ragi,3551.5316479055177
Tamil Nadu,2018,Rabi       ,Rapeseed &Mustard,232.78688524590163
Tamil Nadu,2018,Autumn     ,Rice,4285.745958297425
Tamil Nadu,2018,Summer     ,Rice,4187.751156586634
Tamil Nadu,2018,Winter     ,Rice,3271.2818146049603
Tamil Nadu,2018,Kharif     ,Sesamum,475.2035529237602
Tamil Nadu,2018,Rabi       ,Sesamum,567.0070833214804
Tamil Nadu,2018,Kharif     ,Urad,759.8606585009552
Tamil Nadu,2018,Rabi       ,Urad,606.5819375048868
Andhra Pradesh,2019,Kharif     ,Arhar/Tur,481.6008617823915
Andhra Pradesh,2019,Rabi       ,Arhar/Tur,630.8080808080808
Andhra Pradesh,2019,Kharif     ,Bajra,2296.670572153876
Andhra Pradesh,2019,Rabi       ,Bajra,2465.5923344947737
Andhra Pradesh,2019,Rabi       ,Gram,1218.4269231691812
Andhra Pradesh,2019,Kharif     ,Groundnut,1095.1459388069557
Andhra Pradesh,2019,Rabi       ,Groundnut,2438.6062598378826
Andhra Pradesh,2019,Kharif     ,Jowar,1051.350693599416
Andhra Pradesh,2019,Rabi       ,Jowar,2967.701463183059
Andhra Pradesh,2019,Kharif     ,Maize,4717.306022533502
Andhra Pradesh,2019,Rabi       ,Maize,8143.773768893223
Andhra Pradesh,2019,Kharif     ,Moong(Green Gram),382.1779232371318
Andhra Pradesh,2019,Rabi       ,Moong(Green Gram),866.7557598759822
Andhra Pradesh,2019,Kharif     ,Potato,14675.496688741721
Andhra Pradesh,2019,Rabi       ,Potato,15160.952380952382
Andhra Pradesh,2019,Kharif     ,Ragi,1243.6866718628214
Andhra Pradesh,2019,Rabi       ,Ragi,1569.111871278348
Andhra Pradesh,2019,Rabi       ,Rapeseed &Mustard,484.59086078639746
Andhra Pradesh,2019,Kharif     ,Rice,3499.702245442783
Andhra Pradesh,2019,Rabi       ,Rice,4578.417155180416
Andhra Pradesh,2019,Kharif     ,Sesamum,212.36081975149267
Andhra Pradesh,2019,Rabi       ,Sesamum,367.66801054897087
Andhra Pradesh,2019,Kharif     ,Sugarcane,78159.12979711562
Andhra Pradesh,2019,Kharif     ,Urad,935.1791103529721
Andhra Pradesh,2019,Rabi       ,Urad,1094.2107255608153
Andhra Pradesh,2019,Rabi       ,Wheat,297.2972972972973
Puducherry,2019,Kharif     ,Bajra,2571.4285714285716
Puducherry,2019,Rabi       ,Bajra,3000.0
Puducherry,2019,Summer     ,Bajra,2571.4285714285716
Puducherry,2019,Kharif     ,Groundnut,3000.0
Puducherry,2019,Rabi       ,Groundnut,3000.0
Puducherry,2019,Summer     ,Groundnut,3000.0
Puducherry,2019,Rabi       ,Moong(Green Gram),750.0
Puducherry,2019,Summer     ,Moong(Green Gram),248.0127186009539
Puducherry,2019,Kharif     ,Ragi,2406.25
Puducherry,2019,Rabi       ,Ragi,2500.0
Puducherry,2019,Summer     ,Ragi,2391.304347826087
Puducherry,2019,Kharif     ,Rice,3509.3684941013184
Puducherry,2019,Rabi       ,Rice,2991.8058954985636
Puducherry,2019,Summer     ,Rice,3554.6702080566624
Puducherry,2019,Kharif     ,Sesamum,1000.0
Puducherry,2019,Rabi       ,Sesamum,1000.0
Puducherry,2019,Summer     ,Sesamum,748.768472906404
Puducherry,2019,Kharif     ,Urad,1000.0
Puducherry,2019,Rabi       ,Urad,1000.0
Puducherry,2019,Summer     ,Urad,433.0218068535826
Assam,2019,Kharif     ,Arhar/Tur,864.4939965694683
Assam,2019,Rabi       ,Gram,699.9080882352941
Assam,2019,Kharif     ,Maize,3494.813844306147
Assam,2019,Rabi       ,Moong(Green Gram),753.2527452246932
Assam,2019,Whole Year ,Potato,7219.303102625298
Assam,2019,Rabi       ,Rapeseed &Mustard,616.5519208758484
Assam,2019,Autumn     ,Rice,1518.7112393199343
Assam,2019,Summer     ,Rice,2592.981861761032
Assam,2019,Winter     ,Rice,2127.5694704739835
Assam,2019,Kharif     ,Sesamum,709.5701338654694
Assam,2019,Whole Year ,Sugarcane,41009.93165673501
Assam,2019,Rabi       ,Urad,598.2271944922547
Assam,2019,Rabi       ,Wheat,1272.9357798165138
Meghalaya,2019,Kharif     ,Arhar/Tur,1298.4822934232716
Meghalaya,2019,Rabi       ,Gram,1072.23113964687
Meghalaya,2019,Kharif     ,Maize,2297.7880488610103
Meghalaya,2019,Summer     ,Potato,11379.661286475311
Meghalaya,2019,Winter     ,Potato,6947.2196041470315
Meghalaya,2019,Rabi       ,Rapeseed &Mustard,935.5197894523737
Meghalaya,2019,Autumn     ,Rice,2331.959378733572
Meghalaya,2019,Rabi       ,Rice,4628.778984443792
Meghalaya,2019,Winter     ,Rice,2540.672103178951
Meghalaya,2019,Rabi       ,Sesamum,932.8295549958018
Meghalaya,2019,Whole Year ,Sugarcane,3000.0
Meghalaya,2019,Rabi       ,Wheat,1935.344827586207
Goa,2019,Kharif     ,Groundnut,2500.0
Goa,2019,Rabi       ,Groundnut,2535.714285714286
Goa,2019,Kharif     ,Rice,2480.684937118512
Goa,2019,Rabi       ,Rice,2898.7071060561875
Goa,2019,Whole Year ,Sugarcane,66224.41430332922
Karnataka,2019,Kharif     ,Arhar/Tur,692.3257597044742
Karnataka,2019,Kharif     ,Bajra,1084.225479198166
Karnataka,2019,Summer     ,Bajra,1043.470286133529
Karnataka,2019,Rabi       ,Gram,742.5957780719914
Karnataka,2019,Kharif     ,Groundnut,893.7354719297143
Karnataka,2019,Rabi       ,Groundnut,2315.414738341047
Karnataka,2019,Summer     ,Groundnut,1119.1617188463504
Karnataka,2019,Kharif     ,Jowar,1317.3390822297506
Karnataka,2019,Rabi       ,Jowar,1098.029120922756
Karnataka,2019,Summer     ,Jowar,1668.376405602683
Karnataka,2019,Kharif     ,Maize,3119.6262730379003
Karnataka,2019,Rabi       ,Maize,3461.891820811782
Karnataka,2019,Summer     ,Maize,3958.6451612903224
Karnataka,2019,Kharif     ,Moong(Green Gram),352.30261816402265
Karnataka,2019,Rabi       ,Moong(Green Gram),245.8367089747052
Karnataka,2019,Summer     ,Moong(Green Gram),164.51612903225808
Karnataka,2019,Kharif     ,Potato,7021.295723998427
Karnataka,2019,Rabi       ,Potato,15488.050033504578
Karnataka,2019,Summer     ,Potato,15637.554585152839
Karnataka,2019,Kharif     ,Ragi,1745.644354319372
Karnataka,2019,Rabi       ,Ragi,1416.9513389551134
Karnataka,2019,Summer     ,Ragi,1783.1544178364989
Karnataka,2019,Kharif     ,Rapeseed &Mustard,234.7826086956522
Karnataka,2019,Kharif     ,Rice,3204.0023358887734
Karnataka,2019,Rabi       ,Rice,2755.015089650275
Karnataka,2019,Summer     ,Rice,3036.285162137286
Karnataka,2019,Kharif     ,Sesamum,849.5672393747578
Karnataka,2019,Whole Year ,Sugarcane,84085.56494142904
Karnataka,2019,Kharif     ,Urad,470.1297563965963
Karnataka,2019,Rabi       ,Urad,466.4347826086956
Karnataka,2019,Summer     ,Urad,470.8520179372197
Karnataka,2019,Rabi       ,Wheat,1137.6650938927103
Kerala,2019,Whole Year ,Arhar/Tur,1667.7316293929712
Kerala,2019,Whole Year ,Gram,756.6666666666666
Kerala,2019,Whole Year ,Groundnut,1256.4102564102564
Kerala,2019,Whole Year ,Jowar,824.561403508772
Kerala,2019,Whole Year ,Maize,1238.9380530973451
Kerala,2019,Whole Year ,Potato,13406.122448979591
Kerala,2019,Whole Year ,Ragi,1225.3521126760563
Kerala,2019,Autumn     ,Rice,2595.5094373378656
Kerala,2019,Summer     ,Rice,3484.6736386584926
Kerala,2019,Winter     ,Rice,3049.7299425435845
Kerala,2019,Whole Year ,Sesamum,620.3712609406559
Kerala,2019,Whole Year ,Wheat,2000.0
Tamil Nadu,2019,Kharif     ,Arhar/Tur,1282.245632065776
Tamil Nadu,2019,Rabi       ,Arhar/Tur,1151.0020732550104
Tamil Nadu,2019,Kharif     ,Bajra,2784.5838800747547
Tamil Nadu,2019,Rabi       ,Bajra,2618.5878794928462
Tamil Nadu,2019,Rabi       ,Gram,925.4322766570605
Tamil Nadu,2019,Kharif     ,Groundnut,2478.5832787496593
Tamil Nadu,2019,Rabi       ,Groundnut,3742.1445404556166
Tamil Nadu,2019,Kharif     ,Jowar,1193.154909530074
Tamil Nadu,2019,Rabi       ,Jowar,1114.7761912401734
Tamil Nadu,2019,Kharif     ,Maize,8936.193182155208
Tamil Nadu,2019,Rabi       ,Maize,6717.386560632327
Tamil Nadu,2019,Kharif     ,Moong(Green Gram),573.6580647997538
Tamil Nadu,2019,Rabi       ,Moong(Green Gram),424.72401150203433
Tamil Nadu,2019,Kharif     ,Potato,20866.55172413793
Tamil Nadu,2019,Rabi       ,Potato,21749.32614555256
Tamil Nadu,2019,Kharif     ,Ragi,2993.479968578162
Tamil Nadu,2019,Rabi       ,Ragi,4017.1811438143095
Tamil Nadu,2019,Rabi       ,Rapeseed &Mustard,240.87591240875912
Tamil Nadu,2019,Autumn     ,Rice,4104.35035224054
Tamil Nadu,2019,Summer     ,Rice,4303.22656548722
Tamil Nadu,2019,Winter     ,Rice,3640.5911754288763
Tamil Nadu,2019,Kharif     ,Sesamum,553.1634083972614
Tamil Nadu,2019,Rabi       ,Sesamum,728.0841178628194
Tamil Nadu,2019,Kharif     ,Urad,841.5146606568537
Tamil Nadu,2019,Rabi       ,Urad,776.2801673990836
Odisha,1997,Autumn     ,Arhar/Tur,253.19074196947815
Odisha,1997,Summer     ,Arhar/Tur,189.6278838711168
Odisha,1997,Winter     ,Arhar/Tur,199.95195318867812
Odisha,1997,Autumn     ,Groundnut,919.1447333297742
Odisha,1997,Summer     ,Groundnut,1228.6994386971733
Odisha,1997,Winter     ,Groundnut,1091.700380041682
Odisha,1997,Autumn     ,Maize,1233.3443689263665
Odisha,1997,Summer     ,Maize,840.2061855670103
Odisha,1997,Winter     ,Maize,944.4444444444445
Odisha,1997,Whole Year ,Potato,9836.052661190502
Odisha,1997,Autumn     ,Ragi,640.3172410508014
Odisha,1997,Summer     ,Ragi,711.4427860696518
Odisha,1997,Winter     ,Ragi,529.5098276464736
Odisha,1997,Autumn     ,Sesamum,223.16771891298382
Odisha,1997,Summer     ,Sesamum,252.39041351049298
Odisha,1997,Winter     ,Sesamum,171.28380465901836
Odisha,1997,Winter     ,Sugarcane,61236.05609677765
Odisha,1997,Autumn     ,Urad,265.827909439133
Odisha,1997,Summer     ,Urad,231.10255175734233
Odisha,1997,Winter     ,Urad,325.4986595626296
Odisha,1997,Rabi       ,Wheat,1232.0805889190237
Andhra Pradesh,1997,Kharif     ,Arhar/Tur,177.12647339917172
Andhra Pradesh,1997,Rabi       ,Arhar/Tur,400.0
Andhra Pradesh,1997,Kharif     ,Bajra,711.4093959731543
Andhra Pradesh,1997,Rabi       ,Gram,398.3628922237381
Andhra Pradesh,1997,Kharif     ,Groundnut,485.33685601056806
Andhra Pradesh,1997,Rabi       ,Groundnut,1316.3488590184434
Andhra Pradesh,1997,Kharif     ,Jowar,736.1784675072745
Andhra Pradesh,1997,Rabi       ,Jowar,598.9572471324296
Andhra Pradesh,1997,Kharif     ,Maize,2594.231399541134
Andhra Pradesh,1997,Rabi       ,Maize,3213.656387665198
Andhra Pradesh,1997,Kharif     ,Moong(Green Gram),255.3661616161616
Andhra Pradesh,1997,Rabi       ,Moong(Green Gram),388.3211678832117
Andhra Pradesh,1997,Kharif     ,Ragi,812.5
Andhra Pradesh,1997,Rabi       ,Ragi,1500.0
Andhra Pradesh,1997,Kharif     ,Rice,2190.262329485834
Andhra Pradesh,1997,Rabi       ,Rice,2945.0657600429454
Andhra Pradesh,1997,Kharif     ,Sesamum,125.22686025408349
Andhra Pradesh,1997,Rabi       ,Sesamum,105.76923076923077
Andhra Pradesh,1997,Kharif     ,Sugarcane,72484.67532467532
Andhra Pradesh,1997,Kharif     ,Urad,279.4117647058824
Andhra Pradesh,1997,Rabi       ,Urad,461.7433414043584
Andhra Pradesh,1997,Rabi       ,Wheat,545.4545454545455
Bihar,1997,Kharif     ,Arhar/Tur,1290.0551634873186
Bihar,1997,Kharif     ,Bajra,609.7726501526977
Bihar,1997,Rabi       ,Gram,750.5219035094929
Bihar,1997,Kharif     ,Groundnut,1200.0
Bihar,1997,Kharif     ,Jowar,859.6995845317992
Bihar,1997,Kharif     ,Maize,1217.0
Bihar,1997,Rabi       ,Maize,3001.4787207141835
Bihar,1997,Summer     ,Maize,2139.9785398754198
Bihar,1997,Whole Year ,Potato,8720.319621119268
Bihar,1997,Whole Year ,Ragi,874.6029182146126
Bihar,1997,Rabi       ,Rapeseed &Mustard,812.0735891469811
Bihar,1997,Autumn     ,Rice,1190.8223740814303
Bihar,1997,Summer     ,Rice,1900.2483343915003
Bihar,1997,Winter     ,Rice,1416.6661161189975
Bihar,1997,Kharif     ,Sesamum,600.1815293850692
Bihar,1997,Whole Year ,Sugarcane,45985.059204647005
Bihar,1997,Rabi       ,Wheat,1958.1541006282616
Gujarat,1997,Kharif     ,Arhar/Tur,748.7360970677452
Gujarat,1997,Kharif     ,Bajra,1216.9687704739026
Gujarat,1997,Summer     ,Bajra,2115.6840934371526
Gujarat,1997,Rabi       ,Gram,800.4866180048662
Gujarat,1997,Kharif     ,Groundnut,1343.4813557465914
Gujarat,1997,Summer     ,Groundnut,1623.6236236236236
Gujarat,1997,Kharif     ,Jowar,788.2579403272377
Gujarat,1997,Rabi       ,Jowar,854.8812664907651
Gujarat,1997,Whole Year ,Maize,1648.3241620810404
Gujarat,1997,Kharif     ,Moong(Green Gram),566.5548098434004
Gujarat,1997,Whole Year ,Potato,21891.22807017544
Gujarat,1997,Whole Year ,Ragi,947.0899470899471
Gujarat,1997,Rabi       ,Rapeseed &Mustard,1012.7314814814815
Gujarat,1997,Whole Year ,Rice,1549.6580434136188
Gujarat,1997,Whole Year ,Sesamum,598.7821380243572
Gujarat,1997,Whole Year ,Sugarcane,71709.09090909091
Gujarat,1997,Kharif     ,Urad,636.986301369863
Gujarat,1997,Rabi       ,Wheat,2373.342939481268
Madhya Pradesh,1997,Kharif     ,Arhar/Tur,725.8575958489478
Madhya Pradesh,1997,Kharif     ,Bajra,1089.8161244695898
Madhya Pradesh,1997,Kharif     ,Groundnut,998.8114104595879
Madhya Pradesh,1997,Kharif     ,Jowar,863.7974019157591
Madhya Pradesh,1997,Rabi       ,Jowar,867.4698795180723
Madhya Pradesh,1997,Kharif     ,Maize,1342.8182605468267
Madhya Pradesh,1997,Rabi       ,Rapeseed &Mustard,594.120165548737
Madhya Pradesh,1997,Kharif     ,Sesamum,267.1437090041741
Madhya Pradesh,1997,Rabi       ,Wheat,1572.65507143491
Maharashtra,1997,Kharif     ,Arhar/Tur,346.06205250596656
Maharashtra,1997,Kharif     ,Bajra,669.578745811393
Maharashtra,1997,Kharif     ,Gram,412.63422116859573
Maharashtra,1997,Kharif     ,Jowar,1307.520365587125
Maharashtra,1997,Rabi       ,Jowar,389.30312589618586
Maharashtra,1997,Kharif     ,Maize,1171.1087420042643
Maharashtra,1997,Rabi       ,Maize,1427.9475982532751
Maharashtra,1997,Summer     ,Maize,1666.6666666666667
Maharashtra,1997,Kharif     ,Moong(Green Gram),361.0521156673746
Maharashtra,1997,Kharif     ,Ragi,937.4201787994891
Maharashtra,1997,Kharif     ,Rice,1740.104555638536
Maharashtra,1997,Summer     ,Rice,1963.5258358662613
Maharashtra,1997,Kharif     ,Sugarcane,866.6993998908893
Maharashtra,1997,Kharif     ,Urad,400.26646364674536
Maharashtra,1997,Rabi       ,Wheat,897.3638431687408
Mizoram,1997,Kharif     ,Arhar/Tur,1722.8915662650602
Mizoram,1997,Kharif     ,Groundnut,1495.7983193277312
Mizoram,1997,Kharif     ,Maize,1997.0515970515971
Mizoram,1997,Rabi       ,Maize,2025.0
Mizoram,1997,Kharif     ,Rapeseed &Mustard,1176.4705882352941
Mizoram,1997,Rabi       ,Rapeseed &Mustard,639.618138424821
Mizoram,1997,Whole Year ,Rice,1623.3520274833368
Mizoram,1997,Kharif     ,Sesamum,967.5522648083623
Mizoram,1997,Whole Year ,Sugarcane,5980.830670926518
Mizoram,1997,Rabi       ,Wheat,500.0
Punjab,1997,Kharif     ,Arhar/Tur,745.4545454545455
Punjab,1997,Kharif     ,Bajra,1000.0
Punjab,1997,Rabi       ,Gram,827.0676691729324
Punjab,1997,Kharif     ,Groundnut,1000.0
Punjab,1997,Kharif     ,Maize,2090.909090909091
Punjab,1997,Whole Year ,Moong(Green Gram),643.0020283975659
Punjab,1997,Rabi       ,Rapeseed &Mustard,875.0
Punjab,1997,Kharif     ,Rice,3465.146865409908
Punjab,1997,Kharif     ,Sesamum,314.68531468531467
Punjab,1997,Whole Year ,Sugarcane,56746.031746031746
Punjab,1997,Kharif     ,Urad,404.25531914893617
Punjab,1997,Rabi       ,Wheat,3853.030303030303
Uttar Pradesh,1997,Kharif     ,Arhar/Tur,1032.4154121409595
Uttar Pradesh,1997,Kharif     ,Bajra,1449.6301901812947
Uttar Pradesh,1997,Rabi       ,Gram,846.5637506109531
Uttar Pradesh,1997,Kharif     ,Groundnut,895.3444742690565
Uttar Pradesh,1997,Kharif     ,Jowar,888.6341295401007
Uttar Pradesh,1997,Kharif     ,Maize,1570.804408839692
Uttar Pradesh,1997,Summer     ,Maize,1579.0081848820414
Uttar Pradesh,1997,Kharif     ,Moong(Green Gram),288.10206030836406
Uttar Pradesh,1997,Summer     ,Moong(Green Gram),424.91816930568245
Uttar Pradesh,1997,Whole Year ,Potato,14666.357680756757
Uttar Pradesh,1997,Rabi       ,Rapeseed &Mustard,586.4359039217546
Uttar Pradesh,1997,Kharif     ,Rice,2141.401585987458
Uttar Pradesh,1997,Summer     ,Rice,2766.91387921901
Uttar Pradesh,1997,Kharif     ,Sesamum,150.7212468277404
Uttar Pradesh,1997,Kharif     ,Sugarcane,56426.99806518827
Uttar Pradesh,1997,Whole Year ,Sugarcane,60983.931276234456
Uttar Pradesh,1997,Kharif     ,Urad,414.77640360120535
Uttar Pradesh,1997,Summer     ,Urad,469.1973397386946
Uttar Pradesh,1997,Rabi       ,Wheat,2494.38059602348
Andhra Pradesh,1998,Kharif     ,Arhar/Tur,432.7021494370522
Andhra Pradesh,1998,Rabi       ,Arhar/Tur,516.1290322580645
Andhra Pradesh,1998,Kharif     ,Bajra,954.1666666666666
Andhra Pradesh,1998,Rabi       ,Bajra,630.1369863013699
Andhra Pradesh,1998,Kharif     ,Gram,1000.0
Andhra Pradesh,1998,Rabi       ,Gram,890.9465020576132
Andhra Pradesh,1998,Kharif     ,Groundnut,960.8466903217912
Andhra Pradesh,1998,Rabi       ,Groundnut,1635.880212706409
Andhra Pradesh,1998,Kharif     ,Jowar,689.5296752519597
Andhra Pradesh,1998,Rabi       ,Jowar,699.8987854251012
Andhra Pradesh,1998,Kharif     ,Maize,3238.488409018736
Andhra Pradesh,1998,Rabi       ,Maize,4345.280764635603
Andhra Pradesh,1998,Kharif     ,Moong(Green Gram),490.54905490549055
Andhra Pradesh,1998,Rabi       ,Moong(Green Gram),394.00584795321635
Andhra Pradesh,1998,Kharif     ,Ragi,1036.5296803652968
Andhra Pradesh,1998,Rabi       ,Ragi,2025.974025974026
Andhra Pradesh,1998,Kharif     ,Rice,2491.0396814108944
Andhra Pradesh,1998,Rabi       ,Rice,3239.0639542614012
Andhra Pradesh,1998,Kharif     ,Sesamum,189.69072164948454
Andhra Pradesh,1998,Rabi       ,Sesamum,257.45257452574526
Andhra Pradesh,1998,Whole Year ,Sugarcane,77218.99859616284
Andhra Pradesh,1998,Kharif     ,Urad,409.27152317880797
Andhra Pradesh,1998,Rabi       ,Urad,649.9436302142052
Andhra Pradesh,1998,Rabi       ,Wheat,556.5217391304348
Bihar,1998,Kharif     ,Arhar/Tur,1504.6601085584832
Bihar,1998,Kharif     ,Bajra,588.9967637540453
Bihar,1998,Rabi       ,Gram,1090.2376894460022
Bihar,1998,Kharif     ,Groundnut,1266.2685337726523
Bihar,1998,Kharif     ,Jowar,940.0379506641366
Bihar,1998,Kharif     ,Maize,1071.5412655843645
Bihar,1998,Rabi       ,Maize,2850.7355919187457
Bihar,1998,Summer     ,Maize,2406.255158161615
Bihar,1998,Whole Year ,Potato,9650.878785840787
Bihar,1998,Kharif     ,Ragi,841.0053461084497
Bihar,1998,Rabi       ,Rapeseed &Mustard,825.3333333333334
Bihar,1998,Summer     ,Rice,2040.0493842030776
Bihar,1998,Winter     ,Rice,1351.4053678370449
Bihar,1998,Kharif     ,Sesamum,522.0366821790309
Bihar,1998,Whole Year ,Sugarcane,47702.49216813952
Bihar,1998,Kharif     ,Urad,740.6035992992515
Bihar,1998,Rabi       ,Wheat,2075.8885324571556
Gujarat,1998,Kharif     ,Arhar/Tur,951.6800888642044
Gujarat,1998,Kharif     ,Bajra,995.6755493221132
Gujarat,1998,Summer     ,Bajra,2354.945054945055
Gujarat,1998,Rabi       ,Gram,870.7435719249479
Gujarat,1998,Kharif     ,Groundnut,1306.105565054327
Gujarat,1998,Summer     ,Groundnut,1642.1299921691464
Gujarat,1998,Kharif     ,Jowar,907.8054298642534
Gujarat,1998,Rabi       ,Jowar,827.9742765273312
Gujarat,1998,Kharif     ,Maize,1704.6289493019838
Gujarat,1998,Kharif     ,Moong(Green Gram),396.67049368541905
Gujarat,1998,Whole Year ,Potato,22560.12658227848
Gujarat,1998,Kharif     ,Ragi,1035.5329949238578
Gujarat,1998,Rabi       ,Rapeseed &Mustard,1382.7893175074184
Gujarat,1998,Kharif     ,Rice,1633.017199807105
Gujarat,1998,Kharif     ,Sesamum,455.2710342534087
Gujarat,1998,Whole Year ,Sugarcane,69103.41314314824
Gujarat,1998,Kharif     ,Urad,600.6389776357828
Gujarat,1998,Rabi       ,Wheat,2413.6660051034874
Haryana,1998,Kharif     ,Arhar/Tur,947.5679090334808
Haryana,1998,Kharif     ,Bajra,1009.1752096468539
Haryana,1998,Rabi       ,Gram,823.824788719765
Haryana,1998,Kharif     ,Groundnut,668.8963210702341
Haryana,1998,Kharif     ,Jowar,192.44092063736434
Haryana,1998,Kharif     ,Maize,1938.6588457523487
Haryana,1998,Kharif     ,Moong(Green Gram),260.0780234070221
Haryana,1998,Whole Year ,Potato,15794.163510804188
Haryana,1998,Rabi       ,Rapeseed &Mustard,1235.465700257941
Haryana,1998,Kharif     ,Rice,2237.980517054479
Haryana,1998,Kharif     ,Sesamum,322.7888960619755
Haryana,1998,Whole Year ,Sugarcane,54733.981916704404
Haryana,1998,Kharif     ,Urad,255.49310168625448
Haryana,1998,Rabi       ,Wheat,3917.8061383690615
Himachal Pradesh,1998,Kharif     ,Arhar/Tur,234.375
Himachal Pradesh,1998,Kharif     ,Bajra,567.1641791044776
Himachal Pradesh,1998,Rabi       ,Gram,866.3522012578617
Himachal Pradesh,1998,Kharif     ,Groundnut,1014.1843971631206
Himachal Pradesh,1998,Kharif     ,Maize,2200.4146510020732
Himachal Pradesh,1998,Kharif     ,Moong(Green Gram),403.2258064516129
Himachal Pradesh,1998,Kharif     ,Potato,11771.928166351607
Himachal Pradesh,1998,Rabi       ,Potato,8845.278375884343
Himachal Pradesh,1998,Rabi       ,Rapeseed &Mustard,543.360818879727
Himachal Pradesh,1998,Kharif     ,Rice,1424.62100456621
Himachal Pradesh,1998,Kharif     ,Sesamum,465.04492658338813
Himachal Pradesh,1998,Kharif     ,Urad,406.9284064665127
Himachal Pradesh,1998,Rabi       ,Wheat,1267.4326737210245
Madhya Pradesh,1998,Kharif     ,Arhar/Tur,937.056988942444
Madhya Pradesh,1998,Kharif     ,Bajra,1183.3791208791208
Madhya Pradesh,1998,Rabi       ,Gram,952.3397857545574
Madhya Pradesh,1998,Kharif     ,Groundnut,1067.4157303370787
Madhya Pradesh,1998,Kharif     ,Jowar,970.0349368449341
Madhya Pradesh,1998,Rabi       ,Jowar,968.0851063829788
Madhya Pradesh,1998,Kharif     ,Maize,1468.9067201604814
Madhya Pradesh,1998,Rabi       ,Rapeseed &Mustard,895.9113607990013
Madhya Pradesh,1998,Kharif     ,Rice,615.2643965580643
Madhya Pradesh,1998,Kharif     ,Sesamum,249.07292954264526
Madhya Pradesh,1998,Whole Year ,Sugarcane,22216.454997239096
Madhya Pradesh,1998,Rabi       ,Wheat,1786.7581205356169
Maharashtra,1998,Kharif     ,Arhar/Tur,803.516439852985
Maharashtra,1998,Kharif     ,Bajra,848.155935670853
Maharashtra,1998,Rabi       ,Gram,621.4333112143331
Maharashtra,1998,Kharif     ,Groundnut,1164.0912435614423
Maharashtra,1998,Summer     ,Groundnut,1429.525222551929
Maharashtra,1998,Kharif     ,Jowar,1424.7787610619469
Maharashtra,1998,Rabi       ,Jowar,602.191333947947
Maharashtra,1998,Kharif     ,Maize,1998.0039920159682
Maharashtra,1998,Rabi       ,Maize,1489.795918367347
Maharashtra,1998,Summer     ,Maize,1605.5045871559632
Maharashtra,1998,Kharif     ,Moong(Green Gram),578.8014173470959
Maharashtra,1998,Kharif     ,Ragi,1013.375796178344
Maharashtra,1998,Rabi       ,Rapeseed &Mustard,193.5483870967742
Maharashtra,1998,Kharif     ,Rice,1656.7060939337346
Maharashtra,1998,Summer     ,Rice,1938.5026737967914
Maharashtra,1998,Kharif     ,Sesamum,316.75592960979344
Maharashtra,1998,Rabi       ,Sesamum,169.4915254237288
Maharashtra,1998,Kharif     ,Sugarcane,88997.92374480936
Maharashtra,1998,Kharif     ,Urad,635.9360301034807
Maharashtra,1998,Rabi       ,Wheat,1288.5278188084687
Punjab,1998,Kharif     ,Arhar/Tur,620.6896551724138
Punjab,1998,Kharif     ,Bajra,1000.0
Punjab,1998,Rabi       ,Gram,684.2105263157895
Punjab,1998,Kharif     ,Groundnut,833.3333333333334
Punjab,1998,Kharif     ,Maize,2285.714285714286
Punjab,1998,Kharif     ,Moong(Green Gram),605.2009456264775
Punjab,1998,Rabi       ,Rapeseed &Mustard,945.2054794520548
Punjab,1998,Kharif     ,Rice,3152.0444620881303
Punjab,1998,Kharif     ,Sesamum,347.10743801652893
Punjab,1998,Whole Year ,Sugarcane,59514.563106796115
Punjab,1998,Kharif     ,Urad,487.8048780487805
Punjab,1998,Rabi       ,Wheat,4331.935290593169
Tamil Nadu,1998,Kharif     ,Arhar/Tur,874.6122004165825
Tamil Nadu,1998,Kharif     ,Bajra,1579.8002061203458
Tamil Nadu,1998,Rabi       ,Gram,833.0708661417323
Tamil Nadu,1998,Kharif     ,Groundnut,1804.6125865423733
Tamil Nadu,1998,Kharif     ,Jowar,1174.560705038078
Tamil Nadu,1998,Kharif     ,Maize,1595.6767694039527
Tamil Nadu,1998,Kharif     ,Moong(Green Gram),500.7940016043744
Tamil Nadu,1998,Whole Year ,Potato,16589.734636871508
Tamil Nadu,1998,Kharif     ,Ragi,2075.5403726708073
Tamil Nadu,1998,Whole Year ,Rapeseed &Mustard,245.04504504504504
Tamil Nadu,1998,Kharif     ,Rice,3442.5450228566137
Tamil Nadu,1998,Kharif     ,Sesamum,498.42555381297785
Tamil Nadu,1998,Kharif     ,Urad,489.19597426759015
Tripura,1998,Kharif     ,Arhar/Tur,658.2278481012659
Tripura,1998,Rabi       ,Gram,647.0588235294117
Tripura,1998,Kharif     ,Groundnut,992.9577464788732
Tripura,1998,Rabi       ,Groundnut,863.013698630137
Tripura,1998,Kharif     ,Maize,745.6896551724138
Tripura,1998,Kharif     ,Moong(Green Gram),471.42857142857144
Tripura,1998,Rabi       ,Moong(Green Gram),412.6984126984127
Tripura,1998,Rabi       ,Rapeseed &Mustard,798.8980716253443
Tripura,1998,Kharif     ,Rice,1923.5029570976214
Tripura,1998,Kharif     ,Sesamum,428.57142857142856
Tripura,1998,Whole Year ,Sugarcane,47500.0
Tripura,1998,Kharif     ,Urad,470.0
Tripura,1998,Rabi       ,Urad,460.0
Tripura,1998,Rabi       ,Wheat,1891.8918918918919
Uttar Pradesh,1998,Kharif     ,Arhar/Tur,1164.512888716139
Uttar Pradesh,1998,Kharif     ,Bajra,1162.0227932059397
Uttar Pradesh,1998,Rabi       ,Gram,871.9292288567035
Uttar Pradesh,1998,Kharif     ,Groundnut,649.3089851077677
Uttar Pradesh,1998,Kharif     ,Jowar,699.8024849037997
Uttar Pradesh,1998,Kharif     ,Maize,1017.1762432792325
Uttar Pradesh,1998,Summer     ,Maize,1014.027106435409
Uttar Pradesh,1998,Kharif     ,Moong(Green Gram),217.00011389089252
Uttar Pradesh,1998,Summer     ,Moong(Green Gram),512.2121594627386
Uttar Pradesh,1998,Whole Year ,Potato,22816.956370811986
Uttar Pradesh,1998,Kharif     ,Ragi,1368.1335807050093
Uttar Pradesh,1998,Rabi       ,Rapeseed &Mustard,825.9944749335289
Uttar Pradesh,1998,Kharif     ,Rice,1935.9614975133413
Uttar Pradesh,1998,Summer     ,Rice,2246.0472552851306
Uttar Pradesh,1998,Kharif     ,Sesamum,122.60211405454783
Uttar Pradesh,1998,Whole Year ,Sugarcane,58989.62748690649
Uttar Pradesh,1998,Kharif     ,Urad,267.6952701387537
Uttar Pradesh,1998,Summer     ,Urad,462.6099180904018
Uttar Pradesh,1998,Rabi       ,Wheat,2518.2907014281323
Bihar,1999,Kharif     ,Arhar/Tur,1241.9347341018965
Bihar,1999,Kharif     ,Bajra,607.7348066298342
Bihar,1999,Rabi       ,Gram,1001.0297875586407
Bihar,1999,Kharif     ,Groundnut,1166.6666666666667
Bihar,1999,Kharif     ,Jowar,1350.362140496449
Bihar,1999,Kharif     ,Maize,1542.210358545087
Bihar,1999,Rabi       ,Maize,3009.0581162324647
Bihar,1999,Summer     ,Maize,2395.3870743754014
Bihar,1999,Kharif     ,Moong(Green Gram),527.6045799795942
Bihar,1999,Rabi       ,Moong(Green Gram),551.1987997520723
Bihar,1999,Whole Year ,Potato,9560.912633859658
Bihar,1999,Kharif     ,Ragi,984.0088856429919
Bihar,1999,Rabi       ,Rapeseed &Mustard,792.459621181446
Bihar,1999,Kharif     ,Rice,1158.6230063286887
Bihar,1999,Summer     ,Rice,1976.4482598459247
Bihar,1999,Kharif     ,Sesamum,522.645179216449
Bihar,1999,Whole Year ,Sugarcane,42063.67414967386
Bihar,1999,Kharif     ,Urad,757.4171600536456
Bihar,1999,Rabi       ,Wheat,2202.7160093942516
Gujarat,1999,Kharif     ,Arhar/Tur,812.2905027932961
Gujarat,1999,Kharif     ,Bajra,640.5851563548517
Gujarat,1999,Summer     ,Bajra,2061.29210381005
Gujarat,1999,Rabi       ,Gram,511.5995115995116
Gujarat,1999,Kharif     ,Groundnut,349.01339967207554
Gujarat,1999,Summer     ,Groundnut,1489.5833333333333
Gujarat,1999,Kharif     ,Jowar,1349.5989304812833
Gujarat,1999,Rabi       ,Jowar,875.0
Gujarat,1999,Kharif     ,Maize,1289.002557544757
Gujarat,1999,Kharif     ,Moong(Green Gram),242.7906976744186
Gujarat,1999,Whole Year ,Potato,21977.635782747602
Gujarat,1999,Kharif     ,Ragi,1113.4020618556701
Gujarat,1999,Rabi       ,Rapeseed &Mustard,940.625
Gujarat,1999,Kharif     ,Rice,1482.3901264298615
Gujarat,1999,Kharif     ,Sesamum,291.3752913752914
Gujarat,1999,Whole Year ,Sugarcane,69836.14697120158
Gujarat,1999,Kharif     ,Urad,351.3266239707228
Gujarat,1999,Rabi       ,Wheat,2115.7436216552583
Haryana,1999,Kharif     ,Arhar/Tur,842.6483233018057
Haryana,1999,Kharif     ,Bajra,991.6899111738917
Haryana,1999,Rabi       ,Gram,577.6604750759425
Haryana,1999,Kharif     ,Groundnut,665.7789613848203
Haryana,1999,Kharif     ,Jowar,196.74652787093427
Haryana,1999,Kharif     ,Maize,2390.676362187469
Haryana,1999,Kharif     ,Moong(Green Gram),201.47073637554146
Haryana,1999,Whole Year ,Potato,15783.237222529426
Haryana,1999,Rabi       ,Rapeseed &Mustard,1322.757204024739
Haryana,1999,Kharif     ,Rice,2366.460705487825
Haryana,1999,Whole Year ,Sugarcane,55890.44302686253
Haryana,1999,Kharif     ,Urad,411.13841113841113
Haryana,1999,Rabi       ,Wheat,4165.711574764163
Himachal Pradesh,1999,Kharif     ,Arhar/Tur,212.90322580645162
Himachal Pradesh,1999,Rabi       ,Gram,942.6374926079243
Himachal Pradesh,1999,Kharif     ,Groundnut,837.9888268156425
Himachal Pradesh,1999,Kharif     ,Maize,2272.125265916654
Himachal Pradesh,1999,Kharif     ,Moong(Green Gram),406.4327485380117
Himachal Pradesh,1999,Whole Year ,Potato,8604.465709728867
Himachal Pradesh,1999,Rabi       ,Rapeseed &Mustard,518.0070403466017
Himachal Pradesh,1999,Kharif     ,Rice,1500.398893071726
Himachal Pradesh,1999,Kharif     ,Sesamum,512.8205128205128
Himachal Pradesh,1999,Whole Year ,Sugarcane,5148.086522462562
Himachal Pradesh,1999,Kharif     ,Urad,370.7911305776074
Himachal Pradesh,1999,Rabi       ,Wheat,1573.9893736153724
Karnataka,1999,Kharif     ,Arhar/Tur,569.8366024649371
Karnataka,1999,Kharif     ,Bajra,596.1964457423697
Karnataka,1999,Rabi       ,Gram,549.0615429899109
Karnataka,1999,Kharif     ,Groundnut,599.6331524065545
Karnataka,1999,Rabi       ,Groundnut,1109.8504693298407
Karnataka,1999,Kharif     ,Jowar,1356.628268422015
Karnataka,1999,Rabi       ,Jowar,757.0740198924879
Karnataka,1999,Summer     ,Jowar,2250.5285412262156
Karnataka,1999,Kharif     ,Maize,2698.4866278505397
Karnataka,1999,Rabi       ,Maize,2385.8156237556595
Karnataka,1999,Summer     ,Maize,1809.3506099871183
Karnataka,1999,Kharif     ,Moong(Green Gram),345.7638737584959
Karnataka,1999,Rabi       ,Moong(Green Gram),248.79979239652263
Karnataka,1999,Whole Year ,Potato,14747.231153983566
Karnataka,1999,Kharif     ,Ragi,1549.8809183912058
Karnataka,1999,Rabi       ,Ragi,1042.1048374049506
Karnataka,1999,Summer     ,Ragi,1997.7825646224023
Karnataka,1999,Rabi       ,Rapeseed &Mustard,273.9897019815884
Karnataka,1999,Kharif     ,Rice,2443.8568579763873
Karnataka,1999,Rabi       ,Rice,2032.8356512183107
Karnataka,1999,Summer     ,Rice,3093.178645036899
Karnataka,1999,Kharif     ,Sesamum,489.598268118763
Karnataka,1999,Kharif     ,Urad,324.7963533533111
Karnataka,1999,Rabi       ,Urad,372.1653255303585
Karnataka,1999,Rabi       ,Wheat,832.8887187828916
Madhya Pradesh,1999,Kharif     ,Arhar/Tur,903.71635977856
Madhya Pradesh,1999,Kharif     ,Bajra,1008.193625243339
Madhya Pradesh,1999,Rabi       ,Gram,961.2891624148176
Madhya Pradesh,1999,Kharif     ,Groundnut,992.5352106376603
Madhya Pradesh,1999,Kharif     ,Jowar,781.9994010435087
Madhya Pradesh,1999,Rabi       ,Jowar,782.0084613671788
Madhya Pradesh,1999,Kharif     ,Maize,1607.4893438052302
Madhya Pradesh,1999,Whole Year ,Potato,12720.705473656082
Madhya Pradesh,1999,Kharif     ,Ragi,289.3177585915016
Madhya Pradesh,1999,Rabi       ,Rapeseed &Mustard,1002.6429240025417
Madhya Pradesh,1999,Kharif     ,Rice,1208.5126563626388
Madhya Pradesh,1999,Kharif     ,Sesamum,229.76403121180783
Madhya Pradesh,1999,Whole Year ,Sugarcane,43437.34698419764
Madhya Pradesh,1999,Kharif     ,Urad,312.8699463762064
Madhya Pradesh,1999,Rabi       ,Urad,406.83712388755475
Madhya Pradesh,1999,Rabi       ,Wheat,1863.16685272885
Maharashtra,1999,Kharif     ,Arhar/Tur,833.9898165049476
Maharashtra,1999,Kharif     ,Bajra,654.5591910269077
Maharashtra,1999,Rabi       ,Gram,643.695652173913
Maharashtra,1999,Kharif     ,Groundnut,950.0615006150061
Maharashtra,1999,Summer     ,Groundnut,1388.3495145631068
Maharashtra,1999,Kharif     ,Jowar,1332.3058936068448
Maharashtra,1999,Rabi       ,Jowar,655.9149751289895
Maharashtra,1999,Kharif     ,Maize,1576.1828863820415
Maharashtra,1999,Rabi       ,Maize,1542.5170068027212
Maharashtra,1999,Summer     ,Maize,1625.0
Maharashtra,1999,Kharif     ,Moong(Green Gram),465.8493305371834
Maharashtra,1999,Kharif     ,Ragi,1075.933075933076
Maharashtra,1999,Rabi       ,Rapeseed &Mustard,287.1287128712871
Maharashtra,1999,Kharif     ,Rice,1692.6772356049687
Maharashtra,1999,Summer     ,Rice,2002.415458937198
Maharashtra,1999,Kharif     ,Sesamum,301.94805194805195
Maharashtra,1999,Rabi       ,Sesamum,304.3478260869565
Maharashtra,1999,Whole Year ,Sugarcane,90053.21132011524
Maharashtra,1999,Kharif     ,Urad,491.07468123861565
Maharashtra,1999,Rabi       ,Wheat,1368.6888078325974
Nagaland,1999,Kharif     ,Arhar/Tur,749.1289198606272
Nagaland,1999,Kharif     ,Bajra,833.3333333333334
Nagaland,1999,Rabi       ,Gram,593.0232558139535
Nagaland,1999,Kharif     ,Groundnut,933.3333333333334
Nagaland,1999,Kharif     ,Jowar,713.3333333333334
Nagaland,1999,Kharif     ,Maize,1321.3728549141965
Nagaland,1999,Kharif     ,Moong(Green Gram),720.0
Nagaland,1999,Whole Year ,Potato,10847.457627118643
Nagaland,1999,Rabi       ,Rapeseed &Mustard,1000.0
Nagaland,1999,Kharif     ,Rice,1500.0
Nagaland,1999,Kharif     ,Sesamum,480.0
Nagaland,1999,Whole Year ,Sugarcane,50000.0
Odisha,1999,Kharif     ,Arhar/Tur,628.3068783068783
Odisha,1999,Kharif     ,Bajra,586.0349127182045
Odisha,1999,Rabi       ,Gram,604.2844391550134
Odisha,1999,Kharif     ,Groundnut,1030.3663878932696
Odisha,1999,Rabi       ,Groundnut,1711.571790427943
Odisha,1999,Kharif     ,Jowar,601.7441860465116
Odisha,1999,Kharif     ,Maize,1248.2308111050627
Odisha,1999,Rabi       ,Maize,1243.0471584038694
Odisha,1999,Kharif     ,Moong(Green Gram),345.43624161073825
Odisha,1999,Rabi       ,Moong(Green Gram),398.4580498866213
Odisha,1999,Whole Year ,Potato,10417.620137299771
Odisha,1999,Kharif     ,Ragi,726.0721175248553
Odisha,1999,Rabi       ,Ragi,1010.3092783505155
Odisha,1999,Rabi       ,Rapeseed &Mustard,327.7955271565495
Odisha,1999,Autumn     ,Rice,932.2459222082811
Odisha,1999,Summer     ,Rice,2388.7273774914224
Odisha,1999,Winter     ,Rice,1031.8434122115104
Odisha,1999,Kharif     ,Sesamum,315.51724137931035
Odisha,1999,Rabi       ,Sesamum,360.77318194106516
Odisha,1999,Winter     ,Sugarcane,58990.313206328705
Odisha,1999,Kharif     ,Urad,363.3333333333333
Odisha,1999,Rabi       ,Urad,369.16459768507184
Odisha,1999,Rabi       ,Wheat,1340.3451995685004
Punjab,1999,Kharif     ,Arhar/Tur,837.2093023255813
Punjab,1999,Kharif     ,Bajra,800.0
Punjab,1999,Rabi       ,Gram,968.2539682539683
Punjab,1999,Kharif     ,Groundnut,1000.0
Punjab,1999,Kharif     ,Maize,2574.074074074074
Punjab,1999,Kharif     ,Moong(Green Gram),595.3002610966057
Punjab,1999,Rabi       ,Rapeseed &Mustard,1125.0
Punjab,1999,Kharif     ,Rice,3347.15821812596
Punjab,1999,Kharif     ,Sesamum,344.3708609271523
Punjab,1999,Whole Year ,Sugarcane,62685.18518518518
Punjab,1999,Kharif     ,Urad,475.0
Punjab,1999,Rabi       ,Wheat,4695.985832349469
Tamil Nadu,1999,Kharif     ,Arhar/Tur,710.9771935020847
Tamil Nadu,1999,Kharif     ,Bajra,1458.654160513173
Tamil Nadu,1999,Rabi       ,Gram,648.7987444162743
Tamil Nadu,1999,Kharif     ,Groundnut,1777.204306045915
Tamil Nadu,1999,Kharif     ,Jowar,984.8649703990385
Tamil Nadu,1999,Kharif     ,Maize,1586.8759876687132
Tamil Nadu,1999,Kharif     ,Moong(Green Gram),531.5991490672249
Tamil Nadu,1999,Whole Year ,Potato,18995.266894556928
Tamil Nadu,1999,Kharif     ,Ragi,1734.916331337717
Tamil Nadu,1999,Rabi       ,Rapeseed &Mustard,240.88748019017433
Tamil Nadu,1999,Kharif     ,Rice,3278.2314888164765
Tamil Nadu,1999,Kharif     ,Sesamum,539.6084171153433
Tamil Nadu,1999,Kharif     ,Urad,496.06236521960676
Uttar Pradesh,1999,Kharif     ,Arhar/Tur,1278.7125485947956
Uttar Pradesh,1999,Kharif     ,Bajra,1395.4736359292424
Uttar Pradesh,1999,Rabi       ,Gram,947.6104506591273
Uttar Pradesh,1999,Kharif     ,Groundnut,832.3466278908738
Uttar Pradesh,1999,Kharif     ,Jowar,893.6239590649142
Uttar Pradesh,1999,Kharif     ,Maize,1444.9013209533637
Uttar Pradesh,1999,Rabi       ,Maize,1449.0093490007719
Uttar Pradesh,1999,Kharif     ,Moong(Green Gram),281.41493542953395
Uttar Pradesh,1999,Summer     ,Moong(Green Gram),541.163541064912
Uttar Pradesh,1999,Whole Year ,Potato,22535.584255619757
Uttar Pradesh,1999,Rabi       ,Ragi,1385.5996860966995
Uttar Pradesh,1999,Rabi       ,Rapeseed &Mustard,1019.7746061099871
Uttar Pradesh,1999,Kharif     ,Rice,2176.1392027595543
Uttar Pradesh,1999,Summer     ,Rice,2674.4877726371446
Uttar Pradesh,1999,Whole Year ,Sugarcane,57393.09078360079
Uttar Pradesh,1999,Kharif     ,Urad,415.21066965420914
Uttar Pradesh,1999,Summer     ,Urad,484.2060351042387
Uttar Pradesh,1999,Rabi       ,Wheat,2776.7114430607603
Bihar,2000,Kharif     ,Arhar/Tur,1349.8302907990092
Bihar,2000,Kharif     ,Bajra,825.2933507170795
Bihar,2000,Rabi       ,Gram,1033.760094544022
Bihar,2000,Kharif     ,Groundnut,1104.1666666666667
Bihar,2000,Kharif     ,Jowar,914.4434222631095
Bihar,2000,Kharif     ,Maize,1748.0445637957628
Bihar,2000,Rabi       ,Maize,2867.379975143863
Bihar,2000,Summer     ,Maize,2954.6351716801455
Bihar,2000,Kharif     ,Moong(Green Gram),559.6489327121031
Bihar,2000,Rabi       ,Moong(Green Gram),581.318576257079
Bihar,2000,Whole Year ,Potato,9686.835497326425
Bihar,2000,Kharif     ,Ragi,1105.7812221628362
Bihar,2000,Rabi       ,Rapeseed &Mustard,869.540567564503
Bihar,2000,Autumn     ,Rice,1511.7930192292647
Bihar,2000,Kharif     ,Rice,1329.8146880624636
Bihar,2000,Summer     ,Rice,1700.5161588843948
Bihar,2000,Kharif     ,Sesamum,557.3862049706786
Bihar,2000,Whole Year ,Sugarcane,42613.27502699698
Bihar,2000,Kharif     ,Urad,633.0464071856287
Bihar,2000,Rabi       ,Wheat,2146.706892406787
Chhattisgarh,2000,Kharif     ,Arhar/Tur,428.99378328574613
Chhattisgarh,2000,Kharif     ,Bajra,397.43589743589746
Chhattisgarh,2000,Whole Year ,Bajra,40731.34328358209
Chhattisgarh,2000,Rabi       ,Gram,514.999643035625
Chhattisgarh,2000,Kharif     ,Groundnut,935.00453388715
Chhattisgarh,2000,Kharif     ,Jowar,665.0298478721355
Chhattisgarh,2000,Kharif     ,Maize,1346.000599802922
Chhattisgarh,2000,Kharif     ,Moong(Green Gram),268.30012200081336
Chhattisgarh,2000,Rabi       ,Moong(Green Gram),217.24058238964642
Chhattisgarh,2000,Whole Year ,Potato,7269.027716673999
Chhattisgarh,2000,Kharif     ,Ragi,235.1783957793079
Chhattisgarh,2000,Rabi       ,Rapeseed &Mustard,331.00213750596635
Chhattisgarh,2000,Kharif     ,Rice,628.5025569361968
Chhattisgarh,2000,Kharif     ,Sesamum,168.98217415466166
Chhattisgarh,2000,Whole Year ,Sugarcane,2601.1456135061803
Chhattisgarh,2000,Kharif     ,Urad,281.44651393910317
Chhattisgarh,2000,Rabi       ,Urad,239.76158431070948
Chhattisgarh,2000,Rabi       ,Wheat,1021.1191613997225
Gujarat,2000,Kharif     ,Arhar/Tur,337.2129600503303
Gujarat,2000,Kharif     ,Bajra,650.2596789423985
Gujarat,2000,Summer     ,Bajra,1916.9014084507041
Gujarat,2000,Rabi       ,Gram,521.2121212121212
Gujarat,2000,Kharif     ,Groundnut,367.7140520967177
Gujarat,2000,Summer     ,Groundnut,1797.5460122699387
Gujarat,2000,Kharif     ,Jowar,630.8671439936356
Gujarat,2000,Rabi       ,Jowar,498.6666666666667
Gujarat,2000,Kharif     ,Maize,753.4604335335597
Gujarat,2000,Kharif     ,Moong(Green Gram),255.51839464882943
Gujarat,2000,Whole Year ,Potato,21832.317073170732
Gujarat,2000,Kharif     ,Ragi,714.2857142857143
Gujarat,2000,Rabi       ,Rapeseed &Mustard,1235.2625937834941
Gujarat,2000,Kharif     ,Rice,809.9400171379606
Gujarat,2000,Summer     ,Rice,2743.5897435897436
Gujarat,2000,Kharif     ,Sesamum,275.70748108713923
Gujarat,2000,Whole Year ,Sugarcane,71406.86550365786
Gujarat,2000,Kharif     ,Urad,294.04761904761904
Gujarat,2000,Rabi       ,Wheat,2268.437609227543
Haryana,2000,Kharif     ,Arhar/Tur,787.1840905952216
Haryana,2000,Kharif     ,Bajra,1078.3780273901443
Haryana,2000,Rabi       ,Gram,642.3845313804843
Haryana,2000,Kharif     ,Groundnut,588.2352941176471
Haryana,2000,Kharif     ,Jowar,254.22023885728916
Haryana,2000,Kharif     ,Maize,2203.6424914122754
Haryana,2000,Kharif     ,Moong(Green Gram),225.09848058525606
Haryana,2000,Whole Year ,Potato,15227.003127359
Haryana,2000,Rabi       ,Rapeseed &Mustard,1367.5104948479836
Haryana,2000,Kharif     ,Rice,2556.2420680614864
Haryana,2000,Kharif     ,Sesamum,283.5270768358378
Haryana,2000,Whole Year ,Sugarcane,57120.88373068587
Haryana,2000,Kharif     ,Urad,196.46365422396858
Haryana,2000,Rabi       ,Wheat,4106.117814028407
Himachal Pradesh,2000,Kharif     ,Arhar/Tur,161.76470588235293
Himachal Pradesh,2000,Kharif     ,Bajra,353.44827586206895
Himachal Pradesh,2000,Rabi       ,Gram,610.8339272986458
Himachal Pradesh,2000,Kharif     ,Groundnut,598.5401459854014
Himachal Pradesh,2000,Kharif     ,Jowar,310.10452961672473
Himachal Pradesh,2000,Kharif     ,Maize,2293.7004281132154
Himachal Pradesh,2000,Kharif     ,Moong(Green Gram),281.25
Himachal Pradesh,2000,Rabi       ,Rapeseed &Mustard,375.4903985133182
Himachal Pradesh,2000,Kharif     ,Rice,1532.0722776285284
Himachal Pradesh,2000,Kharif     ,Sesamum,378.1549173194082
Himachal Pradesh,2000,Whole Year ,Sugarcane,2788.0724174653888
Himachal Pradesh,2000,Kharif     ,Urad,293.27024927618106
Himachal Pradesh,2000,Rabi       ,Wheat,720.5619588595379
Madhya Pradesh,2000,Kharif     ,Arhar/Tur,667.9925302850337
Madhya Pradesh,2000,Kharif     ,Bajra,1246.0015975317524
Madhya Pradesh,2000,Rabi       ,Gram,819.9997464792303
Madhya Pradesh,2000,Kharif     ,Groundnut,1052.9986052998606
Madhya Pradesh,2000,Kharif     ,Jowar,716.9994281710333
Madhya Pradesh,2000,Rabi       ,Jowar,717.0241898676403
Madhya Pradesh,2000,Kharif     ,Maize,1458.999709393114
Madhya Pradesh,2000,Kharif     ,Ragi,371.28435221536733
Madhya Pradesh,2000,Rabi       ,Rapeseed &Mustard,773.9995545326304
Madhya Pradesh,2000,Kharif     ,Rice,574.5876209093491
Madhya Pradesh,2000,Kharif     ,Sesamum,281.03646431929786
Madhya Pradesh,2000,Whole Year ,Sugarcane,22170.125647304405
Madhya Pradesh,2000,Rabi       ,Wheat,1473.7239021314774
Maharashtra,2000,Kharif     ,Arhar/Tur,602.4085393668461
Maharashtra,2000,Kharif     ,Bajra,604.0
Maharashtra,2000,Rabi       ,Gram,518.7814256137237
Maharashtra,2000,Kharif     ,Groundnut,893.01461481298
Maharashtra,2000,Summer     ,Groundnut,1262.7314814814815
Maharashtra,2000,Kharif     ,Jowar,1255.916230366492
Maharashtra,2000,Rabi       ,Jowar,499.1361708811057
Maharashtra,2000,Kharif     ,Maize,835.5899419729207
Maharashtra,2000,Rabi       ,Maize,1247.8632478632478
Maharashtra,2000,Kharif     ,Moong(Green Gram),341.4531709365813
Maharashtra,2000,Kharif     ,Ragi,830.2130406714009
Maharashtra,2000,Rabi       ,Rapeseed &Mustard,231.70731707317074
Maharashtra,2000,Kharif     ,Rice,1264.2626480086114
Maharashtra,2000,Summer     ,Rice,2011.9521912350597
Maharashtra,2000,Kharif     ,Sesamum,215.12158054711247
Maharashtra,2000,Rabi       ,Sesamum,358.49056603773585
Maharashtra,2000,Whole Year ,Sugarcane,83266.75625734923
Maharashtra,2000,Kharif     ,Urad,357.3170731707317
Maharashtra,2000,Rabi       ,Wheat,1256.430654998674
Mizoram,2000,Kharif     ,Arhar/Tur,1233.7662337662337
Mizoram,2000,Kharif     ,Maize,2513.572542901716
Mizoram,2000,Rabi       ,Maize,1390.5579399141632
Mizoram,2000,Whole Year ,Potato,7835.4838709677415
Mizoram,2000,Rabi       ,Rapeseed &Mustard,852.2336769759451
Mizoram,2000,Kharif     ,Rice,1999.9035475221358
Mizoram,2000,Kharif     ,Sesamum,539.9630704299657
Mizoram,2000,Whole Year ,Sugarcane,6681.72268907563
Nagaland,2000,Kharif     ,Arhar/Tur,1125.0
Nagaland,2000,Kharif     ,Bajra,833.3333333333334
Nagaland,2000,Rabi       ,Gram,800.0
Nagaland,2000,Kharif     ,Groundnut,1142.857142857143
Nagaland,2000,Kharif     ,Jowar,833.3333333333334
Nagaland,2000,Kharif     ,Maize,1500.0
Nagaland,2000,Kharif     ,Moong(Green Gram),900.0
Nagaland,2000,Whole Year ,Potato,10548.458149779735
Nagaland,2000,Rabi       ,Rapeseed &Mustard,800.0
Nagaland,2000,Kharif     ,Rice,1533.3333333333333
Nagaland,2000,Rabi       ,Rice,1982.142857142857
Nagaland,2000,Kharif     ,Sesamum,833.3333333333334
Nagaland,2000,Whole Year ,Sugarcane,50000.0
Nagaland,2000,Rabi       ,Wheat,2000.0
Odisha,2000,Kharif     ,Arhar/Tur,651.5354700281615
Odisha,2000,Rabi       ,Arhar/Tur,600.0
Odisha,2000,Kharif     ,Bajra,570.3883495145631
Odisha,2000,Rabi       ,Gram,618.5167232186137
Odisha,2000,Kharif     ,Groundnut,794.3253589839269
Odisha,2000,Kharif     ,Jowar,575.3846153846154
Odisha,2000,Kharif     ,Maize,1266.5943241801697
Odisha,2000,Kharif     ,Moong(Green Gram),198.657080846446
Odisha,2000,Whole Year ,Potato,10407.46576172585
Odisha,2000,Kharif     ,Ragi,554.3396720686821
Odisha,2000,Rabi       ,Rapeseed &Mustard,133.03751512706737
Odisha,2000,Autumn     ,Rice,543.2556724434511
Odisha,2000,Summer     ,Rice,2135.8293426208097
Odisha,2000,Winter     ,Rice,1099.450806886858
Odisha,2000,Kharif     ,Sesamum,133.40065739970694
Odisha,2000,Whole Year ,Sugarcane,57461.52011922504
Odisha,2000,Kharif     ,Urad,249.84188962520966
Odisha,2000,Rabi       ,Wheat,1463.204444948407
Punjab,2000,Kharif     ,Arhar/Tur,873.5632183908046
Punjab,2000,Kharif     ,Bajra,833.3333333333334
Punjab,2000,Rabi       ,Gram,948.0519480519481
Punjab,2000,Kharif     ,Groundnut,1000.0
Punjab,2000,Kharif     ,Maize,2793.939393939394
Punjab,2000,Kharif     ,Moong(Green Gram),623.728813559322
Punjab,2000,Kharif     ,Rice,3505.936422826503
Punjab,2000,Kharif     ,Sesamum,398.9583333333333
Punjab,2000,Whole Year ,Sugarcane,64214.87603305785
Punjab,2000,Rabi       ,Wheat,4563.0868544600935
Tamil Nadu,2000,Kharif     ,Arhar/Tur,709.9224057742349
Tamil Nadu,2000,Kharif     ,Bajra,1518.845007638176
Tamil Nadu,2000,Rabi       ,Gram,617.7918424753868
Tamil Nadu,2000,Kharif     ,Groundnut,1765.4991194611805
Tamil Nadu,2000,Kharif     ,Jowar,1010.0186909805341
Tamil Nadu,2000,Kharif     ,Maize,1618.119897831422
Tamil Nadu,2000,Kharif     ,Moong(Green Gram),457.5157474962614
Tamil Nadu,2000,Whole Year ,Potato,18041.131105398457
Tamil Nadu,2000,Kharif     ,Ragi,1714.2069951073004
Tamil Nadu,2000,Rabi       ,Rapeseed &Mustard,245.68393094289507
Tamil Nadu,2000,Kharif     ,Rice,3415.394275612489
Tamil Nadu,2000,Kharif     ,Sesamum,563.0286102853161
Tamil Nadu,2000,Kharif     ,Urad,484.9617645074626
Uttar Pradesh,2000,Kharif     ,Arhar/Tur,1253.7162195397889
Uttar Pradesh,2000,Kharif     ,Bajra,1449.8813861363662
Uttar Pradesh,2000,Rabi       ,Gram,843.591950607858
Uttar Pradesh,2000,Kharif     ,Groundnut,834.8191466320121
Uttar Pradesh,2000,Kharif     ,Jowar,948.3977929176489
Uttar Pradesh,2000,Kharif     ,Maize,1622.4993859638496
Uttar Pradesh,2000,Rabi       ,Maize,1621.7283568220537
Uttar Pradesh,2000,Kharif     ,Moong(Green Gram),301.76807620654506
Uttar Pradesh,2000,Rabi       ,Moong(Green Gram),452.25316837090185
Uttar Pradesh,2000,Whole Year ,Potato,21310.73910825892
Uttar Pradesh,2000,Rabi       ,Rapeseed &Mustard,1000.4261501558955
Uttar Pradesh,2000,Kharif     ,Rice,1976.9642528075271
Uttar Pradesh,2000,Summer     ,Rice,2282.17002977175
Uttar Pradesh,2000,Kharif     ,Sesamum,161.45133956270894
Uttar Pradesh,2000,Whole Year ,Sugarcane,54720.05957595212
Uttar Pradesh,2000,Kharif     ,Urad,416.2205941220827
Uttar Pradesh,2000,Rabi       ,Urad,459.88395199109766
Uttar Pradesh,2000,Rabi       ,Wheat,2724.0485789470663
Uttarakhand,2000,Kharif     ,Arhar/Tur,519.047619047619
Uttarakhand,2000,Kharif     ,Bajra,1363.6363636363637
Uttarakhand,2000,Rabi       ,Gram,687.8147029204431
Uttarakhand,2000,Kharif     ,Groundnut,846.2857142857143
Uttarakhand,2000,Kharif     ,Maize,1443.2724773657633
Uttarakhand,2000,Rabi       ,Maize,1571.4285714285713
Uttarakhand,2000,Kharif     ,Moong(Green Gram),355.55555555555554
Uttarakhand,2000,Rabi       ,Moong(Green Gram),281.8181818181818
Uttarakhand,2000,Kharif     ,Potato,22002.704422526247
Uttarakhand,2000,Rabi       ,Potato,22883.5161439827
Uttarakhand,2000,Kharif     ,Ragi,1270.5095785740568
Uttarakhand,2000,Rabi       ,Rapeseed &Mustard,606.2210950320751
Uttarakhand,2000,Kharif     ,Rice,2027.9605666357318
Uttarakhand,2000,Rabi       ,Rice,3128.0209013716526
Uttarakhand,2000,Kharif     ,Sesamum,163.7037037037037
Uttarakhand,2000,Whole Year ,Sugarcane,58650.04550215491
Uttarakhand,2000,Kharif     ,Urad,441.04330708661416
Uttarakhand,2000,Rabi       ,Urad,338.89980353634576
Uttarakhand,2000,Rabi       ,Wheat,1884.3377325488948
Bihar,2001,Kharif     ,Arhar/Tur,1282.5713877103494
Bihar,2001,Kharif     ,Bajra,722.2222222222222
Bihar,2001,Rabi       ,Gram,948.3816847256204
Bihar,2001,Kharif     ,Groundnut,559.1836734693877
Bihar,2001,Kharif     ,Jowar,845.943482224248
Bihar,2001,Autumn     ,Maize,1621.222829084165
Bihar,2001,Rabi       ,Maize,3320.6900783888923
Bihar,2001,Summer     ,Maize,2590.4086371643625
Bihar,2001,Kharif     ,Moong(Green Gram),565.0468235889648
Bihar,2001,Whole Year ,Potato,10172.527933060099
Bihar,2001,Kharif     ,Ragi,877.9276082327892
Bihar,2001,Rabi       ,Rapeseed &Mustard,815.9132384378747
Bihar,2001,Autumn     ,Rice,1530.7420633832476
Bihar,2001,Kharif     ,Rice,1932.1919654893502
Bihar,2001,Summer     ,Rice,1184.2635602794132
Bihar,2001,Kharif     ,Sesamum,625.1137397634213
Bihar,2001,Whole Year ,Sugarcane,48182.76827268662
Bihar,2001,Kharif     ,Urad,672.5588962237587
Bihar,2001,Rabi       ,Wheat,2062.361365327202
Chhattisgarh,2001,Kharif     ,Arhar/Tur,401.0094787671641
Chhattisgarh,2001,Kharif     ,Bajra,450.0
Chhattisgarh,2001,Whole Year ,Bajra,39049.645390070924
Chhattisgarh,2001,Rabi       ,Gram,735.0018880392712
Chhattisgarh,2001,Kharif     ,Groundnut,1235.0017749378771
Chhattisgarh,2001,Kharif     ,Jowar,973.0446779157381
Chhattisgarh,2001,Kharif     ,Maize,742.9972287358772
Chhattisgarh,2001,Kharif     ,Moong(Green Gram),298.5831006308822
Chhattisgarh,2001,Rabi       ,Moong(Green Gram),276.3584023029867
Chhattisgarh,2001,Whole Year ,Potato,6886.95652173913
Chhattisgarh,2001,Kharif     ,Ragi,295.58011049723757
Chhattisgarh,2001,Rabi       ,Rapeseed &Mustard,371.1930068540777
Chhattisgarh,2001,Kharif     ,Rice,1331.6461563334622
Chhattisgarh,2001,Kharif     ,Sesamum,241.98127198000086
Chhattisgarh,2001,Whole Year ,Sugarcane,2602.4165707710013
Chhattisgarh,2001,Kharif     ,Urad,308.25133675707576
Chhattisgarh,2001,Rabi       ,Urad,241.71045479253488
Chhattisgarh,2001,Rabi       ,Wheat,1057.4181747580753
Gujarat,2001,Kharif     ,Arhar/Tur,562.7445079747216
Gujarat,2001,Kharif     ,Bajra,1261.1576447055882
Gujarat,2001,Summer     ,Bajra,1812.0085775553966
Gujarat,2001,Rabi       ,Gram,553.9714867617108
Gujarat,2001,Kharif     ,Groundnut,1400.605176419733
Gujarat,2001,Summer     ,Groundnut,1472.972972972973
Gujarat,2001,Kharif     ,Jowar,971.0773680404917
Gujarat,2001,Rabi       ,Jowar,793.6507936507936
Gujarat,2001,Kharif     ,Maize,1994.5885005636978
Gujarat,2001,Kharif     ,Moong(Green Gram),455.4631828978622
Gujarat,2001,Whole Year ,Potato,24829.721362229102
Gujarat,2001,Kharif     ,Ragi,1023.8095238095239
Gujarat,2001,Rabi       ,Rapeseed &Mustard,1182.1125050586807
Gujarat,2001,Kharif     ,Rice,1549.2469879518073
Gujarat,2001,Summer     ,Rice,3026.315789473684
Gujarat,2001,Kharif     ,Sesamum,596.6807165437302
Gujarat,2001,Whole Year ,Sugarcane,70864.6188850967
Gujarat,2001,Kharif     ,Urad,563.7642919964819
Gujarat,2001,Rabi       ,Wheat,2435.013826845352
Haryana,2001,Kharif     ,Arhar/Tur,776.4061889068871
Haryana,2001,Kharif     ,Bajra,1421.0707905047875
Haryana,2001,Rabi       ,Gram,856.2845672253573
Haryana,2001,Kharif     ,Groundnut,618.5567010309278
Haryana,2001,Kharif     ,Jowar,211.91746777891228
Haryana,2001,Kharif     ,Maize,2619.2599197503346
Haryana,2001,Kharif     ,Moong(Green Gram),227.6064610866373
Haryana,2001,Whole Year ,Potato,21121.048252911813
Haryana,2001,Rabi       ,Rapeseed &Mustard,1491.215806887553
Haryana,2001,Kharif     ,Rice,2653.02845241629
Haryana,2001,Kharif     ,Sesamum,289.37577511368335
Haryana,2001,Whole Year ,Sugarcane,57511.91185229303
Haryana,2001,Kharif     ,Urad,200.1000500250125
Haryana,2001,Rabi       ,Wheat,4103.264697748922
Himachal Pradesh,2001,Kharif     ,Arhar/Tur,229.05405405405406
Himachal Pradesh,2001,Kharif     ,Bajra,518.1818181818181
Himachal Pradesh,2001,Rabi       ,Gram,877.6223776223776
Himachal Pradesh,2001,Kharif     ,Groundnut,581.3953488372093
Himachal Pradesh,2001,Kharif     ,Maize,2217.9486328423204
Himachal Pradesh,2001,Kharif     ,Moong(Green Gram),340.4255319148936
Himachal Pradesh,2001,Whole Year ,Potato,8916.745283018869
Himachal Pradesh,2001,Rabi       ,Rapeseed &Mustard,527.775103494753
Himachal Pradesh,2001,Kharif     ,Rice,1705.3822956353392
Himachal Pradesh,2001,Kharif     ,Sesamum,537.2067039106146
Himachal Pradesh,2001,Whole Year ,Sugarcane,4257.685009487666
Himachal Pradesh,2001,Kharif     ,Urad,406.46668676514923
Himachal Pradesh,2001,Rabi       ,Wheat,1738.1629278780306
Madhya Pradesh,2001,Kharif     ,Arhar/Tur,817.9987926951422
Madhya Pradesh,2001,Kharif     ,Bajra,1265.002133224508
Madhya Pradesh,2001,Rabi       ,Gram,943.9999434806722
Madhya Pradesh,2001,Kharif     ,Groundnut,1115.999308582454
Madhya Pradesh,2001,Kharif     ,Jowar,903.0003727171077
Madhya Pradesh,2001,Rabi       ,Jowar,902.9084687767322
Madhya Pradesh,2001,Kharif     ,Maize,1984.0000474459264
Madhya Pradesh,2001,Whole Year ,Potato,13209.992966368824
Madhya Pradesh,2001,Kharif     ,Ragi,265.748031496063
Madhya Pradesh,2001,Rabi       ,Rapeseed &Mustard,909.0003150080535
Madhya Pradesh,2001,Kharif     ,Rice,954.5049967443309
Madhya Pradesh,2001,Kharif     ,Sesamum,303.99915024695946
Madhya Pradesh,2001,Whole Year ,Sugarcane,38932.097424385065
Madhya Pradesh,2001,Rabi       ,Wheat,1623.5297113232443
Maharashtra,2001,Kharif     ,Arhar/Tur,757.4953307775484
Maharashtra,2001,Kharif     ,Bajra,593.767867352773
Maharashtra,2001,Rabi       ,Gram,595.6630966547666
Maharashtra,2001,Kharif     ,Groundnut,1081.4940577249577
Maharashtra,2001,Summer     ,Groundnut,1444.7368421052631
Maharashtra,2001,Kharif     ,Jowar,1164.4666629219794
Maharashtra,2001,Rabi       ,Jowar,547.1147257723359
Maharashtra,2001,Kharif     ,Maize,1803.9685658153242
Maharashtra,2001,Rabi       ,Maize,1839.9366085578447
Maharashtra,2001,Summer     ,Maize,1376.4705882352941
Maharashtra,2001,Kharif     ,Moong(Green Gram),408.80945679707287
Maharashtra,2001,Kharif     ,Ragi,1205.0431320504313
Maharashtra,2001,Rabi       ,Rapeseed &Mustard,252.45901639344262
Maharashtra,2001,Kharif     ,Rice,1741.796664873588
Maharashtra,2001,Summer     ,Rice,2268.6567164179105
Maharashtra,2001,Kharif     ,Sesamum,322.153574580759
Maharashtra,2001,Rabi       ,Sesamum,213.33333333333334
Maharashtra,2001,Whole Year ,Sugarcane,78069.52611553096
Maharashtra,2001,Kharif     ,Urad,434.4053088310362
Maharashtra,2001,Rabi       ,Wheat,1388.4020618556701
Mizoram,2001,Kharif     ,Arhar/Tur,924.5283018867924
Mizoram,2001,Kharif     ,Maize,2504.642271982523
Mizoram,2001,Rabi       ,Maize,1532.3779193205944
Mizoram,2001,Kharif     ,Moong(Green Gram),727.2727272727273
Mizoram,2001,Rabi       ,Moong(Green Gram),869.8803914461762
Mizoram,2001,Whole Year ,Potato,3912.2340425531916
Mizoram,2001,Rabi       ,Rapeseed &Mustard,871.2910986367282
Mizoram,2001,Kharif     ,Rice,1891.7859699355763
Mizoram,2001,Kharif     ,Sesamum,436.8883312421581
Mizoram,2001,Whole Year ,Sugarcane,6786.802030456853
Mizoram,2001,Kharif     ,Urad,1035.7142857142858
Mizoram,2001,Rabi       ,Urad,638.8888888888889
Nagaland,2001,Kharif     ,Arhar/Tur,714.2857142857143
Nagaland,2001,Kharif     ,Bajra,666.6666666666666
Nagaland,2001,Rabi       ,Gram,1000.0
Nagaland,2001,Kharif     ,Groundnut,1100.0
Nagaland,2001,Rabi       ,Groundnut,1230.2158273381294
Nagaland,2001,Kharif     ,Jowar,800.0
Nagaland,2001,Kharif     ,Maize,2000.0
Nagaland,2001,Kharif     ,Moong(Green Gram),666.6666666666666
Nagaland,2001,Whole Year ,Potato,11949.295774647888
Nagaland,2001,Rabi       ,Rapeseed &Mustard,961.875
Nagaland,2001,Kharif     ,Rice,1516.1290322580646
Nagaland,2001,Rabi       ,Rice,1333.3333333333333
Nagaland,2001,Kharif     ,Sesamum,789.2561983471074
Nagaland,2001,Rabi       ,Sesamum,803.4300791556728
Nagaland,2001,Whole Year ,Sugarcane,48000.0
Nagaland,2001,Rabi       ,Wheat,2058.3333333333335
Odisha,2001,Kharif     ,Arhar/Tur,645.1459390862944
Odisha,2001,Rabi       ,Arhar/Tur,551.7241379310345
Odisha,2001,Kharif     ,Bajra,566.0847880299252
Odisha,2001,Rabi       ,Gram,649.7289972899729
Odisha,2001,Kharif     ,Groundnut,980.9553441302177
Odisha,2001,Kharif     ,Jowar,578.3034257748776
Odisha,2001,Kharif     ,Maize,907.2489694329937
Odisha,2001,Kharif     ,Moong(Green Gram),240.44402407404795
Odisha,2001,Whole Year ,Potato,10296.7018469657
Odisha,2001,Kharif     ,Ragi,591.080747947864
Odisha,2001,Rabi       ,Rapeseed &Mustard,157.0732396355675
Odisha,2001,Kharif     ,Rice,1604.4444444444443
Odisha,2001,Kharif     ,Sesamum,219.90188664611327
Odisha,2001,Whole Year ,Sugarcane,58610.02912267928
Odisha,2001,Kharif     ,Urad,299.1392160285764
Odisha,2001,Rabi       ,Wheat,1514.4782110091744
Punjab,2001,Kharif     ,Arhar/Tur,858.695652173913
Punjab,2001,Rabi       ,Gram,873.2394366197183
Punjab,2001,Kharif     ,Groundnut,1000.0
Punjab,2001,Kharif     ,Maize,2721.212121212121
Punjab,2001,Kharif     ,Moong(Green Gram),478.2608695652174
Punjab,2001,Rabi       ,Rapeseed &Mustard,1300.0
Punjab,2001,Kharif     ,Rice,3544.833132287897
Punjab,2001,Kharif     ,Sesamum,390.2439024390244
Punjab,2001,Whole Year ,Sugarcane,65140.84507042253
Punjab,2001,Rabi       ,Wheat,4531.87134502924
Tamil Nadu,2001,Kharif     ,Arhar/Tur,651.1247700941632
Tamil Nadu,2001,Kharif     ,Bajra,1222.858193504033
Tamil Nadu,2001,Kharif     ,Groundnut,1884.8626357880003
Tamil Nadu,2001,Kharif     ,Jowar,866.3726661475949
Tamil Nadu,2001,Kharif     ,Moong(Green Gram),414.5121903949765
Tamil Nadu,2001,Kharif     ,Ragi,1883.1207285647977
Tamil Nadu,2001,Kharif     ,Rice,3196.1261783464847
Tamil Nadu,2001,Kharif     ,Sesamum,548.5044365995611
Tamil Nadu,2001,Kharif     ,Urad,391.99918834523885
Uttar Pradesh,2001,Kharif     ,Arhar/Tur,1157.2693974045476
Uttar Pradesh,2001,Kharif     ,Bajra,1137.5353080365383
Uttar Pradesh,2001,Rabi       ,Gram,971.678630314941
Uttar Pradesh,2001,Kharif     ,Groundnut,838.5434590522252
Uttar Pradesh,2001,Kharif     ,Jowar,958.1275672324266
Uttar Pradesh,2001,Kharif     ,Maize,1628.7344673082941
Uttar Pradesh,2001,Rabi       ,Maize,1629.0257764510018
Uttar Pradesh,2001,Kharif     ,Moong(Green Gram),275.0320467169919
Uttar Pradesh,2001,Rabi       ,Moong(Green Gram),471.82185815014515
Uttar Pradesh,2001,Whole Year ,Potato,24662.194506784163
Uttar Pradesh,2001,Rabi       ,Rapeseed &Mustard,1012.6561272497771
Uttar Pradesh,2001,Kharif     ,Rice,2117.347692080542
Uttar Pradesh,2001,Summer     ,Rice,2382.8207847295866
Uttar Pradesh,2001,Kharif     ,Sesamum,249.810491943478
Uttar Pradesh,2001,Whole Year ,Sugarcane,57979.53641560719
Uttar Pradesh,2001,Kharif     ,Urad,407.98857986926373
Uttar Pradesh,2001,Rabi       ,Urad,490.79045180474105
Uttar Pradesh,2001,Rabi       ,Wheat,2754.7726394421225
Uttarakhand,2001,Kharif     ,Arhar/Tur,544.4674250258531
Uttarakhand,2001,Kharif     ,Bajra,1295.4545454545455
Uttarakhand,2001,Rabi       ,Gram,689.4360603653694
Uttarakhand,2001,Kharif     ,Groundnut,892.6056338028169
Uttarakhand,2001,Kharif     ,Maize,1235.1083854514543
Uttarakhand,2001,Rabi       ,Maize,1464.0
Uttarakhand,2001,Kharif     ,Moong(Green Gram),477.6119402985075
Uttarakhand,2001,Rabi       ,Moong(Green Gram),271.1864406779661
Uttarakhand,2001,Kharif     ,Potato,20036.20667439763
Uttarakhand,2001,Rabi       ,Potato,21209.966893186967
Uttarakhand,2001,Kharif     ,Ragi,1229.050152148673
Uttarakhand,2001,Rabi       ,Rapeseed &Mustard,640.6952098346757
Uttarakhand,2001,Kharif     ,Rice,2021.4731354338785
Uttarakhand,2001,Rabi       ,Rice,3152.0872108481785
Uttarakhand,2001,Kharif     ,Sesamum,171.89514396218306
Uttarakhand,2001,Whole Year ,Sugarcane,58657.50988308875
Uttarakhand,2001,Kharif     ,Urad,623.3036967711746
Uttarakhand,2001,Rabi       ,Urad,372.98387096774195
Uttarakhand,2001,Rabi       ,Wheat,1919.3652634406744
Bihar,2002,Kharif     ,Arhar/Tur,1140.2866242038217
Bihar,2002,Kharif     ,Bajra,1029.4695481335953
Bihar,2002,Rabi       ,Gram,1009.7532265523184
Bihar,2002,Kharif     ,Groundnut,493.2614555256065
Bihar,2002,Kharif     ,Jowar,1009.9954566106315
Bihar,2002,Autumn     ,Maize,1678.9146587723253
Bihar,2002,Rabi       ,Maize,2771.6760696191404
Bihar,2002,Summer     ,Maize,2689.4748947862468
Bihar,2002,Kharif     ,Moong(Green Gram),539.0749601275917
Bihar,2002,Summer     ,Moong(Green Gram),609.4675834652177
Bihar,2002,Whole Year ,Potato,9989.257132033095
Bihar,2002,Kharif     ,Ragi,687.9439478134815
Bihar,2002,Rabi       ,Rapeseed &Mustard,688.6268762767563
Bihar,2002,Autumn     ,Rice,1170.8613790431255
Bihar,2002,Summer     ,Rice,1641.881449723316
Bihar,2002,Winter     ,Rice,1459.5346941920598
Bihar,2002,Kharif     ,Sesamum,720.4755614266843
Bihar,2002,Whole Year ,Sugarcane,42141.41884963177
Bihar,2002,Kharif     ,Urad,740.6035992992515
Bihar,2002,Rabi       ,Wheat,1896.1694243788988
Chhattisgarh,2002,Kharif     ,Arhar/Tur,433.00190243727343
Chhattisgarh,2002,Kharif     ,Bajra,393.93939393939394
Chhattisgarh,2002,Whole Year ,Bajra,39406.25
Chhattisgarh,2002,Rabi       ,Gram,644.0018680092033
Chhattisgarh,2002,Kharif     ,Groundnut,1109.9886459576699
Chhattisgarh,2002,Kharif     ,Jowar,739.933316234932
Chhattisgarh,2002,Kharif     ,Maize,1304.9970730668938
Chhattisgarh,2002,Kharif     ,Moong(Green Gram),234.07792207792207
Chhattisgarh,2002,Rabi       ,Moong(Green Gram),248.90061565523308
Chhattisgarh,2002,Whole Year ,Potato,6388.9585947302385
Chhattisgarh,2002,Kharif     ,Ragi,207.54537679369002
Chhattisgarh,2002,Rabi       ,Rapeseed &Mustard,329.00998020802626
Chhattisgarh,2002,Kharif     ,Rice,697.4826486548158
Chhattisgarh,2002,Kharif     ,Sesamum,260.0306773229999
Chhattisgarh,2002,Whole Year ,Sugarcane,2518.827394490776
Chhattisgarh,2002,Kharif     ,Urad,260.67703631095173
Chhattisgarh,2002,Rabi       ,Urad,225.92592592592592
Chhattisgarh,2002,Rabi       ,Wheat,1050.5722140528098
Gujarat,2002,Kharif     ,Arhar/Tur,629.7124600638978
Gujarat,2002,Kharif     ,Bajra,849.1417115649668
Gujarat,2002,Summer     ,Bajra,1613.652357494722
Gujarat,2002,Rabi       ,Gram,502.60869565217394
Gujarat,2002,Kharif     ,Groundnut,507.6041772280239
Gujarat,2002,Summer     ,Groundnut,1639.0845070422536
Gujarat,2002,Kharif     ,Jowar,836.2068965517242
Gujarat,2002,Rabi       ,Jowar,665.3771760154739
Gujarat,2002,Kharif     ,Maize,1706.350914962325
Gujarat,2002,Kharif     ,Moong(Green Gram),230.38516405135522
Gujarat,2002,Whole Year ,Potato,21779.329608938548
Gujarat,2002,Kharif     ,Ragi,646.3414634146342
Gujarat,2002,Rabi       ,Rapeseed &Mustard,1070.8955223880596
Gujarat,2002,Kharif     ,Rice,1155.0106609808101
Gujarat,2002,Summer     ,Rice,4635.593220338983
Gujarat,2002,Kharif     ,Sesamum,358.03545480964834
Gujarat,2002,Whole Year ,Sugarcane,69339.57614588467
Gujarat,2002,Kharif     ,Urad,372.5328947368421
Gujarat,2002,Rabi       ,Wheat,1966.4830119375574
Haryana,2002,Kharif     ,Arhar/Tur,822.2438602185438
Haryana,2002,Kharif     ,Bajra,891.5362454255236
Haryana,2002,Rabi       ,Gram,750.1189212924
Haryana,2002,Kharif     ,Groundnut,756.3694267515923
Haryana,2002,Kharif     ,Jowar,194.57145636735092
Haryana,2002,Kharif     ,Maize,1825.5067354903688
Haryana,2002,Kharif     ,Moong(Green Gram),152.76338043537564
Haryana,2002,Whole Year ,Potato,28262.97443841983
Haryana,2002,Rabi       ,Rapeseed &Mustard,1148.3023412517318
Haryana,2002,Kharif     ,Rice,2725.1115495925033
Haryana,2002,Kharif     ,Sesamum,413.48600508905855
Haryana,2002,Whole Year ,Sugarcane,56346.22506745675
Haryana,2002,Kharif     ,Urad,172.66187050359713
Haryana,2002,Rabi       ,Wheat,4052.683116172799
Himachal Pradesh,2002,Kharif     ,Arhar/Tur,155.688622754491
Himachal Pradesh,2002,Kharif     ,Bajra,558.8235294117648
Himachal Pradesh,2002,Rabi       ,Gram,749.0747594374537
Himachal Pradesh,2002,Kharif     ,Groundnut,453.6082474226804
Himachal Pradesh,2002,Kharif     ,Maize,1612.179412343521
Himachal Pradesh,2002,Kharif     ,Moong(Green Gram),284.26395939086296
Himachal Pradesh,2002,Whole Year ,Potato,9757.764866221934
Himachal Pradesh,2002,Rabi       ,Rapeseed &Mustard,467.853509664293
Himachal Pradesh,2002,Kharif     ,Rice,1028.580692421313
Himachal Pradesh,2002,Kharif     ,Sesamum,421.68674698795184
Himachal Pradesh,2002,Whole Year ,Sugarcane,1588.8585099111415
Himachal Pradesh,2002,Kharif     ,Urad,241.91002367797947
Himachal Pradesh,2002,Rabi       ,Wheat,1378.6984717851985
Karnataka,2002,Kharif     ,Arhar/Tur,468.4486003865701
Karnataka,2002,Kharif     ,Bajra,393.18059157265657
Karnataka,2002,Rabi       ,Bajra,793.3579335793358
Karnataka,2002,Summer     ,Bajra,861.9909502262443
Karnataka,2002,Rabi       ,Gram,524.9197062949014
Karnataka,2002,Kharif     ,Groundnut,549.185426953441
Karnataka,2002,Rabi       ,Groundnut,1143.9394536018333
Karnataka,2002,Kharif     ,Jowar,1133.3010875161879
Karnataka,2002,Rabi       ,Jowar,581.0798192336794
Karnataka,2002,Summer     ,Jowar,1652.8553027050236
Karnataka,2002,Kharif     ,Maize,2013.3624555261608
Karnataka,2002,Rabi       ,Maize,2507.4870174613043
Karnataka,2002,Summer     ,Maize,2522.8596646072374
Karnataka,2002,Kharif     ,Moong(Green Gram),65.59703013104993
Karnataka,2002,Rabi       ,Moong(Green Gram),174.6470812666921
Karnataka,2002,Whole Year ,Potato,2947.6157567380787
Karnataka,2002,Kharif     ,Ragi,949.466877986372
Karnataka,2002,Rabi       ,Ragi,757.2464680551009
Karnataka,2002,Summer     ,Ragi,1147.6403521431664
Karnataka,2002,Rabi       ,Rapeseed &Mustard,265.57377049180326
Karnataka,2002,Kharif     ,Rice,2041.516248990746
Karnataka,2002,Rabi       ,Rice,2027.746947835738
Karnataka,2002,Summer     ,Rice,2491.9648538510487
Karnataka,2002,Kharif     ,Sesamum,393.0639721591443
Karnataka,2002,Whole Year ,Sugarcane,84880.31166469395
Karnataka,2002,Kharif     ,Urad,142.37224591448026
Karnataka,2002,Rabi       ,Urad,117.81895050982342
Karnataka,2002,Rabi       ,Wheat,598.5213992019607
Madhya Pradesh,2002,Kharif     ,Arhar/Tur,613.9984242926008
Madhya Pradesh,2002,Kharif     ,Bajra,743.9984246424117
Madhya Pradesh,2002,Rabi       ,Gram,694.0000665451001
Madhya Pradesh,2002,Kharif     ,Groundnut,619.000878992089
Madhya Pradesh,2002,Kharif     ,Jowar,921.0002025273529
Madhya Pradesh,2002,Rabi       ,Jowar,920.94196804037
Madhya Pradesh,2002,Kharif     ,Maize,1750.999446387976
Madhya Pradesh,2002,Whole Year ,Potato,11935.993736390106
Madhya Pradesh,2002,Kharif     ,Ragi,246.71052631578948
Madhya Pradesh,2002,Rabi       ,Rapeseed &Mustard,650.0012217404643
Madhya Pradesh,2002,Kharif     ,Rice,613.3239822464989
Madhya Pradesh,2002,Kharif     ,Sesamum,230.0028510786581
Madhya Pradesh,2002,Whole Year ,Sugarcane,39936.01719857702
Madhya Pradesh,2002,Rabi       ,Wheat,1458.991458922012
Maharashtra,2002,Kharif     ,Arhar/Tur,733.1823756958204
Maharashtra,2002,Kharif     ,Bajra,740.6928645294726
Maharashtra,2002,Rabi       ,Gram,563.3006782215524
Maharashtra,2002,Kharif     ,Groundnut,958.3927044742092
Maharashtra,2002,Summer     ,Groundnut,1678.4660766961651
Maharashtra,2002,Kharif     ,Jowar,1413.1408950707093
Maharashtra,2002,Rabi       ,Jowar,471.22488658457553
Maharashtra,2002,Kharif     ,Maize,2090.637450199203
Maharashtra,2002,Rabi       ,Maize,1622.3662884927066
Maharashtra,2002,Summer     ,Maize,1626.5060240963855
Maharashtra,2002,Kharif     ,Moong(Green Gram),493.37531155712975
Maharashtra,2002,Kharif     ,Ragi,851.2679917751885
Maharashtra,2002,Rabi       ,Rapeseed &Mustard,280.24691358024694
Maharashtra,2002,Kharif     ,Rice,1197.8888295029396
Maharashtra,2002,Summer     ,Rice,2305.6603773584907
Maharashtra,2002,Kharif     ,Sesamum,311.4620938628159
Maharashtra,2002,Rabi       ,Sesamum,183.72093023255815
Maharashtra,2002,Whole Year ,Sugarcane,74362.24044669342
Maharashtra,2002,Kharif     ,Urad,567.8661616161617
Maharashtra,2002,Rabi       ,Wheat,1294.946038431166
Meghalaya,2002,Kharif     ,Arhar/Tur,780.2469135802469
Meghalaya,2002,Rabi       ,Gram,613.9630390143737
Meghalaya,2002,Kharif     ,Maize,1529.3109561517551
Meghalaya,2002,Whole Year ,Potato,9290.244037408002
Meghalaya,2002,Rabi       ,Rapeseed &Mustard,648.4309913912801
Meghalaya,2002,Kharif     ,Rice,1772.1686993001802
Meghalaya,2002,Kharif     ,Sesamum,526.7034990791897
Meghalaya,2002,Whole Year ,Sugarcane,2737.5
Meghalaya,2002,Rabi       ,Wheat,1748.3419307295505
Mizoram,2002,Kharif     ,Arhar/Tur,742.5742574257425
Mizoram,2002,Rabi       ,Arhar/Tur,505.95238095238096
Mizoram,2002,Kharif     ,Maize,2006.0966758600669
Mizoram,2002,Rabi       ,Maize,1765.0
Mizoram,2002,Kharif     ,Moong(Green Gram),692.3076923076923
Mizoram,2002,Rabi       ,Moong(Green Gram),1027.027027027027
Mizoram,2002,Whole Year ,Potato,1967.479674796748
Mizoram,2002,Rabi       ,Rapeseed &Mustard,720.019579050416
Mizoram,2002,Kharif     ,Rice,1913.6278409588729
Mizoram,2002,Kharif     ,Sesamum,613.2427843803056
Mizoram,2002,Whole Year ,Sugarcane,5432.846715328467
Mizoram,2002,Kharif     ,Urad,666.6666666666666
Mizoram,2002,Rabi       ,Urad,606.060606060606
Nagaland,2002,Kharif     ,Arhar/Tur,548.3870967741935
Nagaland,2002,Kharif     ,Bajra,2000.0
Nagaland,2002,Rabi       ,Gram,750.0
Nagaland,2002,Kharif     ,Groundnut,1250.0
Nagaland,2002,Kharif     ,Jowar,2000.0
Nagaland,2002,Kharif     ,Maize,2000.0
Nagaland,2002,Kharif     ,Moong(Green Gram),1000.0
Nagaland,2002,Whole Year ,Potato,11192.660550458715
Nagaland,2002,Rabi       ,Rapeseed &Mustard,1111.9536128456734
Nagaland,2002,Kharif     ,Rice,1489.3333333333333
Nagaland,2002,Kharif     ,Sesamum,900.0
Nagaland,2002,Whole Year ,Sugarcane,40000.0
Nagaland,2002,Rabi       ,Wheat,2067.97385620915
Odisha,2002,Kharif     ,Arhar/Tur,643.2262019441282
Odisha,2002,Rabi       ,Arhar/Tur,714.2857142857143
Odisha,2002,Kharif     ,Bajra,484.0425531914894
Odisha,2002,Rabi       ,Gram,618.8212927756654
Odisha,2002,Kharif     ,Groundnut,869.9253611699949
Odisha,2002,Kharif     ,Jowar,520.0
Odisha,2002,Kharif     ,Maize,983.7587006960557
Odisha,2002,Kharif     ,Moong(Green Gram),227.84825168592732
Odisha,2002,Whole Year ,Potato,9937.817976257773
Odisha,2002,Kharif     ,Ragi,460.5227316946624
Odisha,2002,Rabi       ,Rapeseed &Mustard,131.55088985483474
Odisha,2002,Kharif     ,Rice,767.1425228176925
Odisha,2002,Kharif     ,Sesamum,161.53297600699318
Odisha,2002,Whole Year ,Sugarcane,53127.88319108415
Odisha,2002,Kharif     ,Urad,230.76398421048145
Odisha,2002,Rabi       ,Wheat,1246.379943808083
Punjab,2002,Kharif     ,Arhar/Tur,858.974358974359
Punjab,2002,Kharif     ,Bajra,857.1428571428571
Punjab,2002,Rabi       ,Gram,957.1428571428571
Punjab,2002,Kharif     ,Groundnut,716.9811320754717
Punjab,2002,Kharif     ,Maize,2039.4736842105262
Punjab,2002,Kharif     ,Moong(Green Gram),668.7898089171974
Punjab,2002,Rabi       ,Rapeseed &Mustard,909.0909090909091
Punjab,2002,Kharif     ,Rice,3509.881422924901
Punjab,2002,Kharif     ,Sesamum,283.2369942196532
Punjab,2002,Whole Year ,Sugarcane,59542.48366013072
Punjab,2002,Kharif     ,Urad,487.1794871794872
Punjab,2002,Rabi       ,Wheat,4200.0
Uttarakhand,2002,Kharif     ,Arhar/Tur,479.6430563301729
Uttarakhand,2002,Kharif     ,Bajra,1250.0
Uttarakhand,2002,Rabi       ,Gram,604.8218029350105
Uttarakhand,2002,Kharif     ,Groundnut,780.3223070398643
Uttarakhand,2002,Kharif     ,Maize,1127.025889286466
Uttarakhand,2002,Rabi       ,Maize,1548.780487804878
Uttarakhand,2002,Kharif     ,Moong(Green Gram),289.4736842105263
Uttarakhand,2002,Rabi       ,Moong(Green Gram),250.0
Uttarakhand,2002,Summer     ,Moong(Green Gram),578.9382121835947
Uttarakhand,2002,Kharif     ,Potato,19919.13189510399
Uttarakhand,2002,Rabi       ,Potato,21123.915919447303
Uttarakhand,2002,Kharif     ,Ragi,1017.2304165914389
Uttarakhand,2002,Rabi       ,Rapeseed &Mustard,568.7647728267531
Uttarakhand,2002,Kharif     ,Rice,1886.02568404131
Uttarakhand,2002,Rabi       ,Rice,2848.166259168704
Uttarakhand,2002,Kharif     ,Sesamum,125.0
Uttarakhand,2002,Whole Year ,Sugarcane,60126.39951654921
Uttarakhand,2002,Kharif     ,Urad,375.31871494135646
Uttarakhand,2002,Rabi       ,Urad,449.438202247191
Uttarakhand,2002,Rabi       ,Wheat,1925.4246242015784
Jharkhand,2002,Rabi       ,Arhar/Tur,1666.2094801096139
Jharkhand,2002,Rabi       ,Gram,852.6466204440287
Jharkhand,2002,Autumn     ,Maize,1183.6509938702138
Jharkhand,2002,Rabi       ,Potato,7433.225992858638
Jharkhand,2002,Winter     ,Potato,7086.315693468797
Jharkhand,2002,Autumn     ,Ragi,1236.2840883984948
Jharkhand,2002,Rabi       ,Rapeseed &Mustard,765.6759502927084
Jharkhand,2002,Autumn     ,Rice,653.2872893960316
Jharkhand,2002,Winter     ,Rice,1055.6536464817086
Jharkhand,2002,Rabi       ,Wheat,1369.9291077201487
Bihar,2003,Kharif     ,Arhar/Tur,1237.93591558358
Bihar,2003,Kharif     ,Bajra,1044.642857142857
Bihar,2003,Rabi       ,Gram,978.47414158014
Bihar,2003,Kharif     ,Groundnut,493.5897435897436
Bihar,2003,Kharif     ,Jowar,1009.2531394580304
Bihar,2003,Kharif     ,Maize,1690.974018453461
Bihar,2003,Rabi       ,Maize,3029.1436196762725
Bihar,2003,Summer     ,Maize,2736.964647154512
Bihar,2003,Kharif     ,Moong(Green Gram),503.8104310550131
Bihar,2003,Rabi       ,Moong(Green Gram),452.11697597814737
Bihar,2003,Summer     ,Moong(Green Gram),490.19424059810444
Bihar,2003,Whole Year ,Potato,9519.170780139846
Bihar,2003,Kharif     ,Ragi,673.9974978600119
Bihar,2003,Rabi       ,Rapeseed &Mustard,824.4089594339397
Bihar,2003,Autumn     ,Rice,1242.4337069239434
Bihar,2003,Kharif     ,Rice,1423.6579827162052
Bihar,2003,Summer     ,Rice,1453.5825811695256
Bihar,2003,Winter     ,Rice,1578.7378160215383
Bihar,2003,Kharif     ,Sesamum,748.3530961791831
Bihar,2003,Whole Year ,Sugarcane,41570.203685741995
Bihar,2003,Kharif     ,Urad,744.2043059630563
Bihar,2003,Rabi       ,Wheat,1776.228682146281
Chhattisgarh,2003,Kharif     ,Arhar/Tur,602.9976867340891
Chhattisgarh,2003,Kharif     ,Bajra,404.25531914893617
Chhattisgarh,2003,Whole Year ,Bajra,39897.526501766784
Chhattisgarh,2003,Rabi       ,Gram,964.0011529010605
Chhattisgarh,2003,Kharif     ,Groundnut,1107.9905281127815
Chhattisgarh,2003,Kharif     ,Jowar,1001.0533245556287
Chhattisgarh,2003,Kharif     ,Maize,1370.0025361399948
Chhattisgarh,2003,Kharif     ,Moong(Green Gram),276.72378620971034
Chhattisgarh,2003,Rabi       ,Moong(Green Gram),253.8733683054776
Chhattisgarh,2003,Whole Year ,Potato,4814.039890496676
Chhattisgarh,2003,Kharif     ,Ragi,292.0071381609843
Chhattisgarh,2003,Rabi       ,Rapeseed &Mustard,411.9933470730737
Chhattisgarh,2003,Kharif     ,Rice,1454.0756418399412
Chhattisgarh,2003,Kharif     ,Sesamum,283.0090894594164
Chhattisgarh,2003,Whole Year ,Sugarcane,2581.5850815850818
Chhattisgarh,2003,Kharif     ,Urad,290.88818377527815
Chhattisgarh,2003,Rabi       ,Urad,255.8263654154065
Chhattisgarh,2003,Rabi       ,Wheat,1066.2432027443479
Delhi,2003,Kharif     ,Arhar/Tur,1410.44776119403
Delhi,2003,Kharif     ,Bajra,1611.8251928020566
Delhi,2003,Rabi       ,Gram,1523.8095238095239
Delhi,2003,Kharif     ,Jowar,1234.9758231637118
Delhi,2003,Kharif     ,Maize,1978.494623655914
Delhi,2003,Whole Year ,Potato,4935.4838709677415
Delhi,2003,Kharif     ,Rice,2734.6159719041075
Delhi,2003,Whole Year ,Sugarcane,73250.0
Delhi,2003,Rabi       ,Wheat,4368.998049860328
Gujarat,2003,Kharif     ,Arhar/Tur,869.5652173913044
Gujarat,2003,Kharif     ,Bajra,1370.3785944265571
Gujarat,2003,Summer     ,Bajra,2143.6950146627564
Gujarat,2003,Rabi       ,Gram,884.3582887700535
Gujarat,2003,Kharif     ,Groundnut,2267.095357590966
Gujarat,2003,Summer     ,Groundnut,1556.291390728477
Gujarat,2003,Kharif     ,Jowar,1113.022113022113
Gujarat,2003,Rabi       ,Jowar,746.5346534653465
Gujarat,2003,Kharif     ,Maize,1717.382328654005
Gujarat,2003,Kharif     ,Moong(Green Gram),586.073500967118
Gujarat,2003,Whole Year ,Potato,23816.129032258064
Gujarat,2003,Kharif     ,Ragi,1153.8461538461538
Gujarat,2003,Rabi       ,Rapeseed &Mustard,1468.622354251764
Gujarat,2003,Kharif     ,Rice,1831.7470064476513
Gujarat,2003,Summer     ,Rice,3506.276150627615
Gujarat,2003,Kharif     ,Sesamum,598.4095427435387
Gujarat,2003,Whole Year ,Sugarcane,71901.24858115778
Gujarat,2003,Kharif     ,Urad,663.2558139534884
Gujarat,2003,Rabi       ,Wheat,2681.3693219223173
Haryana,2003,Kharif     ,Arhar/Tur,1201.224473979928
Haryana,2003,Kharif     ,Bajra,1419.1858295984232
Haryana,2003,Rabi       ,Gram,814.0339452155155
Haryana,2003,Kharif     ,Groundnut,715.2145643693108
Haryana,2003,Kharif     ,Jowar,257.56600128783003
Haryana,2003,Kharif     ,Maize,2474.3512371756187
Haryana,2003,Kharif     ,Moong(Green Gram),158.6357326987904
Haryana,2003,Whole Year ,Potato,24417.831004657353
Haryana,2003,Rabi       ,Rapeseed &Mustard,1558.3190823842122
Haryana,2003,Kharif     ,Rice,2748.251314284701
Haryana,2003,Kharif     ,Sesamum,280.19052956010086
Haryana,2003,Whole Year ,Sugarcane,57906.9869022882
Haryana,2003,Kharif     ,Urad,165.35758577924761
Haryana,2003,Rabi       ,Wheat,3936.0897190062087
Jharkhand,2003,Kharif     ,Arhar/Tur,1432.0406256694425
Jharkhand,2003,Rabi       ,Gram,848.685039666227
Jharkhand,2003,Autumn     ,Maize,1522.1352017163156
Jharkhand,2003,Rabi       ,Potato,7851.731115588809
Jharkhand,2003,Winter     ,Potato,9252.055316497108
Jharkhand,2003,Autumn     ,Ragi,686.4271165722845
Jharkhand,2003,Rabi       ,Rapeseed &Mustard,792.7765974832489
Jharkhand,2003,Autumn     ,Rice,681.0178648857195
Jharkhand,2003,Winter     ,Rice,1060.8937185736288
Jharkhand,2003,Whole Year ,Sugarcane,2854.1882109617372
Jharkhand,2003,Rabi       ,Wheat,1330.4031710793317
Madhya Pradesh,2003,Kharif     ,Arhar/Tur,809.0007872877135
Madhya Pradesh,2003,Kharif     ,Bajra,1399.0008202222057
Madhya Pradesh,2003,Rabi       ,Gram,927.0000922731472
Madhya Pradesh,2003,Kharif     ,Groundnut,1155.001329582511
Madhya Pradesh,2003,Kharif     ,Jowar,1219.0003656468891
Madhya Pradesh,2003,Rabi       ,Jowar,1218.8866219761003
Madhya Pradesh,2003,Kharif     ,Maize,2067.999973292322
Madhya Pradesh,2003,Kharif     ,Moong(Green Gram),242.59520451339915
Madhya Pradesh,2003,Rabi       ,Moong(Green Gram),230.76923076923077
Madhya Pradesh,2003,Whole Year ,Potato,14344.003781205689
Madhya Pradesh,2003,Kharif     ,Ragi,264.591439688716
Madhya Pradesh,2003,Rabi       ,Rapeseed &Mustard,1083.0003361093475
Madhya Pradesh,2003,Kharif     ,Rice,1020.3952632093378
Madhya Pradesh,2003,Kharif     ,Sesamum,350.99944475291505
Madhya Pradesh,2003,Whole Year ,Sugarcane,43349.01833522635
Madhya Pradesh,2003,Kharif     ,Urad,367.1252430935247
Madhya Pradesh,2003,Rabi       ,Urad,409.45020200245915
Madhya Pradesh,2003,Rabi       ,Wheat,1803.702352601414
Maharashtra,2003,Kharif     ,Arhar/Tur,662.3339386409251
Maharashtra,2003,Kharif     ,Bajra,676.2486796438811
Maharashtra,2003,Rabi       ,Gram,529.5523138832998
Maharashtra,2003,Kharif     ,Groundnut,1095.958037642703
Maharashtra,2003,Summer     ,Groundnut,1491.7733089579524
Maharashtra,2003,Kharif     ,Jowar,1330.9375197024146
Maharashtra,2003,Rabi       ,Jowar,272.3641332912856
Maharashtra,2003,Kharif     ,Maize,2152.020525978191
Maharashtra,2003,Rabi       ,Maize,1400.6908462867011
Maharashtra,2003,Kharif     ,Moong(Green Gram),557.7774603628053
Maharashtra,2003,Kharif     ,Ragi,1157.2498298162016
Maharashtra,2003,Rabi       ,Rapeseed &Mustard,252.4271844660194
Maharashtra,2003,Kharif     ,Rice,1845.2412689949347
Maharashtra,2003,Summer     ,Rice,2220.3389830508477
Maharashtra,2003,Kharif     ,Sesamum,318.4931506849315
Maharashtra,2003,Rabi       ,Sesamum,222.22222222222223
Maharashtra,2003,Whole Year ,Sugarcane,58007.68361581921
Maharashtra,2003,Kharif     ,Urad,597.9690361245214
Maharashtra,2003,Rabi       ,Wheat,1170.7537234842787
Manipur,2003,Kharif     ,Arhar/Tur,500.0
Manipur,2003,Kharif     ,Maize,3217.948717948718
Manipur,2003,Rabi       ,Rapeseed &Mustard,500.0
Manipur,2003,Kharif     ,Rice,2415.5103592472915
Manipur,2003,Kharif     ,Sesamum,493.82716049382714
Manipur,2003,Whole Year ,Sugarcane,32666.666666666668
Mizoram,2003,Kharif     ,Arhar/Tur,1098.360655737705
Mizoram,2003,Rabi       ,Arhar/Tur,521.3270142180095
Mizoram,2003,Kharif     ,Gram,1086.9565217391305
Mizoram,2003,Rabi       ,Gram,782.6086956521739
Mizoram,2003,Kharif     ,Maize,1946.236559139785
Mizoram,2003,Rabi       ,Maize,1783.5195530726257
Mizoram,2003,Kharif     ,Moong(Green Gram),1250.0
Mizoram,2003,Rabi       ,Moong(Green Gram),1045.4545454545455
Mizoram,2003,Whole Year ,Potato,2460.055096418733
Mizoram,2003,Kharif     ,Rice,1936.4484086762618
Mizoram,2003,Kharif     ,Sesamum,614.6118721461187
Mizoram,2003,Whole Year ,Sugarcane,25968.413496051686
Nagaland,2003,Kharif     ,Arhar/Tur,933.3333333333334
Nagaland,2003,Kharif     ,Bajra,1666.6666666666667
Nagaland,2003,Rabi       ,Gram,1333.3333333333333
Nagaland,2003,Kharif     ,Groundnut,1500.0
Nagaland,2003,Kharif     ,Jowar,1666.6666666666667
Nagaland,2003,Kharif     ,Maize,1733.3333333333333
Nagaland,2003,Rabi       ,Maize,1857.142857142857
Nagaland,2003,Kharif     ,Moong(Green Gram),1500.0
Nagaland,2003,Whole Year ,Potato,8520.547945205479
Nagaland,2003,Rabi       ,Rapeseed &Mustard,800.0
Nagaland,2003,Kharif     ,Rice,1425.741935483871
Nagaland,2003,Rabi       ,Rice,2000.0
Nagaland,2003,Kharif     ,Sesamum,1000.0
Nagaland,2003,Whole Year ,Sugarcane,46032.142857142855
Nagaland,2003,Rabi       ,Wheat,1950.0
Odisha,2003,Kharif     ,Arhar/Tur,700.0878863336751
Odisha,2003,Kharif     ,Bajra,525.9938837920489
Odisha,2003,Rabi       ,Gram,618.4809240462023
Odisha,2003,Kharif     ,Groundnut,1206.7611692754224
Odisha,2003,Kharif     ,Jowar,575.293056807935
Odisha,2003,Kharif     ,Maize,1417.5592719940953
Odisha,2003,Rabi       ,Maize,1321.2209302325582
Odisha,2003,Kharif     ,Moong(Green Gram),233.54103420261913
Odisha,2003,Whole Year ,Potato,10382.44557031357
Odisha,2003,Kharif     ,Ragi,632.3591998865087
Odisha,2003,Rabi       ,Rapeseed &Mustard,192.68246683849878
Odisha,2003,Kharif     ,Rice,1510.9975560986447
Odisha,2003,Kharif     ,Sesamum,206.17244670696786
Odisha,2003,Whole Year ,Sugarcane,58914.933058702365
Odisha,2003,Kharif     ,Urad,270.5560539435563
Odisha,2003,Rabi       ,Wheat,1465.5878338857476
Punjab,2003,Kharif     ,Arhar/Tur,927.8350515463917
Punjab,2003,Kharif     ,Bajra,1000.0
Punjab,2003,Rabi       ,Gram,900.0
Punjab,2003,Kharif     ,Groundnut,909.0909090909091
Punjab,2003,Kharif     ,Maize,2980.5194805194806
Punjab,2003,Kharif     ,Moong(Green Gram),835.978835978836
Punjab,2003,Rabi       ,Rapeseed &Mustard,1192.3076923076924
Punjab,2003,Kharif     ,Rice,3693.9556235654168
Punjab,2003,Kharif     ,Sesamum,339.62264150943395
Punjab,2003,Whole Year ,Sugarcane,53821.13821138212
Punjab,2003,Kharif     ,Urad,423.0769230769231
Punjab,2003,Rabi       ,Wheat,4207.0267131242745
Uttar Pradesh,2003,Kharif     ,Arhar/Tur,1097.6788443879746
Uttar Pradesh,2003,Kharif     ,Bajra,1285.544718578839
Uttar Pradesh,2003,Rabi       ,Gram,1037.046348107122
Uttar Pradesh,2003,Kharif     ,Groundnut,668.0408254348566
Uttar Pradesh,2003,Kharif     ,Jowar,993.0305463292101
Uttar Pradesh,2003,Kharif     ,Maize,1367.312832997914
Uttar Pradesh,2003,Rabi       ,Maize,1367.209971236817
Uttar Pradesh,2003,Summer     ,Maize,1366.9880335255075
Uttar Pradesh,2003,Kharif     ,Moong(Green Gram),233.57084054844296
Uttar Pradesh,2003,Summer     ,Moong(Green Gram),532.0810096859407
Uttar Pradesh,2003,Whole Year ,Potato,21593.810265371347
Uttar Pradesh,2003,Rabi       ,Ragi,1461.5384615384614
Uttar Pradesh,2003,Rabi       ,Rapeseed &Mustard,995.1857344039992
Uttar Pradesh,2003,Kharif     ,Rice,2181.305795015431
Uttar Pradesh,2003,Summer     ,Rice,2298.2523281030744
Uttar Pradesh,2003,Kharif     ,Sesamum,129.61558715113216
Uttar Pradesh,2003,Whole Year ,Sugarcane,55715.499927492485
Uttar Pradesh,2003,Kharif     ,Urad,236.71314361518216
Uttar Pradesh,2003,Summer     ,Urad,490.13699104622367
Uttar Pradesh,2003,Rabi       ,Wheat,2790.3865085039834
Uttarakhand,2003,Kharif     ,Arhar/Tur,740.5708460754332
Uttarakhand,2003,Kharif     ,Bajra,1000.0
Uttarakhand,2003,Rabi       ,Gram,784.5953002610966
Uttarakhand,2003,Kharif     ,Groundnut,995.2867242733699
Uttarakhand,2003,Kharif     ,Maize,1520.2665897657728
Uttarakhand,2003,Summer     ,Maize,1635.036496350365
Uttarakhand,2003,Kharif     ,Moong(Green Gram),384.61538461538464
Uttarakhand,2003,Summer     ,Moong(Green Gram),307.6923076923077
Uttarakhand,2003,Whole Year ,Potato,16305.282172667248
Uttarakhand,2003,Kharif     ,Ragi,1309.5055410098005
Uttarakhand,2003,Rabi       ,Rapeseed &Mustard,799.12315663611
Uttarakhand,2003,Kharif     ,Rice,1917.138745026153
Uttarakhand,2003,Summer     ,Rice,3735.809018567639
Uttarakhand,2003,Kharif     ,Sesamum,158.3198707592892
Uttarakhand,2003,Whole Year ,Sugarcane,60090.69363518913
Uttarakhand,2003,Kharif     ,Urad,362.4466307777984
Uttarakhand,2003,Summer     ,Urad,361.2403100775194
Uttarakhand,2003,Rabi       ,Wheat,1903.1761640326877
Andhra Pradesh,2004,Kharif     ,Arhar/Tur,456.1309807661739
Andhra Pradesh,2004,Rabi       ,Arhar/Tur,448.65120681495506
Andhra Pradesh,2004,Kharif     ,Bajra,893.6973430328017
Andhra Pradesh,2004,Rabi       ,Bajra,662.7172195892575
Andhra Pradesh,2004,Kharif     ,Gram,882.8828828828829
Andhra Pradesh,2004,Rabi       ,Gram,1011.968537165766
Andhra Pradesh,2004,Kharif     ,Groundnut,777.7331364964276
Andhra Pradesh,2004,Rabi       ,Groundnut,1657.2114548470156
Andhra Pradesh,2004,Kharif     ,Jowar,1120.0831252709795
Andhra Pradesh,2004,Rabi       ,Jowar,970.2000453738673
Andhra Pradesh,2004,Kharif     ,Maize,2450.9793057594816
Andhra Pradesh,2004,Rabi       ,Maize,5445.95112032428
Andhra Pradesh,2004,Kharif     ,Moong(Green Gram),363.5903187294237
Andhra Pradesh,2004,Rabi       ,Moong(Green Gram),325.8024971018162
Andhra Pradesh,2004,Whole Year ,Potato,6818.677235570968
Andhra Pradesh,2004,Kharif     ,Ragi,1197.8120957044364
Andhra Pradesh,2004,Rabi       ,Ragi,1801.615345784957
Andhra Pradesh,2004,Rabi       ,Rapeseed &Mustard,249.5169748826939
Andhra Pradesh,2004,Kharif     ,Rice,2886.0151859966313
Andhra Pradesh,2004,Rabi       ,Rice,3682.928593157203
Andhra Pradesh,2004,Kharif     ,Sesamum,140.80858270829768
Andhra Pradesh,2004,Rabi       ,Sesamum,346.57393225701156
Andhra Pradesh,2004,Whole Year ,Sugarcane,75114.40516188148
Andhra Pradesh,2004,Kharif     ,Urad,459.4318895166353
Andhra Pradesh,2004,Rabi       ,Urad,636.8388368542194
Andhra Pradesh,2004,Rabi       ,Wheat,501.9620667102682
Assam,2004,Kharif     ,Arhar/Tur,705.6289915342344
Assam,2004,Rabi       ,Gram,506.3054647361046
Assam,2004,Rabi       ,Moong(Green Gram),470.17688194158785
Assam,2004,Whole Year ,Potato,8057.972203983366
Assam,2004,Rabi       ,Rapeseed &Mustard,528.254976566455
Assam,2004,Autumn     ,Rice,656.352866744299
Assam,2004,Summer     ,Rice,1959.0992720839206
Assam,2004,Winter     ,Rice,1573.4751382903946
Assam,2004,Kharif     ,Sesamum,569.8001367885098
Assam,2004,Whole Year ,Sugarcane,36919.43028986718
Assam,2004,Rabi       ,Urad,575.0818049330437
Assam,2004,Rabi       ,Wheat,1066.2292103861935
Bihar,2004,Kharif     ,Arhar/Tur,1233.9350986355646
Bihar,2004,Kharif     ,Bajra,1080.8333333333333
Bihar,2004,Rabi       ,Gram,834.2439538495673
Bihar,2004,Kharif     ,Groundnut,493.5064935064935
Bihar,2004,Kharif     ,Jowar,1013.8482023968043
Bihar,2004,Kharif     ,Maize,1637.871669871168
Bihar,2004,Rabi       ,Maize,3094.0706334172355
Bihar,2004,Summer     ,Maize,3185.4540482825073
Bihar,2004,Kharif     ,Moong(Green Gram),493.9232554963813
Bihar,2004,Summer     ,Moong(Green Gram),551.5900616868679
Bihar,2004,Whole Year ,Potato,7661.0826785843
Bihar,2004,Kharif     ,Ragi,675.1445086705203
Bihar,2004,Rabi       ,Rapeseed &Mustard,804.6611800943306
Bihar,2004,Autumn     ,Rice,893.06929952084
Bihar,2004,Summer     ,Rice,1430.0292548614696
Bihar,2004,Winter     ,Rice,734.5621608897497
Bihar,2004,Kharif     ,Sesamum,772.7531285551763
Bihar,2004,Whole Year ,Sugarcane,39464.070103369835
Bihar,2004,Kharif     ,Urad,745.8681135225376
Bihar,2004,Rabi       ,Wheat,1609.447521087292
Chhattisgarh,2004,Kharif     ,Arhar/Tur,511.99070458484925
Chhattisgarh,2004,Kharif     ,Bajra,346.9387755102041
Chhattisgarh,2004,Whole Year ,Bajra,39680.32786885246
Chhattisgarh,2004,Rabi       ,Gram,512.9992028184226
Chhattisgarh,2004,Kharif     ,Groundnut,1117.9956580414246
Chhattisgarh,2004,Kharif     ,Jowar,584.4062947067239
Chhattisgarh,2004,Kharif     ,Maize,1430.0007153733739
Chhattisgarh,2004,Kharif     ,Moong(Green Gram),256.9675017607405
Chhattisgarh,2004,Rabi       ,Moong(Green Gram),207.5295581829496
Chhattisgarh,2004,Whole Year ,Potato,5630.005640157924
Chhattisgarh,2004,Kharif     ,Ragi,263.65255243371587
Chhattisgarh,2004,Rabi       ,Rapeseed &Mustard,377.9930643474432
Chhattisgarh,2004,Kharif     ,Rice,1193.295220255865
Chhattisgarh,2004,Kharif     ,Sesamum,301.01725629092704
Chhattisgarh,2004,Whole Year ,Sugarcane,2429.8375184638107
Chhattisgarh,2004,Kharif     ,Urad,276.35092403906964
Chhattisgarh,2004,Rabi       ,Urad,205.7526027880713
Chhattisgarh,2004,Rabi       ,Wheat,858.6326767091541
Delhi,2004,Kharif     ,Arhar/Tur,1428.5714285714287
Delhi,2004,Kharif     ,Bajra,1824.9414519906322
Delhi,2004,Rabi       ,Gram,1315.7894736842106
Delhi,2004,Kharif     ,Jowar,689.6177237185057
Delhi,2004,Kharif     ,Maize,1524.3902439024391
Delhi,2004,Kharif     ,Rice,3346.69671450599
Delhi,2004,Whole Year ,Sugarcane,75250.0
Delhi,2004,Rabi       ,Wheat,4322.011232949987
Gujarat,2004,Kharif     ,Arhar/Tur,927.6729559748428
Gujarat,2004,Kharif     ,Bajra,1020.5168159979223
Gujarat,2004,Summer     ,Bajra,2090.344827586207
Gujarat,2004,Rabi       ,Gram,802.7709861450693
Gujarat,2004,Kharif     ,Groundnut,886.2042088854248
Gujarat,2004,Summer     ,Groundnut,1760.3305785123966
Gujarat,2004,Kharif     ,Jowar,1359.5839524517087
Gujarat,2004,Rabi       ,Jowar,787.1559633027523
Gujarat,2004,Kharif     ,Maize,897.714907508161
Gujarat,2004,Kharif     ,Moong(Green Gram),414.21143847487
Gujarat,2004,Whole Year ,Potato,27643.76590330789
Gujarat,2004,Kharif     ,Ragi,1061.7283950617284
Gujarat,2004,Rabi       ,Rapeseed &Mustard,1390.4532967032967
Gujarat,2004,Kharif     ,Rice,1738.7319711538462
Gujarat,2004,Summer     ,Rice,2840.5797101449275
Gujarat,2004,Kharif     ,Sesamum,314.8695885990858
Gujarat,2004,Whole Year ,Sugarcane,74048.83011190234
Gujarat,2004,Kharif     ,Urad,506.25
Gujarat,2004,Rabi       ,Wheat,2482.1281275776737
Haryana,2004,Kharif     ,Arhar/Tur,1042.966042966043
Haryana,2004,Kharif     ,Bajra,1319.6229345513016
Haryana,2004,Rabi       ,Gram,843.2171979243884
Haryana,2004,Kharif     ,Groundnut,724.287783679382
Haryana,2004,Kharif     ,Jowar,268.822763084431
Haryana,2004,Kharif     ,Maize,2473.363774733638
Haryana,2004,Kharif     ,Moong(Green Gram),380.3229627782281
Haryana,2004,Whole Year ,Potato,24843.057607090104
Haryana,2004,Rabi       ,Rapeseed &Mustard,1177.438898923158
Haryana,2004,Kharif     ,Rice,2938.7758290081583
Haryana,2004,Kharif     ,Sesamum,325.55615843733045
Haryana,2004,Whole Year ,Sugarcane,61860.164459343665
Haryana,2004,Kharif     ,Urad,324.82598607888633
Haryana,2004,Rabi       ,Wheat,3903.440881194333
Madhya Pradesh,2004,Kharif     ,Arhar/Tur,774.9998409780486
Madhya Pradesh,2004,Kharif     ,Bajra,1349.998370078997
Madhya Pradesh,2004,Rabi       ,Gram,920.0011762726451
Madhya Pradesh,2004,Kharif     ,Groundnut,1136.998337238304
Madhya Pradesh,2004,Kharif     ,Jowar,960.9997694551988
Madhya Pradesh,2004,Rabi       ,Jowar,961.1178614823815
Madhya Pradesh,2004,Kharif     ,Maize,1399.9995420962377
Madhya Pradesh,2004,Whole Year ,Potato,14994.008829093968
Madhya Pradesh,2004,Kharif     ,Ragi,277.9156327543424
Madhya Pradesh,2004,Rabi       ,Rapeseed &Mustard,994.0002340987133
Madhya Pradesh,2004,Kharif     ,Rice,777.4424907476098
Madhya Pradesh,2004,Kharif     ,Sesamum,405.99760693987434
Madhya Pradesh,2004,Whole Year ,Sugarcane,42800.71556350626
Madhya Pradesh,2004,Kharif     ,Urad,353.21977140162284
Madhya Pradesh,2004,Rabi       ,Urad,411.5646258503401
Madhya Pradesh,2004,Rabi       ,Wheat,1747.7575348928717
Maharashtra,2004,Kharif     ,Arhar/Tur,612.8491620111732
Maharashtra,2004,Kharif     ,Bajra,736.6734253384786
Maharashtra,2004,Rabi       ,Gram,561.7544282443667
Maharashtra,2004,Kharif     ,Groundnut,1035.199076745528
Maharashtra,2004,Summer     ,Groundnut,1443.8040345821325
Maharashtra,2004,Kharif     ,Jowar,1168.8955574401461
Maharashtra,2004,Rabi       ,Jowar,568.2241250930753
Maharashtra,2004,Kharif     ,Maize,1718.2899207248017
Maharashtra,2004,Rabi       ,Maize,2007.6923076923076
Maharashtra,2004,Summer     ,Maize,1522.3880597014925
Maharashtra,2004,Kharif     ,Moong(Green Gram),347.2560975609756
Maharashtra,2004,Kharif     ,Ragi,1017.9806362378977
Maharashtra,2004,Rabi       ,Rapeseed &Mustard,290.69767441860466
Maharashtra,2004,Kharif     ,Rice,1409.891143663486
Maharashtra,2004,Summer     ,Rice,2390.243902439024
Maharashtra,2004,Kharif     ,Sesamum,233.8403041825095
Maharashtra,2004,Rabi       ,Sesamum,236.8421052631579
Maharashtra,2004,Whole Year ,Sugarcane,73152.95197308045
Maharashtra,2004,Kharif     ,Urad,408.10556079170595
Maharashtra,2004,Rabi       ,Wheat,1344.8458382956198
Nagaland,2004,Kharif     ,Arhar/Tur,937.5
Nagaland,2004,Kharif     ,Bajra,1492.5373134328358
Nagaland,2004,Rabi       ,Gram,735.2941176470588
Nagaland,2004,Kharif     ,Groundnut,1259.927797833935
Nagaland,2004,Kharif     ,Jowar,1600.0
Nagaland,2004,Kharif     ,Maize,1799.5594713656387
Nagaland,2004,Rabi       ,Maize,1800.0
Nagaland,2004,Kharif     ,Moong(Green Gram),646.1538461538462
Nagaland,2004,Whole Year ,Potato,6909.090909090909
Nagaland,2004,Rabi       ,Rapeseed &Mustard,778.1997721230535
Nagaland,2004,Kharif     ,Rice,1697.7124183006536
Nagaland,2004,Rabi       ,Rice,2000.0
Nagaland,2004,Kharif     ,Sesamum,500.0
Nagaland,2004,Rabi       ,Sugarcane,15952.380952380952
Nagaland,2004,Whole Year ,Sugarcane,50090.252707581225
Nagaland,2004,Rabi       ,Wheat,1585.3658536585365
Punjab,2004,Kharif     ,Arhar/Tur,865.1685393258427
Punjab,2004,Kharif     ,Bajra,1000.0
Punjab,2004,Rabi       ,Gram,862.7450980392157
Punjab,2004,Kharif     ,Groundnut,837.2093023255813
Punjab,2004,Kharif     ,Maize,2740.2597402597403
Punjab,2004,Kharif     ,Moong(Green Gram),800.0
Punjab,2004,Rabi       ,Rapeseed &Mustard,1033.3333333333333
Punjab,2004,Kharif     ,Rice,3727.5
Punjab,2004,Kharif     ,Sesamum,405.94059405940595
Punjab,2004,Whole Year ,Sugarcane,60116.27906976744
Punjab,2004,Kharif     ,Urad,529.4117647058823
Punjab,2004,Rabi       ,Wheat,4221.137277426767
Tripura,2004,Kharif     ,Arhar/Tur,673.1937879810938
Tripura,2004,Rabi       ,Gram,703.0075187969925
Tripura,2004,Kharif     ,Groundnut,1038.4615384615386
Tripura,2004,Rabi       ,Groundnut,1065.989847715736
Tripura,2004,Kharif     ,Maize,1063.4408602150538
Tripura,2004,Kharif     ,Moong(Green Gram),538.2352941176471
Tripura,2004,Rabi       ,Moong(Green Gram),497.73755656108597
Tripura,2004,Rabi       ,Rapeseed &Mustard,764.5348837209302
Tripura,2004,Kharif     ,Rice,2351.7276121151535
Tripura,2004,Kharif     ,Sesamum,452.53164556962025
Tripura,2004,Whole Year ,Sugarcane,48944.66019417476
Tripura,2004,Kharif     ,Urad,595.5165692007797
Tripura,2004,Rabi       ,Urad,601.965601965602
Tripura,2004,Rabi       ,Wheat,2057.2033898305085
Uttarakhand,2004,Kharif     ,Arhar/Tur,644.8445171849427
Uttarakhand,2004,Rabi       ,Gram,776.4277035236938
Uttarakhand,2004,Kharif     ,Groundnut,1234.6059113300494
Uttarakhand,2004,Kharif     ,Maize,1524.2534151384698
Uttarakhand,2004,Summer     ,Maize,1986.4864864864865
Uttarakhand,2004,Kharif     ,Moong(Green Gram),250.0
Uttarakhand,2004,Summer     ,Moong(Green Gram),375.0
Uttarakhand,2004,Whole Year ,Potato,12823.099829835508
Uttarakhand,2004,Kharif     ,Ragi,1252.612535590788
Uttarakhand,2004,Rabi       ,Rapeseed &Mustard,649.0872210953347
Uttarakhand,2004,Kharif     ,Rice,1910.9939459398004
Uttarakhand,2004,Summer     ,Rice,2977.8990813473574
Uttarakhand,2004,Kharif     ,Sesamum,229.97542997543
Uttarakhand,2004,Whole Year ,Sugarcane,59836.59085134614
Uttarakhand,2004,Kharif     ,Urad,440.3317873706743
Uttarakhand,2004,Summer     ,Urad,440.0
Uttarakhand,2004,Rabi       ,Wheat,2064.621044011542
Jharkhand,2004,Rabi       ,Arhar/Tur,1490.9398206219928
Jharkhand,2004,Rabi       ,Gram,782.5347771166175
Jharkhand,2004,Autumn     ,Maize,1451.4079522013906
Jharkhand,2004,Rabi       ,Potato,7668.817457580067
Jharkhand,2004,Winter     ,Potato,7291.909068876184
Jharkhand,2004,Autumn     ,Ragi,821.4498800516446
Jharkhand,2004,Rabi       ,Rapeseed &Mustard,987.9512059710617
Jharkhand,2004,Autumn     ,Rice,685.6894359636714
Jharkhand,2004,Winter     ,Rice,918.8313607607487
Jharkhand,2004,Whole Year ,Sugarcane,25706.76096285246
Jharkhand,2004,Rabi       ,Wheat,1256.18291017895
West Bengal,2004,Rabi       ,Arhar/Tur,711.6812964213369
West Bengal,2004,Kharif     ,Bajra,348.83720930232556
West Bengal,2004,Rabi       ,Gram,1023.9292389501671
West Bengal,2004,Whole Year ,Groundnut,1538.0592678675189
West Bengal,2004,Kharif     ,Jowar,433.24432576769027
West Bengal,2004,Kharif     ,Maize,2948.3049405065835
West Bengal,2004,Kharif     ,Moong(Green Gram),467.35905044510383
West Bengal,2004,Rabi       ,Moong(Green Gram),671.2439418416801
West Bengal,2004,Summer     ,Moong(Green Gram),331.3953488372093
West Bengal,2004,Whole Year ,Potato,22169.822680875488
West Bengal,2004,Kharif     ,Ragi,1223.3371095646544
West Bengal,2004,Rabi       ,Rapeseed &Mustard,749.074853277085
West Bengal,2004,Autumn     ,Rice,2035.5337227496868
West Bengal,2004,Summer     ,Rice,3092.960773387136
West Bengal,2004,Winter     ,Rice,2440.9564007866084
West Bengal,2004,Whole Year ,Sesamum,843.3501723242529
West Bengal,2004,Whole Year ,Sugarcane,66034.06403783473
West Bengal,2004,Kharif     ,Urad,674.0338469310432
West Bengal,2004,Rabi       ,Urad,735.054704595186
West Bengal,2004,Rabi       ,Wheat,2103.188508671734
Bihar,2005,Kharif     ,Arhar/Tur,1321.8044673137645
Bihar,2005,Kharif     ,Bajra,1058.321807284463
Bihar,2005,Rabi       ,Gram,939.5785813408196
Bihar,2005,Kharif     ,Groundnut,493.96267837541166
Bihar,2005,Kharif     ,Jowar,1030.1556420233462
Bihar,2005,Kharif     ,Maize,1646.6895080203478
Bihar,2005,Rabi       ,Maize,3004.6399117285087
Bihar,2005,Summer     ,Maize,2434.304694723145
Bihar,2005,Kharif     ,Moong(Green Gram),593.9129380380745
Bihar,2005,Summer     ,Moong(Green Gram),572.7159270271262
Bihar,2005,Whole Year ,Potato,8721.621756238483
Bihar,2005,Kharif     ,Ragi,900.8218023459999
Bihar,2005,Rabi       ,Rapeseed &Mustard,925.1751931309942
Bihar,2005,Autumn     ,Rice,944.1426168297911
Bihar,2005,Summer     ,Rice,1614.35219115063
Bihar,2005,Winter     ,Rice,1160.5749798829218
Bihar,2005,Kharif     ,Sesamum,801.129234629862
Bihar,2005,Whole Year ,Sugarcane,41884.01173414458
Bihar,2005,Kharif     ,Urad,771.6394808905823
Bihar,2005,Rabi       ,Wheat,1409.3120541760272
Chhattisgarh,2005,Kharif     ,Arhar/Tur,443.0292395354798
Chhattisgarh,2005,Kharif     ,Bajra,382.71604938271605
Chhattisgarh,2005,Whole Year ,Bajra,38614.60446247464
Chhattisgarh,2005,Rabi       ,Gram,709.7578362252614
Chhattisgarh,2005,Kharif     ,Groundnut,1082.551194539249
Chhattisgarh,2005,Kharif     ,Jowar,689.1780011827321
Chhattisgarh,2005,Kharif     ,Maize,1078.8585153612175
Chhattisgarh,2005,Kharif     ,Moong(Green Gram),272.64600715137067
Chhattisgarh,2005,Rabi       ,Moong(Green Gram),225.17502500357193
Chhattisgarh,2005,Whole Year ,Potato,4573.958922178255
Chhattisgarh,2005,Rabi       ,Rapeseed &Mustard,317.9584914237756
Chhattisgarh,2005,Kharif     ,Rice,1366.6465854701387
Chhattisgarh,2005,Kharif     ,Sesamum,295.9100868295058
Chhattisgarh,2005,Whole Year ,Sugarcane,2500.9431420102396
Chhattisgarh,2005,Kharif     ,Urad,290.47482837528605
Chhattisgarh,2005,Rabi       ,Urad,242.90998766954377
Chhattisgarh,2005,Rabi       ,Wheat,877.5882316583226
Delhi,2005,Kharif     ,Arhar/Tur,1503.3112582781457
Delhi,2005,Kharif     ,Bajra,1793.491124260355
Delhi,2005,Rabi       ,Gram,1425.531914893617
Delhi,2005,Kharif     ,Jowar,880.0493716337522
Delhi,2005,Kharif     ,Maize,1822.7848101265822
Delhi,2005,Whole Year ,Potato,15867.924528301886
Delhi,2005,Kharif     ,Rice,2810.0186517452703
Delhi,2005,Whole Year ,Sugarcane,56250.0
Delhi,2005,Rabi       ,Wheat,4344.001312982111
Gujarat,2005,Kharif     ,Arhar/Tur,1046.6439135381115
Gujarat,2005,Kharif     ,Bajra,1063.5875127942682
Gujarat,2005,Summer     ,Bajra,2277.9805352798053
Gujarat,2005,Rabi       ,Gram,1005.5732484076433
Gujarat,2005,Kharif     ,Groundnut,1730.6010043738863
Gujarat,2005,Summer     ,Groundnut,1700.3329633740289
Gujarat,2005,Kharif     ,Jowar,1380.2992518703243
Gujarat,2005,Rabi       ,Jowar,946.8302658486707
Gujarat,2005,Kharif     ,Maize,1581.0899540380826
Gujarat,2005,Kharif     ,Moong(Green Gram),601.1711125569291
Gujarat,2005,Whole Year ,Potato,27764.57399103139
Gujarat,2005,Kharif     ,Ragi,1069.1244239631337
Gujarat,2005,Rabi       ,Rapeseed &Mustard,1564.2493638676845
Gujarat,2005,Kharif     ,Rice,1865.340120314669
Gujarat,2005,Summer     ,Rice,3020.3252032520327
Gujarat,2005,Kharif     ,Sesamum,391.4835164835165
Gujarat,2005,Whole Year ,Sugarcane,83424.01500938086
Gujarat,2005,Kharif     ,Urad,663.4304207119741
Gujarat,2005,Rabi       ,Wheat,2700.5123428039124
Haryana,2005,Kharif     ,Arhar/Tur,811.5209365749826
Haryana,2005,Kharif     ,Bajra,1117.6898964632871
Haryana,2005,Rabi       ,Gram,554.7764713134333
Haryana,2005,Kharif     ,Groundnut,766.3847780126849
Haryana,2005,Kharif     ,Jowar,291.50923299436045
Haryana,2005,Kharif     ,Maize,2060.7934054611023
Haryana,2005,Kharif     ,Moong(Green Gram),430.98623082950854
Haryana,2005,Whole Year ,Potato,24807.493847741527
Haryana,2005,Rabi       ,Rapeseed &Mustard,1120.229697956231
Haryana,2005,Kharif     ,Rice,3051.821729276468
Haryana,2005,Kharif     ,Sesamum,353.6246526900733
Haryana,2005,Whole Year ,Sugarcane,64307.43753047058
Haryana,2005,Kharif     ,Urad,361.4457831325301
Haryana,2005,Rabi       ,Wheat,3692.2162938694964
Himachal Pradesh,2005,Kharif     ,Arhar/Tur,465.1162790697674
Himachal Pradesh,2005,Kharif     ,Bajra,473.6842105263158
Himachal Pradesh,2005,Rabi       ,Gram,534.3796711509716
Himachal Pradesh,2005,Kharif     ,Groundnut,539.6825396825396
Himachal Pradesh,2005,Kharif     ,Maize,1838.697007966792
Himachal Pradesh,2005,Kharif     ,Moong(Green Gram),417.3228346456693
Himachal Pradesh,2005,Whole Year ,Potato,6844.133599771624
Himachal Pradesh,2005,Kharif     ,Ragi,1025.880228708998
Himachal Pradesh,2005,Rabi       ,Rapeseed &Mustard,290.7580477673936
Himachal Pradesh,2005,Kharif     ,Rice,1412.9350099538844
Himachal Pradesh,2005,Kharif     ,Sesamum,399.94747899159665
Himachal Pradesh,2005,Whole Year ,Sugarcane,9692.54538431827
Himachal Pradesh,2005,Kharif     ,Urad,372.0599982249046
Himachal Pradesh,2005,Rabi       ,Wheat,1020.7335410779098
Madhya Pradesh,2005,Kharif     ,Arhar/Tur,744.0002754536378
Madhya Pradesh,2005,Kharif     ,Bajra,1490.000328756315
Madhya Pradesh,2005,Rabi       ,Gram,936.9999893473097
Madhya Pradesh,2005,Kharif     ,Groundnut,1104.9987060104593
Madhya Pradesh,2005,Kharif     ,Jowar,1048.154291579005
Madhya Pradesh,2005,Rabi       ,Jowar,1048.0182926829268
Madhya Pradesh,2005,Kharif     ,Maize,1455.000111425056
Madhya Pradesh,2005,Kharif     ,Moong(Green Gram),304.68449084219895
Madhya Pradesh,2005,Whole Year ,Potato,13372.006004307437
Madhya Pradesh,2005,Kharif     ,Ragi,268.4085510688836
Madhya Pradesh,2005,Rabi       ,Rapeseed &Mustard,1032.0004821891387
Madhya Pradesh,2005,Kharif     ,Rice,992.3720012279132
Madhya Pradesh,2005,Kharif     ,Sesamum,393.99750122222827
Madhya Pradesh,2005,Whole Year ,Sugarcane,43335.528864781096
Madhya Pradesh,2005,Kharif     ,Urad,353.71282597480405
Madhya Pradesh,2005,Rabi       ,Urad,416.569233338901
Madhya Pradesh,2005,Rabi       ,Wheat,1641.39940068096
Maharashtra,2005,Kharif     ,Arhar/Tur,720.2472952086554
Maharashtra,2005,Kharif     ,Bajra,650.0209234202817
Maharashtra,2005,Rabi       ,Gram,691.1015288122305
Maharashtra,2005,Kharif     ,Groundnut,831.006831006831
Maharashtra,2005,Summer     ,Groundnut,1526.7686424474186
Maharashtra,2005,Kharif     ,Jowar,1198.1119261070362
Maharashtra,2005,Rabi       ,Jowar,595.8501652589056
Maharashtra,2005,Kharif     ,Maize,2132.356720637368
Maharashtra,2005,Rabi       ,Maize,2050.775740479549
Maharashtra,2005,Summer     ,Maize,1442.1052631578948
Maharashtra,2005,Kharif     ,Moong(Green Gram),354.25252903709253
Maharashtra,2005,Kharif     ,Ragi,974.2268041237113
Maharashtra,2005,Rabi       ,Rapeseed &Mustard,351.58730158730157
Maharashtra,2005,Kharif     ,Rice,1762.0954061206487
Maharashtra,2005,Summer     ,Rice,1860.8247422680413
Maharashtra,2005,Kharif     ,Sesamum,269.19339164237124
Maharashtra,2005,Rabi       ,Sesamum,219.5121951219512
Maharashtra,2005,Whole Year ,Sugarcane,77518.8735769922
Maharashtra,2005,Kharif     ,Urad,424.21007685738687
Maharashtra,2005,Rabi       ,Wheat,1394.4039451114922
Mizoram,2005,Kharif     ,Arhar/Tur,958.7628865979382
Mizoram,2005,Rabi       ,Arhar/Tur,913.0434782608696
Mizoram,2005,Kharif     ,Groundnut,800.0
Mizoram,2005,Kharif     ,Maize,1916.7437557816836
Mizoram,2005,Rabi       ,Maize,2127.6824034334763
Mizoram,2005,Kharif     ,Moong(Green Gram),1277.7777777777778
Mizoram,2005,Rabi       ,Moong(Green Gram),1412.6984126984128
Mizoram,2005,Whole Year ,Potato,4082.8961175236095
Mizoram,2005,Kharif     ,Rapeseed &Mustard,734.9397590361446
Mizoram,2005,Rabi       ,Rapeseed &Mustard,659.7307221542228
Mizoram,2005,Whole Year ,Rice,1908.2536308891251
Mizoram,2005,Kharif     ,Sesamum,580.7692307692307
Mizoram,2005,Whole Year ,Sugarcane,33227.04266088214
Mizoram,2005,Kharif     ,Urad,1307.6923076923076
Mizoram,2005,Rabi       ,Urad,2304.3478260869565
Nagaland,2005,Kharif     ,Arhar/Tur,950.0
Nagaland,2005,Kharif     ,Bajra,1026.2295081967213
Nagaland,2005,Rabi       ,Gram,1000.0
Nagaland,2005,Kharif     ,Groundnut,941.1764705882352
Nagaland,2005,Kharif     ,Jowar,1490.909090909091
Nagaland,2005,Kharif     ,Maize,1800.0
Nagaland,2005,Rabi       ,Maize,1800.0
Nagaland,2005,Kharif     ,Moong(Green Gram),876.7123287671233
Nagaland,2005,Rabi       ,Rapeseed &Mustard,800.1511144692105
Nagaland,2005,Kharif     ,Rice,1680.3858520900321
Nagaland,2005,Rabi       ,Rice,2000.0
Nagaland,2005,Kharif     ,Sesamum,681.8181818181819
Nagaland,2005,Rabi       ,Sugarcane,12518.518518518518
Nagaland,2005,Whole Year ,Sugarcane,50000.0
Nagaland,2005,Rabi       ,Wheat,1600.0
Punjab,2005,Kharif     ,Arhar/Tur,884.6153846153846
Punjab,2005,Kharif     ,Bajra,1000.0
Punjab,2005,Rabi       ,Gram,871.7948717948718
Punjab,2005,Kharif     ,Groundnut,882.3529411764706
Punjab,2005,Kharif     ,Maize,2722.972972972973
Punjab,2005,Kharif     ,Moong(Green Gram),804.8780487804878
Punjab,2005,Rabi       ,Rapeseed &Mustard,1102.0408163265306
Punjab,2005,Kharif     ,Rice,3858.0620741862226
Punjab,2005,Kharif     ,Sesamum,353.98230088495575
Punjab,2005,Whole Year ,Sugarcane,61658.82352941176
Punjab,2005,Kharif     ,Urad,535.7142857142857
Punjab,2005,Rabi       ,Wheat,4179.065743944637
Tripura,2005,Kharif     ,Arhar/Tur,710.1321585903083
Tripura,2005,Rabi       ,Gram,760.233918128655
Tripura,2005,Kharif     ,Groundnut,1079.5454545454545
Tripura,2005,Rabi       ,Groundnut,937.9310344827586
Tripura,2005,Kharif     ,Maize,976.7441860465116
Tripura,2005,Kharif     ,Moong(Green Gram),537.9023883696781
Tripura,2005,Rabi       ,Moong(Green Gram),602.5236593059936
Tripura,2005,Rabi       ,Rapeseed &Mustard,727.8950370792926
Tripura,2005,Kharif     ,Rice,2382.5587690216425
Tripura,2005,Kharif     ,Sesamum,458.7155963302752
Tripura,2005,Whole Year ,Sugarcane,49581.2356979405
Tripura,2005,Kharif     ,Urad,590.4761904761905
Tripura,2005,Rabi       ,Urad,667.3913043478261
Tripura,2005,Rabi       ,Wheat,1819.4285714285713
Uttarakhand,2005,Kharif     ,Arhar/Tur,545.9057071960298
Uttarakhand,2005,Rabi       ,Gram,698.0088495575221
Uttarakhand,2005,Kharif     ,Groundnut,972.2222222222222
Uttarakhand,2005,Kharif     ,Jowar,666.6666666666666
Uttarakhand,2005,Kharif     ,Maize,1266.5752900675761
Uttarakhand,2005,Summer     ,Maize,2044.943820224719
Uttarakhand,2005,Summer     ,Moong(Green Gram),466.6666666666667
Uttarakhand,2005,Whole Year ,Potato,15473.563802745297
Uttarakhand,2005,Kharif     ,Ragi,1260.0197782583878
Uttarakhand,2005,Rabi       ,Rapeseed &Mustard,643.9030628556814
Uttarakhand,2005,Kharif     ,Rice,1911.4278349954077
Uttarakhand,2005,Summer     ,Rice,4753.762122394382
Uttarakhand,2005,Kharif     ,Sesamum,252.77264325323475
Uttarakhand,2005,Whole Year ,Sugarcane,61585.50506737944
Uttarakhand,2005,Kharif     ,Urad,539.9513473053893
Uttarakhand,2005,Summer     ,Urad,253.1328320802005
Uttarakhand,2005,Rabi       ,Wheat,1693.4423592634685
Jharkhand,2005,Rabi       ,Arhar/Tur,1265.4159041066407
Jharkhand,2005,Rabi       ,Gram,667.5357523968262
Jharkhand,2005,Autumn     ,Maize,1035.5248844348343
Jharkhand,2005,Rabi       ,Potato,8160.151783319121
Jharkhand,2005,Winter     ,Potato,6862.3138352661745
Jharkhand,2005,Autumn     ,Ragi,835.9470894834711
Jharkhand,2005,Rabi       ,Rapeseed &Mustard,677.5721611012134
Jharkhand,2005,Autumn     ,Rice,521.2808592443932
Jharkhand,2005,Winter     ,Rice,561.5850048482026
Jharkhand,2005,Whole Year ,Sugarcane,4116.926844199571
Jharkhand,2005,Rabi       ,Wheat,1018.6139514126132
Bihar,2006,Kharif     ,Arhar/Tur,1242.6819342707192
Bihar,2006,Kharif     ,Bajra,1075.7428153921092
Bihar,2006,Rabi       ,Gram,842.9035921529583
Bihar,2006,Kharif     ,Jowar,1032.381513099794
Bihar,2006,Kharif     ,Maize,1532.1780079693558
Bihar,2006,Rabi       ,Maize,3611.5079288057295
Bihar,2006,Summer     ,Maize,3496.324806276582
Bihar,2006,Kharif     ,Moong(Green Gram),582.081007585516
Bihar,2006,Summer     ,Moong(Green Gram),525.8024156966919
Bihar,2006,Kharif     ,Ragi,869.0675600223339
Bihar,2006,Rabi       ,Rapeseed &Mustard,1028.34105887901
Bihar,2006,Autumn     ,Rice,1023.6667998756716
Bihar,2006,Summer     ,Rice,1498.492269454293
Bihar,2006,Winter     ,Rice,1583.6184508390184
Bihar,2006,Kharif     ,Sesamum,775.6956274843839
Bihar,2006,Kharif     ,Urad,776.9535696063425
Bihar,2006,Rabi       ,Wheat,2001.0049467262668
Chhattisgarh,2006,Kharif     ,Arhar/Tur,425.18807467261075
Chhattisgarh,2006,Kharif     ,Bajra,478.8732394366197
Chhattisgarh,2006,Whole Year ,Bajra,40371.335504885996
Chhattisgarh,2006,Rabi       ,Gram,836.3069768245982
Chhattisgarh,2006,Kharif     ,Groundnut,1139.4976271801227
Chhattisgarh,2006,Kharif     ,Jowar,983.7490551776266
Chhattisgarh,2006,Kharif     ,Maize,1233.1020020969595
Chhattisgarh,2006,Kharif     ,Moong(Green Gram),283.62757461118116
Chhattisgarh,2006,Rabi       ,Moong(Green Gram),234.54310715822695
Chhattisgarh,2006,Kharif     ,Potato,4036.4963503649633
Chhattisgarh,2006,Rabi       ,Potato,3975.0867234310945
Chhattisgarh,2006,Kharif     ,Ragi,277.10843373493975
Chhattisgarh,2006,Rabi       ,Rapeseed &Mustard,399.55205522204477
Chhattisgarh,2006,Kharif     ,Rice,1393.3624884420453
Chhattisgarh,2006,Kharif     ,Sesamum,301.57018982891964
Chhattisgarh,2006,Whole Year ,Sugarcane,2542.3601551745714
Chhattisgarh,2006,Kharif     ,Urad,303.98407470942766
Chhattisgarh,2006,Rabi       ,Urad,252.3879500367377
Chhattisgarh,2006,Rabi       ,Wheat,1007.9280787014687
Delhi,2006,Kharif     ,Arhar/Tur,1501.2987012987012
Delhi,2006,Kharif     ,Bajra,1849.8743718592964
Delhi,2006,Rabi       ,Gram,1444.4444444444443
Delhi,2006,Kharif     ,Jowar,945.0226244343892
Delhi,2006,Kharif     ,Maize,1820.8955223880596
Delhi,2006,Whole Year ,Potato,15872.727272727272
Delhi,2006,Kharif     ,Rice,2820.0785801381926
Delhi,2006,Whole Year ,Sugarcane,75250.0
Delhi,2006,Rabi       ,Wheat,4355.010064862447
Gujarat,2006,Kharif     ,Arhar/Tur,838.3956386292834
Gujarat,2006,Kharif     ,Bajra,711.8415734878082
Gujarat,2006,Summer     ,Bajra,2336.423118865867
Gujarat,2006,Rabi       ,Gram,950.253807106599
Gujarat,2006,Kharif     ,Groundnut,956.2885186030587
Gujarat,2006,Summer     ,Groundnut,1744.2557442557443
Gujarat,2006,Kharif     ,Jowar,1116.1087866108787
Gujarat,2006,Rabi       ,Jowar,836.9351669941061
Gujarat,2006,Kharif     ,Maize,450.52490507035964
Gujarat,2006,Kharif     ,Moong(Green Gram),346.79089026915113
Gujarat,2006,Whole Year ,Potato,20858.80077369439
Gujarat,2006,Kharif     ,Ragi,1004.9019607843137
Gujarat,2006,Rabi       ,Rapeseed &Mustard,1368.890166762507
Gujarat,2006,Kharif     ,Rice,1594.2647956070775
Gujarat,2006,Summer     ,Rice,2848.6646884272996
Gujarat,2006,Kharif     ,Sesamum,319.3430656934307
Gujarat,2006,Whole Year ,Sugarcane,76603.42434058306
Gujarat,2006,Kharif     ,Urad,437.9888268156425
Gujarat,2006,Rabi       ,Wheat,2603.2826634337407
Haryana,2006,Kharif     ,Arhar/Tur,1087.1151320589522
Haryana,2006,Kharif     ,Bajra,1649.4745430018497
Haryana,2006,Rabi       ,Gram,835.9961358400832
Haryana,2006,Kharif     ,Groundnut,785.9733978234583
Haryana,2006,Kharif     ,Jowar,302.8331725700442
Haryana,2006,Kharif     ,Maize,2236.802863107665
Haryana,2006,Kharif     ,Moong(Green Gram),434.98596819457435
Haryana,2006,Whole Year ,Potato,24941.52502728832
Haryana,2006,Rabi       ,Rapeseed &Mustard,1344.0981537664336
Haryana,2006,Kharif     ,Rice,3235.012993792921
Haryana,2006,Kharif     ,Sesamum,342.10526315789474
Haryana,2006,Whole Year ,Sugarcane,68659.60459011262
Haryana,2006,Kharif     ,Urad,401.2345679012346
Haryana,2006,Rabi       ,Wheat,4231.685518329942
Himachal Pradesh,2006,Kharif     ,Arhar/Tur,340.0
Himachal Pradesh,2006,Kharif     ,Bajra,502.77777777777777
Himachal Pradesh,2006,Rabi       ,Gram,766.566265060241
Himachal Pradesh,2006,Kharif     ,Groundnut,761.9047619047619
Himachal Pradesh,2006,Kharif     ,Maize,2325.3844841942637
Himachal Pradesh,2006,Kharif     ,Moong(Green Gram),446.9026548672566
Himachal Pradesh,2006,Whole Year ,Potato,9986.679278001104
Himachal Pradesh,2006,Kharif     ,Ragi,1070.5084745762713
Himachal Pradesh,2006,Rabi       ,Rapeseed &Mustard,507.0327444581974
Himachal Pradesh,2006,Kharif     ,Rice,1559.035931621342
Himachal Pradesh,2006,Kharif     ,Sesamum,449.23724355602315
Himachal Pradesh,2006,Whole Year ,Sugarcane,19603.84233189798
Himachal Pradesh,2006,Kharif     ,Urad,472.3797888122873
Himachal Pradesh,2006,Rabi       ,Wheat,1646.65626854753
Madhya Pradesh,2006,Kharif     ,Arhar/Tur,686.9994000177044
Madhya Pradesh,2006,Kharif     ,Bajra,1374.9993173688665
Madhya Pradesh,2006,Rabi       ,Gram,987.9998436915415
Madhya Pradesh,2006,Kharif     ,Groundnut,948.9988896268842
Madhya Pradesh,2006,Kharif     ,Jowar,1032.9994551621035
Madhya Pradesh,2006,Rabi       ,Jowar,1033.0630068621335
Madhya Pradesh,2006,Kharif     ,Maize,961.9999545154761
Madhya Pradesh,2006,Kharif     ,Moong(Green Gram),318.135708628045
Madhya Pradesh,2006,Rabi       ,Moong(Green Gram),266.5350444225074
Madhya Pradesh,2006,Whole Year ,Potato,13353.996703749484
Madhya Pradesh,2006,Rabi       ,Rapeseed &Mustard,938.9999946796908
Madhya Pradesh,2006,Kharif     ,Rice,829.9033520050323
Madhya Pradesh,2006,Whole Year ,Sesamum,356.000210754135
Madhya Pradesh,2006,Whole Year ,Sugarcane,44073.99525251699
Madhya Pradesh,2006,Kharif     ,Urad,341.5243550558916
Madhya Pradesh,2006,Rabi       ,Urad,346.9079939668175
Madhya Pradesh,2006,Rabi       ,Wheat,1839.4517431802217
Maharashtra,2006,Kharif     ,Arhar/Tur,725.6369143060751
Maharashtra,2006,Kharif     ,Bajra,728.9629527613276
Maharashtra,2006,Rabi       ,Gram,707.2089289809647
Maharashtra,2006,Kharif     ,Groundnut,743.8524590163935
Maharashtra,2006,Summer     ,Groundnut,1384.8288621646623
Maharashtra,2006,Kharif     ,Jowar,1195.075219982969
Maharashtra,2006,Rabi       ,Jowar,653.6819470846708
Maharashtra,2006,Kharif     ,Maize,1995.3684210526317
Maharashtra,2006,Rabi       ,Maize,2056.9767441860463
Maharashtra,2006,Summer     ,Maize,1317.7083333333333
Maharashtra,2006,Kharif     ,Moong(Green Gram),411.96998778572674
Maharashtra,2006,Kharif     ,Ragi,904.4117647058823
Maharashtra,2006,Rabi       ,Rapeseed &Mustard,352.51798561151077
Maharashtra,2006,Kharif     ,Rice,1668.7453899282505
Maharashtra,2006,Summer     ,Rice,2134.2105263157896
Maharashtra,2006,Kharif     ,Sesamum,246.23115577889448
Maharashtra,2006,Rabi       ,Sesamum,340.0
Maharashtra,2006,Whole Year ,Sugarcane,78083.64750235627
Maharashtra,2006,Kharif     ,Urad,407.55102040816325
Maharashtra,2006,Rabi       ,Wheat,1520.1494962625934
Nagaland,2006,Kharif     ,Arhar/Tur,1194.1176470588234
Nagaland,2006,Rabi       ,Gram,1305.5555555555557
Nagaland,2006,Kharif     ,Groundnut,1010.5263157894736
Nagaland,2006,Kharif     ,Jowar,750.0
Nagaland,2006,Kharif     ,Maize,1669.9367088607594
Nagaland,2006,Rabi       ,Maize,1866.6666666666667
Nagaland,2006,Kharif     ,Moong(Green Gram),1260.0
Nagaland,2006,Kharif     ,Potato,8977.142857142857
Nagaland,2006,Rabi       ,Rapeseed &Mustard,750.9090909090909
Nagaland,2006,Kharif     ,Rice,1600.19550342131
Nagaland,2006,Rabi       ,Rice,1600.0
Nagaland,2006,Kharif     ,Sesamum,649.155722326454
Nagaland,2006,Rabi       ,Sugarcane,16724.137931034482
Nagaland,2006,Whole Year ,Sugarcane,50888.88888888889
Nagaland,2006,Rabi       ,Urad,1196.969696969697
Nagaland,2006,Rabi       ,Wheat,833.3333333333334
Punjab,2006,Kharif     ,Arhar/Tur,930.5555555555555
Punjab,2006,Kharif     ,Bajra,1000.0
Punjab,2006,Rabi       ,Gram,1000.0
Punjab,2006,Kharif     ,Groundnut,863.6363636363636
Punjab,2006,Kharif     ,Jowar,1000.0
Punjab,2006,Kharif     ,Maize,3123.3766233766232
Punjab,2006,Kharif     ,Moong(Green Gram),869.9186991869918
Punjab,2006,Rabi       ,Rapeseed &Mustard,1121.9512195121952
Punjab,2006,Kharif     ,Rice,3867.9893170545593
Punjab,2006,Kharif     ,Sesamum,336.8421052631579
Punjab,2006,Kharif     ,Urad,424.24242424242425
Punjab,2006,Rabi       ,Wheat,4209.979809633689
Tripura,2006,Kharif     ,Arhar/Tur,711.6512992455994
Tripura,2006,Rabi       ,Gram,727.2727272727273
Tripura,2006,Kharif     ,Groundnut,1055.8252427184466
Tripura,2006,Rabi       ,Groundnut,994.6524064171123
Tripura,2006,Kharif     ,Maize,987.7551020408164
Tripura,2006,Kharif     ,Moong(Green Gram),522.8494623655914
Tripura,2006,Rabi       ,Moong(Green Gram),530.0859598853868
Tripura,2006,Rabi       ,Rapeseed &Mustard,780.3899082568807
Tripura,2006,Kharif     ,Rice,2503.397239966685
Tripura,2006,Kharif     ,Sesamum,504.5739046701974
Tripura,2006,Whole Year ,Sugarcane,48760.64441887227
Tripura,2006,Kharif     ,Urad,551.937984496124
Tripura,2006,Rabi       ,Urad,633.3973128598849
Tripura,2006,Rabi       ,Wheat,1902.0618556701031
Uttar Pradesh,2006,Kharif     ,Arhar/Tur,748.6644431982527
Uttar Pradesh,2006,Kharif     ,Bajra,1454.825728014192
Uttar Pradesh,2006,Rabi       ,Gram,742.0519674492209
Uttar Pradesh,2006,Kharif     ,Groundnut,722.8685449279977
Uttar Pradesh,2006,Kharif     ,Jowar,1029.2360240390851
Uttar Pradesh,2006,Kharif     ,Maize,1326.4489603967452
Uttar Pradesh,2006,Rabi       ,Maize,3150.1779359430607
Uttar Pradesh,2006,Summer     ,Maize,1325.9875423795631
Uttar Pradesh,2006,Rabi       ,Potato,21836.544136918525
Uttar Pradesh,2006,Rabi       ,Rapeseed &Mustard,1022.3920078372862
Uttar Pradesh,2006,Kharif     ,Rice,1877.6532690721358
Uttar Pradesh,2006,Summer     ,Rice,2234.9381017881706
Uttar Pradesh,2006,Kharif     ,Sesamum,168.356477688082
Uttar Pradesh,2006,Kharif     ,Sugarcane,59625.277762940015
Uttar Pradesh,2006,Rabi       ,Wheat,2766.2990144647943
Uttarakhand,2006,Kharif     ,Arhar/Tur,544.6086480569239
Uttarakhand,2006,Kharif     ,Bajra,1181.8181818181818
Uttarakhand,2006,Rabi       ,Gram,768.5290763968073
Uttarakhand,2006,Kharif     ,Groundnut,1079.4739851343625
Uttarakhand,2006,Kharif     ,Maize,1319.8100357103413
Uttarakhand,2006,Rabi       ,Maize,1617.283950617284
Uttarakhand,2006,Kharif     ,Moong(Green Gram),1000.0
Uttarakhand,2006,Rabi       ,Moong(Green Gram),433.3333333333333
Uttarakhand,2006,Kharif     ,Potato,10127.145274353396
Uttarakhand,2006,Rabi       ,Potato,10977.602479222425
Uttarakhand,2006,Kharif     ,Ragi,1362.4721426297358
Uttarakhand,2006,Rabi       ,Rapeseed &Mustard,562.4629080118694
Uttarakhand,2006,Kharif     ,Rice,1973.7047891194247
Uttarakhand,2006,Rabi       ,Rice,3145.0166280358762
Uttarakhand,2006,Kharif     ,Sesamum,239.5775430794886
Uttarakhand,2006,Whole Year ,Sugarcane,61136.528447282304
Uttarakhand,2006,Kharif     ,Urad,641.8974499588703
Uttarakhand,2006,Rabi       ,Urad,629.8507462686567
Uttarakhand,2006,Rabi       ,Wheat,2107.9948130309367
Jharkhand,2006,Rabi       ,Arhar/Tur,1278.7063092440335
Jharkhand,2006,Rabi       ,Gram,734.2928468136471
Jharkhand,2006,Autumn     ,Maize,1532.488966856058
Jharkhand,2006,Rabi       ,Potato,8117.019394800671
Jharkhand,2006,Winter     ,Potato,7604.311742084138
Jharkhand,2006,Autumn     ,Ragi,768.0805509857024
Jharkhand,2006,Rabi       ,Rapeseed &Mustard,665.875773239556
Jharkhand,2006,Autumn     ,Rice,1385.0896111608324
Jharkhand,2006,Winter     ,Rice,1180.8102017614056
Jharkhand,2006,Whole Year ,Sugarcane,44399.46248447839
Jharkhand,2006,Rabi       ,Wheat,1317.3732683781227
Andhra Pradesh,2007,Kharif     ,Arhar/Tur,652.2678185745141
Andhra Pradesh,2007,Kharif     ,Bajra,1350.0
Andhra Pradesh,2007,Rabi       ,Bajra,785.7142857142857
Andhra Pradesh,2007,Rabi       ,Gram,1447.6190476190477
Andhra Pradesh,2007,Kharif     ,Groundnut,1357.3333333333333
Andhra Pradesh,2007,Rabi       ,Groundnut,1922.0338983050847
Andhra Pradesh,2007,Kharif     ,Jowar,1419.5804195804196
Andhra Pradesh,2007,Rabi       ,Jowar,1398.936170212766
Andhra Pradesh,2007,Kharif     ,Maize,4579.961464354528
Andhra Pradesh,2007,Rabi       ,Maize,6569.288389513109
Andhra Pradesh,2007,Kharif     ,Moong(Green Gram),489.5104895104895
Andhra Pradesh,2007,Rabi       ,Moong(Green Gram),342.10526315789474
Andhra Pradesh,2007,Kharif     ,Ragi,1229.1666666666667
Andhra Pradesh,2007,Rabi       ,Ragi,1142.857142857143
Andhra Pradesh,2007,Kharif     ,Rice,3177.2692009309544
Andhra Pradesh,2007,Rabi       ,Rice,3650.782361308677
Andhra Pradesh,2007,Kharif     ,Sesamum,219.5121951219512
Andhra Pradesh,2007,Rabi       ,Sesamum,258.06451612903226
Andhra Pradesh,2007,Whole Year ,Sugarcane,81708.5020242915
Andhra Pradesh,2007,Kharif     ,Urad,510.4166666666667
Andhra Pradesh,2007,Rabi       ,Urad,493.85749385749386
Andhra Pradesh,2007,Rabi       ,Wheat,1000.0
Bihar,2007,Kharif     ,Arhar/Tur,1382.598833441348
Bihar,2007,Kharif     ,Bajra,1102.6594223620245
Bihar,2007,Rabi       ,Gram,990.1411746353639
Bihar,2007,Kharif     ,Groundnut,719.1383595691798
Bihar,2007,Kharif     ,Jowar,1097.7816695855224
Bihar,2007,Autumn     ,Maize,1220.6730750971328
Bihar,2007,Rabi       ,Maize,4000.7505092741503
Bihar,2007,Summer     ,Maize,3434.0509474821056
Bihar,2007,Kharif     ,Moong(Green Gram),606.520262621689
Bihar,2007,Summer     ,Moong(Green Gram),599.6847103757201
Bihar,2007,Whole Year ,Potato,8083.399931128134
Bihar,2007,Kharif     ,Ragi,604.7496596581456
Bihar,2007,Rabi       ,Rapeseed &Mustard,992.4880285046411
Bihar,2007,Autumn     ,Rice,607.5484582254047
Bihar,2007,Summer     ,Rice,1560.0416515755162
Bihar,2007,Winter     ,Rice,1395.8577602355535
Bihar,2007,Kharif     ,Sesamum,792.7259887005649
Bihar,2007,Whole Year ,Sugarcane,37623.94080662188
Bihar,2007,Kharif     ,Urad,782.3034963784315
Bihar,2007,Rabi       ,Wheat,2335.4862351916636
Chhattisgarh,2007,Kharif     ,Arhar/Tur,521.7166904875337
Chhattisgarh,2007,Kharif     ,Bajra,455.88235294117646
Chhattisgarh,2007,Whole Year ,Bajra,36675.0
Chhattisgarh,2007,Rabi       ,Gram,872.1343792352868
Chhattisgarh,2007,Kharif     ,Groundnut,1263.513726976906
Chhattisgarh,2007,Kharif     ,Jowar,938.1242703333766
Chhattisgarh,2007,Kharif     ,Maize,1562.0681770734957
Chhattisgarh,2007,Kharif     ,Moong(Green Gram),283.89968515904894
Chhattisgarh,2007,Rabi       ,Moong(Green Gram),234.53942626495603
Chhattisgarh,2007,Kharif     ,Potato,4219.895287958115
Chhattisgarh,2007,Rabi       ,Potato,4213.923132704858
Chhattisgarh,2007,Kharif     ,Ragi,278.00385521524953
Chhattisgarh,2007,Rabi       ,Rapeseed &Mustard,401.52148958110394
Chhattisgarh,2007,Kharif     ,Rice,1443.7980558464376
Chhattisgarh,2007,Kharif     ,Sesamum,317.4924642049736
Chhattisgarh,2007,Whole Year ,Sugarcane,2485.3182564289623
Chhattisgarh,2007,Kharif     ,Urad,307.5038987248876
Chhattisgarh,2007,Rabi       ,Urad,259.5097210481826
Chhattisgarh,2007,Rabi       ,Wheat,1100.2736266049253
Gujarat,2007,Kharif     ,Arhar/Tur,1109.769898151641
Gujarat,2007,Kharif     ,Bajra,1169.5962647624278
Gujarat,2007,Summer     ,Bajra,2352.1199586349535
Gujarat,2007,Rabi       ,Gram,978.584729981378
Gujarat,2007,Kharif     ,Groundnut,1780.6587245970568
Gujarat,2007,Summer     ,Groundnut,1725.6392536281962
Gujarat,2007,Kharif     ,Jowar,1362.4078624078625
Gujarat,2007,Rabi       ,Jowar,976.3948497854077
Gujarat,2007,Kharif     ,Maize,1375.2358490566037
Gujarat,2007,Kharif     ,Moong(Green Gram),546.3228271251194
Gujarat,2007,Whole Year ,Potato,24835.408022130014
Gujarat,2007,Kharif     ,Ragi,838.7096774193549
Gujarat,2007,Rabi       ,Rapeseed &Mustard,1635.3115727002967
Gujarat,2007,Kharif     ,Rice,1895.7300275482094
Gujarat,2007,Summer     ,Rice,3003.0674846625766
Gujarat,2007,Kharif     ,Sesamum,470.29372496662216
Gujarat,2007,Whole Year ,Sugarcane,71990.52132701421
Gujarat,2007,Kharif     ,Urad,683.3013435700576
Gujarat,2007,Rabi       ,Wheat,3012.559855561661
Haryana,2007,Kharif     ,Arhar/Tur,1063.27530490983
Haryana,2007,Kharif     ,Bajra,1840.8141621668103
Haryana,2007,Rabi       ,Gram,503.08371685703105
Haryana,2007,Kharif     ,Groundnut,761.03500761035
Haryana,2007,Kharif     ,Jowar,451.90018516885635
Haryana,2007,Kharif     ,Maize,2685.6354794222257
Haryana,2007,Kharif     ,Moong(Green Gram),440.44778858506146
Haryana,2007,Whole Year ,Potato,17908.641726328526
Haryana,2007,Rabi       ,Rapeseed &Mustard,1202.4580902065127
Haryana,2007,Kharif     ,Rice,3362.096695243556
Haryana,2007,Kharif     ,Sesamum,364.8303538854433
Haryana,2007,Whole Year ,Sugarcane,63049.90560324867
Haryana,2007,Kharif     ,Urad,398.74679578467675
Haryana,2007,Rabi       ,Wheat,4158.200172310093
Himachal Pradesh,2007,Kharif     ,Arhar/Tur,346.9387755102041
Himachal Pradesh,2007,Rabi       ,Gram,944.9035812672176
Himachal Pradesh,2007,Kharif     ,Groundnut,969.0721649484536
Himachal Pradesh,2007,Kharif     ,Maize,2274.2462102282193
Himachal Pradesh,2007,Kharif     ,Moong(Green Gram),472.992700729927
Himachal Pradesh,2007,Kharif     ,Potato,9117.205330192151
Himachal Pradesh,2007,Kharif     ,Ragi,1349.0514905149053
Himachal Pradesh,2007,Rabi       ,Rapeseed &Mustard,408.7691253710893
Himachal Pradesh,2007,Kharif     ,Rice,1545.7738860393783
Himachal Pradesh,2007,Kharif     ,Sesamum,353.87618516452875
Himachal Pradesh,2007,Kharif     ,Sugarcane,21669.26214312199
Himachal Pradesh,2007,Kharif     ,Urad,515.131739946162
Himachal Pradesh,2007,Rabi       ,Wheat,1375.807437150838
Madhya Pradesh,2007,Kharif     ,Arhar/Tur,643.0009685052735
Madhya Pradesh,2007,Kharif     ,Bajra,1372.0020504755412
Madhya Pradesh,2007,Rabi       ,Gram,723.9999186650219
Madhya Pradesh,2007,Kharif     ,Groundnut,927.998090293319
Madhya Pradesh,2007,Kharif     ,Jowar,1103.9992021917149
Madhya Pradesh,2007,Rabi       ,Jowar,1103.8885664538595
Madhya Pradesh,2007,Kharif     ,Maize,1320.0004751553163
Madhya Pradesh,2007,Whole Year ,Potato,12594.003141379737
Madhya Pradesh,2007,Kharif     ,Ragi,307.0175438596491
Madhya Pradesh,2007,Rabi       ,Rapeseed &Mustard,934.9993230244121
Madhya Pradesh,2007,Kharif     ,Rice,810.5482129925035
Madhya Pradesh,2007,Whole Year ,Sesamum,376.0010354144084
Madhya Pradesh,2007,Whole Year ,Sugarcane,42488.58921161826
Madhya Pradesh,2007,Kharif     ,Urad,341.42253226025116
Madhya Pradesh,2007,Rabi       ,Urad,324.55012853470436
Madhya Pradesh,2007,Rabi       ,Wheat,1645.585366646916
Maharashtra,2007,Kharif     ,Arhar/Tur,928.0476231558969
Maharashtra,2007,Kharif     ,Bajra,878.332034294622
Maharashtra,2007,Rabi       ,Gram,824.4291731323432
Maharashtra,2007,Kharif     ,Groundnut,1111.1448527178864
Maharashtra,2007,Summer     ,Groundnut,1552.7192008879024
Maharashtra,2007,Kharif     ,Jowar,1482.6066425310876
Maharashtra,2007,Rabi       ,Jowar,736.6957488963815
Maharashtra,2007,Kharif     ,Maize,2705.655752057433
Maharashtra,2007,Rabi       ,Maize,2572.087658592849
Maharashtra,2007,Summer     ,Maize,1576.6423357664235
Maharashtra,2007,Kharif     ,Moong(Green Gram),555.5387409200969
Maharashtra,2007,Kharif     ,Ragi,962.5876851130164
Maharashtra,2007,Rabi       ,Rapeseed &Mustard,467.39130434782606
Maharashtra,2007,Kharif     ,Rice,1897.2187846023578
Maharashtra,2007,Summer     ,Rice,2384.057971014493
Maharashtra,2007,Kharif     ,Sesamum,322.435174746336
Maharashtra,2007,Rabi       ,Sesamum,351.35135135135135
Maharashtra,2007,Whole Year ,Sugarcane,80927.15959004393
Maharashtra,2007,Kharif     ,Urad,567.9318907413976
Maharashtra,2007,Rabi       ,Wheat,1892.640485312899
Meghalaya,2007,Kharif     ,Arhar/Tur,788.5572139303482
Meghalaya,2007,Rabi       ,Gram,617.6470588235294
Meghalaya,2007,Kharif     ,Maize,1474.5424683247302
Meghalaya,2007,Rabi       ,Rapeseed &Mustard,661.1969111969112
Meghalaya,2007,Autumn     ,Rice,1162.9861366703472
Meghalaya,2007,Summer     ,Rice,4168.716438593452
Meghalaya,2007,Winter     ,Rice,1834.1161331832072
Meghalaya,2007,Kharif     ,Sesamum,537.0483772198407
Meghalaya,2007,Whole Year ,Sugarcane,2739.1304347826085
Meghalaya,2007,Rabi       ,Wheat,1800.6430868167204
Nagaland,2007,Kharif     ,Arhar/Tur,1212.5
Nagaland,2007,Kharif     ,Groundnut,1096.551724137931
Nagaland,2007,Kharif     ,Jowar,1312.5
Nagaland,2007,Kharif     ,Maize,1809.9452848406822
Nagaland,2007,Rabi       ,Maize,1906.6666666666667
Nagaland,2007,Kharif     ,Moong(Green Gram),1155.5555555555557
Nagaland,2007,Kharif     ,Potato,14340.0
Nagaland,2007,Rabi       ,Rapeseed &Mustard,725.2268602540835
Nagaland,2007,Kharif     ,Rice,1860.2409638554218
Nagaland,2007,Rabi       ,Rice,1666.6666666666667
Nagaland,2007,Kharif     ,Sesamum,608.8957055214723
Nagaland,2007,Kharif     ,Sugarcane,55080.0
Nagaland,2007,Rabi       ,Wheat,1565.2173913043478
Punjab,2007,Kharif     ,Arhar/Tur,900.0
Punjab,2007,Kharif     ,Bajra,1000.0
Punjab,2007,Rabi       ,Gram,1037.037037037037
Punjab,2007,Kharif     ,Groundnut,870.9677419354839
Punjab,2007,Kharif     ,Jowar,1000.0
Punjab,2007,Kharif     ,Maize,3405.2287581699347
Punjab,2007,Kharif     ,Moong(Green Gram),717.9487179487179
Punjab,2007,Rabi       ,Rapeseed &Mustard,1178.5714285714287
Punjab,2007,Kharif     ,Rice,4018.7739463601533
Punjab,2007,Kharif     ,Sesamum,329.2682926829268
Punjab,2007,Kharif     ,Urad,457.14285714285717
Punjab,2007,Rabi       ,Wheat,4506.880733944954
Tripura,2007,Kharif     ,Arhar/Tur,722.3587223587224
Tripura,2007,Rabi       ,Gram,712.8712871287129
Tripura,2007,Kharif     ,Groundnut,1034.2298288508557
Tripura,2007,Rabi       ,Groundnut,974.074074074074
Tripura,2007,Kharif     ,Maize,1000.9420631182289
Tripura,2007,Kharif     ,Moong(Green Gram),500.0
Tripura,2007,Rabi       ,Moong(Green Gram),566.1157024793389
Tripura,2007,Rabi       ,Rapeseed &Mustard,731.9090282563749
Tripura,2007,Kharif     ,Rice,2532.35111527618
Tripura,2007,Kharif     ,Sesamum,504.5045045045045
Tripura,2007,Whole Year ,Sugarcane,48673.61835245047
Tripura,2007,Kharif     ,Urad,591.8367346938776
Tripura,2007,Rabi       ,Urad,618.2266009852217
Tripura,2007,Rabi       ,Wheat,1846.5298142717497
Uttar Pradesh,2007,Kharif     ,Arhar/Tur,890.5249436493496
Uttar Pradesh,2007,Kharif     ,Bajra,1523.8164197774406
Uttar Pradesh,2007,Rabi       ,Gram,744.9626270610587
Uttar Pradesh,2007,Kharif     ,Groundnut,597.8319071336923
Uttar Pradesh,2007,Kharif     ,Jowar,816.5044415044415
Uttar Pradesh,2007,Kharif     ,Maize,1437.338071736068
Uttar Pradesh,2007,Rabi       ,Maize,2808.1058726220017
Uttar Pradesh,2007,Summer     ,Maize,1437.0269037847697
Uttar Pradesh,2007,Kharif     ,Moong(Green Gram),198.92542307444825
Uttar Pradesh,2007,Summer     ,Moong(Green Gram),635.6012658227849
Uttar Pradesh,2007,Rabi       ,Potato,21976.215094145286
Uttar Pradesh,2007,Rabi       ,Rapeseed &Mustard,1157.507359374975
Uttar Pradesh,2007,Kharif     ,Rice,2061.624390940823
Uttar Pradesh,2007,Summer     ,Rice,2565.5472438856173
Uttar Pradesh,2007,Kharif     ,Sesamum,153.63133972074164
Uttar Pradesh,2007,Kharif     ,Sugarcane,57212.49736689572
Uttar Pradesh,2007,Kharif     ,Urad,438.47741316917177
Uttar Pradesh,2007,Summer     ,Urad,560.7924962461731
Uttar Pradesh,2007,Rabi       ,Wheat,2817.2712092753827
Uttarakhand,2007,Kharif     ,Arhar/Tur,757.5034106412005
Uttarakhand,2007,Kharif     ,Bajra,952.3809523809524
Uttarakhand,2007,Rabi       ,Gram,686.5079365079365
Uttarakhand,2007,Kharif     ,Groundnut,852.522639068564
Uttarakhand,2007,Kharif     ,Maize,1559.25
Uttarakhand,2007,Summer     ,Maize,1621.9512195121952
Uttarakhand,2007,Kharif     ,Moong(Green Gram),375.0
Uttarakhand,2007,Summer     ,Moong(Green Gram),428.57142857142856
Uttarakhand,2007,Kharif     ,Potato,9583.10120705664
Uttarakhand,2007,Rabi       ,Potato,8044.673539518901
Uttarakhand,2007,Kharif     ,Ragi,1405.3862103871083
Uttarakhand,2007,Rabi       ,Rapeseed &Mustard,640.6120073174787
Uttarakhand,2007,Kharif     ,Rice,2013.8296029714593
Uttarakhand,2007,Summer     ,Rice,3385.9592364930445
Uttarakhand,2007,Kharif     ,Sesamum,226.92503824579296
Uttarakhand,2007,Whole Year ,Sugarcane,61979.65446043107
Uttarakhand,2007,Kharif     ,Urad,769.2172845998773
Uttarakhand,2007,Summer     ,Urad,449.66442953020135
Uttarakhand,2007,Rabi       ,Wheat,2140.499679555078
Jharkhand,2007,Rabi       ,Arhar/Tur,1458.0342347684316
Jharkhand,2007,Rabi       ,Gram,801.6892330812163
Jharkhand,2007,Autumn     ,Maize,1229.5861075151215
Jharkhand,2007,Rabi       ,Potato,7009.035484066798
Jharkhand,2007,Winter     ,Potato,7837.716592005098
Jharkhand,2007,Autumn     ,Ragi,914.9554895365387
Jharkhand,2007,Rabi       ,Rapeseed &Mustard,845.9302729839103
Jharkhand,2007,Autumn     ,Rice,892.9149545035687
Jharkhand,2007,Winter     ,Rice,1287.9588971715207
Jharkhand,2007,Whole Year ,Sugarcane,42003.24772710817
Jharkhand,2007,Rabi       ,Wheat,1249.577906899572
Bihar,2008,Kharif     ,Arhar/Tur,1177.9609821967947
Bihar,2008,Kharif     ,Bajra,1198.3108108108108
Bihar,2008,Rabi       ,Gram,925.0714810881464
Bihar,2008,Kharif     ,Groundnut,494.2329873125721
Bihar,2008,Kharif     ,Jowar,1060.0250104210088
Bihar,2008,Autumn     ,Maize,1523.1741315057982
Bihar,2008,Rabi       ,Maize,3521.578932058604
Bihar,2008,Summer     ,Maize,3254.500195545784
Bihar,2008,Kharif     ,Moong(Green Gram),653.1966926749737
Bihar,2008,Summer     ,Moong(Green Gram),669.6933556287808
Bihar,2008,Kharif     ,Potato,7499.138131070375
Bihar,2008,Rabi       ,Potato,5328.503892303829
Bihar,2008,Kharif     ,Ragi,812.9427197201574
Bihar,2008,Rabi       ,Rapeseed &Mustard,959.7255614847827
Bihar,2008,Autumn     ,Rice,1330.135753887564
Bihar,2008,Summer     ,Rice,1689.0624111593352
Bihar,2008,Winter     ,Rice,1647.7432176933562
Bihar,2008,Kharif     ,Sesamum,802.4369016536118
Bihar,2008,Whole Year ,Sugarcane,44323.76543761505
Bihar,2008,Kharif     ,Urad,838.4238750291444
Bihar,2008,Rabi       ,Wheat,2044.63002902687
Chhattisgarh,2008,Kharif     ,Arhar/Tur,582.6979770255159
Chhattisgarh,2008,Kharif     ,Bajra,396.6942148760331
Chhattisgarh,2008,Whole Year ,Bajra,35100.64935064935
Chhattisgarh,2008,Rabi       ,Gram,801.5438194581893
Chhattisgarh,2008,Kharif     ,Groundnut,1256.265184544214
Chhattisgarh,2008,Kharif     ,Jowar,1169.557918298825
Chhattisgarh,2008,Kharif     ,Maize,1407.235220125786
Chhattisgarh,2008,Kharif     ,Moong(Green Gram),262.5135427952329
Chhattisgarh,2008,Rabi       ,Moong(Green Gram),223.6087205966724
Chhattisgarh,2008,Kharif     ,Potato,3866.6666666666665
Chhattisgarh,2008,Rabi       ,Potato,4218.963638165065
Chhattisgarh,2008,Kharif     ,Ragi,280.71334214002644
Chhattisgarh,2008,Rabi       ,Rapeseed &Mustard,379.2891214032928
Chhattisgarh,2008,Kharif     ,Rice,1198.1981844398374
Chhattisgarh,2008,Kharif     ,Sesamum,304.47626677348285
Chhattisgarh,2008,Whole Year ,Sugarcane,2460.704007084348
Chhattisgarh,2008,Kharif     ,Urad,294.8551175461418
Chhattisgarh,2008,Rabi       ,Urad,244.92412908741184
Chhattisgarh,2008,Rabi       ,Wheat,1027.310880064112
Gujarat,2008,Kharif     ,Arhar/Tur,987.2228485531755
Gujarat,2008,Kharif     ,Bajra,1012.2943067902402
Gujarat,2008,Summer     ,Bajra,2440.4352806414663
Gujarat,2008,Rabi       ,Gram,1007.981755986317
Gujarat,2008,Kharif     ,Groundnut,1367.9402918569679
Gujarat,2008,Summer     ,Groundnut,1829.4642857142858
Gujarat,2008,Kharif     ,Jowar,1330.9178743961352
Gujarat,2008,Rabi       ,Jowar,858.0
Gujarat,2008,Kharif     ,Maize,1438.5294819766054
Gujarat,2008,Kharif     ,Moong(Green Gram),432.71604938271605
Gujarat,2008,Whole Year ,Potato,20992.83154121864
Gujarat,2008,Kharif     ,Ragi,1030.9278350515465
Gujarat,2008,Rabi       ,Rapeseed &Mustard,1137.4617216740387
Gujarat,2008,Kharif     ,Rice,1697.1333610303282
Gujarat,2008,Summer     ,Rice,3071.4285714285716
Gujarat,2008,Kharif     ,Sesamum,355.97484276729557
Gujarat,2008,Whole Year ,Sugarcane,70094.89380930863
Gujarat,2008,Kharif     ,Urad,671.2041884816754
Gujarat,2008,Rabi       ,Wheat,2375.4810335349093
Haryana,2008,Kharif     ,Arhar/Tur,1070.8623732463882
Haryana,2008,Kharif     ,Bajra,1773.4372705707303
Haryana,2008,Rabi       ,Gram,1044.0018452125637
Haryana,2008,Kharif     ,Groundnut,906.7357512953367
Haryana,2008,Kharif     ,Jowar,508.11247762572896
Haryana,2008,Kharif     ,Maize,2141.2184552638287
Haryana,2008,Kharif     ,Moong(Green Gram),452.01668984700973
Haryana,2008,Whole Year ,Potato,21661.91991958452
Haryana,2008,Rabi       ,Rapeseed &Mustard,1741.1115564358286
Haryana,2008,Kharif     ,Rice,2723.8597398008005
Haryana,2008,Kharif     ,Sesamum,356.7508232711306
Haryana,2008,Whole Year ,Sugarcane,57641.76773952343
Haryana,2008,Kharif     ,Urad,387.5968992248062
Haryana,2008,Rabi       ,Wheat,4615.222107563926
Himachal Pradesh,2008,Kharif     ,Arhar/Tur,133.33333333333334
Himachal Pradesh,2008,Kharif     ,Bajra,556.6502463054187
Himachal Pradesh,2008,Rabi       ,Gram,398.35164835164835
Himachal Pradesh,2008,Kharif     ,Groundnut,814.8148148148148
Himachal Pradesh,2008,Kharif     ,Maize,2272.768190032178
Himachal Pradesh,2008,Kharif     ,Moong(Green Gram),412.8440366972477
Himachal Pradesh,2008,Kharif     ,Potato,9923.057581091274
Himachal Pradesh,2008,Rabi       ,Potato,6351.761378246336
Himachal Pradesh,2008,Kharif     ,Ragi,1074.3510778706554
Himachal Pradesh,2008,Rabi       ,Rapeseed &Mustard,267.1394799054373
Himachal Pradesh,2008,Kharif     ,Rice,1522.0502129740441
Himachal Pradesh,2008,Kharif     ,Sesamum,350.7710916238282
Himachal Pradesh,2008,Kharif     ,Sugarcane,22698.03250641574
Himachal Pradesh,2008,Kharif     ,Urad,430.1964839710445
Himachal Pradesh,2008,Rabi       ,Wheat,1058.9480527057099
Madhya Pradesh,2008,Kharif     ,Arhar/Tur,795.0000163312767
Madhya Pradesh,2008,Kharif     ,Bajra,1385.9987018100173
Madhya Pradesh,2008,Rabi       ,Gram,980.0000418263329
Madhya Pradesh,2008,Kharif     ,Groundnut,1162.0006229081903
Madhya Pradesh,2008,Kharif     ,Jowar,1203.0000455556337
Madhya Pradesh,2008,Rabi       ,Jowar,1202.9534267322983
Madhya Pradesh,2008,Kharif     ,Maize,1368.999494388682
Madhya Pradesh,2008,Whole Year ,Potato,11541.997477842311
Madhya Pradesh,2008,Kharif     ,Ragi,310.81081081081084
Madhya Pradesh,2008,Rabi       ,Rapeseed &Mustard,1055.9995345713032
Madhya Pradesh,2008,Kharif     ,Rice,920.6273215603112
Madhya Pradesh,2008,Whole Year ,Sesamum,415.99809683188136
Madhya Pradesh,2008,Whole Year ,Sugarcane,44336.17607626993
Madhya Pradesh,2008,Kharif     ,Urad,378.67179756282434
Madhya Pradesh,2008,Rabi       ,Urad,338.1127042347449
Madhya Pradesh,2008,Rabi       ,Wheat,1819.1139529915706
Maharashtra,2008,Kharif     ,Arhar/Tur,599.9008428358949
Maharashtra,2008,Kharif     ,Bajra,764.8486249133349
Maharashtra,2008,Rabi       ,Gram,676.9002011720459
Maharashtra,2008,Kharif     ,Groundnut,1015.378548895899
Maharashtra,2008,Summer     ,Groundnut,1477.9874213836479
Maharashtra,2008,Kharif     ,Jowar,1162.2801841142452
Maharashtra,2008,Rabi       ,Jowar,734.2659511771457
Maharashtra,2008,Kharif     ,Maize,2405.0172695873475
Maharashtra,2008,Rabi       ,Maize,2406.2863795110593
Maharashtra,2008,Summer     ,Maize,1526.3157894736842
Maharashtra,2008,Kharif     ,Moong(Green Gram),248.4763244256915
Maharashtra,2008,Kharif     ,Ragi,996.01593625498
Maharashtra,2008,Rabi       ,Rapeseed &Mustard,338.7096774193548
Maharashtra,2008,Kharif     ,Rice,1490.0300100033344
Maharashtra,2008,Summer     ,Rice,2418.181818181818
Maharashtra,2008,Kharif     ,Sesamum,251.3863216266174
Maharashtra,2008,Rabi       ,Sesamum,411.7647058823529
Maharashtra,2008,Whole Year ,Sugarcane,78928.03227485684
Maharashtra,2008,Kharif     ,Urad,308.4285273232479
Maharashtra,2008,Rabi       ,Wheat,1484.0477588569192
Manipur,2008,Kharif     ,Arhar/Tur,1118.095238095238
Manipur,2008,Rabi       ,Gram,833.9416058394161
Manipur,2008,Kharif     ,Groundnut,727.6966117500778
Manipur,2008,Kharif     ,Maize,1793.6596218020022
Manipur,2008,Rabi       ,Maize,1391.111111111111
Manipur,2008,Kharif     ,Moong(Green Gram),1099.767981438515
Manipur,2008,Whole Year ,Potato,8307.692307692309
Manipur,2008,Rabi       ,Rapeseed &Mustard,769.2307692307693
Manipur,2008,Kharif     ,Rice,2456.2775486989904
Manipur,2008,Whole Year ,Sugarcane,57864.077669902916
Manipur,2008,Kharif     ,Urad,1082.044384667115
Manipur,2008,Rabi       ,Wheat,2497.560975609756
Nagaland,2008,Kharif     ,Arhar/Tur,958.8607594936709
Nagaland,2008,Rabi       ,Gram,800.0
Nagaland,2008,Kharif     ,Groundnut,1000.0
Nagaland,2008,Kharif     ,Jowar,928.5714285714286
Nagaland,2008,Kharif     ,Maize,1800.0
Nagaland,2008,Rabi       ,Maize,1800.0
Nagaland,2008,Kharif     ,Moong(Green Gram),625.0
Nagaland,2008,Kharif     ,Potato,12298.969072164948
Nagaland,2008,Rabi       ,Potato,12351.851851851852
Nagaland,2008,Rabi       ,Rapeseed &Mustard,1000.0
Nagaland,2008,Kharif     ,Rice,1993.5875216637783
Nagaland,2008,Kharif     ,Sesamum,600.0
Nagaland,2008,Kharif     ,Sugarcane,43000.0
Nagaland,2008,Rabi       ,Urad,692.3076923076923
Nagaland,2008,Rabi       ,Wheat,1500.0
Punjab,2008,Kharif     ,Arhar/Tur,966.1016949152543
Punjab,2008,Kharif     ,Bajra,1000.0
Punjab,2008,Rabi       ,Gram,1172.4137931034484
Punjab,2008,Kharif     ,Groundnut,925.925925925926
Punjab,2008,Kharif     ,Jowar,1000.0
Punjab,2008,Kharif     ,Maize,3403.973509933775
Punjab,2008,Kharif     ,Moong(Green Gram),887.6404494382023
Punjab,2008,Rabi       ,Rapeseed &Mustard,1222.2222222222222
Punjab,2008,Kharif     ,Rice,4021.9378427787933
Punjab,2008,Kharif     ,Sesamum,337.34939759036143
Punjab,2008,Kharif     ,Urad,482.7586206896552
Punjab,2008,Rabi       ,Wheat,4539.238315060588
Tripura,2008,Kharif     ,Arhar/Tur,727.7327935222672
Tripura,2008,Rabi       ,Gram,967.032967032967
Tripura,2008,Kharif     ,Groundnut,1072.1649484536083
Tripura,2008,Rabi       ,Groundnut,1169.2307692307693
Tripura,2008,Kharif     ,Maize,977.5441949354993
Tripura,2008,Kharif     ,Moong(Green Gram),524.4215938303342
Tripura,2008,Rabi       ,Moong(Green Gram),619.2660550458716
Tripura,2008,Rabi       ,Rapeseed &Mustard,749.3702770780857
Tripura,2008,Kharif     ,Rice,2581.328251689537
Tripura,2008,Kharif     ,Sesamum,560.3448275862069
Tripura,2008,Whole Year ,Sugarcane,53184.15637860083
Tripura,2008,Kharif     ,Urad,645.2513966480446
Tripura,2008,Rabi       ,Urad,675.5952380952381
Tripura,2008,Rabi       ,Wheat,1881.8897637795276
Uttar Pradesh,2008,Kharif     ,Arhar/Tur,914.0206807821211
Uttar Pradesh,2008,Kharif     ,Bajra,1608.887927838873
Uttar Pradesh,2008,Rabi       ,Gram,1012.7589577839743
Uttar Pradesh,2008,Kharif     ,Groundnut,713.8384073455053
Uttar Pradesh,2008,Kharif     ,Jowar,1015.106665835774
Uttar Pradesh,2008,Kharif     ,Maize,1495.5254204701785
Uttar Pradesh,2008,Rabi       ,Maize,2625.1036770804535
Uttar Pradesh,2008,Summer     ,Maize,1495.9956030150754
Uttar Pradesh,2008,Kharif     ,Moong(Green Gram),369.8145356838587
Uttar Pradesh,2008,Summer     ,Moong(Green Gram),747.5797351072043
Uttar Pradesh,2008,Rabi       ,Potato,20498.696304330926
Uttar Pradesh,2008,Rabi       ,Rapeseed &Mustard,1122.6515852133093
Uttar Pradesh,2008,Kharif     ,Rice,2170.972032986674
Uttar Pradesh,2008,Summer     ,Rice,2112.1132232551686
Uttar Pradesh,2008,Kharif     ,Sesamum,164.91545328885147
Uttar Pradesh,2008,Kharif     ,Sugarcane,52321.64319859283
Uttar Pradesh,2008,Kharif     ,Urad,538.268659019456
Uttar Pradesh,2008,Summer     ,Urad,621.8933258866239
Uttar Pradesh,2008,Rabi       ,Wheat,3001.583195443643
Uttarakhand,2008,Kharif     ,Arhar/Tur,717.5828787242971
Uttarakhand,2008,Kharif     ,Bajra,950.0
Uttarakhand,2008,Rabi       ,Gram,477.30600292825767
Uttarakhand,2008,Kharif     ,Groundnut,1324.7232472324724
Uttarakhand,2008,Kharif     ,Maize,1355.0037341299478
Uttarakhand,2008,Summer     ,Maize,1630.4347826086957
Uttarakhand,2008,Kharif     ,Moong(Green Gram),446.42857142857144
Uttarakhand,2008,Kharif     ,Potato,9409.037938624886
Uttarakhand,2008,Rabi       ,Potato,10755.825087775294
Uttarakhand,2008,Kharif     ,Ragi,1438.416993214975
Uttarakhand,2008,Rabi       ,Rapeseed &Mustard,656.0451414820346
Uttarakhand,2008,Kharif     ,Rice,1916.9492693436243
Uttarakhand,2008,Summer     ,Rice,3145.0134344871185
Uttarakhand,2008,Kharif     ,Sesamum,214.54219030520647
Uttarakhand,2008,Whole Year ,Sugarcane,52669.14101958168
Uttarakhand,2008,Kharif     ,Urad,733.7063857801185
Uttarakhand,2008,Summer     ,Urad,635.4679802955665
Uttarakhand,2008,Rabi       ,Wheat,2033.692007776702
Jammu and Kashmir,2008,Rabi       ,Arhar/Tur,545.4545454545455
Jammu and Kashmir,2008,Rabi       ,Gram,545.7746478873239
Jammu and Kashmir,2008,Rabi       ,Potato,9997.858672376873
Jammu and Kashmir,2008,Rabi       ,Rapeseed &Mustard,892.3052469844409
Jammu and Kashmir,2008,Rabi       ,Urad,454.54545454545456
Jammu and Kashmir,2008,Rabi       ,Wheat,1795.987183510813
Jharkhand,2008,Rabi       ,Arhar/Tur,1431.9386391022745
Jharkhand,2008,Winter     ,Arhar/Tur,1600.4181773694863
Jharkhand,2008,Rabi       ,Gram,727.7277905965924
Jharkhand,2008,Autumn     ,Maize,1059.1190735104753
Jharkhand,2008,Rabi       ,Potato,6710.3767059420825
Jharkhand,2008,Winter     ,Potato,6485.82911513703
Jharkhand,2008,Autumn     ,Ragi,913.3409453476853
Jharkhand,2008,Rabi       ,Rapeseed &Mustard,633.4406205195959
Jharkhand,2008,Autumn     ,Rice,863.3477783657596
Jharkhand,2008,Winter     ,Rice,1322.7457821962848
Jharkhand,2008,Whole Year ,Sugarcane,25292.399665437195
Jharkhand,2008,Rabi       ,Wheat,1362.9319238788075
Bihar,2009,Kharif     ,Arhar/Tur,1353.4329683338265
Bihar,2009,Kharif     ,Bajra,1111.148763131142
Bihar,2009,Rabi       ,Gram,1066.4862987404713
Bihar,2009,Kharif     ,Jowar,1036.8776889981561
Bihar,2009,Autumn     ,Maize,1708.9732674953175
Bihar,2009,Rabi       ,Maize,2600.604102544495
Bihar,2009,Summer     ,Maize,3046.772527690578
Bihar,2009,Kharif     ,Moong(Green Gram),663.0343671416597
Bihar,2009,Summer     ,Moong(Green Gram),433.0026882975672
Bihar,2009,Kharif     ,Ragi,804.2697525937749
Bihar,2009,Rabi       ,Rapeseed &Mustard,1019.4375055758766
Bihar,2009,Autumn     ,Rice,896.234954077849
Bihar,2009,Summer     ,Rice,1846.2824773729646
Bihar,2009,Winter     ,Rice,1195.7175704846995
Bihar,2009,Whole Year ,Sugarcane,47228.22151516814
Bihar,2009,Kharif     ,Urad,990.0224494886505
Bihar,2009,Rabi       ,Wheat,2081.1139181644708
Chhattisgarh,2009,Kharif     ,Arhar/Tur,520.9532255325572
Chhattisgarh,2009,Kharif     ,Bajra,285.7142857142857
Chhattisgarh,2009,Whole Year ,Bajra,72119.18063314712
Chhattisgarh,2009,Rabi       ,Gram,872.1285761374874
Chhattisgarh,2009,Kharif     ,Groundnut,1471.7295443410094
Chhattisgarh,2009,Kharif     ,Jowar,1216.2210023021073
Chhattisgarh,2009,Kharif     ,Maize,1429.0854395847466
Chhattisgarh,2009,Kharif     ,Moong(Green Gram),248.48870505886097
Chhattisgarh,2009,Rabi       ,Moong(Green Gram),225.27860064889265
Chhattisgarh,2009,Whole Year ,Potato,3795.1308380258365
Chhattisgarh,2009,Kharif     ,Ragi,247.72190347620653
Chhattisgarh,2009,Rabi       ,Rapeseed &Mustard,413.72399312845965
Chhattisgarh,2009,Kharif     ,Rice,1132.818603245249
Chhattisgarh,2009,Kharif     ,Sesamum,441.15096168562826
Chhattisgarh,2009,Whole Year ,Sugarcane,5208.603417796111
Chhattisgarh,2009,Kharif     ,Urad,273.253945843841
Chhattisgarh,2009,Rabi       ,Urad,251.55141843971631
Chhattisgarh,2009,Rabi       ,Wheat,1089.4075831554649
Gujarat,2009,Kharif     ,Arhar/Tur,905.8514628657165
Gujarat,2009,Kharif     ,Bajra,866.8805132317563
Gujarat,2009,Summer     ,Bajra,2275.545350172216
Gujarat,2009,Rabi       ,Gram,944.7806354009077
Gujarat,2009,Kharif     ,Groundnut,929.2216659080565
Gujarat,2009,Summer     ,Groundnut,1903.076923076923
Gujarat,2009,Kharif     ,Jowar,1059.0339892665475
Gujarat,2009,Rabi       ,Jowar,1025.1937984496124
Gujarat,2009,Kharif     ,Maize,963.3228078698081
Gujarat,2009,Kharif     ,Moong(Green Gram),360.7250755287009
Gujarat,2009,Whole Year ,Potato,20885.83509513742
Gujarat,2009,Kharif     ,Ragi,748.2993197278912
Gujarat,2009,Rabi       ,Rapeseed &Mustard,1580.5555555555557
Gujarat,2009,Kharif     ,Rice,1865.4517843583903
Gujarat,2009,Summer     ,Rice,3076.190476190476
Gujarat,2009,Kharif     ,Sesamum,355.9096945551129
Gujarat,2009,Whole Year ,Sugarcane,69910.66736731476
Gujarat,2009,Kharif     ,Urad,515.832482124617
Gujarat,2009,Rabi       ,Wheat,2678.018223234624
Haryana,2009,Kharif     ,Arhar/Tur,1087.996776305848
Haryana,2009,Kharif     ,Bajra,1592.9867473779952
Haryana,2009,Rabi       ,Gram,737.8229462936297
Haryana,2009,Kharif     ,Groundnut,925.3903990746096
Haryana,2009,Kharif     ,Maize,2131.3222395278303
Haryana,2009,Kharif     ,Moong(Green Gram),442.98275052016913
Haryana,2009,Whole Year ,Potato,11117.450484962099
Haryana,2009,Kharif     ,Rice,3007.2071848048176
Haryana,2009,Kharif     ,Sesamum,401.33779264214047
Haryana,2009,Whole Year ,Sugarcane,51520.12731934673
Haryana,2009,Kharif     ,Urad,371.12010796221324
Haryana,2009,Rabi       ,Wheat,4215.8475348868615
Himachal Pradesh,2009,Kharif     ,Arhar/Tur,250.0
Himachal Pradesh,2009,Kharif     ,Bajra,497.6525821596244
Himachal Pradesh,2009,Rabi       ,Gram,509.9337748344371
Himachal Pradesh,2009,Kharif     ,Groundnut,661.5384615384615
Himachal Pradesh,2009,Kharif     ,Maize,1827.1048487417256
Himachal Pradesh,2009,Kharif     ,Moong(Green Gram),462.22222222222223
Himachal Pradesh,2009,Kharif     ,Potato,10061.839651957738
Himachal Pradesh,2009,Rabi       ,Potato,6932.1785085143865
Himachal Pradesh,2009,Kharif     ,Ragi,952.8985507246376
Himachal Pradesh,2009,Rabi       ,Rapeseed &Mustard,271.25553226182154
Himachal Pradesh,2009,Kharif     ,Rice,1388.5359514871498
Himachal Pradesh,2009,Kharif     ,Sesamum,84.02452217814641
Himachal Pradesh,2009,Whole Year ,Sugarcane,20859.69868173258
Himachal Pradesh,2009,Kharif     ,Urad,198.06135705006494
Himachal Pradesh,2009,Rabi       ,Wheat,925.0485104440132
Maharashtra,2009,Kharif     ,Arhar/Tur,840.7427735089645
Maharashtra,2009,Kharif     ,Bajra,741.4610546686018
Maharashtra,2009,Rabi       ,Gram,862.9394455629549
Maharashtra,2009,Kharif     ,Groundnut,1013.0568356374808
Maharashtra,2009,Summer     ,Groundnut,1637.39837398374
Maharashtra,2009,Kharif     ,Jowar,1082.2550032885465
Maharashtra,2009,Rabi       ,Jowar,775.6105398457584
Maharashtra,2009,Kharif     ,Maize,2274.294205052006
Maharashtra,2009,Rabi       ,Maize,2635.1084812623276
Maharashtra,2009,Summer     ,Maize,1502.4875621890546
Maharashtra,2009,Kharif     ,Moong(Green Gram),332.00841711480007
Maharashtra,2009,Kharif     ,Ragi,904.3261231281198
Maharashtra,2009,Rabi       ,Rapeseed &Mustard,386.2068965517241
Maharashtra,2009,Kharif     ,Rice,1474.551724137931
Maharashtra,2009,Summer     ,Rice,2315.5339805825242
Maharashtra,2009,Kharif     ,Sesamum,259.11708253358927
Maharashtra,2009,Rabi       ,Sesamum,200.0
Maharashtra,2009,Whole Year ,Sugarcane,84878.026193941
Maharashtra,2009,Kharif     ,Urad,332.95615275813293
Maharashtra,2009,Rabi       ,Wheat,1609.9546674067906
Manipur,2009,Kharif     ,Arhar/Tur,886.9047619047619
Manipur,2009,Rabi       ,Gram,857.1428571428571
Manipur,2009,Kharif     ,Groundnut,589.4736842105264
Manipur,2009,Kharif     ,Maize,1855.191256830601
Manipur,2009,Rabi       ,Maize,1716.2962962962963
Manipur,2009,Kharif     ,Moong(Green Gram),815.7894736842105
Manipur,2009,Whole Year ,Potato,8341.391941391941
Manipur,2009,Rabi       ,Rapeseed &Mustard,779.2857142857143
Manipur,2009,Kharif     ,Rice,2327.5968039336203
Manipur,2009,Whole Year ,Sugarcane,58689.92248062015
Manipur,2009,Kharif     ,Urad,822.7146814404432
Manipur,2009,Rabi       ,Wheat,2087.5
Nagaland,2009,Kharif     ,Arhar/Tur,703.3333333333334
Nagaland,2009,Kharif     ,Bajra,690.0
Nagaland,2009,Rabi       ,Gram,701.7543859649123
Nagaland,2009,Kharif     ,Groundnut,785.7142857142857
Nagaland,2009,Kharif     ,Jowar,416.6666666666667
Nagaland,2009,Kharif     ,Maize,1041.0459587955627
Nagaland,2009,Rabi       ,Maize,1500.0
Nagaland,2009,Kharif     ,Moong(Green Gram),903.2258064516129
Nagaland,2009,Kharif     ,Potato,9432.343234323433
Nagaland,2009,Rabi       ,Potato,12400.0
Nagaland,2009,Kharif     ,Ragi,685.7142857142857
Nagaland,2009,Rabi       ,Rapeseed &Mustard,799.9658644819935
Nagaland,2009,Kharif     ,Rice,1425.5798777955745
Nagaland,2009,Kharif     ,Sesamum,506.6666666666667
Nagaland,2009,Kharif     ,Sugarcane,30035.363457760315
Nagaland,2009,Kharif     ,Urad,666.6666666666666
Nagaland,2009,Rabi       ,Urad,744.6808510638298
Nagaland,2009,Rabi       ,Wheat,1199.004975124378
Punjab,2009,Kharif     ,Arhar/Tur,956.5217391304348
Punjab,2009,Kharif     ,Bajra,1333.3333333333333
Punjab,2009,Rabi       ,Gram,1133.3333333333333
Punjab,2009,Kharif     ,Groundnut,1240.0
Punjab,2009,Kharif     ,Jowar,1000.0
Punjab,2009,Kharif     ,Maize,3417.26618705036
Punjab,2009,Kharif     ,Moong(Green Gram),914.2857142857143
Punjab,2009,Rabi       ,Rapeseed &Mustard,1300.0
Punjab,2009,Kharif     ,Rice,4009.9928622412563
Punjab,2009,Kharif     ,Sesamum,371.42857142857144
Punjab,2009,Whole Year ,Sugarcane,6166.666666666667
Punjab,2009,Kharif     ,Urad,500.0
Punjab,2009,Rabi       ,Wheat,4306.927881885293
Tripura,2009,Kharif     ,Arhar/Tur,725.4305977710233
Tripura,2009,Rabi       ,Gram,752.0661157024794
Tripura,2009,Kharif     ,Groundnut,1084.7457627118645
Tripura,2009,Rabi       ,Groundnut,1112.2994652406417
Tripura,2009,Kharif     ,Maize,1005.9464816650149
Tripura,2009,Kharif     ,Moong(Green Gram),557.7889447236181
Tripura,2009,Rabi       ,Moong(Green Gram),569.5652173913044
Tripura,2009,Rabi       ,Rapeseed &Mustard,767.2240802675585
Tripura,2009,Kharif     ,Rice,2606.5619170963355
Tripura,2009,Kharif     ,Sesamum,569.8433420365535
Tripura,2009,Whole Year ,Sugarcane,51095.56313993174
Tripura,2009,Kharif     ,Urad,604.7120418848167
Tripura,2009,Rabi       ,Urad,627.6923076923077
Tripura,2009,Rabi       ,Wheat,1983.5082458770614
Uttar Pradesh,2009,Kharif     ,Arhar/Tur,661.8112729575681
Uttar Pradesh,2009,Kharif     ,Bajra,1636.440231576789
Uttar Pradesh,2009,Rabi       ,Gram,822.6372609600098
Uttar Pradesh,2009,Kharif     ,Groundnut,673.9288708467546
Uttar Pradesh,2009,Kharif     ,Jowar,887.9178535522789
Uttar Pradesh,2009,Kharif     ,Maize,1455.4347310642434
Uttar Pradesh,2009,Rabi       ,Maize,3054.788610871441
Uttar Pradesh,2009,Summer     ,Maize,1455.0056435338784
Uttar Pradesh,2009,Kharif     ,Moong(Green Gram),147.87258119271246
Uttar Pradesh,2009,Summer     ,Moong(Green Gram),719.1946959896508
Uttar Pradesh,2009,Rabi       ,Potato,24865.65568965804
Uttar Pradesh,2009,Rabi       ,Rapeseed &Mustard,1112.8578323625904
Uttar Pradesh,2009,Kharif     ,Rice,2081.3702907860575
Uttar Pradesh,2009,Summer     ,Rice,2490.949584936222
Uttar Pradesh,2009,Kharif     ,Sesamum,103.99066904963547
Uttar Pradesh,2009,Kharif     ,Sugarcane,59241.641228245855
Uttar Pradesh,2009,Kharif     ,Urad,381.7760214376291
Uttar Pradesh,2009,Summer     ,Urad,619.8913530247863
Uttar Pradesh,2009,Rabi       ,Wheat,2846.254589294831
Uttarakhand,2009,Kharif     ,Arhar/Tur,683.5836354220611
Uttarakhand,2009,Kharif     ,Bajra,1000.0
Uttarakhand,2009,Rabi       ,Gram,721.5909090909091
Uttarakhand,2009,Kharif     ,Groundnut,1388.6048210372535
Uttarakhand,2009,Kharif     ,Maize,1382.5230816381259
Uttarakhand,2009,Rabi       ,Maize,1634.920634920635
Uttarakhand,2009,Kharif     ,Moong(Green Gram),750.0
Uttarakhand,2009,Rabi       ,Moong(Green Gram),750.0
Uttarakhand,2009,Kharif     ,Potato,10261.11711004221
Uttarakhand,2009,Rabi       ,Potato,12008.51353652307
Uttarakhand,2009,Kharif     ,Ragi,1230.8500197999347
Uttarakhand,2009,Rabi       ,Rapeseed &Mustard,836.854103343465
Uttarakhand,2009,Kharif     ,Rice,2038.8015136285696
Uttarakhand,2009,Rabi       ,Rice,2852.994555353902
Uttarakhand,2009,Kharif     ,Sesamum,204.1858090862685
Uttarakhand,2009,Whole Year ,Sugarcane,60892.18706244749
Uttarakhand,2009,Kharif     ,Urad,718.0132326903364
Uttarakhand,2009,Rabi       ,Urad,545.8937198067633
Uttarakhand,2009,Rabi       ,Wheat,2224.2936762094805
Jharkhand,2009,Rabi       ,Arhar/Tur,1616.9276979189015
Jharkhand,2009,Winter     ,Arhar/Tur,1732.4263038548752
Jharkhand,2009,Rabi       ,Gram,732.4651285780393
Jharkhand,2009,Autumn     ,Maize,894.7690577024881
Jharkhand,2009,Rabi       ,Potato,6951.9235986759995
Jharkhand,2009,Winter     ,Potato,6732.209831474721
Jharkhand,2009,Autumn     ,Ragi,735.4829402005338
Jharkhand,2009,Rabi       ,Rapeseed &Mustard,737.5530683133925
Jharkhand,2009,Autumn     ,Rice,559.3849753913851
Jharkhand,2009,Winter     ,Rice,610.9420467989929
Jharkhand,2009,Whole Year ,Sugarcane,43541.3870246085
Jharkhand,2009,Rabi       ,Wheat,1173.4526756808227
West Bengal,2009,Rabi       ,Arhar/Tur,770.8609271523179
West Bengal,2009,Kharif     ,Bajra,433.9622641509434
West Bengal,2009,Rabi       ,Gram,1109.5286226224387
West Bengal,2009,Autumn     ,Groundnut,916.4237123420797
West Bengal,2009,Rabi       ,Groundnut,1777.3733471995247
West Bengal,2009,Summer     ,Groundnut,1733.4910348666162
West Bengal,2009,Kharif     ,Jowar,427.315753887762
West Bengal,2009,Autumn     ,Maize,2182.7415359207266
West Bengal,2009,Rabi       ,Maize,5619.079923680305
West Bengal,2009,Summer     ,Maize,4587.02150736753
West Bengal,2009,Kharif     ,Moong(Green Gram),836.0097323600974
West Bengal,2009,Rabi       ,Moong(Green Gram),654.144305307096
West Bengal,2009,Summer     ,Moong(Green Gram),493.52738414400613
West Bengal,2009,Rabi       ,Potato,35916.14275941537
West Bengal,2009,Summer     ,Potato,12400.0
West Bengal,2009,Autumn     ,Ragi,1180.3125530830644
West Bengal,2009,Rabi       ,Rapeseed &Mustard,1079.5285607748137
West Bengal,2009,Autumn     ,Rice,2180.5177939101754
West Bengal,2009,Summer     ,Rice,2990.740734264389
West Bengal,2009,Winter     ,Rice,2407.720384413734
West Bengal,2009,Autumn     ,Sesamum,639.7694524495678
West Bengal,2009,Summer     ,Sesamum,826.6822116772812
West Bengal,2009,Winter     ,Sesamum,613.7770897832818
West Bengal,2009,Whole Year ,Sugarcane,72786.03636363636
West Bengal,2009,Kharif     ,Urad,699.2350082544702
West Bengal,2009,Rabi       ,Urad,792.9804537023826
West Bengal,2009,Rabi       ,Wheat,2680.2442637896975
Madhya Pradesh,2009,Whole Year ,Arhar/Tur,780.0012312617355
Madhya Pradesh,2009,Whole Year ,Bajra,1482.9976656527583
Madhya Pradesh,2009,Whole Year ,Gram,1069.9999202056565
Madhya Pradesh,2009,Whole Year ,Groundnut,1205.0014005466962
Madhya Pradesh,2009,Kharif     ,Jowar,1292.9991070402361
Madhya Pradesh,2009,Rabi       ,Jowar,1293.046357615894
Madhya Pradesh,2009,Whole Year ,Maize,1254.0002166271158
Madhya Pradesh,2009,Kharif     ,Moong(Green Gram),323.29390724708367
Madhya Pradesh,2009,Rabi       ,Moong(Green Gram),257.30071033938435
Madhya Pradesh,2009,Whole Year ,Potato,12287.00126556984
Madhya Pradesh,2009,Whole Year ,Ragi,314.13612565445027
Madhya Pradesh,2009,Whole Year ,Rapeseed &Mustard,1047.0002692791513
Madhya Pradesh,2009,Whole Year ,Rice,850.9727438387869
Madhya Pradesh,2009,Whole Year ,Sesamum,435.99862731640354
Madhya Pradesh,2009,Whole Year ,Sugarcane,40553.469889569475
Madhya Pradesh,2009,Kharif     ,Urad,375.13508566279097
Madhya Pradesh,2009,Rabi       ,Urad,398.4022941417452
Madhya Pradesh,2009,Whole Year ,Wheat,1988.2009286846028
Bihar,2010,Kharif     ,Arhar/Tur,1546.4455162137788
Bihar,2010,Kharif     ,Bajra,1118.1199752628324
Bihar,2010,Rabi       ,Gram,1043.74725371298
Bihar,2010,Kharif     ,Groundnut,1024.8618784530386
Bihar,2010,Kharif     ,Jowar,1059.7014925373135
Bihar,2010,Autumn     ,Maize,1998.2342855680567
Bihar,2010,Rabi       ,Maize,3879.6624642966813
Bihar,2010,Summer     ,Maize,3952.2954278756893
Bihar,2010,Kharif     ,Moong(Green Gram),653.9040653904066
Bihar,2010,Summer     ,Moong(Green Gram),539.1388004246285
Bihar,2010,Kharif     ,Ragi,982.1388950521412
Bihar,2010,Rabi       ,Rapeseed &Mustard,1109.2755099678159
Bihar,2010,Autumn     ,Rice,896.6596529205319
Bihar,2010,Summer     ,Rice,1930.160421476351
Bihar,2010,Winter     ,Rice,1105.8664377439936
Bihar,2010,Kharif     ,Sesamum,787.7247849882721
Bihar,2010,Whole Year ,Sugarcane,47183.82587604519
Bihar,2010,Kharif     ,Urad,871.9588580470759
Bihar,2010,Rabi       ,Wheat,2425.519514746586
Chhattisgarh,2010,Kharif     ,Arhar/Tur,438.832277609474
Chhattisgarh,2010,Kharif     ,Bajra,486.8421052631579
Chhattisgarh,2010,Whole Year ,Bajra,34469.7247706422
Chhattisgarh,2010,Rabi       ,Gram,956.5382281553398
Chhattisgarh,2010,Kharif     ,Groundnut,1262.472958355868
Chhattisgarh,2010,Kharif     ,Jowar,1432.3426573426573
Chhattisgarh,2010,Kharif     ,Maize,1816.5857659186925
Chhattisgarh,2010,Kharif     ,Moong(Green Gram),289.2408519934462
Chhattisgarh,2010,Rabi       ,Moong(Green Gram),225.82911748173132
Chhattisgarh,2010,Whole Year ,Potato,4493.399478684941
Chhattisgarh,2010,Kharif     ,Ragi,278.18429864814584
Chhattisgarh,2010,Rabi       ,Rapeseed &Mustard,413.25027861805444
Chhattisgarh,2010,Kharif     ,Rice,1685.6477582891546
Chhattisgarh,2010,Kharif     ,Sesamum,335.43038283345527
Chhattisgarh,2010,Whole Year ,Sugarcane,2447.7453580901856
Chhattisgarh,2010,Kharif     ,Urad,287.4387207221228
Chhattisgarh,2010,Rabi       ,Urad,255.2349930200093
Chhattisgarh,2010,Rabi       ,Wheat,1174.0002507208224
Gujarat,2010,Kharif     ,Arhar/Tur,986.266714853632
Gujarat,2010,Kharif     ,Bajra,1142.3901940755873
Gujarat,2010,Summer     ,Bajra,2459.388874379734
Gujarat,2010,Rabi       ,Gram,1138.4615384615386
Gujarat,2010,Kharif     ,Groundnut,1867.9635761589404
Gujarat,2010,Summer     ,Groundnut,1804.3383947939262
Gujarat,2010,Kharif     ,Jowar,1056.282722513089
Gujarat,2010,Rabi       ,Jowar,1180.161943319838
Gujarat,2010,Kharif     ,Maize,1638.1065088757396
Gujarat,2010,Rabi       ,Maize,2000.0
Gujarat,2010,Summer     ,Maize,2000.0
Gujarat,2010,Kharif     ,Moong(Green Gram),502.8184892897407
Gujarat,2010,Summer     ,Moong(Green Gram),549.2957746478874
Gujarat,2010,Whole Year ,Potato,23279.491833030854
Gujarat,2010,Kharif     ,Ragi,695.0
Gujarat,2010,Rabi       ,Rapeseed &Mustard,1568.0287382128424
Gujarat,2010,Kharif     ,Rice,1954.9636138953729
Gujarat,2010,Summer     ,Rice,3032.5814536340854
Gujarat,2010,Kharif     ,Sesamum,413.9382600561272
Gujarat,2010,Summer     ,Sesamum,506.6489361702128
Gujarat,2010,Whole Year ,Sugarcane,72398.73750657549
Gujarat,2010,Kharif     ,Urad,672.8697355533791
Gujarat,2010,Summer     ,Urad,657.1428571428571
Gujarat,2010,Rabi       ,Wheat,3155.8605061060052
Haryana,2010,Kharif     ,Arhar/Tur,1080.859214666849
Haryana,2010,Kharif     ,Bajra,1793.5329718977791
Haryana,2010,Rabi       ,Gram,986.3613131159154
Haryana,2010,Kharif     ,Groundnut,1035.3753235547886
Haryana,2010,Kharif     ,Jowar,536.3746718233916
Haryana,2010,Kharif     ,Maize,1966.4665700683088
Haryana,2010,Kharif     ,Moong(Green Gram),457.9917638455913
Haryana,2010,Whole Year ,Potato,22631.324524653563
Haryana,2010,Rabi       ,Rapeseed &Mustard,1869.6942765381816
Haryana,2010,Kharif     ,Rice,2786.980578002881
Haryana,2010,Kharif     ,Sesamum,428.3965728274174
Haryana,2010,Whole Year ,Sugarcane,7146.491238449069
Haryana,2010,Kharif     ,Urad,504.6863734679164
Haryana,2010,Rabi       ,Wheat,4623.870240894134
Himachal Pradesh,2010,Kharif     ,Arhar/Tur,333.3333333333333
Himachal Pradesh,2010,Kharif     ,Bajra,532.3383084577115
Himachal Pradesh,2010,Rabi       ,Gram,912.4797406807131
Himachal Pradesh,2010,Kharif     ,Groundnut,741.9354838709677
Himachal Pradesh,2010,Kharif     ,Maize,2277.642865257896
Himachal Pradesh,2010,Kharif     ,Moong(Green Gram),466.51270207852195
Himachal Pradesh,2010,Kharif     ,Potato,9982.841990329121
Himachal Pradesh,2010,Rabi       ,Potato,6815.074496056091
Himachal Pradesh,2010,Kharif     ,Ragi,972.4427837459132
Himachal Pradesh,2010,Rabi       ,Rapeseed &Mustard,497.4311069593648
Himachal Pradesh,2010,Kharif     ,Rice,1461.5384615384614
Himachal Pradesh,2010,Kharif     ,Sesamum,317.30103806228374
Himachal Pradesh,2010,Whole Year ,Sugarcane,22792.997542997542
Himachal Pradesh,2010,Kharif     ,Urad,453.2029950083195
Himachal Pradesh,2010,Rabi       ,Wheat,1541.2266239306384
Madhya Pradesh,2010,Kharif     ,Arhar/Tur,315.9995299095076
Madhya Pradesh,2010,Kharif     ,Bajra,1915.9991620864048
Madhya Pradesh,2010,Rabi       ,Gram,784.9999167321245
Madhya Pradesh,2010,Kharif     ,Groundnut,1493.997822812747
Madhya Pradesh,2010,Kharif     ,Jowar,1416.0008895829355
Madhya Pradesh,2010,Rabi       ,Jowar,1416.0326086956522
Madhya Pradesh,2010,Kharif     ,Maize,1589.999582271607
Madhya Pradesh,2010,Kharif     ,Moong(Green Gram),350.9584397603304
Madhya Pradesh,2010,Rabi       ,Moong(Green Gram),225.09350561033662
Madhya Pradesh,2010,Whole Year ,Potato,8570.997097356241
Madhya Pradesh,2010,Kharif     ,Ragi,307.42049469964667
Madhya Pradesh,2010,Rabi       ,Rapeseed &Mustard,1127.9996031532778
Madhya Pradesh,2010,Kharif     ,Rice,1122.6925362321142
Madhya Pradesh,2010,Whole Year ,Sesamum,492.99995005909676
Madhya Pradesh,2010,Whole Year ,Sugarcane,40692.67482880266
Madhya Pradesh,2010,Kharif     ,Urad,385.07715451621914
Madhya Pradesh,2010,Rabi       ,Urad,387.53940292972374
Madhya Pradesh,2010,Rabi       ,Wheat,1989.9702684473223
Maharashtra,2010,Kharif     ,Arhar/Tur,749.5199324064828
Maharashtra,2010,Kharif     ,Bajra,1085.9269282814614
Maharashtra,2010,Rabi       ,Gram,904.2353432088462
Maharashtra,2010,Kharif     ,Groundnut,1255.4505813953488
Maharashtra,2010,Summer     ,Groundnut,1397.5363941769317
Maharashtra,2010,Kharif     ,Jowar,1325.4822138218474
Maharashtra,2010,Rabi       ,Jowar,688.6209744013212
Maharashtra,2010,Kharif     ,Maize,3023.405420202573
Maharashtra,2010,Rabi       ,Maize,2629.360465116279
Maharashtra,2010,Summer     ,Maize,1403.5874439461884
Maharashtra,2010,Kharif     ,Moong(Green Gram),672.566371681416
Maharashtra,2010,Kharif     ,Ragi,979.1666666666666
Maharashtra,2010,Rabi       ,Rapeseed &Mustard,371.42857142857144
Maharashtra,2010,Kharif     ,Rice,1766.3167810523482
Maharashtra,2010,Summer     ,Rice,2230.508474576271
Maharashtra,2010,Kharif     ,Sesamum,357.9847908745247
Maharashtra,2010,Rabi       ,Sesamum,312.41379310344826
Maharashtra,2010,Whole Year ,Sugarcane,88845.51581130119
Maharashtra,2010,Kharif     ,Urad,682.3749221507162
Maharashtra,2010,Rabi       ,Wheat,1760.9061686820755
Manipur,2010,Kharif     ,Arhar/Tur,1036.734693877551
Manipur,2010,Rabi       ,Gram,796.6101694915254
Manipur,2010,Kharif     ,Groundnut,717.7235772357724
Manipur,2010,Kharif     ,Maize,1809.3952483801295
Manipur,2010,Rabi       ,Maize,2077.9220779220777
Manipur,2010,Kharif     ,Moong(Green Gram),1023.0769230769231
Manipur,2010,Whole Year ,Potato,8351.648351648351
Manipur,2010,Rabi       ,Rapeseed &Mustard,779.4392523364486
Manipur,2010,Kharif     ,Rice,2258.040248260297
Manipur,2010,Whole Year ,Sugarcane,57944.230769230766
Manipur,2010,Kharif     ,Urad,1140.0
Manipur,2010,Rabi       ,Wheat,2500.0
Mizoram,2010,Kharif     ,Arhar/Tur,851.4285714285714
Mizoram,2010,Kharif     ,Maize,1496.9613576424722
Mizoram,2010,Rabi       ,Maize,1566.9014084507041
Mizoram,2010,Kharif     ,Potato,8698.795180722891
Mizoram,2010,Rabi       ,Potato,5562.5
Mizoram,2010,Rabi       ,Rapeseed &Mustard,801.5873015873016
Mizoram,2010,Autumn     ,Rice,927.7711644842798
Mizoram,2010,Kharif     ,Rice,1707.2506805246226
Mizoram,2010,Rabi       ,Rice,857.1428571428571
Mizoram,2010,Kharif     ,Sesamum,565.3450807635829
Mizoram,2010,Whole Year ,Sugarcane,5571.227080394922
Nagaland,2010,Kharif     ,Arhar/Tur,852.0
Nagaland,2010,Kharif     ,Bajra,861.5384615384615
Nagaland,2010,Rabi       ,Gram,708.3333333333334
Nagaland,2010,Kharif     ,Groundnut,1013.6986301369863
Nagaland,2010,Kharif     ,Jowar,916.6666666666666
Nagaland,2010,Kharif     ,Maize,1958.064007567397
Nagaland,2010,Rabi       ,Maize,1960.0
Nagaland,2010,Kharif     ,Moong(Green Gram),950.0
Nagaland,2010,Kharif     ,Potato,12723.636363636364
Nagaland,2010,Rabi       ,Potato,12402.857142857143
Nagaland,2010,Kharif     ,Ragi,933.3333333333334
Nagaland,2010,Rabi       ,Rapeseed &Mustard,1001.1090573012939
Nagaland,2010,Kharif     ,Rice,2100.4665111629456
Nagaland,2010,Rabi       ,Rice,2368.4210526315787
Nagaland,2010,Kharif     ,Sesamum,599.4236311239193
Nagaland,2010,Kharif     ,Sugarcane,43510.58823529412
Nagaland,2010,Rabi       ,Urad,651.5151515151515
Nagaland,2010,Rabi       ,Wheat,1711.5384615384614
Punjab,2010,Kharif     ,Arhar/Tur,928.5714285714286
Punjab,2010,Kharif     ,Bajra,1000.0
Punjab,2010,Rabi       ,Gram,1285.7142857142858
Punjab,2010,Kharif     ,Groundnut,1772.7272727272727
Punjab,2010,Kharif     ,Maize,3691.7293233082705
Punjab,2010,Kharif     ,Moong(Green Gram),807.6923076923077
Punjab,2010,Rabi       ,Rapeseed &Mustard,1322.5806451612902
Punjab,2010,Kharif     ,Rice,3827.9759802190038
Punjab,2010,Kharif     ,Sesamum,403.50877192982455
Punjab,2010,Kharif     ,Urad,571.4285714285714
Punjab,2010,Rabi       ,Wheat,4692.877492877493
Tamil Nadu,2010,Kharif     ,Arhar/Tur,662.0514111493385
Tamil Nadu,2010,Rabi       ,Gram,676.5350877192982
Tamil Nadu,2010,Kharif     ,Groundnut,2323.260935542361
Tamil Nadu,2010,Kharif     ,Maize,4458.069582496345
Tamil Nadu,2010,Kharif     ,Moong(Green Gram),336.01878065545884
Tamil Nadu,2010,Kharif     ,Ragi,2261.6787838730997
Tamil Nadu,2010,Kharif     ,Rice,3039.4794424801885
Tamil Nadu,2010,Whole Year ,Sesamum,526.8214737803233
Tamil Nadu,2010,Kharif     ,Urad,404.0672465443843
Tripura,2010,Kharif     ,Arhar/Tur,764.7058823529412
Tripura,2010,Rabi       ,Gram,743.1192660550458
Tripura,2010,Kharif     ,Groundnut,1077.3809523809523
Tripura,2010,Rabi       ,Groundnut,1033.6391437308869
Tripura,2010,Kharif     ,Maize,1323.444050306353
Tripura,2010,Kharif     ,Moong(Green Gram),535.3535353535353
Tripura,2010,Rabi       ,Moong(Green Gram),567.8391959798995
Tripura,2010,Rabi       ,Rapeseed &Mustard,768.762677484787
Tripura,2010,Kharif     ,Rice,2655.270299896431
Tripura,2010,Kharif     ,Sesamum,575.7575757575758
Tripura,2010,Whole Year ,Sugarcane,51134.21342134214
Tripura,2010,Kharif     ,Urad,569.078947368421
Tripura,2010,Rabi       ,Urad,672.4565756823821
Tripura,2010,Rabi       ,Wheat,2015.8227848101267
Uttar Pradesh,2010,Kharif     ,Arhar/Tur,896.0823508219393
Uttar Pradesh,2010,Kharif     ,Bajra,1664.6398053186667
Uttar Pradesh,2010,Rabi       ,Gram,929.9250029371074
Uttar Pradesh,2010,Kharif     ,Groundnut,988.1301461446433
Uttar Pradesh,2010,Kharif     ,Jowar,1031.3511095648716
Uttar Pradesh,2010,Kharif     ,Maize,1466.1405018759767
Uttar Pradesh,2010,Rabi       ,Maize,3004.0058266569554
Uttar Pradesh,2010,Summer     ,Maize,1465.9978810753544
Uttar Pradesh,2010,Kharif     ,Moong(Green Gram),470.2370882374266
Uttar Pradesh,2010,Summer     ,Moong(Green Gram),893.5587795582321
Uttar Pradesh,2010,Rabi       ,Potato,24394.910993597863
Uttar Pradesh,2010,Rabi       ,Rapeseed &Mustard,1187.8202696187664
Uttar Pradesh,2010,Kharif     ,Rice,2119.7063396703343
Uttar Pradesh,2010,Summer     ,Rice,2158.39337605987
Uttar Pradesh,2010,Kharif     ,Sesamum,197.11700330430276
Uttar Pradesh,2010,Kharif     ,Sugarcane,56730.961714944584
Uttar Pradesh,2010,Kharif     ,Urad,675.1091208440027
Uttar Pradesh,2010,Summer     ,Urad,622.9839696025831
Uttar Pradesh,2010,Rabi       ,Wheat,3113.2161543458546
Uttarakhand,2010,Kharif     ,Arhar/Tur,684.1569026999491
Uttarakhand,2010,Rabi       ,Gram,780.2197802197802
Uttarakhand,2010,Kharif     ,Groundnut,1089.4736842105262
Uttarakhand,2010,Kharif     ,Maize,1545.9855686633834
Uttarakhand,2010,Rabi       ,Maize,2031.25
Uttarakhand,2010,Kharif     ,Moong(Green Gram),529.4117647058823
Uttarakhand,2010,Rabi       ,Moong(Green Gram),562.5
Uttarakhand,2010,Kharif     ,Potato,9539.060438110319
Uttarakhand,2010,Rabi       ,Potato,12689.755894012102
Uttarakhand,2010,Kharif     ,Ragi,1336.2134773964617
Uttarakhand,2010,Rabi       ,Rapeseed &Mustard,812.445707968096
Uttarakhand,2010,Kharif     ,Rice,1830.8199218981126
Uttarakhand,2010,Rabi       ,Rice,3305.8192053413627
Uttarakhand,2010,Kharif     ,Sesamum,216.7461579226285
Uttarakhand,2010,Whole Year ,Sugarcane,60892.111482197615
Uttarakhand,2010,Kharif     ,Urad,801.145584725537
Uttarakhand,2010,Rabi       ,Urad,568.1818181818181
Uttarakhand,2010,Rabi       ,Wheat,2378.3958515724967
Jammu and Kashmir,2010,Rabi       ,Arhar/Tur,500.0
Jammu and Kashmir,2010,Kharif     ,Bajra,597.2558027079303
Jammu and Kashmir,2010,Rabi       ,Gram,551.5151515151515
Jammu and Kashmir,2010,Kharif     ,Groundnut,500.0
Jammu and Kashmir,2010,Kharif     ,Jowar,596.4912280701755
Jammu and Kashmir,2010,Kharif     ,Maize,1712.0840971399834
Jammu and Kashmir,2010,Kharif     ,Moong(Green Gram),424.94714587737843
Jammu and Kashmir,2010,Rabi       ,Moong(Green Gram),1176.4705882352941
Jammu and Kashmir,2010,Kharif     ,Potato,5504.237288135593
Jammu and Kashmir,2010,Rabi       ,Potato,13545.823195458232
Jammu and Kashmir,2010,Rabi       ,Rapeseed &Mustard,849.8462675784203
Jammu and Kashmir,2010,Kharif     ,Rice,1941.4954064902217
Jammu and Kashmir,2010,Kharif     ,Sesamum,440.76956333765673
Jammu and Kashmir,2010,Kharif     ,Sugarcane,1500.0
Jammu and Kashmir,2010,Kharif     ,Urad,337.1615507760841
Jammu and Kashmir,2010,Rabi       ,Wheat,1543.7290996139857
Jharkhand,2010,Rabi       ,Arhar/Tur,1244.718792866941
Jharkhand,2010,Rabi       ,Gram,665.1135701805474
Jharkhand,2010,Rabi       ,Potato,5789.855072463768
Jharkhand,2010,Rabi       ,Rapeseed &Mustard,745.7756563245823
Jharkhand,2010,Rabi       ,Wheat,1091.0154044681024
West Bengal,2010,Rabi       ,Arhar/Tur,1422.508038585209
West Bengal,2010,Kharif     ,Bajra,375.0
West Bengal,2010,Rabi       ,Gram,1069.138367052023
West Bengal,2010,Autumn     ,Groundnut,869.1380080393033
West Bengal,2010,Rabi       ,Groundnut,1795.696285387007
West Bengal,2010,Summer     ,Groundnut,1663.3750550349077
West Bengal,2010,Autumn     ,Jowar,400.0
West Bengal,2010,Autumn     ,Maize,2588.0167208546213
West Bengal,2010,Rabi       ,Maize,4896.163445353764
West Bengal,2010,Summer     ,Maize,4712.708312033535
West Bengal,2010,Kharif     ,Moong(Green Gram),705.4085155350978
West Bengal,2010,Rabi       ,Moong(Green Gram),659.8901098901099
West Bengal,2010,Summer     ,Moong(Green Gram),692.1636801283765
West Bengal,2010,Rabi       ,Potato,32955.00911777807
West Bengal,2010,Summer     ,Potato,12200.0
West Bengal,2010,Autumn     ,Ragi,1181.6861706671223
West Bengal,2010,Rabi       ,Rapeseed &Mustard,1021.3903352783519
West Bengal,2010,Autumn     ,Rice,2137.532291214904
West Bengal,2010,Summer     ,Rice,3289.929425093365
West Bengal,2010,Winter     ,Rice,2507.1437026972844
West Bengal,2010,Autumn     ,Sesamum,615.8940397350993
West Bengal,2010,Summer     ,Sesamum,926.2578564065046
West Bengal,2010,Winter     ,Sesamum,651.846269781462
West Bengal,2010,Whole Year ,Sugarcane,75518.34587467537
West Bengal,2010,Kharif     ,Urad,632.2079075966237
West Bengal,2010,Rabi       ,Urad,898.5250737463127
West Bengal,2010,Rabi       ,Wheat,2760.078659629807
Bihar,2011,Kharif     ,Arhar/Tur,1901.1436062016905
Bihar,2011,Kharif     ,Bajra,1124.9719542293021
Bihar,2011,Rabi       ,Gram,1294.627207765943
Bihar,2011,Kharif     ,Groundnut,1020.935960591133
Bihar,2011,Kharif     ,Jowar,1064.9801587301588
Bihar,2011,Autumn     ,Maize,2358.2080504364694
Bihar,2011,Rabi       ,Maize,4583.627590927684
Bihar,2011,Summer     ,Maize,4327.089508615651
Bihar,2011,Kharif     ,Moong(Green Gram),607.5491209927611
Bihar,2011,Summer     ,Moong(Green Gram),599.8056145442926
Bihar,2011,Kharif     ,Ragi,1213.9348500517062
Bihar,2011,Rabi       ,Rapeseed &Mustard,1416.269955494542
Bihar,2011,Autumn     ,Rice,1602.7924410542132
Bihar,2011,Summer     ,Rice,1899.2096505823627
Bihar,2011,Winter     ,Rice,2660.248422447054
Bihar,2011,Kharif     ,Sesamum,879.4520547945206
Bihar,2011,Kharif     ,Urad,865.9515469935785
Bihar,2011,Rabi       ,Wheat,3049.1523382131313
Chhattisgarh,2011,Kharif     ,Arhar/Tur,447.9907673679431
Chhattisgarh,2011,Kharif     ,Bajra,467.741935483871
Chhattisgarh,2011,Whole Year ,Bajra,34643.83561643836
Chhattisgarh,2011,Rabi       ,Gram,1001.9984012789769
Chhattisgarh,2011,Kharif     ,Groundnut,1320.0125536143948
Chhattisgarh,2011,Kharif     ,Jowar,768.0615500093826
Chhattisgarh,2011,Kharif     ,Maize,1655.0006980965236
Chhattisgarh,2011,Kharif     ,Moong(Green Gram),266.52797041146556
Chhattisgarh,2011,Rabi       ,Moong(Green Gram),235.74201254105702
Chhattisgarh,2011,Kharif     ,Potato,5367.081754195993
Chhattisgarh,2011,Rabi       ,Potato,5366.984861633401
Chhattisgarh,2011,Kharif     ,Ragi,252.08742632612967
Chhattisgarh,2011,Rabi       ,Rapeseed &Mustard,444.00602042061587
Chhattisgarh,2011,Kharif     ,Rice,1599.2647898663545
Chhattisgarh,2011,Kharif     ,Sesamum,384.05797101449275
Chhattisgarh,2011,Whole Year ,Sugarcane,5566.70341786108
Chhattisgarh,2011,Kharif     ,Urad,296.12649509953746
Chhattisgarh,2011,Rabi       ,Urad,263.0890052356021
Chhattisgarh,2011,Rabi       ,Wheat,1289.0150250417362
Gujarat,2011,Kharif     ,Arhar/Tur,1053.6006546644844
Gujarat,2011,Kharif     ,Bajra,1192.4850161364684
Gujarat,2011,Summer     ,Bajra,2531.098265895954
Gujarat,2011,Rabi       ,Gram,1139.2246769487285
Gujarat,2011,Kharif     ,Groundnut,1563.3425034387894
Gujarat,2011,Summer     ,Groundnut,1910.0301334481273
Gujarat,2011,Kharif     ,Jowar,1178.8856304985338
Gujarat,2011,Rabi       ,Jowar,1064.516129032258
Gujarat,2011,Kharif     ,Maize,1393.7984496124031
Gujarat,2011,Rabi       ,Maize,1884.071630537229
Gujarat,2011,Summer     ,Maize,2074.561403508772
Gujarat,2011,Kharif     ,Moong(Green Gram),438.5
Gujarat,2011,Summer     ,Moong(Green Gram),503.8167938931298
Gujarat,2011,Whole Year ,Potato,23037.275064267353
Gujarat,2011,Kharif     ,Ragi,820.9876543209876
Gujarat,2011,Rabi       ,Rapeseed &Mustard,1576.5895953757226
Gujarat,2011,Kharif     ,Rice,2025.555703447358
Gujarat,2011,Summer     ,Rice,3181.710213776722
Gujarat,2011,Kharif     ,Sesamum,463.8588503130336
Gujarat,2011,Summer     ,Sesamum,487.2881355932203
Gujarat,2011,Whole Year ,Sugarcane,63140.16840019812
Gujarat,2011,Kharif     ,Urad,702.7027027027027
Gujarat,2011,Summer     ,Urad,628.5714285714286
Gujarat,2011,Rabi       ,Wheat,3015.0303568784243
Haryana,2011,Kharif     ,Arhar/Tur,1083.1399154912813
Haryana,2011,Kharif     ,Bajra,2039.3392887825926
Haryana,2011,Rabi       ,Gram,925.4329251286732
Haryana,2011,Kharif     ,Groundnut,959.6928982725528
Haryana,2011,Kharif     ,Jowar,510.1252125521719
Haryana,2011,Kharif     ,Maize,2716.161158895428
Haryana,2011,Kharif     ,Moong(Green Gram),474.89018164549447
Haryana,2011,Whole Year ,Potato,21782.342222958425
Haryana,2011,Rabi       ,Rapeseed &Mustard,1395.3531771951107
Haryana,2011,Kharif     ,Rice,2896.294771711069
Haryana,2011,Kharif     ,Sesamum,355.3299492385787
Haryana,2011,Whole Year ,Sugarcane,7324.1158369514815
Haryana,2011,Kharif     ,Urad,347.73969200198707
Haryana,2011,Rabi       ,Wheat,5182.708345349547
Himachal Pradesh,2011,Kharif     ,Arhar/Tur,333.3333333333333
Himachal Pradesh,2011,Kharif     ,Bajra,547.0852017937219
Himachal Pradesh,2011,Rabi       ,Gram,1003.2679738562091
Himachal Pradesh,2011,Kharif     ,Groundnut,929.8245614035088
Himachal Pradesh,2011,Kharif     ,Maize,2111.0077487329495
Himachal Pradesh,2011,Kharif     ,Moong(Green Gram),503.90625
Himachal Pradesh,2011,Kharif     ,Potato,9900.82515958275
Himachal Pradesh,2011,Rabi       ,Potato,6936.461672981638
Himachal Pradesh,2011,Kharif     ,Ragi,1122.533272143185
Himachal Pradesh,2011,Rabi       ,Rapeseed &Mustard,561.1684603558093
Himachal Pradesh,2011,Kharif     ,Rice,1447.8099223112083
Himachal Pradesh,2011,Kharif     ,Sesamum,316.4116828929068
Himachal Pradesh,2011,Whole Year ,Sugarcane,14118.454499237418
Himachal Pradesh,2011,Kharif     ,Urad,636.3824503311258
Himachal Pradesh,2011,Rabi       ,Wheat,1468.158826358269
Madhya Pradesh,2011,Kharif     ,Arhar/Tur,627.9994739413069
Madhya Pradesh,2011,Kharif     ,Bajra,1941.0002800224017
Madhya Pradesh,2011,Rabi       ,Gram,1083.0692930810592
Madhya Pradesh,2011,Kharif     ,Groundnut,1659.0014380729822
Madhya Pradesh,2011,Kharif     ,Jowar,1540.9992372234935
Madhya Pradesh,2011,Rabi       ,Jowar,1540.3008098727344
Madhya Pradesh,2011,Kharif     ,Maize,1551.0004782693716
Madhya Pradesh,2011,Kharif     ,Moong(Green Gram),227.1867910259642
Madhya Pradesh,2011,Rabi       ,Moong(Green Gram),239.73784063470163
Madhya Pradesh,2011,Whole Year ,Potato,12262.000667365812
Madhya Pradesh,2011,Kharif     ,Ragi,259.5419847328244
Madhya Pradesh,2011,Rabi       ,Rapeseed &Mustard,1192.0007245993947
Madhya Pradesh,2011,Kharif     ,Rice,1342.430536648573
Madhya Pradesh,2011,Whole Year ,Sesamum,524.0014746701034
Madhya Pradesh,2011,Whole Year ,Sugarcane,39711.32479495778
Madhya Pradesh,2011,Kharif     ,Urad,271.0890524007483
Madhya Pradesh,2011,Rabi       ,Urad,293.93564356435644
Madhya Pradesh,2011,Rabi       ,Wheat,2769.7620586840494
Maharashtra,2011,Kharif     ,Arhar/Tur,706.2687535479686
Maharashtra,2011,Kharif     ,Bajra,982.2238129324744
Maharashtra,2011,Rabi       ,Gram,797.6002232350479
Maharashtra,2011,Kharif     ,Groundnut,1081.7837610433319
Maharashtra,2011,Summer     ,Groundnut,1383.5487661574618
Maharashtra,2011,Kharif     ,Jowar,1498.1018311746316
Maharashtra,2011,Rabi       ,Jowar,550.9128310619697
Maharashtra,2011,Kharif     ,Maize,2888.7530562347188
Maharashtra,2011,Rabi       ,Maize,2534.423407917384
Maharashtra,2011,Summer     ,Maize,1461.8473895582329
Maharashtra,2011,Kharif     ,Moong(Green Gram),585.9486942454356
Maharashtra,2011,Kharif     ,Ragi,1057.5594781273983
Maharashtra,2011,Rabi       ,Rapeseed &Mustard,348.85496183206106
Maharashtra,2011,Kharif     ,Rice,1836.3228699551569
Maharashtra,2011,Summer     ,Rice,2312.94964028777
Maharashtra,2011,Kharif     ,Sesamum,335.9338061465721
Maharashtra,2011,Rabi       ,Sesamum,303.125
Maharashtra,2011,Whole Year ,Sugarcane,87530.43052837573
Maharashtra,2011,Kharif     ,Urad,685.5179994503984
Maharashtra,2011,Rabi       ,Wheat,1706.8670994192005
Manipur,2011,Kharif     ,Arhar/Tur,961.4678899082569
Manipur,2011,Rabi       ,Gram,854.0983606557377
Manipur,2011,Kharif     ,Groundnut,851.2667660208643
Manipur,2011,Kharif     ,Maize,1775.0
Manipur,2011,Rabi       ,Maize,2164.9484536082473
Manipur,2011,Kharif     ,Moong(Green Gram),956.7198177676538
Manipur,2011,Whole Year ,Potato,8472.222222222223
Manipur,2011,Rabi       ,Rapeseed &Mustard,765.0909090909091
Manipur,2011,Kharif     ,Rice,2642.285509902982
Manipur,2011,Whole Year ,Sugarcane,57913.04347826087
Manipur,2011,Kharif     ,Urad,1095.617529880478
Manipur,2011,Rabi       ,Wheat,2497.6744186046512
Mizoram,2011,Kharif     ,Arhar/Tur,982.7586206896551
Mizoram,2011,Kharif     ,Maize,1214.15770609319
Mizoram,2011,Rabi       ,Maize,1282.2966507177034
Mizoram,2011,Kharif     ,Potato,7319.74921630094
Mizoram,2011,Rabi       ,Potato,5933.333333333333
Mizoram,2011,Kharif     ,Rapeseed &Mustard,400.0
Mizoram,2011,Rabi       ,Rapeseed &Mustard,931.5068493150685
Mizoram,2011,Autumn     ,Rice,1031.6735073182065
Mizoram,2011,Kharif     ,Rice,1992.4409448818897
Mizoram,2011,Rabi       ,Rice,2104.4444444444443
Mizoram,2011,Kharif     ,Sesamum,634.1719077568134
Mizoram,2011,Whole Year ,Sugarcane,5097.0608339029395
Nagaland,2011,Kharif     ,Arhar/Tur,853.1746031746031
Nagaland,2011,Kharif     ,Bajra,861.5384615384615
Nagaland,2011,Rabi       ,Gram,720.0
Nagaland,2011,Kharif     ,Groundnut,1013.3333333333334
Nagaland,2011,Kharif     ,Jowar,916.6666666666666
Nagaland,2011,Kharif     ,Maize,1960.0
Nagaland,2011,Rabi       ,Maize,1960.1593625498008
Nagaland,2011,Rabi       ,Potato,9029.185867895545
Nagaland,2011,Kharif     ,Ragi,935.483870967742
Nagaland,2011,Rabi       ,Rapeseed &Mustard,1004.7935103244838
Nagaland,2011,Kharif     ,Rice,2102.150237363865
Nagaland,2011,Rabi       ,Rice,2367.588932806324
Nagaland,2011,Kharif     ,Sesamum,600.0
Nagaland,2011,Kharif     ,Sugarcane,43512.820512820515
Nagaland,2011,Kharif     ,Urad,954.5454545454545
Nagaland,2011,Rabi       ,Urad,661.7647058823529
Nagaland,2011,Rabi       ,Wheat,1711.111111111111
Punjab,2011,Kharif     ,Arhar/Tur,870.9677419354839
Punjab,2011,Kharif     ,Bajra,1000.0
Punjab,2011,Rabi       ,Gram,1222.2222222222222
Punjab,2011,Kharif     ,Groundnut,1705.8823529411766
Punjab,2011,Kharif     ,Maize,3984.126984126984
Punjab,2011,Kharif     ,Moong(Green Gram),848.4848484848485
Punjab,2011,Rabi       ,Rapeseed &Mustard,1275.8620689655172
Punjab,2011,Kharif     ,Rice,3740.9510290986514
Punjab,2011,Kharif     ,Sesamum,333.3333333333333
Punjab,2011,Whole Year ,Sugarcane,70662.5
Punjab,2011,Kharif     ,Urad,392.85714285714283
Punjab,2011,Rabi       ,Wheat,5096.938775510204
Tripura,2011,Kharif     ,Arhar/Tur,747.6866132017274
Tripura,2011,Rabi       ,Gram,782.3129251700681
Tripura,2011,Kharif     ,Groundnut,1073.0593607305937
Tripura,2011,Rabi       ,Groundnut,1300.8130081300812
Tripura,2011,Kharif     ,Maize,1351.3224686080684
Tripura,2011,Kharif     ,Moong(Green Gram),534.6320346320347
Tripura,2011,Rabi       ,Moong(Green Gram),585.6573705179283
Tripura,2011,Rabi       ,Rapeseed &Mustard,789.7700610042234
Tripura,2011,Kharif     ,Rice,2700.401129327554
Tripura,2011,Kharif     ,Sesamum,563.8516992790937
Tripura,2011,Whole Year ,Sugarcane,48861.020629750274
Tripura,2011,Kharif     ,Urad,617.7237185056473
Tripura,2011,Rabi       ,Urad,680.8080808080808
Tripura,2011,Rabi       ,Wheat,1956.2043795620439
Uttar Pradesh,2011,Kharif     ,Arhar/Tur,1044.7691123171396
Uttar Pradesh,2011,Kharif     ,Bajra,1838.8960400555427
Uttar Pradesh,2011,Rabi       ,Gram,1185.165532596708
Uttar Pradesh,2011,Kharif     ,Groundnut,1001.1274568259922
Uttar Pradesh,2011,Kharif     ,Jowar,1104.8871789539357
Uttar Pradesh,2011,Kharif     ,Maize,1653.3130618329963
Uttar Pradesh,2011,Rabi       ,Maize,2385.266245487365
Uttar Pradesh,2011,Summer     ,Maize,1653.001200480192
Uttar Pradesh,2011,Kharif     ,Moong(Green Gram),423.67911190239306
Uttar Pradesh,2011,Summer     ,Moong(Green Gram),841.2171742952754
Uttar Pradesh,2011,Rabi       ,Potato,22080.614365187645
Uttar Pradesh,2011,Rabi       ,Rapeseed &Mustard,1135.6078039958636
Uttar Pradesh,2011,Kharif     ,Rice,2357.5447650651913
Uttar Pradesh,2011,Summer     ,Rice,2516.5383639286015
Uttar Pradesh,2011,Kharif     ,Sesamum,216.80186945151544
Uttar Pradesh,2011,Kharif     ,Sugarcane,59572.005508683855
Uttar Pradesh,2011,Kharif     ,Urad,668.6647599035712
Uttar Pradesh,2011,Summer     ,Urad,663.9921844145586
Uttar Pradesh,2011,Rabi       ,Wheat,3277.359818726461
Uttarakhand,2011,Kharif     ,Arhar/Tur,675.990675990676
Uttarakhand,2011,Rabi       ,Gram,797.2222222222222
Uttarakhand,2011,Kharif     ,Groundnut,1266.8863261943986
Uttarakhand,2011,Kharif     ,Maize,1502.9836683417086
Uttarakhand,2011,Summer     ,Maize,2000.0
Uttarakhand,2011,Summer     ,Moong(Green Gram),666.6666666666666
Uttarakhand,2011,Kharif     ,Potato,10296.471205562115
Uttarakhand,2011,Rabi       ,Potato,12063.334769495907
Uttarakhand,2011,Kharif     ,Ragi,1397.5425941612596
Uttarakhand,2011,Rabi       ,Rapeseed &Mustard,785.4894681623759
Uttarakhand,2011,Kharif     ,Rice,2083.6487205293147
Uttarakhand,2011,Summer     ,Rice,3308.9912280701756
Uttarakhand,2011,Kharif     ,Sesamum,229.22636103151862
Uttarakhand,2011,Whole Year ,Sugarcane,60916.20765761443
Uttarakhand,2011,Kharif     ,Urad,811.8587124307636
Uttarakhand,2011,Summer     ,Urad,246.75324675324674
Uttarakhand,2011,Rabi       ,Wheat,2432.396097303044
Jharkhand,2011,Rabi       ,Arhar/Tur,1615.5209660444248
Jharkhand,2011,Rabi       ,Gram,927.8894114293857
Jharkhand,2011,Autumn     ,Maize,1397.5216514234578
Jharkhand,2011,Rabi       ,Potato,7393.758095355579
Jharkhand,2011,Winter     ,Potato,8611.067594341795
Jharkhand,2011,Autumn     ,Ragi,946.6821345707657
Jharkhand,2011,Rabi       ,Rapeseed &Mustard,866.1501469409565
Jharkhand,2011,Autumn     ,Rice,836.433151459636
Jharkhand,2011,Winter     ,Rice,1502.6939583941773
Jharkhand,2011,Whole Year ,Sugarcane,35312.01044386423
Jharkhand,2011,Rabi       ,Wheat,1536.6657626270003
West Bengal,2011,Rabi       ,Arhar/Tur,435.09615384615387
West Bengal,2011,Kharif     ,Bajra,372.8813559322034
West Bengal,2011,Rabi       ,Gram,1049.204984959175
West Bengal,2011,Autumn     ,Groundnut,861.9986403806934
West Bengal,2011,Rabi       ,Groundnut,1857.8431372549019
West Bengal,2011,Summer     ,Groundnut,2539.469460964788
West Bengal,2011,Kharif     ,Jowar,260.8695652173913
West Bengal,2011,Autumn     ,Maize,2269.4408551626925
West Bengal,2011,Rabi       ,Maize,4766.250994958875
West Bengal,2011,Summer     ,Maize,4349.193626736617
West Bengal,2011,Kharif     ,Moong(Green Gram),715.8808933002481
West Bengal,2011,Rabi       ,Moong(Green Gram),665.805785123967
West Bengal,2011,Summer     ,Moong(Green Gram),641.1383618695048
West Bengal,2011,Rabi       ,Potato,25728.74391839703
West Bengal,2011,Summer     ,Potato,12100.20366598778
West Bengal,2011,Autumn     ,Ragi,978.5112192805414
West Bengal,2011,Rabi       ,Rapeseed &Mustard,908.0775163121345
West Bengal,2011,Autumn     ,Rice,2212.8928351747422
West Bengal,2011,Summer     ,Rice,3173.5125413979144
West Bengal,2011,Winter     ,Rice,2565.0685196940835
West Bengal,2011,Autumn     ,Sesamum,569.9152542372881
West Bengal,2011,Summer     ,Sesamum,921.666944305625
West Bengal,2011,Winter     ,Sesamum,623.3885819521179
West Bengal,2011,Kharif     ,Urad,609.5816706272699
West Bengal,2011,Rabi       ,Urad,848.0017471063551
West Bengal,2011,Rabi       ,Wheat,2765.310033929018
Bihar,2012,Kharif     ,Arhar/Tur,2131.5027594318285
Bihar,2012,Kharif     ,Bajra,1139.9622997172478
Bihar,2012,Rabi       ,Gram,1402.0138922779106
Bihar,2012,Kharif     ,Groundnut,1022.3097112860893
Bihar,2012,Kharif     ,Jowar,1071.455720258457
Bihar,2012,Autumn     ,Maize,3548.569370860293
Bihar,2012,Rabi       ,Maize,3264.0837514855407
Bihar,2012,Summer     ,Maize,5467.617037181316
Bihar,2012,Kharif     ,Moong(Green Gram),812.5636672325976
Bihar,2012,Summer     ,Moong(Green Gram),624.0694200768173
Bihar,2012,Kharif     ,Ragi,1180.9703843730308
Bihar,2012,Rabi       ,Rapeseed &Mustard,1595.4067470601108
Bihar,2012,Autumn     ,Rice,1776.3959409648721
Bihar,2012,Summer     ,Rice,2719.20812047528
Bihar,2012,Winter     ,Rice,2666.8847560777976
Bihar,2012,Kharif     ,Sesamum,882.2463768115942
Bihar,2012,Whole Year ,Sugarcane,50895.627616399834
Bihar,2012,Kharif     ,Urad,864.2669132816391
Bihar,2012,Rabi       ,Wheat,2796.6883241593982
Chhattisgarh,2012,Kharif     ,Arhar/Tur,598.001967175175
Chhattisgarh,2012,Kharif     ,Bajra,423.5924932975871
Chhattisgarh,2012,Whole Year ,Bajra,13846.153846153846
Chhattisgarh,2012,Rabi       ,Gram,1138.000671917578
Chhattisgarh,2012,Kharif     ,Groundnut,1377.827669490084
Chhattisgarh,2012,Kharif     ,Jowar,714.9959903769046
Chhattisgarh,2012,Kharif     ,Maize,1926.6597625792758
Chhattisgarh,2012,Kharif     ,Moong(Green Gram),310.53864168618264
Chhattisgarh,2012,Rabi       ,Moong(Green Gram),228.18888568960554
Chhattisgarh,2012,Kharif     ,Potato,6886.068111455108
Chhattisgarh,2012,Rabi       ,Potato,6885.960754573894
Chhattisgarh,2012,Kharif     ,Ragi,282.2396146899458
Chhattisgarh,2012,Rabi       ,Rapeseed &Mustard,507.00423017239547
Chhattisgarh,2012,Kharif     ,Rice,1970.8844821368841
Chhattisgarh,2012,Kharif     ,Sesamum,291.00340741494176
Chhattisgarh,2012,Whole Year ,Sugarcane,2796.1417578844694
Chhattisgarh,2012,Kharif     ,Urad,320.2136927065294
Chhattisgarh,2012,Rabi       ,Urad,251.10782865583457
Chhattisgarh,2012,Rabi       ,Wheat,1401.0173139000294
Gujarat,2012,Kharif     ,Arhar/Tur,1184.5681718544497
Gujarat,2012,Kharif     ,Bajra,1037.0813397129186
Gujarat,2012,Summer     ,Bajra,2634.3396226415093
Gujarat,2012,Rabi       ,Gram,977.9573842762675
Gujarat,2012,Kharif     ,Groundnut,501.88617352796456
Gujarat,2012,Summer     ,Groundnut,2288.7537993920973
Gujarat,2012,Kharif     ,Jowar,1535.3535353535353
Gujarat,2012,Rabi       ,Jowar,1039.8671096345515
Gujarat,2012,Kharif     ,Maize,1674.7052518756698
Gujarat,2012,Rabi       ,Maize,1949.1315136476426
Gujarat,2012,Summer     ,Maize,2075.0
Gujarat,2012,Kharif     ,Moong(Green Gram),435.589519650655
Gujarat,2012,Summer     ,Moong(Green Gram),504.23728813559325
Gujarat,2012,Whole Year ,Potato,25023.776223776225
Gujarat,2012,Kharif     ,Ragi,953.7572254335261
Gujarat,2012,Rabi       ,Rapeseed &Mustard,1694.548872180451
Gujarat,2012,Kharif     ,Rice,2095.3869047619046
Gujarat,2012,Summer     ,Rice,3065.2920962199314
Gujarat,2012,Kharif     ,Sesamum,335.71996817820207
Gujarat,2012,Summer     ,Sesamum,54305.555555555555
Gujarat,2012,Whole Year ,Sugarcane,7139.297848244621
Gujarat,2012,Kharif     ,Urad,631.3559322033898
Gujarat,2012,Summer     ,Urad,1250.0
Gujarat,2012,Rabi       ,Wheat,2876.4044943820227
Haryana,2012,Kharif     ,Arhar/Tur,1104.4455066921605
Haryana,2012,Kharif     ,Bajra,1925.8346703803707
Haryana,2012,Rabi       ,Gram,1126.8683690174983
Haryana,2012,Kharif     ,Groundnut,1178.4343821949349
Haryana,2012,Kharif     ,Jowar,498.2245090223929
Haryana,2012,Kharif     ,Maize,2632.1117635148817
Haryana,2012,Kharif     ,Moong(Green Gram),483.6350974930362
Haryana,2012,Whole Year ,Potato,23309.859154929578
Haryana,2012,Rabi       ,Rapeseed &Mustard,1718.2826129789178
Haryana,2012,Kharif     ,Rice,3267.136716531745
Haryana,2012,Kharif     ,Sesamum,396.84715558601783
Haryana,2012,Whole Year ,Sugarcane,74267.72027805835
Haryana,2012,Kharif     ,Urad,378.4786641929499
Haryana,2012,Rabi       ,Wheat,4452.311962209215
Himachal Pradesh,2012,Kharif     ,Arhar/Tur,333.3333333333333
Himachal Pradesh,2012,Kharif     ,Bajra,507.59753593429156
Himachal Pradesh,2012,Rabi       ,Gram,937.7777777777778
Himachal Pradesh,2012,Kharif     ,Groundnut,863.6363636363636
Himachal Pradesh,2012,Kharif     ,Maize,2192.5405746214306
Himachal Pradesh,2012,Kharif     ,Moong(Green Gram),471.63120567375887
Himachal Pradesh,2012,Kharif     ,Potato,10229.544034978138
Himachal Pradesh,2012,Rabi       ,Potato,6968.374816983895
Himachal Pradesh,2012,Kharif     ,Ragi,1047.9041916167664
Himachal Pradesh,2012,Rabi       ,Rapeseed &Mustard,443.7115707098938
Himachal Pradesh,2012,Kharif     ,Rice,1475.8821968691962
Himachal Pradesh,2012,Kharif     ,Sesamum,352.9635258358663
Himachal Pradesh,2012,Whole Year ,Sugarcane,20731.48148148148
Himachal Pradesh,2012,Kharif     ,Urad,403.50877192982455
Himachal Pradesh,2012,Rabi       ,Wheat,1875.1888632786952
Madhya Pradesh,2012,Kharif     ,Arhar/Tur,692.0000264003748
Madhya Pradesh,2012,Kharif     ,Bajra,2011.9976999228127
Madhya Pradesh,2012,Rabi       ,Gram,1221.543269030764
Madhya Pradesh,2012,Kharif     ,Groundnut,1595.0016730423145
Madhya Pradesh,2012,Kharif     ,Jowar,2014.9989881771066
Madhya Pradesh,2012,Rabi       ,Jowar,2014.985824220332
Madhya Pradesh,2012,Kharif     ,Maize,2786.0009970533097
Madhya Pradesh,2012,Kharif     ,Moong(Green Gram),374.59533377986156
Madhya Pradesh,2012,Rabi       ,Moong(Green Gram),256.20601654937747
Madhya Pradesh,2012,Whole Year ,Potato,14275.995165984314
Madhya Pradesh,2012,Kharif     ,Ragi,306.0240963855422
Madhya Pradesh,2012,Rabi       ,Rapeseed &Mustard,1367.9999317465351
Madhya Pradesh,2012,Kharif     ,Rice,1734.1561906633533
Madhya Pradesh,2012,Whole Year ,Sesamum,501.0017127731354
Madhya Pradesh,2012,Whole Year ,Sugarcane,51141.537262759506
Madhya Pradesh,2012,Kharif     ,Urad,410.59566441595365
Madhya Pradesh,2012,Rabi       ,Urad,519.6731234866828
Madhya Pradesh,2012,Rabi       ,Wheat,2947.7683102646392
Maharashtra,2012,Kharif     ,Arhar/Tur,828.7738958470666
Maharashtra,2012,Kharif     ,Bajra,637.4016747018524
Maharashtra,2012,Rabi       ,Gram,765.0066108417806
Maharashtra,2012,Kharif     ,Groundnut,992.0168067226891
Maharashtra,2012,Summer     ,Groundnut,1449.5151169423846
Maharashtra,2012,Kharif     ,Jowar,1347.3613142792844
Maharashtra,2012,Rabi       ,Jowar,379.60186573379974
Maharashtra,2012,Kharif     ,Maize,2296.602787456446
Maharashtra,2012,Rabi       ,Maize,1899.1735537190082
Maharashtra,2012,Summer     ,Maize,1214.8760330578511
Maharashtra,2012,Kharif     ,Moong(Green Gram),490.1205936920223
Maharashtra,2012,Kharif     ,Ragi,1116.4658634538152
Maharashtra,2012,Rabi       ,Rapeseed &Mustard,282.7586206896552
Maharashtra,2012,Kharif     ,Rice,1964.2955303972253
Maharashtra,2012,Summer     ,Rice,2472.491909385113
Maharashtra,2012,Kharif     ,Sesamum,295.0777202072539
Maharashtra,2012,Rabi       ,Sesamum,322.22222222222223
Maharashtra,2012,Whole Year ,Sugarcane,80305.93753331201
Maharashtra,2012,Kharif     ,Urad,592.8393005828476
Maharashtra,2012,Rabi       ,Wheat,1527.0063694267517
Manipur,2012,Kharif     ,Arhar/Tur,914.6067415730337
Manipur,2012,Rabi       ,Gram,850.7042253521126
Manipur,2012,Kharif     ,Groundnut,789.522342064715
Manipur,2012,Kharif     ,Maize,2015.0316455696202
Manipur,2012,Rabi       ,Maize,2794.1176470588234
Manipur,2012,Kharif     ,Moong(Green Gram),914.7058823529412
Manipur,2012,Whole Year ,Potato,8466.666666666666
Manipur,2012,Rabi       ,Rapeseed &Mustard,839.1666666666666
Manipur,2012,Kharif     ,Rice,2099.4376069769337
Manipur,2012,Whole Year ,Sugarcane,56670.90909090909
Manipur,2012,Kharif     ,Urad,1092.4137931034484
Manipur,2012,Rabi       ,Wheat,2500.0
Mizoram,2012,Kharif     ,Arhar/Tur,975.609756097561
Mizoram,2012,Kharif     ,Maize,1295.8700293568188
Mizoram,2012,Rabi       ,Maize,1638.888888888889
Mizoram,2012,Kharif     ,Potato,7017.391304347826
Mizoram,2012,Rabi       ,Potato,3701.754385964912
Mizoram,2012,Rabi       ,Rapeseed &Mustard,693.1034482758621
Mizoram,2012,Autumn     ,Rice,1098.0328665101595
Mizoram,2012,Kharif     ,Rice,2092.3237962316816
Mizoram,2012,Rabi       ,Rice,1924.8366013071895
Mizoram,2012,Kharif     ,Sesamum,727.403156384505
Mizoram,2012,Whole Year ,Sugarcane,5136.0544217687075
Nagaland,2012,Kharif     ,Arhar/Tur,899.3055555555555
Nagaland,2012,Kharif     ,Bajra,1014.7058823529412
Nagaland,2012,Rabi       ,Gram,842.1052631578947
Nagaland,2012,Kharif     ,Groundnut,1012.3456790123457
Nagaland,2012,Kharif     ,Jowar,944.4444444444445
Nagaland,2012,Kharif     ,Maize,1960.9633244136628
Nagaland,2012,Rabi       ,Maize,1959.1439688715952
Nagaland,2012,Rabi       ,Potato,10000.0
Nagaland,2012,Kharif     ,Ragi,935.483870967742
Nagaland,2012,Rabi       ,Rapeseed &Mustard,1009.2013249907986
Nagaland,2012,Kharif     ,Rice,2203.9715207475806
Nagaland,2012,Rabi       ,Rice,2521.1267605633802
Nagaland,2012,Kharif     ,Sesamum,601.6949152542373
Nagaland,2012,Kharif     ,Sugarcane,43519.72157772622
Nagaland,2012,Kharif     ,Urad,1000.0
Nagaland,2012,Rabi       ,Urad,794.5205479452055
Nagaland,2012,Rabi       ,Wheat,1801.223241590214
Punjab,2012,Kharif     ,Arhar/Tur,1208.3333333333333
Punjab,2012,Kharif     ,Bajra,1000.0
Punjab,2012,Rabi       ,Gram,1291.6666666666667
Punjab,2012,Kharif     ,Groundnut,1812.5
Punjab,2012,Kharif     ,Maize,3687.022900763359
Punjab,2012,Kharif     ,Moong(Green Gram),875.0
Punjab,2012,Rabi       ,Rapeseed &Mustard,1303.125
Punjab,2012,Kharif     ,Rice,3997.893997893998
Punjab,2012,Kharif     ,Sesamum,351.85185185185185
Punjab,2012,Whole Year ,Sugarcane,71121.9512195122
Punjab,2012,Kharif     ,Urad,480.0
Punjab,2012,Rabi       ,Wheat,4723.912425362525
Tamil Nadu,2012,Kharif     ,Arhar/Tur,786.9963152264353
Tamil Nadu,2012,Rabi       ,Gram,643.9738487777146
Tamil Nadu,2012,Kharif     ,Groundnut,2314.237640742454
Tamil Nadu,2012,Kharif     ,Maize,3251.5255005978315
Tamil Nadu,2012,Kharif     ,Moong(Green Gram),283.8932681364077
Tamil Nadu,2012,Kharif     ,Ragi,1963.3396875978035
Tamil Nadu,2012,Kharif     ,Rice,2712.381368213244
Tamil Nadu,2012,Whole Year ,Sesamum,517.7360537657092
Tamil Nadu,2012,Whole Year ,Sugarcane,97635.32532098662
Tamil Nadu,2012,Kharif     ,Urad,425.193529059317
Tripura,2012,Kharif     ,Arhar/Tur,750.3337783711615
Tripura,2012,Rabi       ,Gram,774.390243902439
Tripura,2012,Kharif     ,Groundnut,1086.2068965517242
Tripura,2012,Rabi       ,Groundnut,1315.0684931506848
Tripura,2012,Kharif     ,Maize,1311.2968591691997
Tripura,2012,Kharif     ,Moong(Green Gram),536.2694300518135
Tripura,2012,Rabi       ,Moong(Green Gram),580.0711743772242
Tripura,2012,Rabi       ,Rapeseed &Mustard,797.8424015009381
Tripura,2012,Kharif     ,Rice,2799.770749343456
Tripura,2012,Kharif     ,Sesamum,569.7841726618705
Tripura,2012,Whole Year ,Sugarcane,50485.555555555555
Tripura,2012,Kharif     ,Urad,619.1051995163241
Tripura,2012,Rabi       ,Urad,669.6750902527076
Tripura,2012,Rabi       ,Wheat,2476.047904191617
Uttar Pradesh,2012,Kharif     ,Arhar/Tur,1042.3624600664623
Uttar Pradesh,2012,Kharif     ,Bajra,1951.9132964665646
Uttar Pradesh,2012,Rabi       ,Gram,1120.0996663990134
Uttar Pradesh,2012,Kharif     ,Groundnut,992.6588205383532
Uttar Pradesh,2012,Kharif     ,Jowar,1347.835766998094
Uttar Pradesh,2012,Kharif     ,Maize,1847.0510207151237
Uttar Pradesh,2012,Rabi       ,Maize,3130.9736950833217
Uttar Pradesh,2012,Summer     ,Maize,1846.9444353812523
Uttar Pradesh,2012,Kharif     ,Moong(Green Gram),506.85517345475586
Uttar Pradesh,2012,Summer     ,Moong(Green Gram),814.7476740156221
Uttar Pradesh,2012,Rabi       ,Potato,24352.00489354709
Uttar Pradesh,2012,Rabi       ,Rapeseed &Mustard,1261.7653542213352
Uttar Pradesh,2012,Kharif     ,Rice,2458.9692011612224
Uttar Pradesh,2012,Summer     ,Rice,2593.5206804536356
Uttar Pradesh,2012,Kharif     ,Sesamum,186.57817109144543
Uttar Pradesh,2012,Kharif     ,Sugarcane,62351.84101727531
Uttar Pradesh,2012,Kharif     ,Urad,662.5812629715541
Uttar Pradesh,2012,Summer     ,Urad,691.6244708226114
Uttar Pradesh,2012,Rabi       ,Wheat,3218.9918711615633
Uttarakhand,2012,Kharif     ,Arhar/Tur,776.7680758593441
Uttarakhand,2012,Kharif     ,Bajra,1000.0
Uttarakhand,2012,Rabi       ,Gram,844.7412353923205
Uttarakhand,2012,Kharif     ,Groundnut,1157.4507966260544
Uttarakhand,2012,Kharif     ,Maize,1483.0242182709994
Uttarakhand,2012,Summer     ,Maize,2000.0
Uttarakhand,2012,Summer     ,Moong(Green Gram),750.0
Uttarakhand,2012,Kharif     ,Potato,8275.092936802974
Uttarakhand,2012,Rabi       ,Potato,12076.73500094038
Uttarakhand,2012,Kharif     ,Ragi,1393.7991343520891
Uttarakhand,2012,Rabi       ,Rapeseed &Mustard,913.5065719897266
Uttarakhand,2012,Kharif     ,Rice,2201.0100495222264
Uttarakhand,2012,Summer     ,Rice,3207.887323943662
Uttarakhand,2012,Kharif     ,Sesamum,273.3408323959505
Uttarakhand,2012,Whole Year ,Sugarcane,61014.8197301482
Uttarakhand,2012,Kharif     ,Urad,782.5828377230247
Uttarakhand,2012,Summer     ,Urad,508.7719298245614
Uttarakhand,2012,Rabi       ,Wheat,2441.649102436876
Jharkhand,2012,Rabi       ,Arhar/Tur,1902.3342175066314
Jharkhand,2012,Rabi       ,Gram,1016.8691603686342
Jharkhand,2012,Autumn     ,Maize,1265.875263118529
Jharkhand,2012,Rabi       ,Potato,7618.6214662478515
Jharkhand,2012,Winter     ,Potato,6764.041051400857
Jharkhand,2012,Autumn     ,Ragi,859.4972067039106
Jharkhand,2012,Rabi       ,Rapeseed &Mustard,889.5990976171453
Jharkhand,2012,Autumn     ,Rice,871.821243471071
Jharkhand,2012,Winter     ,Rice,1371.943415648778
Jharkhand,2012,Whole Year ,Sugarcane,49381.818181818184
Jharkhand,2012,Rabi       ,Wheat,1854.3181031498789
West Bengal,2012,Rabi       ,Arhar/Tur,1430.9623430962342
West Bengal,2012,Kharif     ,Bajra,416.6666666666667
West Bengal,2012,Rabi       ,Gram,1175.7310523174856
West Bengal,2012,Autumn     ,Groundnut,907.1240105540898
West Bengal,2012,Rabi       ,Groundnut,1860.2899943923737
West Bengal,2012,Summer     ,Groundnut,2309.187343335634
West Bengal,2012,Autumn     ,Jowar,384.61538461538464
West Bengal,2012,Autumn     ,Maize,2384.177589435301
West Bengal,2012,Rabi       ,Maize,4671.393396422321
West Bengal,2012,Summer     ,Maize,4252.776352252899
West Bengal,2012,Kharif     ,Moong(Green Gram),767.6848874598071
West Bengal,2012,Rabi       ,Moong(Green Gram),779.495105615662
West Bengal,2012,Summer     ,Moong(Green Gram),665.1678657074341
West Bengal,2012,Rabi       ,Potato,29982.126552286947
West Bengal,2012,Summer     ,Potato,12000.0
West Bengal,2012,Autumn     ,Ragi,1095.9881129271917
West Bengal,2012,Rabi       ,Rapeseed &Mustard,1062.4588850751145
West Bengal,2012,Autumn     ,Rice,2297.373733433456
West Bengal,2012,Summer     ,Rice,3309.5941178721496
West Bengal,2012,Winter     ,Rice,2595.5131086646556
West Bengal,2012,Autumn     ,Sesamum,610.9215017064846
West Bengal,2012,Summer     ,Sesamum,922.2563331238604
West Bengal,2012,Winter     ,Sesamum,701.9417475728155
West Bengal,2012,Kharif     ,Urad,672.5037257824143
West Bengal,2012,Rabi       ,Urad,853.7455410225922
West Bengal,2012,Rabi       ,Wheat,2786.085231301233
Bihar,2013,Kharif     ,Arhar/Tur,1666.7733382097467
Bihar,2013,Kharif     ,Bajra,1137.604245640637
Bihar,2013,Rabi       ,Gram,1146.9873624133713
Bihar,2013,Kharif     ,Groundnut,1023.542600896861
Bihar,2013,Kharif     ,Jowar,1064.882400648824
Bihar,2013,Autumn     ,Maize,2813.715529490883
Bihar,2013,Rabi       ,Maize,4551.778185116452
Bihar,2013,Summer     ,Maize,4819.642885006476
Bihar,2013,Kharif     ,Moong(Green Gram),805.4278835631429
Bihar,2013,Summer     ,Moong(Green Gram),671.7590212809705
Bihar,2013,Kharif     ,Ragi,1014.7853284048905
Bihar,2013,Rabi       ,Rapeseed &Mustard,1374.1641836567112
Bihar,2013,Autumn     ,Rice,1453.7134786059075
Bihar,2013,Summer     ,Rice,2342.0347695944993
Bihar,2013,Winter     ,Rice,2245.7174648683267
Bihar,2013,Kharif     ,Sesamum,872.2002635046114
Bihar,2013,Whole Year ,Sugarcane,49916.22750592867
Bihar,2013,Kharif     ,Urad,912.2105398955041
Bihar,2013,Rabi       ,Wheat,2854.9086055682706
Chhattisgarh,2013,Kharif     ,Arhar/Tur,557.5583156619206
Chhattisgarh,2013,Whole Year ,Bajra,33502.41935483871
Chhattisgarh,2013,Rabi       ,Gram,764.7324787563765
Chhattisgarh,2013,Kharif     ,Groundnut,1452.6142671143698
Chhattisgarh,2013,Whole Year ,Jowar,644.2848825926644
Chhattisgarh,2013,Kharif     ,Maize,2058.9321882848576
Chhattisgarh,2013,Rabi       ,Maize,3545.4545454545455
Chhattisgarh,2013,Summer     ,Maize,1834.6456692913387
Chhattisgarh,2013,Kharif     ,Moong(Green Gram),296.0427062782871
Chhattisgarh,2013,Rabi       ,Moong(Green Gram),214.72112160926548
Chhattisgarh,2013,Kharif     ,Potato,4930.747922437673
Chhattisgarh,2013,Rabi       ,Potato,4930.955647005029
Chhattisgarh,2013,Kharif     ,Ragi,253.13807531380752
Chhattisgarh,2013,Rabi       ,Rapeseed &Mustard,567.8978587354339
Chhattisgarh,2013,Kharif     ,Rice,1781.1499350130061
Chhattisgarh,2013,Kharif     ,Sesamum,281.99553414032204
Chhattisgarh,2013,Kharif     ,Sugarcane,48284.01025013039
Chhattisgarh,2013,Whole Year ,Sugarcane,2593.4269234954836
Chhattisgarh,2013,Kharif     ,Urad,310.35257370245176
Chhattisgarh,2013,Rabi       ,Urad,264.27122573167196
Chhattisgarh,2013,Rabi       ,Wheat,1340.1121552274046
Gujarat,2013,Kharif     ,Arhar/Tur,995.6782770286368
Gujarat,2013,Kharif     ,Bajra,1370.1038443023176
Gujarat,2013,Summer     ,Bajra,2793.655011503937
Gujarat,2013,Rabi       ,Gram,1235.8700600041382
Gujarat,2013,Kharif     ,Groundnut,3018.60289294458
Gujarat,2013,Summer     ,Groundnut,1922.9825250343608
Gujarat,2013,Kharif     ,Jowar,1436.8493590601333
Gujarat,2013,Rabi       ,Jowar,1493.9957492029755
Gujarat,2013,Kharif     ,Maize,1266.498566647155
Gujarat,2013,Rabi       ,Maize,2122.570002264224
Gujarat,2013,Summer     ,Maize,2044.6414921265862
Gujarat,2013,Kharif     ,Moong(Green Gram),530.6189717550483
Gujarat,2013,Summer     ,Moong(Green Gram),527.0274559593715
Gujarat,2013,Whole Year ,Potato,26559.03863613437
Gujarat,2013,Kharif     ,Ragi,982.968030154963
Gujarat,2013,Rabi       ,Rapeseed &Mustard,1763.29517435081
Gujarat,2013,Kharif     ,Rice,2124.457004953639
Gujarat,2013,Summer     ,Rice,3187.558536511677
Gujarat,2013,Kharif     ,Sesamum,522.6180871351035
Gujarat,2013,Summer     ,Sesamum,500.63715370696025
Gujarat,2013,Whole Year ,Sugarcane,66528.54129951175
Gujarat,2013,Kharif     ,Urad,610.0355270619004
Gujarat,2013,Summer     ,Urad,639.2657621707901
Gujarat,2013,Rabi       ,Wheat,3194.9187679575784
Haryana,2013,Kharif     ,Arhar/Tur,1117.0212765957447
Haryana,2013,Kharif     ,Bajra,2057.071960297767
Haryana,2013,Rabi       ,Gram,867.4698795180723
Haryana,2013,Kharif     ,Groundnut,1196.4285714285713
Haryana,2013,Kharif     ,Jowar,548.3870967741935
Haryana,2013,Kharif     ,Maize,3000.0
Haryana,2013,Kharif     ,Moong(Green Gram),507.0422535211268
Haryana,2013,Whole Year ,Potato,23238.04757615187
Haryana,2013,Rabi       ,Rapeseed &Mustard,1641.1214953271028
Haryana,2013,Kharif     ,Rice,3248.3922829581993
Haryana,2013,Kharif     ,Sesamum,461.53846153846155
Haryana,2013,Whole Year ,Sugarcane,73534.65346534654
Haryana,2013,Kharif     ,Urad,375.0
Haryana,2013,Rabi       ,Wheat,4721.888755502201
Himachal Pradesh,2013,Kharif     ,Arhar/Tur,323.943661971831
Himachal Pradesh,2013,Kharif     ,Bajra,547.1956224350205
Himachal Pradesh,2013,Rabi       ,Gram,943.1578947368421
Himachal Pradesh,2013,Kharif     ,Groundnut,632.6530612244898
Himachal Pradesh,2013,Kharif     ,Maize,2035.484312919578
Himachal Pradesh,2013,Kharif     ,Moong(Green Gram),473.3333333333333
Himachal Pradesh,2013,Kharif     ,Potato,10295.92164418754
Himachal Pradesh,2013,Rabi       ,Potato,7004.401408450704
Himachal Pradesh,2013,Kharif     ,Ragi,920.6019719771666
Himachal Pradesh,2013,Rabi       ,Rapeseed &Mustard,497.1036765575127
Himachal Pradesh,2013,Kharif     ,Rice,1461.5868414935944
Himachal Pradesh,2013,Kharif     ,Sesamum,326.85904550499447
Himachal Pradesh,2013,Whole Year ,Sugarcane,2412.6984126984125
Himachal Pradesh,2013,Kharif     ,Urad,434.42622950819674
Himachal Pradesh,2013,Rabi       ,Wheat,780.1546918792778
Madhya Pradesh,2013,Kharif     ,Arhar/Tur,719.9987869874074
Madhya Pradesh,2013,Kharif     ,Bajra,2098.9975330322795
Madhya Pradesh,2013,Rabi       ,Gram,757.841102135548
Madhya Pradesh,2013,Kharif     ,Groundnut,1646.0005843640868
Madhya Pradesh,2013,Kharif     ,Jowar,1480.0374936555495
Madhya Pradesh,2013,Rabi       ,Jowar,1479.9772791820506
Madhya Pradesh,2013,Kharif     ,Maize,1744.9999354186457
Madhya Pradesh,2013,Kharif     ,Moong(Green Gram),412.01020787920675
Madhya Pradesh,2013,Rabi       ,Moong(Green Gram),405.5973988558258
Madhya Pradesh,2013,Whole Year ,Potato,12934.000370576246
Madhya Pradesh,2013,Kharif     ,Ragi,571.4285714285714
Madhya Pradesh,2013,Rabi       ,Rapeseed &Mustard,927.9999430244069
Madhya Pradesh,2013,Kharif     ,Rice,1765.4226896392647
Madhya Pradesh,2013,Whole Year ,Sesamum,432.00035608704843
Madhya Pradesh,2013,Whole Year ,Sugarcane,50451.95498485067
Madhya Pradesh,2013,Kharif     ,Urad,363.3212113568205
Madhya Pradesh,2013,Rabi       ,Urad,415.8491284884275
Madhya Pradesh,2013,Rabi       ,Wheat,2567.795037892917
Maharashtra,2013,Kharif     ,Arhar/Tur,906.1596425129238
Maharashtra,2013,Kharif     ,Bajra,1034.53256302521
Maharashtra,2013,Rabi       ,Gram,921.7769002961501
Maharashtra,2013,Kharif     ,Groundnut,1212.0032773453502
Maharashtra,2013,Summer     ,Groundnut,1494.6555819477435
Maharashtra,2013,Kharif     ,Jowar,1152.5255038566809
Maharashtra,2013,Rabi       ,Jowar,691.0130542669112
Maharashtra,2013,Kharif     ,Maize,3540.779429489755
Maharashtra,2013,Rabi       ,Maize,2585.081585081585
Maharashtra,2013,Summer     ,Maize,1287.2340425531916
Maharashtra,2013,Kharif     ,Moong(Green Gram),465.6884142094265
Maharashtra,2013,Kharif     ,Ragi,1142.9718875502008
Maharashtra,2013,Kharif     ,Rice,1924.4657097288675
Maharashtra,2013,Summer     ,Rice,2451.604278074866
Maharashtra,2013,Kharif     ,Sesamum,267.1087533156499
Maharashtra,2013,Rabi       ,Sesamum,146.66666666666666
Maharashtra,2013,Whole Year ,Sugarcane,89589.15804076406
Maharashtra,2013,Kharif     ,Urad,617.3444976076555
Maharashtra,2013,Rabi       ,Wheat,1439.4086753549893
Manipur,2013,Kharif     ,Arhar/Tur,964.8148148148148
Manipur,2013,Rabi       ,Gram,917.8082191780821
Manipur,2013,Kharif     ,Groundnut,848.9614243323442
Manipur,2013,Kharif     ,Maize,2182.2358346094948
Manipur,2013,Rabi       ,Maize,2407.2900158478606
Manipur,2013,Kharif     ,Moong(Green Gram),959.0909090909091
Manipur,2013,Whole Year ,Potato,8474.324324324325
Manipur,2013,Rabi       ,Rapeseed &Mustard,837.2833392288645
Manipur,2013,Kharif     ,Rice,2682.54039497307
Manipur,2013,Whole Year ,Sugarcane,58001.7094017094
Manipur,2013,Kharif     ,Urad,1125.3424657534247
Manipur,2013,Rabi       ,Wheat,2500.0
Mizoram,2013,Kharif     ,Arhar/Tur,890.9090909090909
Mizoram,2013,Kharif     ,Maize,1422.9263082947668
Mizoram,2013,Rabi       ,Maize,1297.142857142857
Mizoram,2013,Kharif     ,Potato,8414.772727272728
Mizoram,2013,Rabi       ,Rapeseed &Mustard,1104.575163398693
Mizoram,2013,Autumn     ,Rice,1134.2287809835195
Mizoram,2013,Kharif     ,Rice,2076.824583866837
Mizoram,2013,Rabi       ,Rice,1605.4545454545455
Mizoram,2013,Kharif     ,Sesamum,741.6020671834625
Mizoram,2013,Whole Year ,Sugarcane,4911.330049261083
Nagaland,2013,Kharif     ,Arhar/Tur,895.6228956228956
Nagaland,2013,Kharif     ,Bajra,1014.4927536231884
Nagaland,2013,Rabi       ,Gram,837.8378378378378
Nagaland,2013,Kharif     ,Groundnut,1023.2558139534884
Nagaland,2013,Kharif     ,Jowar,956.5217391304348
Nagaland,2013,Kharif     ,Maize,1968.8532326569136
Nagaland,2013,Rabi       ,Maize,1973.1285988483685
Nagaland,2013,Kharif     ,Moong(Green Gram),1000.0
Nagaland,2013,Rabi       ,Potato,10019.886363636364
Nagaland,2013,Kharif     ,Ragi,937.5
Nagaland,2013,Rabi       ,Rapeseed &Mustard,1010.3016924208977
Nagaland,2013,Kharif     ,Rice,2260.138956212635
Nagaland,2013,Rabi       ,Rice,2624.6719160104985
Nagaland,2013,Kharif     ,Sesamum,602.2408963585434
Nagaland,2013,Rabi       ,Urad,802.6315789473684
Nagaland,2013,Rabi       ,Wheat,1823.3333333333333
Punjab,2013,Kharif     ,Arhar/Tur,896.551724137931
Punjab,2013,Kharif     ,Bajra,1000.0
Punjab,2013,Rabi       ,Gram,1247.3684210526317
Punjab,2013,Kharif     ,Groundnut,1846.1538461538462
Punjab,2013,Kharif     ,Maize,3900.0
Punjab,2013,Kharif     ,Moong(Green Gram),826.0869565217391
Punjab,2013,Rabi       ,Rapeseed &Mustard,1306.25
Punjab,2013,Kharif     ,Rice,3951.946685373553
Punjab,2013,Kharif     ,Sesamum,341.4634146341463
Punjab,2013,Whole Year ,Sugarcane,75000.0
Punjab,2013,Kharif     ,Urad,477.27272727272725
Punjab,2013,Rabi       ,Wheat,5017.084282460137
Telangana,2013,Kharif     ,Arhar/Tur,528.8968934979122
Telangana,2013,Rabi       ,Arhar/Tur,659.513590844063
Telangana,2013,Kharif     ,Bajra,942.069609904228
Telangana,2013,Rabi       ,Bajra,942.0387154526127
Telangana,2013,Kharif     ,Gram,1351.851851851852
Telangana,2013,Rabi       ,Gram,1715.966623740893
Telangana,2013,Kharif     ,Groundnut,1499.0651584556417
Telangana,2013,Rabi       ,Groundnut,1712.456270539595
Telangana,2013,Kharif     ,Jowar,1085.2004009430632
Telangana,2013,Rabi       ,Jowar,881.2584294404228
Telangana,2013,Kharif     ,Maize,4407.419465108329
Telangana,2013,Rabi       ,Maize,5446.143866370704
Telangana,2013,Kharif     ,Moong(Green Gram),662.3554542095159
Telangana,2013,Rabi       ,Moong(Green Gram),922.7388942154042
Telangana,2013,Whole Year ,Potato,13499.715261958998
Telangana,2013,Kharif     ,Ragi,1434.3853820598006
Telangana,2013,Rabi       ,Ragi,1553.8160469667318
Telangana,2013,Rabi       ,Rapeseed &Mustard,763.938315539739
Telangana,2013,Kharif     ,Rice,3230.674060775044
Telangana,2013,Rabi       ,Rice,3396.9747724618796
Telangana,2013,Kharif     ,Sesamum,227.55119901977946
Telangana,2013,Rabi       ,Sesamum,400.8872538411599
Telangana,2013,Kharif     ,Sugarcane,85899.53954565112
Telangana,2013,Kharif     ,Urad,821.9694608912433
Telangana,2013,Rabi       ,Urad,953.024385094479
Telangana,2013,Rabi       ,Wheat,620.258559454468
Tripura,2013,Kharif     ,Arhar/Tur,715.6201349247535
Tripura,2013,Rabi       ,Gram,760.0
Tripura,2013,Kharif     ,Groundnut,1083.969465648855
Tripura,2013,Rabi       ,Groundnut,1256.4102564102564
Tripura,2013,Kharif     ,Maize,1276.104638382062
Tripura,2013,Kharif     ,Moong(Green Gram),535.6576862123613
Tripura,2013,Rabi       ,Moong(Green Gram),565.6934306569343
Tripura,2013,Rabi       ,Rapeseed &Mustard,824.9904470768055
Tripura,2013,Kharif     ,Rice,2799.684567401103
Tripura,2013,Kharif     ,Sesamum,604.1076487252125
Tripura,2013,Whole Year ,Sugarcane,51450.20746887967
Tripura,2013,Kharif     ,Urad,617.0694864048338
Tripura,2013,Rabi       ,Urad,776.3157894736842
Tripura,2013,Rabi       ,Wheat,2000.0
Uttar Pradesh,2013,Kharif     ,Arhar/Tur,902.6622849616157
Uttar Pradesh,2013,Kharif     ,Bajra,2032.885229775491
Uttar Pradesh,2013,Rabi       ,Gram,460.1967381248549
Uttar Pradesh,2013,Kharif     ,Groundnut,893.1518493945928
Uttar Pradesh,2013,Kharif     ,Jowar,1051.3367041085107
Uttar Pradesh,2013,Kharif     ,Maize,1837.2440426382336
Uttar Pradesh,2013,Rabi       ,Maize,3552.988522879714
Uttar Pradesh,2013,Summer     ,Maize,1837.005620495845
Uttar Pradesh,2013,Kharif     ,Moong(Green Gram),320.74589653023065
Uttar Pradesh,2013,Summer     ,Moong(Green Gram),667.6338632595338
Uttar Pradesh,2013,Rabi       ,Potato,21165.12111139581
Uttar Pradesh,2013,Rabi       ,Rapeseed &Mustard,1013.7196755329184
Uttar Pradesh,2013,Kharif     ,Rice,2445.8298196599803
Uttar Pradesh,2013,Summer     ,Rice,2592.875882200791
Uttar Pradesh,2013,Kharif     ,Sesamum,147.22525224979546
Uttar Pradesh,2013,Kharif     ,Sugarcane,63752.54120139313
Uttar Pradesh,2013,Kharif     ,Urad,446.1109959529162
Uttar Pradesh,2013,Summer     ,Urad,579.0827641266743
Uttar Pradesh,2013,Rabi       ,Wheat,3200.7343688717688
Uttarakhand,2013,Kharif     ,Arhar/Tur,806.8669527896996
Uttarakhand,2013,Kharif     ,Bajra,1000.0
Uttarakhand,2013,Rabi       ,Gram,845.3427065026362
Uttarakhand,2013,Kharif     ,Groundnut,1170.7717569786535
Uttarakhand,2013,Kharif     ,Maize,1432.4806662700773
Uttarakhand,2013,Summer     ,Maize,2458.3333333333335
Uttarakhand,2013,Kharif     ,Moong(Green Gram),533.3333333333334
Uttarakhand,2013,Summer     ,Moong(Green Gram),500.0
Uttarakhand,2013,Kharif     ,Potato,9163.962794722042
Uttarakhand,2013,Rabi       ,Potato,10854.092526690392
Uttarakhand,2013,Kharif     ,Ragi,1369.4871889265205
Uttarakhand,2013,Rabi       ,Rapeseed &Mustard,760.0530635934002
Uttarakhand,2013,Kharif     ,Rice,2234.2089172696683
Uttarakhand,2013,Summer     ,Rice,3326.086956521739
Uttarakhand,2013,Kharif     ,Sesamum,259.7330367074527
Uttarakhand,2013,Whole Year ,Sugarcane,56915.35131785275
Uttarakhand,2013,Kharif     ,Urad,794.0172475745599
Uttarakhand,2013,Summer     ,Urad,409.09090909090907
Uttarakhand,2013,Rabi       ,Wheat,2468.1102442402885
Jharkhand,2013,Rabi       ,Arhar/Tur,1438.5240744003422
Jharkhand,2013,Rabi       ,Gram,1031.4299992109623
Jharkhand,2013,Autumn     ,Maize,1588.6039089617257
Jharkhand,2013,Rabi       ,Potato,5867.401412088859
Jharkhand,2013,Winter     ,Potato,6891.051791415395
Jharkhand,2013,Autumn     ,Ragi,737.456085037384
Jharkhand,2013,Rabi       ,Rapeseed &Mustard,1011.8665407617249
Jharkhand,2013,Autumn     ,Rice,854.7005218474959
Jharkhand,2013,Winter     ,Rice,1464.6646082353684
Jharkhand,2013,Whole Year ,Sugarcane,56452.90581162325
Jharkhand,2013,Rabi       ,Wheat,1444.4761788186652
West Bengal,2013,Rabi       ,Arhar/Tur,1432.2319622387054
West Bengal,2013,Kharif     ,Bajra,291.6666666666667
West Bengal,2013,Rabi       ,Gram,1175.2800867365377
West Bengal,2013,Autumn     ,Groundnut,917.4986862848134
West Bengal,2013,Rabi       ,Groundnut,1800.1503885036343
West Bengal,2013,Summer     ,Groundnut,2331.7948065635733
West Bengal,2013,Kharif     ,Jowar,280.0
West Bengal,2013,Autumn     ,Maize,2686.483146838745
West Bengal,2013,Rabi       ,Maize,5385.628027054129
West Bengal,2013,Summer     ,Maize,4699.816252296846
West Bengal,2013,Kharif     ,Moong(Green Gram),843.2377049180328
West Bengal,2013,Rabi       ,Moong(Green Gram),801.7973040439341
West Bengal,2013,Summer     ,Moong(Green Gram),679.4273990487736
West Bengal,2013,Rabi       ,Potato,22014.811506556453
West Bengal,2013,Summer     ,Potato,12000.0
West Bengal,2013,Rabi       ,Ragi,1095.0826160087067
West Bengal,2013,Rabi       ,Rapeseed &Mustard,1065.7458575851945
West Bengal,2013,Autumn     ,Rice,2350.3161362813994
West Bengal,2013,Summer     ,Rice,3370.7528001274286
West Bengal,2013,Winter     ,Rice,2625.337096330878
West Bengal,2013,Autumn     ,Sesamum,729.5774647887324
West Bengal,2013,Summer     ,Sesamum,929.2429818453945
West Bengal,2013,Winter     ,Sesamum,716.4898746383799
West Bengal,2013,Kharif     ,Urad,666.3743028778526
West Bengal,2013,Rabi       ,Urad,887.5844155844156
West Bengal,2013,Rabi       ,Wheat,2799.065406463719
Bihar,2014,Kharif     ,Arhar/Tur,1437.8116971437207
Bihar,2014,Kharif     ,Bajra,1134.1240875912408
Bihar,2014,Rabi       ,Gram,958.1347288423719
Bihar,2014,Kharif     ,Groundnut,1022.6480836236934
Bihar,2014,Kharif     ,Jowar,1068.2288077188146
Bihar,2014,Autumn     ,Maize,2974.399457853909
Bihar,2014,Rabi       ,Maize,3630.2181823960336
Bihar,2014,Summer     ,Maize,4170.650445920197
Bihar,2014,Kharif     ,Moong(Green Gram),838.0537400145244
Bihar,2014,Summer     ,Moong(Green Gram),578.976253836974
Bihar,2014,Kharif     ,Ragi,1473.9442946990116
Bihar,2014,Rabi       ,Rapeseed &Mustard,1100.0177630410326
Bihar,2014,Autumn     ,Rice,1738.5859913822771
Bihar,2014,Summer     ,Rice,2206.9531392451227
Bihar,2014,Winter     ,Rice,2711.4536606229044
Bihar,2014,Kharif     ,Sesamum,874.2310321257689
Bihar,2014,Whole Year ,Sugarcane,60938.4008681361
Bihar,2014,Kharif     ,Urad,912.8775834658188
Bihar,2014,Rabi       ,Wheat,1657.1541428958008
Chhattisgarh,2014,Kharif     ,Arhar/Tur,633.9999276751166
Chhattisgarh,2014,Kharif     ,Bajra,623.2876712328767
Chhattisgarh,2014,Whole Year ,Bajra,37542.72300469484
Chhattisgarh,2014,Rabi       ,Gram,1060.999853373934
Chhattisgarh,2014,Kharif     ,Groundnut,1400.996734834164
Chhattisgarh,2014,Whole Year ,Jowar,846.0
Chhattisgarh,2014,Kharif     ,Maize,1878.9996322177271
Chhattisgarh,2014,Kharif     ,Moong(Green Gram),287.8564125866182
Chhattisgarh,2014,Rabi       ,Moong(Green Gram),212.67383888743112
Chhattisgarh,2014,Kharif     ,Potato,5961.9047619047615
Chhattisgarh,2014,Rabi       ,Potato,5961.98441360958
Chhattisgarh,2014,Kharif     ,Ragi,260.0785340314136
Chhattisgarh,2014,Rabi       ,Rapeseed &Mustard,528.0044669701915
Chhattisgarh,2014,Kharif     ,Rice,1976.7936169685556
Chhattisgarh,2014,Kharif     ,Sesamum,452.0180396186562
Chhattisgarh,2014,Whole Year ,Sugarcane,6114.912069380872
Chhattisgarh,2014,Kharif     ,Urad,315.646831438351
Chhattisgarh,2014,Rabi       ,Urad,265.04914004914
Chhattisgarh,2014,Rabi       ,Wheat,1485.740588206793
Gujarat,2014,Kharif     ,Arhar/Tur,1088.6122016349518
Gujarat,2014,Kharif     ,Bajra,1631.3949548255928
Gujarat,2014,Summer     ,Bajra,2620.1016865079364
Gujarat,2014,Rabi       ,Gram,1023.3925261001074
Gujarat,2014,Kharif     ,Groundnut,1918.7989273885273
Gujarat,2014,Summer     ,Groundnut,1839.5577779514024
Gujarat,2014,Kharif     ,Jowar,1219.7462860958103
Gujarat,2014,Rabi       ,Jowar,1424.9072287368265
Gujarat,2014,Kharif     ,Maize,1255.8940114253144
Gujarat,2014,Rabi       ,Maize,2129.694717814822
Gujarat,2014,Summer     ,Maize,1925.4668930390492
Gujarat,2014,Kharif     ,Moong(Green Gram),494.21726559273026
Gujarat,2014,Summer     ,Moong(Green Gram),507.22543352601156
Gujarat,2014,Whole Year ,Potato,25667.410955804964
Gujarat,2014,Kharif     ,Ragi,853.7204900886543
Gujarat,2014,Rabi       ,Rapeseed &Mustard,1819.6023955720834
Gujarat,2014,Kharif     ,Rice,2189.854626214451
Gujarat,2014,Summer     ,Rice,3210.032652538575
Gujarat,2014,Kharif     ,Sesamum,578.307722573171
Gujarat,2014,Summer     ,Sesamum,493.23652464306485
Gujarat,2014,Whole Year ,Sugarcane,68769.2912592962
Gujarat,2014,Kharif     ,Urad,702.4987101054028
Gujarat,2014,Summer     ,Urad,649.1487786824574
Gujarat,2014,Rabi       ,Wheat,2811.4642634890633
Haryana,2014,Kharif     ,Arhar/Tur,1016.6666666666666
Haryana,2014,Kharif     ,Bajra,1737.913486005089
Haryana,2014,Rabi       ,Gram,640.625
Haryana,2014,Kharif     ,Groundnut,1162.162162162162
Haryana,2014,Kharif     ,Jowar,509.4339622641509
Haryana,2014,Kharif     ,Maize,2000.0
Haryana,2014,Kharif     ,Moong(Green Gram),492.53731343283584
Haryana,2014,Whole Year ,Potato,23979.02701267671
Haryana,2014,Rabi       ,Rapeseed &Mustard,1435.4166666666667
Haryana,2014,Kharif     ,Rice,3123.727486296006
Haryana,2014,Kharif     ,Sesamum,470.5882352941176
Haryana,2014,Whole Year ,Sugarcane,74052.63157894737
Haryana,2014,Kharif     ,Urad,384.61538461538464
Haryana,2014,Rabi       ,Wheat,3979.0715372907152
Himachal Pradesh,2014,Kharif     ,Arhar/Tur,350.0
Himachal Pradesh,2014,Kharif     ,Bajra,520.5479452054794
Himachal Pradesh,2014,Rabi       ,Gram,894.7368421052631
Himachal Pradesh,2014,Kharif     ,Groundnut,636.3636363636364
Himachal Pradesh,2014,Kharif     ,Maize,1741.7290217286068
Himachal Pradesh,2014,Kharif     ,Moong(Green Gram),436.93693693693695
Himachal Pradesh,2014,Kharif     ,Potato,9982.284667073916
Himachal Pradesh,2014,Rabi       ,Potato,6489.721205294283
Himachal Pradesh,2014,Kharif     ,Ragi,993.1865828092243
Himachal Pradesh,2014,Rabi       ,Rapeseed &Mustard,547.5307210758173
Himachal Pradesh,2014,Kharif     ,Rice,1607.6954959933682
Himachal Pradesh,2014,Kharif     ,Sesamum,324.8248248248248
Himachal Pradesh,2014,Whole Year ,Sugarcane,22925.625
Himachal Pradesh,2014,Kharif     ,Urad,462.544265867611
Himachal Pradesh,2014,Rabi       ,Wheat,1849.841411323463
Madhya Pradesh,2014,Kharif     ,Arhar/Tur,973.0769230769231
Madhya Pradesh,2014,Kharif     ,Bajra,1902.2222222222222
Madhya Pradesh,2014,Rabi       ,Gram,1050.7868383404864
Madhya Pradesh,2014,Kharif     ,Groundnut,1682.2429906542056
Madhya Pradesh,2014,Kharif     ,Jowar,1690.909090909091
Madhya Pradesh,2014,Kharif     ,Maize,2236.9584438549955
Madhya Pradesh,2014,Kharif     ,Moong(Green Gram),456.3758389261745
Madhya Pradesh,2014,Rabi       ,Rapeseed &Mustard,1026.0586319218241
Madhya Pradesh,2014,Kharif     ,Rice,1712.5230918813807
Madhya Pradesh,2014,Whole Year ,Sesamum,524.9266862170088
Madhya Pradesh,2014,Whole Year ,Sugarcane,40098.03921568627
Madhya Pradesh,2014,Kharif     ,Urad,507.72889417360284
Madhya Pradesh,2014,Rabi       ,Wheat,3077.6796132688783
Maharashtra,2014,Kharif     ,Arhar/Tur,291.93521731945134
Maharashtra,2014,Kharif     ,Bajra,621.9935245143386
Maharashtra,2014,Rabi       ,Gram,761.9614711033275
Maharashtra,2014,Kharif     ,Groundnut,1037.3256767842495
Maharashtra,2014,Summer     ,Groundnut,1523.5792019347039
Maharashtra,2014,Kharif     ,Jowar,859.2853992059992
Maharashtra,2014,Rabi       ,Jowar,584.486791150646
Maharashtra,2014,Kharif     ,Maize,1868.9569019362898
Maharashtra,2014,Rabi       ,Maize,2716.4303586321935
Maharashtra,2014,Summer     ,Maize,1495.8217270194987
Maharashtra,2014,Kharif     ,Moong(Green Gram),265.5456852791878
Maharashtra,2014,Kharif     ,Ragi,1066.3082437275987
Maharashtra,2014,Kharif     ,Rice,1879.7401219835588
Maharashtra,2014,Summer     ,Rice,2598.1308411214955
Maharashtra,2014,Kharif     ,Sesamum,201.00502512562815
Maharashtra,2014,Rabi       ,Sesamum,142.85714285714286
Maharashtra,2014,Whole Year ,Sugarcane,88915.10441962117
Maharashtra,2014,Kharif     ,Urad,333.8155515370705
Maharashtra,2014,Rabi       ,Wheat,1225.2412630000938
Manipur,2014,Kharif     ,Arhar/Tur,992.1722113502935
Manipur,2014,Rabi       ,Gram,848.5294117647059
Manipur,2014,Kharif     ,Groundnut,843.6849925705795
Manipur,2014,Kharif     ,Maize,2212.863705972435
Manipur,2014,Rabi       ,Maize,2333.3333333333335
Manipur,2014,Kharif     ,Moong(Green Gram),974.2990654205607
Manipur,2014,Whole Year ,Potato,8474.324324324325
Manipur,2014,Rabi       ,Rapeseed &Mustard,867.3505482844005
Manipur,2014,Kharif     ,Rice,2237.1869150548177
Manipur,2014,Whole Year ,Sugarcane,58001.7094017094
Manipur,2014,Kharif     ,Urad,1184.3771991555243
Manipur,2014,Rabi       ,Wheat,2601.8518518518517
Mizoram,2014,Kharif     ,Arhar/Tur,848.0
Mizoram,2014,Kharif     ,Maize,1520.619484963083
Mizoram,2014,Rabi       ,Maize,1267.605633802817
Mizoram,2014,Kharif     ,Potato,4608.695652173913
Mizoram,2014,Rabi       ,Potato,6497.237569060773
Mizoram,2014,Rabi       ,Rapeseed &Mustard,1022.5806451612904
Mizoram,2014,Autumn     ,Rice,1175.3887559808613
Mizoram,2014,Kharif     ,Rice,2196.7643467643466
Mizoram,2014,Rabi       ,Rice,2290.1234567901233
Mizoram,2014,Kharif     ,Sesamum,774.5222929936306
Mizoram,2014,Whole Year ,Sugarcane,29984.417344173442
Nagaland,2014,Kharif     ,Arhar/Tur,900.3322259136213
Nagaland,2014,Kharif     ,Bajra,1014.4927536231884
Nagaland,2014,Kharif     ,Groundnut,1023.2558139534884
Nagaland,2014,Kharif     ,Jowar,958.3333333333334
Nagaland,2014,Kharif     ,Maize,1975.314465408805
Nagaland,2014,Rabi       ,Maize,1975.095785440613
Nagaland,2014,Kharif     ,Moong(Green Gram),1000.0
Nagaland,2014,Rabi       ,Potato,10190.277777777777
Nagaland,2014,Kharif     ,Ragi,937.5
Nagaland,2014,Rabi       ,Rapeseed &Mustard,1011.7302052785924
Nagaland,2014,Kharif     ,Rice,2318.9353134968364
Nagaland,2014,Rabi       ,Rice,2678.304239401496
Nagaland,2014,Kharif     ,Sesamum,602.2408963585434
Nagaland,2014,Kharif     ,Sugarcane,43524.137931034486
Nagaland,2014,Kharif     ,Urad,810.126582278481
Nagaland,2014,Rabi       ,Wheat,1824.1042345276874
Punjab,2014,Kharif     ,Arhar/Tur,919.2307692307693
Punjab,2014,Rabi       ,Gram,1083.3333333333333
Punjab,2014,Kharif     ,Groundnut,1857.142857142857
Punjab,2014,Kharif     ,Maize,3650.7936507936506
Punjab,2014,Kharif     ,Moong(Green Gram),837.8378378378378
Punjab,2014,Rabi       ,Rapeseed &Mustard,1248.3870967741937
Punjab,2014,Kharif     ,Rice,3837.940566689703
Punjab,2014,Kharif     ,Sesamum,297.8723404255319
Punjab,2014,Whole Year ,Sugarcane,74882.97872340426
Punjab,2014,Kharif     ,Urad,550.0
Punjab,2014,Rabi       ,Wheat,4293.865905848787
Telangana,2014,Kharif     ,Arhar/Tur,494.4014996064443
Telangana,2014,Rabi       ,Arhar/Tur,699.3166287015945
Telangana,2014,Kharif     ,Bajra,937.2151898734177
Telangana,2014,Rabi       ,Bajra,936.8170507411014
Telangana,2014,Rabi       ,Gram,1369.7524310295432
Telangana,2014,Kharif     ,Groundnut,1736.2522173842929
Telangana,2014,Rabi       ,Groundnut,1922.118598837046
Telangana,2014,Kharif     ,Jowar,1102.778299230336
Telangana,2014,Rabi       ,Jowar,996.8668407310705
Telangana,2014,Kharif     ,Maize,2699.194236057218
Telangana,2014,Rabi       ,Maize,5303.090692546254
Telangana,2014,Kharif     ,Moong(Green Gram),494.61688237315315
Telangana,2014,Rabi       ,Moong(Green Gram),588.7797074954296
Telangana,2014,Kharif     ,Potato,19222.222222222223
Telangana,2014,Rabi       ,Potato,13522.884425419823
Telangana,2014,Kharif     ,Ragi,1114.5484949832776
Telangana,2014,Rabi       ,Ragi,1253.7764350453172
Telangana,2014,Rabi       ,Rapeseed &Mustard,1757.7639751552795
Telangana,2014,Kharif     ,Rice,3102.0876729178417
Telangana,2014,Rabi       ,Rice,3413.582353927285
Telangana,2014,Kharif     ,Sesamum,198.35766423357666
Telangana,2014,Rabi       ,Sesamum,467.4197773411919
Telangana,2014,Kharif     ,Sugarcane,87653.9762447888
Telangana,2014,Kharif     ,Urad,655.9871039242355
Telangana,2014,Rabi       ,Urad,406.1734443900049
Telangana,2014,Rabi       ,Wheat,1188.9155799588195
Tripura,2014,Kharif     ,Arhar/Tur,721.363456202933
Tripura,2014,Rabi       ,Gram,813.664596273292
Tripura,2014,Kharif     ,Groundnut,1076.305220883534
Tripura,2014,Rabi       ,Groundnut,1096.7078189300412
Tripura,2014,Kharif     ,Maize,1319.5397211772515
Tripura,2014,Kharif     ,Moong(Green Gram),548.3304042179262
Tripura,2014,Rabi       ,Moong(Green Gram),615.5088852988691
Tripura,2014,Rabi       ,Rapeseed &Mustard,829.9629255139872
Tripura,2014,Kharif     ,Rice,2903.3516925600434
Tripura,2014,Kharif     ,Sesamum,625.2025931928687
Tripura,2014,Whole Year ,Sugarcane,52345.52332912989
Tripura,2014,Kharif     ,Urad,584.9268841394826
Tripura,2014,Rabi       ,Urad,745.4128440366973
Tripura,2014,Rabi       ,Wheat,2251.8518518518517
Uttar Pradesh,2014,Kharif     ,Arhar/Tur,607.2053079986458
Uttar Pradesh,2014,Kharif     ,Bajra,1899.7955289558738
Uttar Pradesh,2014,Rabi       ,Gram,317.2203489434588
Uttar Pradesh,2014,Kharif     ,Groundnut,863.7519272200043
Uttar Pradesh,2014,Kharif     ,Jowar,990.62083731228
Uttar Pradesh,2014,Kharif     ,Maize,1778.14651966779
Uttar Pradesh,2014,Rabi       ,Maize,2393.0348258706467
Uttar Pradesh,2014,Summer     ,Maize,1778.0325135473113
Uttar Pradesh,2014,Kharif     ,Moong(Green Gram),319.69770318971547
Uttar Pradesh,2014,Summer     ,Moong(Green Gram),672.2501176839793
Uttar Pradesh,2014,Rabi       ,Potato,22558.85684109591
Uttar Pradesh,2014,Rabi       ,Rapeseed &Mustard,776.683582761876
Uttar Pradesh,2014,Kharif     ,Rice,2266.595732407354
Uttar Pradesh,2014,Summer     ,Rice,2519.4176378268276
Uttar Pradesh,2014,Kharif     ,Sesamum,197.01071804720897
Uttar Pradesh,2014,Kharif     ,Sugarcane,65780.79767136794
Uttar Pradesh,2014,Kharif     ,Urad,535.8753027147109
Uttar Pradesh,2014,Summer     ,Urad,540.2972768705769
Uttar Pradesh,2014,Rabi       ,Wheat,2036.7501395932306
Uttarakhand,2014,Kharif     ,Arhar/Tur,906.031746031746
Uttarakhand,2014,Kharif     ,Bajra,1000.0
Uttarakhand,2014,Rabi       ,Gram,855.2412645590682
Uttarakhand,2014,Kharif     ,Groundnut,1102.1097046413502
Uttarakhand,2014,Kharif     ,Maize,2068.232520941196
Uttarakhand,2014,Summer     ,Maize,2222.222222222222
Uttarakhand,2014,Kharif     ,Moong(Green Gram),588.2352941176471
Uttarakhand,2014,Summer     ,Moong(Green Gram),529.4117647058823
Uttarakhand,2014,Kharif     ,Potato,10696.235329980185
Uttarakhand,2014,Rabi       ,Potato,9596.1611554542
Uttarakhand,2014,Kharif     ,Ragi,1381.1628855278766
Uttarakhand,2014,Rabi       ,Rapeseed &Mustard,709.0093936806148
Uttarakhand,2014,Kharif     ,Rice,2268.310604042019
Uttarakhand,2014,Summer     ,Rice,3147.0066161045665
Uttarakhand,2014,Kharif     ,Sesamum,264.93506493506493
Uttarakhand,2014,Whole Year ,Sugarcane,60642.713203688814
Uttarakhand,2014,Kharif     ,Urad,756.3838223632038
Uttarakhand,2014,Summer     ,Urad,561.4035087719299
Uttarakhand,2014,Rabi       ,Wheat,1925.1713538773813
Jharkhand,2014,Rabi       ,Arhar/Tur,1355.0302993759233
Jharkhand,2014,Rabi       ,Gram,796.9579825860761
Jharkhand,2014,Autumn     ,Maize,2166.178513762157
Jharkhand,2014,Rabi       ,Potato,7164.303782575445
Jharkhand,2014,Winter     ,Potato,7327.547800259885
Jharkhand,2014,Autumn     ,Ragi,974.8071979434447
Jharkhand,2014,Rabi       ,Rapeseed &Mustard,893.4160023619722
Jharkhand,2014,Autumn     ,Rice,1027.925294298437
Jharkhand,2014,Winter     ,Rice,1470.94134564765
Jharkhand,2014,Whole Year ,Sugarcane,52497.89621318373
Jharkhand,2014,Rabi       ,Wheat,1512.919470984139
Jharkhand,2014,Winter     ,Wheat,1808.0374229215395
West Bengal,2014,Rabi       ,Arhar/Tur,1435.8223523670083
West Bengal,2014,Kharif     ,Bajra,292.6829268292683
West Bengal,2014,Rabi       ,Gram,1178.2862818504793
West Bengal,2014,Autumn     ,Groundnut,928.2868525896414
West Bengal,2014,Rabi       ,Groundnut,1810.6803327391563
West Bengal,2014,Summer     ,Groundnut,2333.6463958675745
West Bengal,2014,Autumn     ,Jowar,320.0
West Bengal,2014,Autumn     ,Maize,2688.627105581856
West Bengal,2014,Rabi       ,Maize,5445.44262423424
West Bengal,2014,Summer     ,Maize,4513.664562571216
West Bengal,2014,Kharif     ,Moong(Green Gram),854.0925266903914
West Bengal,2014,Rabi       ,Moong(Green Gram),671.7230649552703
West Bengal,2014,Summer     ,Moong(Green Gram),680.8244623847968
West Bengal,2014,Rabi       ,Potato,33866.617049572356
West Bengal,2014,Summer     ,Potato,12000.0
West Bengal,2014,Autumn     ,Ragi,1095.487311148415
West Bengal,2014,Rabi       ,Rapeseed &Mustard,1069.2038822831819
West Bengal,2014,Autumn     ,Rice,2596.0303561004084
West Bengal,2014,Summer     ,Rice,3373.3996372149268
West Bengal,2014,Winter     ,Rice,2740.0643905622373
West Bengal,2014,Autumn     ,Sesamum,745.7475380483438
West Bengal,2014,Summer     ,Sesamum,931.4026790977281
West Bengal,2014,Winter     ,Sesamum,717.3333333333334
West Bengal,2014,Kharif     ,Urad,686.4388915014026
West Bengal,2014,Rabi       ,Urad,939.7290296871887
West Bengal,2014,Rabi       ,Wheat,2806.759502749223
Bihar,2015,Kharif     ,Arhar/Tur,1577.2841184216115
Bihar,2015,Kharif     ,Bajra,1132.8449328449328
Bihar,2015,Rabi       ,Gram,986.1539238971145
Bihar,2015,Kharif     ,Groundnut,1018.2926829268292
Bihar,2015,Kharif     ,Jowar,1063.314711359404
Bihar,2015,Autumn     ,Maize,2558.9065386036204
Bihar,2015,Rabi       ,Maize,4420.882303525854
Bihar,2015,Summer     ,Maize,3903.246813152225
Bihar,2015,Kharif     ,Moong(Green Gram),682.8190226733241
Bihar,2015,Summer     ,Moong(Green Gram),547.8707820083309
Bihar,2015,Kharif     ,Ragi,1428.5920577617328
Bihar,2015,Rabi       ,Rapeseed &Mustard,1052.8123849783062
Bihar,2015,Autumn     ,Rice,1320.9292328765127
Bihar,2015,Summer     ,Rice,2472.0548079998034
Bihar,2015,Winter     ,Rice,2258.273251345119
Bihar,2015,Kharif     ,Sesamum,867.8286129266521
Bihar,2015,Whole Year ,Sugarcane,48826.18709045533
Bihar,2015,Kharif     ,Urad,882.5727052963152
Bihar,2015,Rabi       ,Wheat,2243.9644676063012
Chhattisgarh,2015,Kharif     ,Arhar/Tur,469.9964674622556
Chhattisgarh,2015,Kharif     ,Bajra,340.0
Chhattisgarh,2015,Whole Year ,Bajra,23553.261767134598
Chhattisgarh,2015,Rabi       ,Gram,778.9975403037778
Chhattisgarh,2015,Kharif     ,Groundnut,1283.0162668872347
Chhattisgarh,2015,Whole Year ,Jowar,804.9501292944219
Chhattisgarh,2015,Kharif     ,Maize,1881.002880749628
Chhattisgarh,2015,Kharif     ,Moong(Green Gram),460.0100857286939
Chhattisgarh,2015,Rabi       ,Moong(Green Gram),402.57389905489646
Chhattisgarh,2015,Kharif     ,Potato,6715.029277813923
Chhattisgarh,2015,Rabi       ,Potato,6714.030543895687
Chhattisgarh,2015,Kharif     ,Ragi,189.13205670231287
Chhattisgarh,2015,Rabi       ,Rapeseed &Mustard,560.9766637856526
Chhattisgarh,2015,Kharif     ,Rice,1301.6814714883228
Chhattisgarh,2015,Kharif     ,Sesamum,393.8319198149576
Chhattisgarh,2015,Whole Year ,Sugarcane,2439.7794079392334
Chhattisgarh,2015,Kharif     ,Urad,299.6049119060331
Chhattisgarh,2015,Rabi       ,Urad,256.8918509542563
Chhattisgarh,2015,Rabi       ,Wheat,1345.4554048305524
Gujarat,2015,Kharif     ,Arhar/Tur,1228.408541130013
Gujarat,2015,Kharif     ,Bajra,1623.0978870319902
Gujarat,2015,Summer     ,Bajra,2651.713525851436
Gujarat,2015,Rabi       ,Gram,886.5038740665428
Gujarat,2015,Kharif     ,Groundnut,1427.600373207259
Gujarat,2015,Summer     ,Groundnut,1664.4955678236186
Gujarat,2015,Kharif     ,Jowar,1371.9828105546408
Gujarat,2015,Rabi       ,Jowar,1190.4976818610758
Gujarat,2015,Kharif     ,Maize,1323.4001371023026
Gujarat,2015,Rabi       ,Maize,2285.1853110031593
Gujarat,2015,Summer     ,Maize,2138.160079707738
Gujarat,2015,Kharif     ,Moong(Green Gram),505.4110062169008
Gujarat,2015,Summer     ,Moong(Green Gram),517.2646184340931
Gujarat,2015,Whole Year ,Potato,25397.296406198482
Gujarat,2015,Kharif     ,Ragi,780.5042890564076
Gujarat,2015,Rabi       ,Rapeseed &Mustard,1452.590559131642
Gujarat,2015,Kharif     ,Rice,2138.0097214462876
Gujarat,2015,Summer     ,Rice,3244.0856970428486
Gujarat,2015,Kharif     ,Sesamum,362.4225739848589
Gujarat,2015,Summer     ,Sesamum,487.8686076894364
Gujarat,2015,Whole Year ,Sugarcane,69669.121109909
Gujarat,2015,Kharif     ,Urad,597.7982551632143
Gujarat,2015,Summer     ,Urad,706.8723702664797
Gujarat,2015,Rabi       ,Wheat,2700.0813808155804
Haryana,2015,Kharif     ,Arhar/Tur,1136.3636363636363
Haryana,2015,Kharif     ,Bajra,1764.8648648648648
Haryana,2015,Rabi       ,Gram,619.047619047619
Haryana,2015,Kharif     ,Groundnut,1232.5581395348838
Haryana,2015,Kharif     ,Jowar,545.4545454545455
Haryana,2015,Kharif     ,Maize,3086.206896551724
Haryana,2015,Kharif     ,Moong(Green Gram),553.0612244897959
Haryana,2015,Whole Year ,Potato,24911.913167799725
Haryana,2015,Rabi       ,Rapeseed &Mustard,1611.0019646365422
Haryana,2015,Kharif     ,Rice,3061.3451589061347
Haryana,2015,Kharif     ,Sesamum,476.47058823529414
Haryana,2015,Whole Year ,Sugarcane,75182.79569892473
Haryana,2015,Kharif     ,Urad,350.0
Haryana,2015,Rabi       ,Wheat,4406.055900621118
Himachal Pradesh,2015,Kharif     ,Arhar/Tur,333.3333333333333
Himachal Pradesh,2015,Kharif     ,Bajra,582.2784810126582
Himachal Pradesh,2015,Rabi       ,Gram,988.8268156424581
Himachal Pradesh,2015,Kharif     ,Groundnut,942.8571428571429
Himachal Pradesh,2015,Kharif     ,Maize,2523.1454608259646
Himachal Pradesh,2015,Kharif     ,Moong(Green Gram),492.3076923076923
Himachal Pradesh,2015,Kharif     ,Potato,8978.8416988417
Himachal Pradesh,2015,Rabi       ,Potato,6849.648300117234
Himachal Pradesh,2015,Kharif     ,Ragi,1033.0214639515684
Himachal Pradesh,2015,Rabi       ,Rapeseed &Mustard,529.0655777083833
Himachal Pradesh,2015,Kharif     ,Rice,1601.223224509174
Himachal Pradesh,2015,Kharif     ,Sesamum,338.5826771653543
Himachal Pradesh,2015,Whole Year ,Sugarcane,20019.210245464248
Himachal Pradesh,2015,Kharif     ,Urad,480.6414331118174
Himachal Pradesh,2015,Rabi       ,Wheat,1757.6041438680966
Madhya Pradesh,2015,Kharif     ,Arhar/Tur,1108.4113597246128
Madhya Pradesh,2015,Kharif     ,Bajra,2293.6802973977697
Madhya Pradesh,2015,Rabi       ,Gram,1114.645460569914
Madhya Pradesh,2015,Kharif     ,Groundnut,1111.111111111111
Madhya Pradesh,2015,Kharif     ,Jowar,1926.235576923077
Madhya Pradesh,2015,Kharif     ,Maize,2852.7272727272725
Madhya Pradesh,2015,Kharif     ,Moong(Green Gram),279.28350515463916
Madhya Pradesh,2015,Whole Year ,Potato,20903.03889452976
Madhya Pradesh,2015,Rabi       ,Rapeseed &Mustard,1074.0740740740741
Madhya Pradesh,2015,Kharif     ,Rice,1749.7730636408485
Madhya Pradesh,2015,Whole Year ,Sesamum,429.84196185286106
Madhya Pradesh,2015,Whole Year ,Sugarcane,50588.23529411765
Madhya Pradesh,2015,Kharif     ,Urad,549.6264674493063
Madhya Pradesh,2015,Rabi       ,Wheat,3112.6141359485964
Maharashtra,2015,Kharif     ,Arhar/Tur,359.12361549033875
Maharashtra,2015,Kharif     ,Bajra,415.81314014489135
Maharashtra,2015,Rabi       ,Gram,538.605567190469
Maharashtra,2015,Kharif     ,Groundnut,964.8552338530067
Maharashtra,2015,Summer     ,Groundnut,1367.1519669902002
Maharashtra,2015,Kharif     ,Jowar,592.944587628866
Maharashtra,2015,Rabi       ,Jowar,322.35828712261247
Maharashtra,2015,Kharif     ,Maize,1469.7756938284122
Maharashtra,2015,Rabi       ,Maize,1853.3917728899432
Maharashtra,2015,Summer     ,Maize,1345.360824742268
Maharashtra,2015,Kharif     ,Moong(Green Gram),188.68007040790667
Maharashtra,2015,Summer     ,Moong(Green Gram),231.58307210031347
Maharashtra,2015,Kharif     ,Ragi,1013.0861504907307
Maharashtra,2015,Kharif     ,Rice,1710.683702596167
Maharashtra,2015,Summer     ,Rice,2420.3821656050955
Maharashtra,2015,Kharif     ,Sesamum,124.76457837319214
Maharashtra,2015,Rabi       ,Sesamum,557.4677320221266
Maharashtra,2015,Whole Year ,Sugarcane,70140.20869212845
Maharashtra,2015,Kharif     ,Urad,214.8303602658272
Maharashtra,2015,Rabi       ,Wheat,1077.3965970397012
Manipur,2015,Kharif     ,Arhar/Tur,1090.0562851782363
Manipur,2015,Rabi       ,Gram,928.3854166666666
Manipur,2015,Kharif     ,Groundnut,882.074074074074
Manipur,2015,Kharif     ,Maize,2250.5070993914806
Manipur,2015,Rabi       ,Maize,2454.285714285714
Manipur,2015,Kharif     ,Moong(Green Gram),1108.6474501108648
Manipur,2015,Whole Year ,Potato,8470.16393442623
Manipur,2015,Rabi       ,Rapeseed &Mustard,845.5172413793103
Manipur,2015,Kharif     ,Rice,2144.0506329113923
Manipur,2015,Whole Year ,Sugarcane,58000.0
Manipur,2015,Kharif     ,Urad,1121.2751212751214
Manipur,2015,Rabi       ,Wheat,2497.777777777778
Mizoram,2015,Kharif     ,Arhar/Tur,932.8358208955224
Mizoram,2015,Kharif     ,Maize,1739.774330042313
Mizoram,2015,Rabi       ,Maize,2082.9268292682927
Mizoram,2015,Kharif     ,Potato,1000.0
Mizoram,2015,Rabi       ,Potato,8268.57142857143
Mizoram,2015,Rabi       ,Rapeseed &Mustard,934.0511440107672
Mizoram,2015,Autumn     ,Rice,1226.285829429248
Mizoram,2015,Kharif     ,Rice,2170.3761009283503
Mizoram,2015,Rabi       ,Rice,2560.240963855422
Mizoram,2015,Kharif     ,Sesamum,748.8479262672811
Mizoram,2015,Whole Year ,Sugarcane,33249.02723735409
Nagaland,2015,Kharif     ,Arhar/Tur,901.639344262295
Nagaland,2015,Kharif     ,Bajra,1014.4927536231884
Nagaland,2015,Rabi       ,Gram,844.1558441558442
Nagaland,2015,Kharif     ,Groundnut,1033.7078651685392
Nagaland,2015,Kharif     ,Jowar,960.0
Nagaland,2015,Kharif     ,Maize,1978.629792583281
Nagaland,2015,Rabi       ,Maize,1981.0246679316888
Nagaland,2015,Kharif     ,Moong(Green Gram),1025.6410256410256
Nagaland,2015,Rabi       ,Potato,10005.47195622435
Nagaland,2015,Kharif     ,Ragi,969.6969696969697
Nagaland,2015,Rabi       ,Rapeseed &Mustard,1010.8932461873638
Nagaland,2015,Kharif     ,Rice,2416.6525255953393
Nagaland,2015,Rabi       ,Rice,2703.5398230088495
Nagaland,2015,Kharif     ,Sesamum,603.3519553072625
Nagaland,2015,Kharif     ,Sugarcane,43524.02745995423
Nagaland,2015,Rabi       ,Urad,817.0731707317074
Nagaland,2015,Rabi       ,Wheat,1830.7692307692307
Punjab,2015,Kharif     ,Arhar/Tur,1011.5384615384615
Punjab,2015,Rabi       ,Gram,1282.3529411764705
Punjab,2015,Kharif     ,Groundnut,1900.0
Punjab,2015,Kharif     ,Maize,3686.9565217391305
Punjab,2015,Kharif     ,Moong(Green Gram),670.3125
Punjab,2015,Rabi       ,Rapeseed &Mustard,1348.3870967741937
Punjab,2015,Kharif     ,Rice,3974.1176470588234
Punjab,2015,Kharif     ,Sesamum,329.78723404255317
Punjab,2015,Whole Year ,Sugarcane,73411.11111111111
Punjab,2015,Kharif     ,Urad,540.0
Punjab,2015,Rabi       ,Wheat,4582.953249714938
Telangana,2015,Kharif     ,Arhar/Tur,419.78635551928375
Telangana,2015,Rabi       ,Arhar/Tur,662.190812720848
Telangana,2015,Kharif     ,Bajra,938.1127450980392
Telangana,2015,Rabi       ,Bajra,937.9100281162137
Telangana,2015,Rabi       ,Gram,720.9718523609083
Telangana,2015,Kharif     ,Groundnut,1596.362286562732
Telangana,2015,Rabi       ,Groundnut,1612.9396226745152
Telangana,2015,Kharif     ,Jowar,1118.8193352671553
Telangana,2015,Rabi       ,Jowar,807.0006731416482
Telangana,2015,Kharif     ,Maize,2556.1073104589836
Telangana,2015,Rabi       ,Maize,4977.921442195702
Telangana,2015,Kharif     ,Moong(Green Gram),1025.7191785820276
Telangana,2015,Rabi       ,Moong(Green Gram),1397.806280291188
Telangana,2015,Rabi       ,Potato,12822.522522522522
Telangana,2015,Kharif     ,Ragi,544.4743935309973
Telangana,2015,Rabi       ,Ragi,617.9775280898876
Telangana,2015,Rabi       ,Rapeseed &Mustard,1219.7802197802198
Telangana,2015,Kharif     ,Rice,2934.40877879775
Telangana,2015,Rabi       ,Rice,2858.2536347592236
Telangana,2015,Kharif     ,Sesamum,36.88933200398804
Telangana,2015,Rabi       ,Sesamum,280.7906741003548
Telangana,2015,Kharif     ,Sugarcane,68911.16205760138
Telangana,2015,Kharif     ,Urad,463.82801085368396
Telangana,2015,Rabi       ,Urad,787.5953728771843
Telangana,2015,Rabi       ,Wheat,3413.1663974151857
Tripura,2015,Kharif     ,Arhar/Tur,686.9047619047619
Tripura,2015,Rabi       ,Gram,780.0
Tripura,2015,Kharif     ,Groundnut,1145.5576559546314
Tripura,2015,Rabi       ,Groundnut,1159.5744680851064
Tripura,2015,Kharif     ,Maize,1377.283883283338
Tripura,2015,Rabi       ,Maize,1470.254957507082
Tripura,2015,Kharif     ,Moong(Green Gram),505.0
Tripura,2015,Rabi       ,Moong(Green Gram),549.6108949416342
Tripura,2015,Rabi       ,Rapeseed &Mustard,804.9236522281085
Tripura,2015,Kharif     ,Rice,2881.752394679158
Tripura,2015,Summer     ,Rice,3130.0035727045374
Tripura,2015,Kharif     ,Sesamum,580.0410466906105
Tripura,2015,Whole Year ,Sugarcane,51061.79066834805
Tripura,2015,Kharif     ,Urad,556.9565217391304
Tripura,2015,Rabi       ,Urad,744.7633824670287
Tripura,2015,Rabi       ,Wheat,2236.263736263736
Uttar Pradesh,2015,Kharif     ,Arhar/Tur,688.8073851918442
Uttar Pradesh,2015,Kharif     ,Bajra,1821.4510283819257
Uttar Pradesh,2015,Rabi       ,Gram,610.5803182764199
Uttar Pradesh,2015,Kharif     ,Groundnut,674.8906224203402
Uttar Pradesh,2015,Kharif     ,Jowar,676.6842992501308
Uttar Pradesh,2015,Kharif     ,Maize,1848.908164142299
Uttar Pradesh,2015,Rabi       ,Maize,2197.834274952919
Uttar Pradesh,2015,Summer     ,Maize,1849.0016448871424
Uttar Pradesh,2015,Kharif     ,Moong(Green Gram),216.84053651266765
Uttar Pradesh,2015,Summer     ,Moong(Green Gram),634.6544007186111
Uttar Pradesh,2015,Rabi       ,Potato,23037.460006529545
Uttar Pradesh,2015,Rabi       ,Rapeseed &Mustard,1015.6147036071397
Uttar Pradesh,2015,Kharif     ,Rice,2130.05056150422
Uttar Pradesh,2015,Summer     ,Rice,2728.481398658264
Uttar Pradesh,2015,Kharif     ,Sesamum,303.19075868662577
Uttar Pradesh,2015,Kharif     ,Sugarcane,67031.95277948884
Uttar Pradesh,2015,Kharif     ,Urad,290.97932854162974
Uttar Pradesh,2015,Summer     ,Urad,576.7870380175791
Uttar Pradesh,2015,Rabi       ,Wheat,2786.398382222698
Uttarakhand,2015,Kharif     ,Arhar/Tur,821.8356328734253
Uttarakhand,2015,Kharif     ,Bajra,1000.0
Uttarakhand,2015,Rabi       ,Gram,835.9133126934985
Uttarakhand,2015,Kharif     ,Groundnut,1375.6727664155005
Uttarakhand,2015,Kharif     ,Jowar,800.0
Uttarakhand,2015,Kharif     ,Maize,1723.771640374271
Uttarakhand,2015,Summer     ,Maize,1697.6744186046512
Uttarakhand,2015,Kharif     ,Moong(Green Gram),666.6666666666666
Uttarakhand,2015,Summer     ,Moong(Green Gram),600.0
Uttarakhand,2015,Kharif     ,Potato,9418.658337859859
Uttarakhand,2015,Rabi       ,Potato,8409.212420316677
Uttarakhand,2015,Kharif     ,Ragi,1410.194404931247
Uttarakhand,2015,Rabi       ,Rapeseed &Mustard,945.9063136456211
Uttarakhand,2015,Kharif     ,Rice,2346.7162113394907
Uttarakhand,2015,Summer     ,Rice,3843.9776125124586
Uttarakhand,2015,Kharif     ,Sesamum,272.94117647058823
Uttarakhand,2015,Whole Year ,Sugarcane,59201.72078125981
Uttarakhand,2015,Kharif     ,Urad,659.6314907872696
Uttarakhand,2015,Summer     ,Urad,440.6779661016949
Uttarakhand,2015,Rabi       ,Wheat,2306.6394279877427
Jharkhand,2015,Rabi       ,Arhar/Tur,1184.5719801024575
Jharkhand,2015,Rabi       ,Gram,841.7996294555209
Jharkhand,2015,Autumn     ,Maize,969.5134789162968
Jharkhand,2015,Rabi       ,Potato,6147.642831039104
Jharkhand,2015,Winter     ,Potato,6927.065578182471
Jharkhand,2015,Autumn     ,Ragi,897.0023059185243
Jharkhand,2015,Rabi       ,Rapeseed &Mustard,852.0333961755993
Jharkhand,2015,Autumn     ,Rice,604.047550491547
Jharkhand,2015,Winter     ,Rice,663.112087765081
Jharkhand,2015,Autumn     ,Urad,520.4410163759758
Jharkhand,2015,Rabi       ,Wheat,1600.8137750432934
West Bengal,2015,Rabi       ,Arhar/Tur,874.1628480789567
West Bengal,2015,Kharif     ,Bajra,295.1807228915663
West Bengal,2015,Rabi       ,Gram,797.7396726422447
West Bengal,2015,Autumn     ,Groundnut,901.7560512577124
West Bengal,2015,Rabi       ,Groundnut,1825.4899049881235
West Bengal,2015,Summer     ,Groundnut,2336.113884505137
West Bengal,2015,Autumn     ,Jowar,360.0
West Bengal,2015,Autumn     ,Maize,2690.4787991673056
West Bengal,2015,Rabi       ,Maize,5458.891233454824
West Bengal,2015,Summer     ,Maize,4608.361034831623
West Bengal,2015,Kharif     ,Moong(Green Gram),863.255033557047
West Bengal,2015,Rabi       ,Moong(Green Gram),683.6308393467527
West Bengal,2015,Summer     ,Moong(Green Gram),682.0215846275336
West Bengal,2015,Rabi       ,Potato,19791.104970007695
West Bengal,2015,Summer     ,Potato,12049.897750511247
West Bengal,2015,Autumn     ,Ragi,1098.2037110146073
West Bengal,2015,Rabi       ,Rapeseed &Mustard,1070.7399220674833
West Bengal,2015,Autumn     ,Rice,2597.643768275628
West Bengal,2015,Summer     ,Rice,3375.890918940778
West Bengal,2015,Winter     ,Rice,2743.2232111429576
West Bengal,2015,Autumn     ,Sesamum,817.7842565597667
West Bengal,2015,Summer     ,Sesamum,932.4172281146466
West Bengal,2015,Winter     ,Sesamum,717.6287051482059
West Bengal,2015,Whole Year ,Sugarcane,76297.47744641728
West Bengal,2015,Kharif     ,Urad,690.3475270589354
West Bengal,2015,Rabi       ,Urad,953.5653574304375
West Bengal,2015,Rabi       ,Wheat,2320.14323924308
Arunachal Pradesh,2016,Kharif     ,Arhar/Tur,813.9240506329114
Arunachal Pradesh,2016,Kharif     ,Groundnut,977.4774774774775
Arunachal Pradesh,2016,Kharif     ,Maize,1500.0
Arunachal Pradesh,2016,Kharif     ,Moong(Green Gram),992.2299922299923
Arunachal Pradesh,2016,Whole Year ,Potato,7200.0
Arunachal Pradesh,2016,Rabi       ,Rapeseed &Mustard,1018.8665761452155
Arunachal Pradesh,2016,Kharif     ,Rice,1679.3893129770993
Arunachal Pradesh,2016,Kharif     ,Sesamum,889.0539871223378
Arunachal Pradesh,2016,Whole Year ,Sugarcane,21400.0
Arunachal Pradesh,2016,Kharif     ,Urad,864.0429338103756
Arunachal Pradesh,2016,Rabi       ,Urad,877.1306818181819
Arunachal Pradesh,2016,Rabi       ,Wheat,1969.309462915601
Bihar,2016,Kharif     ,Arhar/Tur,1581.1725452812202
Bihar,2016,Kharif     ,Bajra,1134.9607182940517
Bihar,2016,Rabi       ,Gram,1120.2412236372213
Bihar,2016,Kharif     ,Groundnut,1015.3217568947906
Bihar,2016,Kharif     ,Jowar,1064.587973273942
Bihar,2016,Autumn     ,Maize,2585.6284945123216
Bihar,2016,Rabi       ,Maize,7482.0645668572715
Bihar,2016,Summer     ,Maize,5601.314646643745
Bihar,2016,Kharif     ,Moong(Green Gram),781.9923011923763
Bihar,2016,Summer     ,Moong(Green Gram),690.3387113743402
Bihar,2016,Rabi       ,Potato,13631.60449089203
Bihar,2016,Winter     ,Potato,12253.500972492358
Bihar,2016,Kharif     ,Ragi,723.4666108436257
Bihar,2016,Rabi       ,Rapeseed &Mustard,1180.1860577503926
Bihar,2016,Autumn     ,Rice,1704.9658152352526
Bihar,2016,Summer     ,Rice,2660.3536401693486
Bihar,2016,Winter     ,Rice,2618.025017907254
Bihar,2016,Kharif     ,Sesamum,874.507874015748
Bihar,2016,Whole Year ,Sugarcane,54414.86515254605
Bihar,2016,Kharif     ,Urad,885.0804898713702
Bihar,2016,Rabi       ,Wheat,2842.5347763878144
Chhattisgarh,2016,Kharif     ,Arhar/Tur,615.0066923864263
Chhattisgarh,2016,Kharif     ,Bajra,555.5555555555555
Chhattisgarh,2016,Whole Year ,Bajra,21687.986171132237
Chhattisgarh,2016,Rabi       ,Gram,1163.9985549878722
Chhattisgarh,2016,Kharif     ,Groundnut,1756.005388011674
Chhattisgarh,2016,Whole Year ,Jowar,1354.9351944167497
Chhattisgarh,2016,Kharif     ,Maize,2566.0033016167968
Chhattisgarh,2016,Kharif     ,Moong(Green Gram),451.63079653871756
Chhattisgarh,2016,Rabi       ,Moong(Green Gram),383.7548638132296
Chhattisgarh,2016,Kharif     ,Potato,4539.3419170243205
Chhattisgarh,2016,Rabi       ,Potato,4539.039589442816
Chhattisgarh,2016,Kharif     ,Ragi,243.21314214116666
Chhattisgarh,2016,Rabi       ,Rapeseed &Mustard,429.49345263059786
Chhattisgarh,2016,Kharif     ,Rice,2169.792530055493
Chhattisgarh,2016,Kharif     ,Sesamum,410.9768049656975
Chhattisgarh,2016,Whole Year ,Sugarcane,3492.5739418663948
Chhattisgarh,2016,Kharif     ,Urad,326.16057648534917
Chhattisgarh,2016,Rabi       ,Urad,277.05827937095285
Chhattisgarh,2016,Rabi       ,Wheat,1479.5033002330729
Gujarat,2016,Kharif     ,Arhar/Tur,1131.6975118092148
Gujarat,2016,Kharif     ,Bajra,1573.8754566496557
Gujarat,2016,Summer     ,Bajra,2497.044542122217
Gujarat,2016,Rabi       ,Gram,1124.5347054959493
Gujarat,2016,Kharif     ,Groundnut,1629.2829780755894
Gujarat,2016,Summer     ,Groundnut,1778.4865816102067
Gujarat,2016,Kharif     ,Jowar,1604.1535900444833
Gujarat,2016,Rabi       ,Jowar,1514.0515611002356
Gujarat,2016,Kharif     ,Maize,1677.3995811798532
Gujarat,2016,Rabi       ,Maize,2368.5531155851804
Gujarat,2016,Summer     ,Maize,2127.0444699849704
Gujarat,2016,Kharif     ,Moong(Green Gram),453.8700456448557
Gujarat,2016,Summer     ,Moong(Green Gram),906.3946511229213
Gujarat,2016,Whole Year ,Potato,25657.06669843492
Gujarat,2016,Kharif     ,Ragi,1247.9041916167664
Gujarat,2016,Rabi       ,Rapeseed &Mustard,1771.3908688306624
Gujarat,2016,Kharif     ,Rice,2282.578921923184
Gujarat,2016,Summer     ,Rice,3252.4592531090375
Gujarat,2016,Kharif     ,Sesamum,533.6979287875262
Gujarat,2016,Summer     ,Sesamum,816.0143949617634
Gujarat,2016,Whole Year ,Sugarcane,68277.58613050441
Gujarat,2016,Kharif     ,Urad,607.8878158924041
Gujarat,2016,Summer     ,Urad,1210.912906610703
Gujarat,2016,Rabi       ,Wheat,2759.4934808929625
Haryana,2016,Kharif     ,Arhar/Tur,742.8571428571429
Haryana,2016,Kharif     ,Bajra,2011.6304113719577
Haryana,2016,Rabi       ,Gram,1170.7317073170732
Haryana,2016,Kharif     ,Groundnut,1212.7659574468084
Haryana,2016,Kharif     ,Jowar,534.0909090909091
Haryana,2016,Kharif     ,Maize,3095.2380952380954
Haryana,2016,Kharif     ,Moong(Green Gram),329.11392405063293
Haryana,2016,Whole Year ,Potato,24716.7093079922
Haryana,2016,Rabi       ,Rapeseed &Mustard,1851.388888888889
Haryana,2016,Kharif     ,Rice,3214.4146746587708
Haryana,2016,Kharif     ,Sesamum,825.0
Haryana,2016,Whole Year ,Sugarcane,80463.05418719212
Haryana,2016,Kharif     ,Urad,454.54545454545456
Haryana,2016,Rabi       ,Wheat,4842.45308996499
Himachal Pradesh,2016,Kharif     ,Arhar/Tur,181.8181818181818
Himachal Pradesh,2016,Kharif     ,Bajra,490.4458598726115
Himachal Pradesh,2016,Rabi       ,Gram,436.830835117773
Himachal Pradesh,2016,Kharif     ,Groundnut,812.5
Himachal Pradesh,2016,Kharif     ,Maize,1841.0137283649726
Himachal Pradesh,2016,Kharif     ,Moong(Green Gram),352.11267605633805
Himachal Pradesh,2016,Kharif     ,Potato,9996.898263027295
Himachal Pradesh,2016,Rabi       ,Potato,6953.624889932492
Himachal Pradesh,2016,Kharif     ,Ragi,1048.7412961971077
Himachal Pradesh,2016,Rabi       ,Rapeseed &Mustard,237.3404404544817
Himachal Pradesh,2016,Kharif     ,Rice,1461.5341189753722
Himachal Pradesh,2016,Kharif     ,Sesamum,317.1270718232044
Himachal Pradesh,2016,Whole Year ,Sugarcane,24577.060931899643
Himachal Pradesh,2016,Kharif     ,Urad,403.55107409031126
Himachal Pradesh,2016,Rabi       ,Wheat,1016.5475131171182
Madhya Pradesh,2016,Kharif     ,Arhar/Tur,1258.670520231214
Madhya Pradesh,2016,Kharif     ,Bajra,2781.3620071684586
Madhya Pradesh,2016,Rabi       ,Gram,1410.487123797704
Madhya Pradesh,2016,Kharif     ,Groundnut,1484.251968503937
Madhya Pradesh,2016,Kharif     ,Jowar,1981.9004524886877
Madhya Pradesh,2016,Kharif     ,Maize,3401.8987341772154
Madhya Pradesh,2016,Kharif     ,Moong(Green Gram),584.8214285714286
Madhya Pradesh,2016,Whole Year ,Potato,21631.515209394965
Madhya Pradesh,2016,Rabi       ,Rapeseed &Mustard,1295.3403656821379
Madhya Pradesh,2016,Kharif     ,Rice,2389.619469026549
Madhya Pradesh,2016,Whole Year ,Sesamum,435.6544502617801
Madhya Pradesh,2016,Whole Year ,Sugarcane,51408.68051778527
Madhya Pradesh,2016,Kharif     ,Urad,910.9589041095891
Madhya Pradesh,2016,Rabi       ,Wheat,3412.112719912813
Maharashtra,2016,Kharif     ,Arhar/Tur,1455.2726548313194
Maharashtra,2016,Kharif     ,Bajra,955.3949976167181
Maharashtra,2016,Rabi       ,Gram,1006.114155085453
Maharashtra,2016,Kharif     ,Groundnut,1220.1250638080653
Maharashtra,2016,Summer     ,Groundnut,1112.1989834180486
Maharashtra,2016,Kharif     ,Jowar,953.5249080242617
Maharashtra,2016,Rabi       ,Jowar,651.836137090268
Maharashtra,2016,Kharif     ,Maize,3245.123266446919
Maharashtra,2016,Rabi       ,Maize,3145.0122501051046
Maharashtra,2016,Summer     ,Maize,2144.02390438247
Maharashtra,2016,Kharif     ,Moong(Green Gram),585.3416976727958
Maharashtra,2016,Kharif     ,Ragi,1196.5849717209803
Maharashtra,2016,Rabi       ,Rapeseed &Mustard,359.2548467453699
Maharashtra,2016,Kharif     ,Rice,2332.6403907950303
Maharashtra,2016,Summer     ,Rice,2324.8133256748993
Maharashtra,2016,Kharif     ,Sesamum,232.5724861196792
Maharashtra,2016,Rabi       ,Sesamum,23837.04974271012
Maharashtra,2016,Summer     ,Sesamum,206.1491935483871
Maharashtra,2016,Whole Year ,Sugarcane,85646.04299278822
Maharashtra,2016,Kharif     ,Urad,541.867883436309
Maharashtra,2016,Rabi       ,Wheat,1740.5672614751818
Manipur,2016,Kharif     ,Arhar/Tur,1131.3320825515948
Manipur,2016,Rabi       ,Gram,932.9962073324905
Manipur,2016,Kharif     ,Groundnut,883.4319526627219
Manipur,2016,Kharif     ,Maize,2117.5278622087135
Manipur,2016,Rabi       ,Maize,2407.9320113314448
Manipur,2016,Kharif     ,Moong(Green Gram),1099.7782705099778
Manipur,2016,Whole Year ,Potato,8318.688524590163
Manipur,2016,Rabi       ,Rapeseed &Mustard,854.788877445932
Manipur,2016,Kharif     ,Rice,2645.901639344262
Manipur,2016,Whole Year ,Sugarcane,58000.0
Manipur,2016,Kharif     ,Urad,1139.2931392931393
Manipur,2016,Rabi       ,Wheat,2497.777777777778
Mizoram,2016,Kharif     ,Arhar/Tur,977.9411764705883
Mizoram,2016,Rabi       ,Arhar/Tur,891.304347826087
Mizoram,2016,Kharif     ,Maize,1540.4123335157817
Mizoram,2016,Rabi       ,Maize,1570.4697986577182
Mizoram,2016,Kharif     ,Potato,4122.641509433963
Mizoram,2016,Rabi       ,Potato,5813.953488372093
Mizoram,2016,Rabi       ,Rapeseed &Mustard,1003.0674846625767
Mizoram,2016,Autumn     ,Rice,1207.2747678808284
Mizoram,2016,Kharif     ,Rice,2193.0375993357848
Mizoram,2016,Rabi       ,Rice,2213.1979695431473
Mizoram,2016,Kharif     ,Sesamum,672.9411764705883
Mizoram,2016,Whole Year ,Sugarcane,31821.158690176322
Nagaland,2016,Kharif     ,Arhar/Tur,903.125
Nagaland,2016,Kharif     ,Bajra,1014.4927536231884
Nagaland,2016,Rabi       ,Gram,826.6666666666666
Nagaland,2016,Kharif     ,Groundnut,1032.258064516129
Nagaland,2016,Kharif     ,Jowar,961.5384615384615
Nagaland,2016,Kharif     ,Maize,1979.8931825322022
Nagaland,2016,Rabi       ,Maize,1981.132075471698
Nagaland,2016,Kharif     ,Moong(Green Gram),1022.2222222222222
Nagaland,2016,Rabi       ,Potato,10005.347593582888
Nagaland,2016,Kharif     ,Ragi,969.6969696969697
Nagaland,2016,Rabi       ,Rapeseed &Mustard,1013.1386861313869
Nagaland,2016,Kharif     ,Rice,2435.648469236104
Nagaland,2016,Rabi       ,Rice,2791.6666666666665
Nagaland,2016,Kharif     ,Sesamum,607.7348066298342
Nagaland,2016,Kharif     ,Sugarcane,43527.14932126697
Nagaland,2016,Rabi       ,Urad,817.0731707317074
Nagaland,2016,Rabi       ,Wheat,1840.2366863905324
Punjab,2016,Kharif     ,Arhar/Tur,859.6491228070175
Punjab,2016,Kharif     ,Bajra,583.3333333333334
Punjab,2016,Rabi       ,Gram,1375.0
Punjab,2016,Kharif     ,Groundnut,1916.6666666666667
Punjab,2016,Kharif     ,Maize,3836.206896551724
Punjab,2016,Kharif     ,Moong(Green Gram),833.3333333333334
Punjab,2016,Rabi       ,Rapeseed &Mustard,1413.249211356467
Punjab,2016,Kharif     ,Rice,4149.047931713723
Punjab,2016,Kharif     ,Sesamum,366.6666666666667
Punjab,2016,Whole Year ,Sugarcane,81272.72727272728
Punjab,2016,Kharif     ,Urad,523.8095238095239
Punjab,2016,Rabi       ,Wheat,5046.065808297568
Telangana,2016,Kharif     ,Arhar/Tur,676.1982204083324
Telangana,2016,Rabi       ,Arhar/Tur,867.3390224980606
Telangana,2016,Kharif     ,Bajra,868.8576898532227
Telangana,2016,Rabi       ,Bajra,869.3504386935044
Telangana,2016,Rabi       ,Gram,1299.2181877335331
Telangana,2016,Kharif     ,Groundnut,1934.3555522231386
Telangana,2016,Rabi       ,Groundnut,2067.9760997600006
Telangana,2016,Kharif     ,Jowar,881.455531698497
Telangana,2016,Rabi       ,Jowar,1190.2553038475369
Telangana,2016,Kharif     ,Maize,2760.481892876728
Telangana,2016,Rabi       ,Maize,6805.217181029532
Telangana,2016,Kharif     ,Moong(Green Gram),609.5100222717149
Telangana,2016,Rabi       ,Moong(Green Gram),903.1116755874082
Telangana,2016,Kharif     ,Potato,10945.945945945947
Telangana,2016,Rabi       ,Potato,10143.170426065162
Telangana,2016,Kharif     ,Ragi,1158.711217183771
Telangana,2016,Rabi       ,Ragi,1152.027027027027
Telangana,2016,Kharif     ,Rice,3405.4428454007475
Telangana,2016,Rabi       ,Rice,3801.4880385169445
Telangana,2016,Kharif     ,Sesamum,134.02692778457774
Telangana,2016,Rabi       ,Sesamum,803.4154090548054
Telangana,2016,Kharif     ,Sugarcane,70215.34897980039
Telangana,2016,Kharif     ,Urad,818.2368758933113
Telangana,2016,Rabi       ,Urad,826.3780610841053
Telangana,2016,Rabi       ,Wheat,1370.4936217415418
Tripura,2016,Kharif     ,Arhar/Tur,705.0467289719626
Tripura,2016,Rabi       ,Gram,600.0
Tripura,2016,Kharif     ,Groundnut,1309.7238895558223
Tripura,2016,Rabi       ,Groundnut,1584.0
Tripura,2016,Kharif     ,Jowar,799.4143484626647
Tripura,2016,Kharif     ,Maize,1361.7579534273532
Tripura,2016,Rabi       ,Maize,1554.8
Tripura,2016,Kharif     ,Moong(Green Gram),553.8599640933572
Tripura,2016,Rabi       ,Moong(Green Gram),611.6666666666666
Tripura,2016,Rabi       ,Rapeseed &Mustard,825.0666666666667
Tripura,2016,Autumn     ,Rice,2663.4675896790436
Tripura,2016,Kharif     ,Rice,1079.973876387817
Tripura,2016,Summer     ,Rice,3220.9051574217065
Tripura,2016,Winter     ,Rice,3084.0
Tripura,2016,Kharif     ,Sesamum,586.046511627907
Tripura,2016,Whole Year ,Sugarcane,53649.63503649635
Tripura,2016,Kharif     ,Urad,577.6061776061777
Tripura,2016,Rabi       ,Urad,775.2
Tripura,2016,Rabi       ,Wheat,2300.0
Uttar Pradesh,2016,Kharif     ,Arhar/Tur,1074.46307641741
Uttar Pradesh,2016,Kharif     ,Bajra,1914.0108887720423
Uttar Pradesh,2016,Rabi       ,Gram,1115.0251207970289
Uttar Pradesh,2016,Kharif     ,Groundnut,904.1941008158446
Uttar Pradesh,2016,Kharif     ,Jowar,1000.5302777671479
Uttar Pradesh,2016,Kharif     ,Maize,1876.403783667088
Uttar Pradesh,2016,Rabi       ,Maize,2802.029220779221
Uttar Pradesh,2016,Summer     ,Maize,1875.9879872700922
Uttar Pradesh,2016,Kharif     ,Moong(Green Gram),414.4111605228109
Uttar Pradesh,2016,Summer     ,Moong(Green Gram),705.0468546455436
Uttar Pradesh,2016,Rabi       ,Potato,24244.8157792791
Uttar Pradesh,2016,Rabi       ,Rapeseed &Mustard,1244.6972752889692
Uttar Pradesh,2016,Kharif     ,Rice,2413.1739387631574
Uttar Pradesh,2016,Summer     ,Rice,2847.6450040305554
Uttar Pradesh,2016,Kharif     ,Sesamum,214.41351045267245
Uttar Pradesh,2016,Kharif     ,Sugarcane,72666.77084100172
Uttar Pradesh,2016,Kharif     ,Urad,540.3912279875377
Uttar Pradesh,2016,Summer     ,Urad,652.3464528470837
Uttar Pradesh,2016,Rabi       ,Wheat,3537.854202662178
Uttarakhand,2016,Kharif     ,Arhar/Tur,905.5466237942122
Uttarakhand,2016,Rabi       ,Gram,804.8452220726783
Uttarakhand,2016,Kharif     ,Groundnut,1298.3957219251338
Uttarakhand,2016,Kharif     ,Maize,1689.516872579753
Uttarakhand,2016,Summer     ,Maize,1477.7777777777778
Uttarakhand,2016,Kharif     ,Moong(Green Gram),486.4864864864865
Uttarakhand,2016,Summer     ,Moong(Green Gram),1000.0
Uttarakhand,2016,Kharif     ,Potato,8436.88288014583
Uttarakhand,2016,Rabi       ,Potato,11987.341772151898
Uttarakhand,2016,Kharif     ,Ragi,1479.828891082593
Uttarakhand,2016,Rabi       ,Rapeseed &Mustard,854.1805524698216
Uttarakhand,2016,Kharif     ,Rice,2316.9965566326573
Uttarakhand,2016,Summer     ,Rice,3779.9768754675915
Uttarakhand,2016,Kharif     ,Sesamum,291.84549356223175
Uttarakhand,2016,Whole Year ,Sugarcane,59192.11913690961
Uttarakhand,2016,Kharif     ,Urad,816.7614774457174
Uttarakhand,2016,Summer     ,Urad,576.0869565217391
Uttarakhand,2016,Rabi       ,Wheat,2625.952669831435
Jharkhand,2016,Rabi       ,Arhar/Tur,2075.6975248694193
Jharkhand,2016,Rabi       ,Gram,1120.3173627386943
Jharkhand,2016,Autumn     ,Maize,2171.5848660094807
Jharkhand,2016,Rabi       ,Potato,9159.160737386805
Jharkhand,2016,Winter     ,Potato,7940.4568479403615
Jharkhand,2016,Autumn     ,Ragi,1162.1955615055867
Jharkhand,2016,Rabi       ,Rapeseed &Mustard,935.1882058691025
Jharkhand,2016,Autumn     ,Rice,1116.7373572593801
Jharkhand,2016,Winter     ,Rice,2176.672344334056
Jharkhand,2016,Autumn     ,Urad,976.5200336228636
Jharkhand,2016,Rabi       ,Wheat,2023.5128312624322
West Bengal,2016,Rabi       ,Arhar/Tur,1249.1559756921
West Bengal,2016,Kharif     ,Bajra,293.41317365269464
West Bengal,2016,Rabi       ,Gram,1013.3703150558282
West Bengal,2016,Autumn     ,Groundnut,963.8876504681231
West Bengal,2016,Rabi       ,Groundnut,1839.8923401469413
West Bengal,2016,Summer     ,Groundnut,2536.1784462616824
West Bengal,2016,Autumn     ,Jowar,384.61538461538464
West Bengal,2016,Autumn     ,Maize,2692.0807219314684
West Bengal,2016,Rabi       ,Maize,5653.662094607817
West Bengal,2016,Summer     ,Maize,5105.585976682617
West Bengal,2016,Kharif     ,Moong(Green Gram),893.3764135702746
West Bengal,2016,Rabi       ,Moong(Green Gram),695.2898550724638
West Bengal,2016,Summer     ,Moong(Green Gram),714.4334561437528
West Bengal,2016,Rabi       ,Potato,34896.19532437453
West Bengal,2016,Summer     ,Potato,9779.536679536679
West Bengal,2016,Autumn     ,Ragi,1108.320726172466
West Bengal,2016,Rabi       ,Rapeseed &Mustard,1077.4681173152112
West Bengal,2016,Autumn     ,Rice,2590.1894522901225
West Bengal,2016,Summer     ,Rice,3379.23840520474
West Bengal,2016,Winter     ,Rice,2774.465213151524
West Bengal,2016,Autumn     ,Sesamum,831.8777292576419
West Bengal,2016,Summer     ,Sesamum,924.0023184423502
West Bengal,2016,Winter     ,Sesamum,741.5982076176251
West Bengal,2016,Whole Year ,Sugarcane,73815.0512026673
West Bengal,2016,Kharif     ,Urad,691.6081782117791
West Bengal,2016,Rabi       ,Urad,959.0311986863711
West Bengal,2016,Rabi       ,Wheat,2682.387033185022
Arunachal Pradesh,2017,Kharif     ,Arhar/Tur,825.0620347394541
Arunachal Pradesh,2017,Kharif     ,Groundnut,980.4134929270947
Arunachal Pradesh,2017,Kharif     ,Maize,1520.0897690808513
Arunachal Pradesh,2017,Kharif     ,Moong(Green Gram),1024.4479495268138
Arunachal Pradesh,2017,Whole Year ,Potato,7250.041152263375
Arunachal Pradesh,2017,Rabi       ,Rapeseed &Mustard,1018.7327041793799
Arunachal Pradesh,2017,Kharif     ,Rice,1767.689393939394
Arunachal Pradesh,2017,Kharif     ,Sesamum,891.7073170731708
Arunachal Pradesh,2017,Whole Year ,Sugarcane,21400.0
Arunachal Pradesh,2017,Kharif     ,Urad,871.2522045855379
Arunachal Pradesh,2017,Rabi       ,Urad,896.7201674808094
Arunachal Pradesh,2017,Rabi       ,Wheat,1969.9745547073792
Bihar,2017,Kharif     ,Arhar/Tur,1548.493535998269
Bihar,2017,Kharif     ,Bajra,1134.0488696049326
Bihar,2017,Rabi       ,Gram,1153.8276566874495
Bihar,2017,Kharif     ,Groundnut,1019.3321616871705
Bihar,2017,Kharif     ,Jowar,1066.2739322533137
Bihar,2017,Autumn     ,Maize,2400.430922496663
Bihar,2017,Rabi       ,Maize,6138.1837849935655
Bihar,2017,Summer     ,Maize,5046.986068053235
Bihar,2017,Kharif     ,Moong(Green Gram),743.0415490116983
Bihar,2017,Summer     ,Moong(Green Gram),707.2035494045098
Bihar,2017,Rabi       ,Potato,14297.300370715731
Bihar,2017,Winter     ,Potato,13431.397480631616
Bihar,2017,Kharif     ,Ragi,993.5882213251009
Bihar,2017,Rabi       ,Rapeseed &Mustard,1244.761519601648
Bihar,2017,Autumn     ,Rice,1728.122166145652
Bihar,2017,Summer     ,Rice,2119.384071318058
Bihar,2017,Winter     ,Rice,2593.8709772421053
Bihar,2017,Kharif     ,Sesamum,877.1483131763208
Bihar,2017,Whole Year ,Sugarcane,59138.3245853813
Bihar,2017,Kharif     ,Urad,890.3331650681474
Bihar,2017,Rabi       ,Wheat,2904.9974040015973
Chhattisgarh,2017,Kharif     ,Arhar/Tur,407.0361293382876
Chhattisgarh,2017,Kharif     ,Bajra,396.8253968253968
Chhattisgarh,2017,Whole Year ,Bajra,19104.05508798776
Chhattisgarh,2017,Rabi       ,Gram,989.9977613610924
Chhattisgarh,2017,Kharif     ,Groundnut,1263.9533968353933
Chhattisgarh,2017,Whole Year ,Jowar,1261.1960311075356
Chhattisgarh,2017,Kharif     ,Maize,2565.998144076511
Chhattisgarh,2017,Kharif     ,Moong(Green Gram),485.10841076959736
Chhattisgarh,2017,Rabi       ,Moong(Green Gram),237.93490460157128
Chhattisgarh,2017,Kharif     ,Potato,4387.8446115288225
Chhattisgarh,2017,Rabi       ,Potato,4387.9742304939155
Chhattisgarh,2017,Kharif     ,Ragi,226.97277976354138
Chhattisgarh,2017,Rabi       ,Rapeseed &Mustard,442.9530201342282
Chhattisgarh,2017,Kharif     ,Rice,1445.7090005446828
Chhattisgarh,2017,Kharif     ,Sesamum,301.0721529991307
Chhattisgarh,2017,Whole Year ,Sugarcane,1843.1704656370214
Chhattisgarh,2017,Kharif     ,Urad,323.63903188986467
Chhattisgarh,2017,Rabi       ,Urad,296.98189134808854
Chhattisgarh,2017,Rabi       ,Wheat,1385.997357992074
Gujarat,2017,Kharif     ,Arhar/Tur,1242.9017080149856
Gujarat,2017,Kharif     ,Bajra,1648.8397472341483
Gujarat,2017,Summer     ,Bajra,2918.9964157706095
Gujarat,2017,Rabi       ,Gram,1285.2063001916292
Gujarat,2017,Kharif     ,Groundnut,2440.199720391452
Gujarat,2017,Summer     ,Groundnut,1843.0340917915664
Gujarat,2017,Kharif     ,Jowar,1393.3956349087869
Gujarat,2017,Rabi       ,Jowar,1320.9152486370394
Gujarat,2017,Kharif     ,Maize,1550.7447405792793
Gujarat,2017,Rabi       ,Maize,2542.6435316234147
Gujarat,2017,Summer     ,Maize,2124.2450388265747
Gujarat,2017,Kharif     ,Moong(Green Gram),569.9697639353155
Gujarat,2017,Summer     ,Moong(Green Gram),974.1776131132817
Gujarat,2017,Whole Year ,Potato,28779.92591854107
Gujarat,2017,Kharif     ,Ragi,896.1279461279461
Gujarat,2017,Rabi       ,Rapeseed &Mustard,1807.9163446895236
Gujarat,2017,Kharif     ,Rice,2179.7305008010726
Gujarat,2017,Summer     ,Rice,2664.512695757944
Gujarat,2017,Kharif     ,Sesamum,605.3005205868434
Gujarat,2017,Summer     ,Sesamum,918.1382524781724
Gujarat,2017,Whole Year ,Sugarcane,63966.27939614417
Gujarat,2017,Kharif     ,Urad,635.0510311653222
Gujarat,2017,Summer     ,Urad,1256.5272496831433
Gujarat,2017,Rabi       ,Wheat,2928.8831086403384
Haryana,2017,Kharif     ,Arhar/Tur,1142.857142857143
Haryana,2017,Kharif     ,Bajra,1602.803738317757
Haryana,2017,Rabi       ,Gram,1124.6105919003114
Haryana,2017,Kharif     ,Groundnut,1161.2903225806451
Haryana,2017,Kharif     ,Jowar,518.90756302521
Haryana,2017,Kharif     ,Maize,3121.212121212121
Haryana,2017,Kharif     ,Moong(Green Gram),461.3702623906706
Haryana,2017,Whole Year ,Potato,25853.332565239933
Haryana,2017,Rabi       ,Rapeseed &Mustard,2018.2581705313128
Haryana,2017,Kharif     ,Rice,3431.5448983897054
Haryana,2017,Kharif     ,Sesamum,466.6666666666667
Haryana,2017,Whole Year ,Sugarcane,84497.82419495213
Haryana,2017,Kharif     ,Urad,353.3333333333333
Haryana,2017,Rabi       ,Wheat,4846.9077257459
Himachal Pradesh,2017,Kharif     ,Arhar/Tur,511.1111111111111
Himachal Pradesh,2017,Kharif     ,Bajra,734.1772151898734
Himachal Pradesh,2017,Rabi       ,Gram,1041.8994413407822
Himachal Pradesh,2017,Kharif     ,Groundnut,1027.7777777777778
Himachal Pradesh,2017,Kharif     ,Maize,2532.3580628963964
Himachal Pradesh,2017,Kharif     ,Moong(Green Gram),707.6923076923077
Himachal Pradesh,2017,Kharif     ,Potato,9826.571694022918
Himachal Pradesh,2017,Rabi       ,Potato,7096.103135071784
Himachal Pradesh,2017,Kharif     ,Ragi,1055.5861309851402
Himachal Pradesh,2017,Rabi       ,Rapeseed &Mustard,545.5200576507326
Himachal Pradesh,2017,Kharif     ,Rice,1602.8514375881473
Himachal Pradesh,2017,Kharif     ,Sesamum,456.6929133858268
Himachal Pradesh,2017,Whole Year ,Sugarcane,19599.786552828176
Himachal Pradesh,2017,Kharif     ,Urad,666.859289222768
Himachal Pradesh,2017,Rabi       ,Wheat,1761.3978259283579
Jharkhand,2017,Kharif     ,Arhar/Tur,1047.993439305415
Jharkhand,2017,Kharif     ,Bajra,576.5472312703583
Jharkhand,2017,Rabi       ,Gram,1228.2623644083822
Jharkhand,2017,Kharif     ,Groundnut,1110.618783503238
Jharkhand,2017,Kharif     ,Jowar,663.863021928507
Jharkhand,2017,Kharif     ,Maize,2024.6797743924938
Jharkhand,2017,Rabi       ,Maize,2030.8891739859864
Jharkhand,2017,Kharif     ,Moong(Green Gram),813.301613570542
Jharkhand,2017,Kharif     ,Ragi,972.2295271656235
Jharkhand,2017,Rabi       ,Rapeseed &Mustard,715.1338327132063
Jharkhand,2017,Kharif     ,Rice,1971.436737464497
Jharkhand,2017,Kharif     ,Sesamum,413.9658584858981
Jharkhand,2017,Kharif     ,Urad,874.1906774191357
Jharkhand,2017,Rabi       ,Wheat,2121.4139923878656
Madhya Pradesh,2017,Kharif     ,Arhar/Tur,1297.412593897802
Madhya Pradesh,2017,Kharif     ,Bajra,2435.1164741562884
Madhya Pradesh,2017,Rabi       ,Gram,1500.008356545961
Madhya Pradesh,2017,Kharif     ,Groundnut,1549.9174917491748
Madhya Pradesh,2017,Summer     ,Groundnut,1872.6655348047539
Madhya Pradesh,2017,Kharif     ,Jowar,2419.7155976892313
Madhya Pradesh,2017,Kharif     ,Maize,3554.4845501777413
Madhya Pradesh,2017,Summer     ,Maize,3732.3232323232323
Madhya Pradesh,2017,Kharif     ,Moong(Green Gram),600.3064798598949
Madhya Pradesh,2017,Summer     ,Moong(Green Gram),1222.534801377504
Madhya Pradesh,2017,Whole Year ,Potato,23073.14663320278
Madhya Pradesh,2017,Rabi       ,Rapeseed &Mustard,1304.7065115657174
Madhya Pradesh,2017,Kharif     ,Rice,2407.0635222706087
Madhya Pradesh,2017,Summer     ,Rice,2435.791217895609
Madhya Pradesh,2017,Whole Year ,Sesamum,440.64476541112055
Madhya Pradesh,2017,Whole Year ,Sugarcane,55412.076703386374
Madhya Pradesh,2017,Kharif     ,Urad,975.1565295169946
Madhya Pradesh,2017,Summer     ,Urad,1406.2232372252356
Madhya Pradesh,2017,Rabi       ,Wheat,3449.9429603410663
Maharashtra,2017,Kharif     ,Arhar/Tur,909.5145461619295
Maharashtra,2017,Kharif     ,Bajra,849.3881317487336
Maharashtra,2017,Rabi       ,Gram,917.119618128682
Maharashtra,2017,Kharif     ,Groundnut,1151.0087680896572
Maharashtra,2017,Summer     ,Groundnut,1352.9652670788073
Maharashtra,2017,Kharif     ,Jowar,968.0664003764387
Maharashtra,2017,Rabi       ,Jowar,635.5737006507742
Maharashtra,2017,Kharif     ,Maize,3116.885079556985
Maharashtra,2017,Rabi       ,Maize,2711.496109235061
Maharashtra,2017,Summer     ,Maize,1568.6532198160105
Maharashtra,2017,Kharif     ,Moong(Green Gram),366.8763539410098
Maharashtra,2017,Kharif     ,Ragi,1146.4494650764407
Maharashtra,2017,Rabi       ,Rapeseed &Mustard,342.92134831460675
Maharashtra,2017,Kharif     ,Rice,1873.010636841865
Maharashtra,2017,Summer     ,Rice,2376.0409504163804
Maharashtra,2017,Kharif     ,Sesamum,189.76959212586684
Maharashtra,2017,Rabi       ,Sesamum,389.21001926782276
Maharashtra,2017,Summer     ,Sesamum,196.28339140534263
Maharashtra,2017,Whole Year ,Sugarcane,91503.32304178884
Maharashtra,2017,Kharif     ,Urad,345.6530234442077
Maharashtra,2017,Rabi       ,Wheat,1656.6667970430633
Manipur,2017,Kharif     ,Arhar/Tur,1129.032258064516
Manipur,2017,Rabi       ,Gram,932.5153374233129
Manipur,2017,Kharif     ,Groundnut,940.7185628742515
Manipur,2017,Kharif     ,Maize,2313.9828369510346
Manipur,2017,Rabi       ,Maize,2422.752808988764
Manipur,2017,Kharif     ,Moong(Green Gram),1111.607142857143
Manipur,2017,Whole Year ,Potato,8470.16393442623
Manipur,2017,Rabi       ,Rapeseed &Mustard,855.7758031442241
Manipur,2017,Kharif     ,Rice,2567.78336360948
Manipur,2017,Whole Year ,Sugarcane,58000.0
Manipur,2017,Kharif     ,Urad,1098.679638637943
Manipur,2017,Rabi       ,Wheat,2497.777777777778
Mizoram,2017,Kharif     ,Arhar/Tur,1008.0645161290322
Mizoram,2017,Rabi       ,Arhar/Tur,920.0
Mizoram,2017,Kharif     ,Maize,1605.0420168067226
Mizoram,2017,Rabi       ,Maize,1357.8780680918449
Mizoram,2017,Kharif     ,Potato,5396.551724137931
Mizoram,2017,Rabi       ,Potato,5082.802547770701
Mizoram,2017,Kharif     ,Rapeseed &Mustard,347.82608695652175
Mizoram,2017,Rabi       ,Rapeseed &Mustard,1040.6091370558377
Mizoram,2017,Autumn     ,Rice,1203.82897255903
Mizoram,2017,Kharif     ,Rice,2183.893713722825
Mizoram,2017,Rabi       ,Rice,2049.281314168378
Mizoram,2017,Kharif     ,Sesamum,631.1250490003921
Mizoram,2017,Whole Year ,Sugarcane,28763.15114190403
Nagaland,2017,Kharif     ,Arhar/Tur,912.5
Nagaland,2017,Kharif     ,Bajra,1014.2857142857143
Nagaland,2017,Rabi       ,Gram,846.1538461538462
Nagaland,2017,Kharif     ,Groundnut,1041.2371134020618
Nagaland,2017,Kharif     ,Jowar,962.9629629629629
Nagaland,2017,Kharif     ,Maize,1982.0979899497488
Nagaland,2017,Rabi       ,Maize,1981.2382739212007
Nagaland,2017,Kharif     ,Moong(Green Gram),1062.5
Nagaland,2017,Rabi       ,Potato,10002.666666666666
Nagaland,2017,Kharif     ,Ragi,970.5882352941177
Nagaland,2017,Rabi       ,Rapeseed &Mustard,1012.3861566484517
Nagaland,2017,Kharif     ,Rice,2464.764207980653
Nagaland,2017,Rabi       ,Rice,2828.5714285714284
Nagaland,2017,Kharif     ,Sesamum,609.2896174863388
Nagaland,2017,Kharif     ,Sugarcane,43510.158013544016
Nagaland,2017,Rabi       ,Urad,819.277108433735
Nagaland,2017,Rabi       ,Wheat,1835.7771260997067
Punjab,2017,Kharif     ,Arhar/Tur,1038.4615384615386
Punjab,2017,Kharif     ,Bajra,600.0
Punjab,2017,Rabi       ,Gram,1176.4705882352941
Punjab,2017,Kharif     ,Groundnut,1916.6666666666667
Punjab,2017,Kharif     ,Maize,3710.5263157894738
Punjab,2017,Kharif     ,Moong(Green Gram),857.1428571428571
Punjab,2017,Rabi       ,Moong(Green Gram),861.1111111111111
Punjab,2017,Rabi       ,Rapeseed &Mustard,1498.360655737705
Punjab,2017,Kharif     ,Rice,4366.068515497553
Punjab,2017,Kharif     ,Sesamum,333.3333333333333
Punjab,2017,Whole Year ,Sugarcane,83583.33333333333
Punjab,2017,Kharif     ,Urad,562.5
Punjab,2017,Rabi       ,Wheat,5076.879271070615
Telangana,2017,Kharif     ,Arhar/Tur,798.4734304786665
Telangana,2017,Rabi       ,Arhar/Tur,721.8934911242603
Telangana,2017,Kharif     ,Bajra,1057.2033898305085
Telangana,2017,Rabi       ,Bajra,1056.6641084676387
Telangana,2017,Kharif     ,Gram,1000.0
Telangana,2017,Rabi       ,Gram,1516.5123868557705
Telangana,2017,Kharif     ,Groundnut,2188.184328287156
Telangana,2017,Rabi       ,Groundnut,2235.777812771726
Telangana,2017,Kharif     ,Jowar,944.0168760721406
Telangana,2017,Rabi       ,Jowar,1351.5347067096882
Telangana,2017,Kharif     ,Maize,3449.735860950814
Telangana,2017,Rabi       ,Maize,6900.994893993567
Telangana,2017,Kharif     ,Moong(Green Gram),638.3857364476588
Telangana,2017,Rabi       ,Moong(Green Gram),831.8313953488372
Telangana,2017,Kharif     ,Potato,8578.947368421053
Telangana,2017,Rabi       ,Potato,12002.314814814816
Telangana,2017,Kharif     ,Ragi,1147.332768839966
Telangana,2017,Rabi       ,Ragi,1094.890510948905
Telangana,2017,Kharif     ,Rice,2813.7923393509186
Telangana,2017,Rabi       ,Rice,3624.0603721477974
Telangana,2017,Kharif     ,Sesamum,235.07462686567163
Telangana,2017,Rabi       ,Sesamum,569.1782620110265
Telangana,2017,Kharif     ,Sugarcane,74412.9875936068
Telangana,2017,Kharif     ,Urad,807.1843634442683
Telangana,2017,Rabi       ,Urad,879.1679898380438
Telangana,2017,Kharif     ,Wheat,1000.0
Telangana,2017,Rabi       ,Wheat,1388.594802694899
Tripura,2017,Kharif     ,Arhar/Tur,738.4615384615385
Tripura,2017,Rabi       ,Gram,791.4893617021277
Tripura,2017,Kharif     ,Groundnut,1198.0374665477252
Tripura,2017,Rabi       ,Groundnut,1230.8362369337979
Tripura,2017,Kharif     ,Jowar,819.1365227537923
Tripura,2017,Kharif     ,Maize,1407.5463371579876
Tripura,2017,Rabi       ,Maize,1558.8785046728972
Tripura,2017,Kharif     ,Moong(Green Gram),545.0869389405581
Tripura,2017,Rabi       ,Moong(Green Gram),625.0
Tripura,2017,Rabi       ,Rapeseed &Mustard,829.6343810134701
Tripura,2017,Autumn     ,Rice,2759.973527465255
Tripura,2017,Kharif     ,Rice,1059.9861084801414
Tripura,2017,Summer     ,Rice,3255.3583296411166
Tripura,2017,Winter     ,Rice,3075.800097145016
Tripura,2017,Kharif     ,Sesamum,590.0497512437811
Tripura,2017,Whole Year ,Sugarcane,52715.88089330025
Tripura,2017,Kharif     ,Urad,586.4714086471408
Tripura,2017,Rabi       ,Urad,711.1200644641418
Tripura,2017,Rabi       ,Wheat,2030.7692307692307
Uttar Pradesh,2017,Kharif     ,Arhar/Tur,1175.0126651338608
Uttar Pradesh,2017,Kharif     ,Bajra,1939.8679701792853
Uttar Pradesh,2017,Rabi       ,Gram,1155.339262963244
Uttar Pradesh,2017,Kharif     ,Groundnut,1013.1138964081799
Uttar Pradesh,2017,Kharif     ,Jowar,1270.005025274173
Uttar Pradesh,2017,Kharif     ,Maize,2191.9552356284908
Uttar Pradesh,2017,Rabi       ,Maize,3001.7406440382942
Uttar Pradesh,2017,Summer     ,Maize,2191.9606056661896
Uttar Pradesh,2017,Kharif     ,Moong(Green Gram),394.36182019977804
Uttar Pradesh,2017,Summer     ,Moong(Green Gram),671.4302670623146
Uttar Pradesh,2017,Rabi       ,Potato,26201.14485026867
Uttar Pradesh,2017,Rabi       ,Rapeseed &Mustard,1391.6989392401595
Uttar Pradesh,2017,Kharif     ,Rice,2618.2257970715195
Uttar Pradesh,2017,Summer     ,Rice,2975.233880672334
Uttar Pradesh,2017,Kharif     ,Sesamum,295.2963176064442
Uttar Pradesh,2017,Kharif     ,Sugarcane,79245.3280293177
Uttar Pradesh,2017,Kharif     ,Urad,501.0327655480731
Uttar Pradesh,2017,Summer     ,Urad,632.1269712899312
Uttar Pradesh,2017,Rabi       ,Wheat,3654.8632868793115
Uttarakhand,2017,Kharif     ,Arhar/Tur,960.3931772188494
Uttarakhand,2017,Rabi       ,Gram,830.188679245283
Uttarakhand,2017,Kharif     ,Groundnut,1377.6397515527951
Uttarakhand,2017,Kharif     ,Maize,2045.707968855138
Uttarakhand,2017,Summer     ,Maize,1454.5454545454545
Uttarakhand,2017,Kharif     ,Moong(Green Gram),533.3333333333334
Uttarakhand,2017,Summer     ,Moong(Green Gram),666.6666666666666
Uttarakhand,2017,Kharif     ,Potato,10121.104185218166
Uttarakhand,2017,Rabi       ,Potato,13092.330239374694
Uttarakhand,2017,Kharif     ,Ragi,1367.7884615384614
Uttarakhand,2017,Rabi       ,Rapeseed &Mustard,818.5697469099471
Uttarakhand,2017,Kharif     ,Rice,2514.9246163892935
Uttarakhand,2017,Summer     ,Rice,3214.004156812155
Uttarakhand,2017,Kharif     ,Sesamum,298.1991525423729
Uttarakhand,2017,Whole Year ,Sugarcane,69700.03711061145
Uttarakhand,2017,Kharif     ,Urad,763.5827382800372
Uttarakhand,2017,Summer     ,Urad,680.4123711340206
Uttarakhand,2017,Rabi       ,Wheat,2814.410368007361
West Bengal,2017,Rabi       ,Arhar/Tur,1507.6762945615405
West Bengal,2017,Kharif     ,Bajra,400.0
West Bengal,2017,Rabi       ,Gram,1432.456169982772
West Bengal,2017,Autumn     ,Groundnut,1298.1090100111235
West Bengal,2017,Rabi       ,Groundnut,2099.224098585121
West Bengal,2017,Summer     ,Groundnut,2947.2394642273766
West Bengal,2017,Autumn     ,Jowar,500.0
West Bengal,2017,Autumn     ,Maize,2697.196760701255
West Bengal,2017,Rabi       ,Maize,7680.908920953789
West Bengal,2017,Summer     ,Maize,5156.603377005535
West Bengal,2017,Kharif     ,Moong(Green Gram),776.750799857803
West Bengal,2017,Rabi       ,Moong(Green Gram),883.5946924004825
West Bengal,2017,Summer     ,Moong(Green Gram),766.8222920318656
West Bengal,2017,Rabi       ,Potato,34648.57935743065
West Bengal,2017,Summer     ,Potato,11008.849557522124
West Bengal,2017,Autumn     ,Ragi,996.7445989937852
West Bengal,2017,Rabi       ,Rapeseed &Mustard,1197.105048978758
West Bengal,2017,Autumn     ,Rice,2540.865722043306
West Bengal,2017,Summer     ,Rice,3605.766247478154
West Bengal,2017,Winter     ,Rice,2757.8486388679326
West Bengal,2017,Autumn     ,Sesamum,814.2681426814269
West Bengal,2017,Summer     ,Sesamum,977.0481848618132
West Bengal,2017,Winter     ,Sesamum,683.3855799373041
West Bengal,2017,Whole Year ,Sugarcane,90674.37369519833
West Bengal,2017,Kharif     ,Urad,671.8629715165512
West Bengal,2017,Rabi       ,Urad,916.6826095274536
West Bengal,2017,Rabi       ,Wheat,3090.865712338105
Arunachal Pradesh,2018,Kharif     ,Arhar/Tur,863.9705882352941
Arunachal Pradesh,2018,Kharif     ,Groundnut,980.4560260586319
Arunachal Pradesh,2018,Kharif     ,Maize,1530.0
Arunachal Pradesh,2018,Kharif     ,Moong(Green Gram),1019.8019801980198
Arunachal Pradesh,2018,Whole Year ,Potato,7144.615384615385
Arunachal Pradesh,2018,Rabi       ,Rapeseed &Mustard,1018.7548748493228
Arunachal Pradesh,2018,Kharif     ,Rice,1801.7867867867867
Arunachal Pradesh,2018,Kharif     ,Sesamum,891.8655625913298
Arunachal Pradesh,2018,Whole Year ,Sugarcane,21498.591549295776
Arunachal Pradesh,2018,Kharif     ,Urad,898.6013986013986
Arunachal Pradesh,2018,Rabi       ,Urad,956.4917127071823
Arunachal Pradesh,2018,Rabi       ,Wheat,1969.9745547073792
Bihar,2018,Kharif     ,Arhar/Tur,1852.414922231318
Bihar,2018,Kharif     ,Bajra,1133.8050820199421
Bihar,2018,Rabi       ,Gram,1198.5764116365954
Bihar,2018,Kharif     ,Groundnut,1019.8598130841121
Bihar,2018,Kharif     ,Jowar,1065.6424581005588
Bihar,2018,Autumn     ,Maize,2078.377373867641
Bihar,2018,Rabi       ,Maize,7432.220978664324
Bihar,2018,Summer     ,Maize,3853.8796339818214
Bihar,2018,Kharif     ,Moong(Green Gram),580.5570726379028
Bihar,2018,Summer     ,Moong(Green Gram),705.1972331276875
Bihar,2018,Rabi       ,Potato,12785.436973891983
Bihar,2018,Winter     ,Potato,15200.704032434802
Bihar,2018,Kharif     ,Ragi,1071.106486298994
Bihar,2018,Rabi       ,Rapeseed &Mustard,1289.9759263395626
Bihar,2018,Autumn     ,Rice,1382.3028202059754
Bihar,2018,Summer     ,Rice,2256.3079470198677
Bihar,2018,Winter     ,Rice,2036.0680334703754
Bihar,2018,Kharif     ,Sesamum,852.9956763434219
Bihar,2018,Whole Year ,Sugarcane,89180.93958779432
Bihar,2018,Kharif     ,Urad,893.8875305623471
Bihar,2018,Rabi       ,Wheat,2998.1216255566496
Chhattisgarh,2018,Kharif     ,Arhar/Tur,480.0064082024992
Chhattisgarh,2018,Kharif     ,Bajra,590.9090909090909
Chhattisgarh,2018,Whole Year ,Bajra,21077.3085182534
Chhattisgarh,2018,Rabi       ,Gram,1043.9996131902137
Chhattisgarh,2018,Kharif     ,Groundnut,1282.9818333681353
Chhattisgarh,2018,Whole Year ,Jowar,915.479274611399
Chhattisgarh,2018,Kharif     ,Maize,2568.002575245453
Chhattisgarh,2018,Kharif     ,Moong(Green Gram),511.2404125892621
Chhattisgarh,2018,Rabi       ,Moong(Green Gram),310.35568146049735
Chhattisgarh,2018,Kharif     ,Potato,5287.300485773768
Chhattisgarh,2018,Rabi       ,Potato,5287.954621287955
Chhattisgarh,2018,Kharif     ,Ragi,244.47674418604652
Chhattisgarh,2018,Rabi       ,Rapeseed &Mustard,488.2558978057072
Chhattisgarh,2018,Kharif     ,Rice,1571.8029119776074
Chhattisgarh,2018,Kharif     ,Sesamum,346.0167904813674
Chhattisgarh,2018,Whole Year ,Sugarcane,2159.428663877782
Chhattisgarh,2018,Kharif     ,Urad,327.94709384242395
Chhattisgarh,2018,Rabi       ,Urad,297.77777777777777
Chhattisgarh,2018,Rabi       ,Wheat,1671.0432824618463
Gujarat,2018,Kharif     ,Arhar/Tur,1208.872131379572
Gujarat,2018,Kharif     ,Bajra,1397.0099058334351
Gujarat,2018,Summer     ,Bajra,2912.5134299559277
Gujarat,2018,Rabi       ,Gram,1358.0952160690126
Gujarat,2018,Kharif     ,Groundnut,1368.347365759858
Gujarat,2018,Summer     ,Groundnut,2156.166942030027
Gujarat,2018,Kharif     ,Jowar,1336.204913213528
Gujarat,2018,Rabi       ,Jowar,1225.0900195156812
Gujarat,2018,Kharif     ,Maize,1770.100729062009
Gujarat,2018,Rabi       ,Maize,2571.8320466955374
Gujarat,2018,Summer     ,Maize,2056.957928802589
Gujarat,2018,Kharif     ,Moong(Green Gram),334.1950012687135
Gujarat,2018,Summer     ,Moong(Green Gram),1181.2407991587802
Gujarat,2018,Whole Year ,Potato,30099.926718210936
Gujarat,2018,Kharif     ,Ragi,804.2354510588627
Gujarat,2018,Rabi       ,Rapeseed &Mustard,1783.5899588443663
Gujarat,2018,Kharif     ,Rice,2247.7565801422593
Gujarat,2018,Summer     ,Rice,3135.521600973565
Gujarat,2018,Kharif     ,Sesamum,462.20008488752404
Gujarat,2018,Summer     ,Sesamum,619.6935300794552
Gujarat,2018,Whole Year ,Sugarcane,72435.0561044219
Gujarat,2018,Kharif     ,Urad,580.1179396360073
Gujarat,2018,Summer     ,Urad,1477.733860342556
Gujarat,2018,Rabi       ,Wheat,3019.649855235362
Haryana,2018,Kharif     ,Arhar/Tur,1172.675521821632
Haryana,2018,Kharif     ,Bajra,2068.048033906287
Haryana,2018,Rabi       ,Gram,1385.3006681514476
Haryana,2018,Kharif     ,Groundnut,1144.1260744985673
Haryana,2018,Kharif     ,Jowar,528.5359801488834
Haryana,2018,Kharif     ,Maize,2644.0677966101694
Haryana,2018,Kharif     ,Moong(Green Gram),675.4128025333634
Haryana,2018,Whole Year ,Potato,25846.2202775059
Haryana,2018,Rabi       ,Rapeseed &Mustard,2063.314097279472
Haryana,2018,Kharif     ,Rice,3120.9398756046994
Haryana,2018,Kharif     ,Sesamum,483.55899419729207
Haryana,2018,Whole Year ,Sugarcane,78235.99632690541
Haryana,2018,Kharif     ,Urad,575.2351097178683
Haryana,2018,Rabi       ,Wheat,4924.601464885825
Himachal Pradesh,2018,Kharif     ,Arhar/Tur,510.2040816326531
Himachal Pradesh,2018,Kharif     ,Bajra,738.6363636363636
Himachal Pradesh,2018,Rabi       ,Gram,1039.0625
Himachal Pradesh,2018,Kharif     ,Groundnut,1023.8095238095239
Himachal Pradesh,2018,Kharif     ,Maize,2529.9986052025943
Himachal Pradesh,2018,Kharif     ,Moong(Green Gram),712.9629629629629
Himachal Pradesh,2018,Kharif     ,Potato,7348.9655172413795
Himachal Pradesh,2018,Rabi       ,Potato,10353.819889031156
Himachal Pradesh,2018,Kharif     ,Ragi,1059.8837209302326
Himachal Pradesh,2018,Rabi       ,Rapeseed &Mustard,549.9824211883276
Himachal Pradesh,2018,Kharif     ,Rice,1600.0
Himachal Pradesh,2018,Kharif     ,Sesamum,449.54128440366975
Himachal Pradesh,2018,Whole Year ,Sugarcane,24314.195583596214
Himachal Pradesh,2018,Kharif     ,Urad,671.1898300242823
Himachal Pradesh,2018,Rabi       ,Wheat,1770.0014419972288
Jharkhand,2018,Kharif     ,Arhar/Tur,1014.2918975069252
Jharkhand,2018,Kharif     ,Bajra,576.9230769230769
Jharkhand,2018,Rabi       ,Gram,1166.054209086164
Jharkhand,2018,Kharif     ,Groundnut,1032.388933226922
Jharkhand,2018,Kharif     ,Jowar,684.7507331378299
Jharkhand,2018,Kharif     ,Maize,1740.155597797331
Jharkhand,2018,Rabi       ,Maize,1905.114401076716
Jharkhand,2018,Kharif     ,Moong(Green Gram),746.3856413634119
Jharkhand,2018,Kharif     ,Ragi,805.2327653810509
Jharkhand,2018,Rabi       ,Rapeseed &Mustard,695.1273574748894
Jharkhand,2018,Kharif     ,Rice,1895.1576940127811
Jharkhand,2018,Kharif     ,Sesamum,350.41683750170836
Jharkhand,2018,Kharif     ,Urad,840.8940770504162
Jharkhand,2018,Rabi       ,Wheat,1846.5946889476159
Madhya Pradesh,2018,Kharif     ,Arhar/Tur,845.982468097107
Madhya Pradesh,2018,Kharif     ,Bajra,1921.0590681178917
Madhya Pradesh,2018,Rabi       ,Gram,1288.1965501574116
Madhya Pradesh,2018,Kharif     ,Groundnut,1849.2283156464855
Madhya Pradesh,2018,Kharif     ,Jowar,2188.9759560645634
Madhya Pradesh,2018,Kharif     ,Maize,3255.230395219016
Madhya Pradesh,2018,Kharif     ,Moong(Green Gram),401.73146544939397
Madhya Pradesh,2018,Summer     ,Moong(Green Gram),290.64039408866995
Madhya Pradesh,2018,Whole Year ,Potato,22709.95255135124
Madhya Pradesh,2018,Rabi       ,Rapeseed &Mustard,1471.1613896361089
Madhya Pradesh,2018,Kharif     ,Rice,1875.0223692027973
Madhya Pradesh,2018,Whole Year ,Sesamum,559.1158749440057
Madhya Pradesh,2018,Whole Year ,Sugarcane,48905.210283405315
Madhya Pradesh,2018,Kharif     ,Urad,464.7400096352002
Madhya Pradesh,2018,Summer     ,Urad,460.0850259801606
Madhya Pradesh,2018,Rabi       ,Wheat,3273.441378148348
Maharashtra,2018,Kharif     ,Arhar/Tur,661.6055225166871
Maharashtra,2018,Kharif     ,Bajra,545.0096245427645
Maharashtra,2018,Rabi       ,Gram,824.4501894677196
Maharashtra,2018,Kharif     ,Groundnut,936.4394301910406
Maharashtra,2018,Summer     ,Groundnut,1307.8728715674952
Maharashtra,2018,Kharif     ,Jowar,810.2322055567918
Maharashtra,2018,Rabi       ,Jowar,402.0677259885896
Maharashtra,2018,Kharif     ,Maize,1928.0089496202486
Maharashtra,2018,Rabi       ,Maize,1886.03786325338
Maharashtra,2018,Summer     ,Maize,1200.4668806536329
Maharashtra,2018,Kharif     ,Moong(Green Gram),423.5971803288231
Maharashtra,2018,Kharif     ,Ragi,1164.0783590918713
Maharashtra,2018,Rabi       ,Rapeseed &Mustard,344.89369118159635
Maharashtra,2018,Kharif     ,Rice,2217.8976962069073
Maharashtra,2018,Summer     ,Rice,2777.6024904818996
Maharashtra,2018,Kharif     ,Sesamum,169.7714718942922
Maharashtra,2018,Rabi       ,Sesamum,109.71428571428571
Maharashtra,2018,Summer     ,Sesamum,132.12996389891697
Maharashtra,2018,Whole Year ,Sugarcane,77199.61284308364
Maharashtra,2018,Kharif     ,Urad,421.3505212566896
Maharashtra,2018,Rabi       ,Wheat,1497.3300420380185
Manipur,2018,Kharif     ,Arhar/Tur,1048.689138576779
Manipur,2018,Rabi       ,Gram,925.7950530035336
Manipur,2018,Kharif     ,Groundnut,931.592039800995
Manipur,2018,Kharif     ,Maize,2140.9185803757828
Manipur,2018,Rabi       ,Maize,2373.961218836565
Manipur,2018,Kharif     ,Moong(Green Gram),1057.017543859649
Manipur,2018,Whole Year ,Potato,8236.012861736335
Manipur,2018,Rabi       ,Rapeseed &Mustard,839.823907890281
Manipur,2018,Kharif     ,Rice,2580.0
Manipur,2018,Whole Year ,Sugarcane,57811.00917431193
Manipur,2018,Kharif     ,Urad,1005.1020408163265
Manipur,2018,Rabi       ,Wheat,2502.1834061135373
Mizoram,2018,Kharif     ,Arhar/Tur,1024.7349823321554
Mizoram,2018,Rabi       ,Arhar/Tur,891.304347826087
Mizoram,2018,Kharif     ,Maize,1796.616082330368
Mizoram,2018,Rabi       ,Maize,1558.139534883721
Mizoram,2018,Kharif     ,Potato,4147.540983606557
Mizoram,2018,Rabi       ,Potato,3506.849315068493
Mizoram,2018,Kharif     ,Rapeseed &Mustard,600.0
Mizoram,2018,Rabi       ,Rapeseed &Mustard,785.7142857142857
Mizoram,2018,Autumn     ,Rice,1232.8955003428812
Mizoram,2018,Kharif     ,Rice,2211.4919729746484
Mizoram,2018,Rabi       ,Rice,2086.9565217391305
Mizoram,2018,Kharif     ,Sesamum,771.4285714285714
Mizoram,2018,Whole Year ,Sugarcane,30273.59781121751
Nagaland,2018,Kharif     ,Arhar/Tur,909.6573208722741
Nagaland,2018,Kharif     ,Bajra,1014.0845070422536
Nagaland,2018,Rabi       ,Gram,842.1052631578947
Nagaland,2018,Kharif     ,Groundnut,1039.6039603960396
Nagaland,2018,Kharif     ,Jowar,964.2857142857143
Nagaland,2018,Kharif     ,Maize,1981.9494584837546
Nagaland,2018,Rabi       ,Maize,1983.2089552238806
Nagaland,2018,Kharif     ,Moong(Green Gram),1041.6666666666667
Nagaland,2018,Rabi       ,Potato,10005.31914893617
Nagaland,2018,Kharif     ,Ragi,971.4285714285714
Nagaland,2018,Rabi       ,Rapeseed &Mustard,1012.0131052056789
Nagaland,2018,Kharif     ,Rice,2486.2433609263603
Nagaland,2018,Rabi       ,Rice,2827.838827838828
Nagaland,2018,Kharif     ,Sesamum,610.8108108108108
Nagaland,2018,Kharif     ,Sugarcane,43509.00900900901
Nagaland,2018,Rabi       ,Urad,819.277108433735
Nagaland,2018,Rabi       ,Wheat,1830.4093567251462
Punjab,2018,Kharif     ,Arhar/Tur,1043.4782608695652
Punjab,2018,Kharif     ,Bajra,636.3636363636364
Punjab,2018,Rabi       ,Gram,1315.7894736842106
Punjab,2018,Kharif     ,Groundnut,2000.0
Punjab,2018,Kharif     ,Maize,3625.4578754578756
Punjab,2018,Kharif     ,Moong(Green Gram),843.75
Punjab,2018,Rabi       ,Moong(Green Gram),865.0306748466257
Punjab,2018,Rabi       ,Rapeseed &Mustard,1524.5901639344263
Punjab,2018,Kharif     ,Rice,4132.130196583951
Punjab,2018,Kharif     ,Sesamum,275.86206896551727
Punjab,2018,Whole Year ,Sugarcane,81831.57894736843
Punjab,2018,Kharif     ,Urad,550.0
Punjab,2018,Rabi       ,Wheat,5188.068181818182
Telangana,2018,Kharif     ,Arhar/Tur,646.4042630167742
Telangana,2018,Rabi       ,Arhar/Tur,613.8888888888889
Telangana,2018,Kharif     ,Bajra,497.1098265895954
Telangana,2018,Rabi       ,Bajra,496.8494436251508
Telangana,2018,Rabi       ,Gram,1569.436062495809
Telangana,2018,Kharif     ,Groundnut,2504.1422816751538
Telangana,2018,Rabi       ,Groundnut,2489.4270213047507
Telangana,2018,Kharif     ,Jowar,930.9623430962343
Telangana,2018,Rabi       ,Jowar,1653.3396270946425
Telangana,2018,Kharif     ,Maize,3105.4317895023246
Telangana,2018,Rabi       ,Maize,6502.647270484219
Telangana,2018,Kharif     ,Moong(Green Gram),629.267400941456
Telangana,2018,Rabi       ,Moong(Green Gram),947.8038507821901
Telangana,2018,Kharif     ,Potato,3000.0
Telangana,2018,Rabi       ,Potato,18574.522949974213
Telangana,2018,Kharif     ,Ragi,977.7562862669246
Telangana,2018,Rabi       ,Ragi,982.9545454545455
Telangana,2018,Kharif     ,Rice,3476.981561705391
Telangana,2018,Rabi       ,Rice,3412.6164297219693
Telangana,2018,Kharif     ,Sesamum,171.42857142857142
Telangana,2018,Rabi       ,Sesamum,700.3492570887349
Telangana,2018,Kharif     ,Sugarcane,79589.61932503013
Telangana,2018,Kharif     ,Urad,844.8642795803308
Telangana,2018,Rabi       ,Urad,1480.0529400642843
Telangana,2018,Rabi       ,Wheat,1877.1676300578035
Tripura,2018,Kharif     ,Arhar/Tur,773.3598409542743
Tripura,2018,Rabi       ,Gram,669.2607003891051
Tripura,2018,Kharif     ,Groundnut,1328.5600636435959
Tripura,2018,Rabi       ,Groundnut,1438.6317907444668
Tripura,2018,Kharif     ,Jowar,799.2895204262877
Tripura,2018,Rabi       ,Jowar,798.4886649874055
Tripura,2018,Kharif     ,Maize,1289.2965456024854
Tripura,2018,Rabi       ,Maize,2137.637028014616
Tripura,2018,Kharif     ,Moong(Green Gram),602.7857829010567
Tripura,2018,Rabi       ,Moong(Green Gram),664.4569097399286
Tripura,2018,Rabi       ,Rapeseed &Mustard,831.1553887954457
Tripura,2018,Autumn     ,Rice,2644.3972835314094
Tripura,2018,Kharif     ,Rice,1057.5347809127552
Tripura,2018,Summer     ,Rice,3287.311639478669
Tripura,2018,Winter     ,Rice,3048.8843813387425
Tripura,2018,Kharif     ,Sesamum,621.7884311755419
Tripura,2018,Whole Year ,Sugarcane,54250.755287009066
Tripura,2018,Kharif     ,Urad,582.3436262866192
Tripura,2018,Rabi       ,Urad,700.0856898029134
Tripura,2018,Rabi       ,Wheat,2114.6496815286623
Uttar Pradesh,2018,Kharif     ,Arhar/Tur,1084.2382520203532
Uttar Pradesh,2018,Kharif     ,Bajra,2029.4767794653733
Uttar Pradesh,2018,Rabi       ,Gram,1271.7795601895934
Uttar Pradesh,2018,Kharif     ,Groundnut,994.4374059703856
Uttar Pradesh,2018,Kharif     ,Jowar,1247.3116821479423
Uttar Pradesh,2018,Kharif     ,Maize,2066.703969318816
Uttar Pradesh,2018,Rabi       ,Maize,2804.195804195804
Uttar Pradesh,2018,Summer     ,Maize,2067.0086216304703
Uttar Pradesh,2018,Kharif     ,Moong(Green Gram),424.1710383054538
Uttar Pradesh,2018,Summer     ,Moong(Green Gram),829.9889055038349
Uttar Pradesh,2018,Rabi       ,Potato,29850.789028332216
Uttar Pradesh,2018,Rabi       ,Rapeseed &Mustard,1483.306137568526
Uttar Pradesh,2018,Kharif     ,Rice,2702.709914515445
Uttar Pradesh,2018,Summer     ,Rice,2994.201406759307
Uttar Pradesh,2018,Kharif     ,Sesamum,226.20753719553744
Uttar Pradesh,2018,Kharif     ,Sugarcane,80806.61658733567
Uttar Pradesh,2018,Kharif     ,Urad,555.3629435881309
Uttar Pradesh,2018,Summer     ,Urad,785.5604868831568
Uttar Pradesh,2018,Rabi       ,Wheat,3859.589078622957
Uttarakhand,2018,Kharif     ,Arhar/Tur,803.68865270397
Uttarakhand,2018,Rabi       ,Gram,812.5786163522013
Uttarakhand,2018,Kharif     ,Groundnut,1036.6713681241185
Uttarakhand,2018,Kharif     ,Maize,1885.9682121696605
Uttarakhand,2018,Summer     ,Maize,1406.7796610169491
Uttarakhand,2018,Kharif     ,Moong(Green Gram),1000.0
Uttarakhand,2018,Kharif     ,Potato,9917.216642754664
Uttarakhand,2018,Rabi       ,Potato,12124.117053481332
Uttarakhand,2018,Kharif     ,Ragi,1217.5758478362623
Uttarakhand,2018,Rabi       ,Rapeseed &Mustard,932.5928180158247
Uttarakhand,2018,Kharif     ,Rice,2359.6357308775127
Uttarakhand,2018,Summer     ,Rice,3288.483611784211
Uttarakhand,2018,Kharif     ,Sesamum,297.6190476190476
Uttarakhand,2018,Whole Year ,Sugarcane,69554.24657829276
Uttarakhand,2018,Kharif     ,Urad,858.7783203906813
Uttarakhand,2018,Summer     ,Urad,653.0612244897959
Uttarakhand,2018,Rabi       ,Wheat,3017.241715780024
West Bengal,2018,Rabi       ,Arhar/Tur,1543.4119278779474
West Bengal,2018,Kharif     ,Bajra,408.4507042253521
West Bengal,2018,Rabi       ,Gram,1179.101567939399
West Bengal,2018,Autumn     ,Groundnut,984.4268572887414
West Bengal,2018,Rabi       ,Groundnut,1938.448912597456
West Bengal,2018,Summer     ,Groundnut,3097.1001180947383
West Bengal,2018,Autumn     ,Jowar,468.75
West Bengal,2018,Autumn     ,Maize,3396.1796496459187
West Bengal,2018,Rabi       ,Maize,7246.990117674495
West Bengal,2018,Summer     ,Maize,7470.895099831989
West Bengal,2018,Kharif     ,Moong(Green Gram),750.9637625289129
West Bengal,2018,Rabi       ,Moong(Green Gram),708.8082901554404
West Bengal,2018,Summer     ,Moong(Green Gram),478.6292569405749
West Bengal,2018,Rabi       ,Potato,25346.806041619842
West Bengal,2018,Summer     ,Potato,11878.2874617737
West Bengal,2018,Autumn     ,Ragi,894.6243127672572
West Bengal,2018,Rabi       ,Rapeseed &Mustard,1212.274294352676
West Bengal,2018,Autumn     ,Rice,2638.7392847865617
West Bengal,2018,Summer     ,Rice,3607.1465416178194
West Bengal,2018,Winter     ,Rice,2819.1278461364705
West Bengal,2018,Autumn     ,Sesamum,647.7272727272727
West Bengal,2018,Summer     ,Sesamum,963.2052536330771
West Bengal,2018,Winter     ,Sesamum,721.0743801652893
West Bengal,2018,Whole Year ,Sugarcane,84489.01887795799
West Bengal,2018,Kharif     ,Urad,656.9843293094399
West Bengal,2018,Rabi       ,Urad,984.1192279501588
West Bengal,2018,Rabi       ,Wheat,3011.6810971314435
Arunachal Pradesh,2019,Kharif     ,Arhar/Tur,869.3528693528693
Arunachal Pradesh,2019,Kharif     ,Groundnut,980.498374864572
Arunachal Pradesh,2019,Kharif     ,Maize,1550.0
Arunachal Pradesh,2019,Kharif     ,Moong(Green Gram),1027.3141122913505
Arunachal Pradesh,2019,Whole Year ,Potato,7250.0
Arunachal Pradesh,2019,Rabi       ,Rapeseed &Mustard,1018.7537595980326
Arunachal Pradesh,2019,Kharif     ,Rice,1833.2659176029963
Arunachal Pradesh,2019,Kharif     ,Sesamum,891.642371234208
Arunachal Pradesh,2019,Whole Year ,Sugarcane,21500.0
Arunachal Pradesh,2019,Kharif     ,Urad,905.0522648083623
Arunachal Pradesh,2019,Rabi       ,Urad,962.8610729023384
Arunachal Pradesh,2019,Rabi       ,Wheat,1969.9745547073792
Bihar,2019,Kharif     ,Arhar/Tur,1680.6135848155664
Bihar,2019,Kharif     ,Bajra,1133.903133903134
Bihar,2019,Rabi       ,Gram,729.6882693837355
Bihar,2019,Kharif     ,Groundnut,1020.2140309155767
Bihar,2019,Kharif     ,Jowar,1066.5610142630744
Bihar,2019,Autumn     ,Maize,2077.704042387498
Bihar,2019,Rabi       ,Maize,7565.270788799341
Bihar,2019,Summer     ,Maize,4806.431967913978
Bihar,2019,Kharif     ,Moong(Green Gram),628.0644724366789
Bihar,2019,Summer     ,Moong(Green Gram),665.9253877499448
Bihar,2019,Rabi       ,Potato,13746.127304314256
Bihar,2019,Winter     ,Potato,14445.949771504833
Bihar,2019,Kharif     ,Ragi,796.0072595281307
Bihar,2019,Rabi       ,Rapeseed &Mustard,1187.4667729930889
Bihar,2019,Autumn     ,Rice,1638.8927055060647
Bihar,2019,Summer     ,Rice,2132.684315965496
Bihar,2019,Winter     ,Rice,2350.9579155781703
Bihar,2019,Kharif     ,Sesamum,876.058506543495
Bihar,2019,Whole Year ,Sugarcane,60649.02720954746
Bihar,2019,Kharif     ,Urad,885.52520416784
Bihar,2019,Rabi       ,Wheat,2594.828339952934
Chhattisgarh,2019,Kharif     ,Arhar/Tur,627.9979873651255
Chhattisgarh,2019,Kharif     ,Bajra,520.8333333333334
Chhattisgarh,2019,Whole Year ,Bajra,16092.629482071714
Chhattisgarh,2019,Rabi       ,Gram,251.99912367181508
Chhattisgarh,2019,Kharif     ,Groundnut,1523.9797303411456
Chhattisgarh,2019,Whole Year ,Jowar,1289.4201424211597
Chhattisgarh,2019,Kharif     ,Maize,3119.003626382894
Chhattisgarh,2019,Kharif     ,Moong(Green Gram),415.3066966797974
Chhattisgarh,2019,Rabi       ,Moong(Green Gram),354.83870967741933
Chhattisgarh,2019,Kharif     ,Potato,5797.2429638139
Chhattisgarh,2019,Rabi       ,Potato,5797.023609712432
Chhattisgarh,2019,Kharif     ,Ragi,267.35333631885356
Chhattisgarh,2019,Rabi       ,Rapeseed &Mustard,448.01004967738254
Chhattisgarh,2019,Kharif     ,Rice,2008.7489000291139
Chhattisgarh,2019,Kharif     ,Sesamum,402.01979668271804
Chhattisgarh,2019,Whole Year ,Sugarcane,22378.589493229185
Chhattisgarh,2019,Kharif     ,Urad,327.26513794821386
Chhattisgarh,2019,Rabi       ,Urad,300.1113585746102
Chhattisgarh,2019,Rabi       ,Wheat,1168.6877547861086
Gujarat,2019,Kharif     ,Arhar/Tur,990.5546831658031
Gujarat,2019,Kharif     ,Bajra,1738.0223398796736
Gujarat,2019,Summer     ,Bajra,2872.5851438637696
Gujarat,2019,Rabi       ,Gram,1571.3647338820776
Gujarat,2019,Kharif     ,Groundnut,2764.19143484065
Gujarat,2019,Summer     ,Groundnut,2393.4503475085403
Gujarat,2019,Kharif     ,Jowar,1519.589356798659
Gujarat,2019,Rabi       ,Jowar,1165.0145485032303
Gujarat,2019,Kharif     ,Maize,1497.329477575931
Gujarat,2019,Rabi       ,Maize,2520.5830348642153
Gujarat,2019,Summer     ,Maize,2298.0420594633792
Gujarat,2019,Kharif     ,Moong(Green Gram),642.0797272488854
Gujarat,2019,Summer     ,Moong(Green Gram),1045.0545906850325
Gujarat,2019,Whole Year ,Potato,30233.60624572254
Gujarat,2019,Kharif     ,Ragi,862.4849215922799
Gujarat,2019,Rabi       ,Rapeseed &Mustard,1932.243450856805
Gujarat,2019,Kharif     ,Rice,2143.5241802309088
Gujarat,2019,Summer     ,Rice,2949.6630198535186
Gujarat,2019,Kharif     ,Sesamum,511.7408465050292
Gujarat,2019,Summer     ,Sesamum,920.2469401672589
Gujarat,2019,Whole Year ,Sugarcane,71889.78501304834
Gujarat,2019,Kharif     ,Urad,604.7369577536458
Gujarat,2019,Summer     ,Urad,1585.0921521997623
Gujarat,2019,Rabi       ,Wheat,3267.8317056420333
Haryana,2019,Kharif     ,Arhar/Tur,1111.6389548693587
Haryana,2019,Kharif     ,Bajra,2234.733211604788
Haryana,2019,Rabi       ,Gram,1070.9574710029565
Haryana,2019,Kharif     ,Groundnut,1133.5779816513761
Haryana,2019,Kharif     ,Jowar,527.072192513369
Haryana,2019,Kharif     ,Maize,2857.8512396694214
Haryana,2019,Kharif     ,Moong(Green Gram),666.3592151601542
Haryana,2019,Whole Year ,Potato,25717.277486910996
Haryana,2019,Rabi       ,Rapeseed &Mustard,1794.7831552482714
Haryana,2019,Kharif     ,Rice,3332.2214381935983
Haryana,2019,Kharif     ,Sesamum,798.5781990521327
Haryana,2019,Whole Year ,Sugarcane,80273.10488058152
Haryana,2019,Kharif     ,Urad,513.2075471698113
Haryana,2019,Rabi       ,Wheat,4687.386534059516
Himachal Pradesh,2019,Kharif     ,Arhar/Tur,649.3506493506494
Himachal Pradesh,2019,Kharif     ,Bajra,1018.6915887850467
Himachal Pradesh,2019,Rabi       ,Gram,1068.527918781726
Himachal Pradesh,2019,Kharif     ,Groundnut,1159.090909090909
Himachal Pradesh,2019,Kharif     ,Maize,2590.428048593813
Himachal Pradesh,2019,Kharif     ,Moong(Green Gram),769.2307692307693
Himachal Pradesh,2019,Kharif     ,Potato,8242.424242424242
Himachal Pradesh,2019,Rabi       ,Potato,11800.30743432085
Himachal Pradesh,2019,Kharif     ,Ragi,1172.4530449630051
Himachal Pradesh,2019,Rabi       ,Rapeseed &Mustard,570.7147007553748
Himachal Pradesh,2019,Kharif     ,Rice,1609.460203800606
Himachal Pradesh,2019,Kharif     ,Sesamum,503.957783641161
Himachal Pradesh,2019,Whole Year ,Sugarcane,22547.099189020588
Himachal Pradesh,2019,Kharif     ,Urad,734.6444349437081
Himachal Pradesh,2019,Rabi       ,Wheat,1942.0021435421093
Jharkhand,2019,Kharif     ,Arhar/Tur,1047.7361543032368
Jharkhand,2019,Kharif     ,Bajra,715.2777777777778
Jharkhand,2019,Rabi       ,Gram,1197.4721066791844
Jharkhand,2019,Kharif     ,Groundnut,1103.2658693652254
Jharkhand,2019,Kharif     ,Jowar,752.2271714922049
Jharkhand,2019,Kharif     ,Maize,1986.4767769049522
Jharkhand,2019,Rabi       ,Maize,2098.770277341706
Jharkhand,2019,Kharif     ,Moong(Green Gram),809.0338332752005
Jharkhand,2019,Kharif     ,Ragi,875.3428414701042
Jharkhand,2019,Rabi       ,Rapeseed &Mustard,793.8551492463052
Jharkhand,2019,Kharif     ,Rice,2660.764395761737
Jharkhand,2019,Kharif     ,Sesamum,380.5612594113621
Jharkhand,2019,Kharif     ,Urad,869.331983805668
Jharkhand,2019,Rabi       ,Wheat,2045.818977558432
Madhya Pradesh,2019,Kharif     ,Arhar/Tur,1102.9994340690437
Madhya Pradesh,2019,Kharif     ,Bajra,2312.999034317074
Madhya Pradesh,2019,Rabi       ,Gram,1590.5408156270707
Madhya Pradesh,2019,Kharif     ,Groundnut,1587.0004000018391
Madhya Pradesh,2019,Summer     ,Groundnut,1570.7997065297138
Madhya Pradesh,2019,Kharif     ,Jowar,1529.297798377752
Madhya Pradesh,2019,Kharif     ,Maize,2882.2705317514706
Madhya Pradesh,2019,Summer     ,Maize,5704.262919742796
Madhya Pradesh,2019,Kharif     ,Moong(Green Gram),311.92041447167924
Madhya Pradesh,2019,Summer     ,Moong(Green Gram),1375.6982372644868
Madhya Pradesh,2019,Whole Year ,Potato,22809.915939574144
Madhya Pradesh,2019,Rabi       ,Rapeseed &Mustard,1538.1236862648668
Madhya Pradesh,2019,Kharif     ,Rice,2363.0230819245776
Madhya Pradesh,2019,Summer     ,Rice,2762.0879601294046
Madhya Pradesh,2019,Kharif     ,Sesamum,400.1619021920287
Madhya Pradesh,2019,Whole Year ,Sugarcane,59468.002341976724
Madhya Pradesh,2019,Kharif     ,Urad,262.63087860959286
Madhya Pradesh,2019,Summer     ,Urad,1247.923677791843
Madhya Pradesh,2019,Rabi       ,Wheat,3671.233454610803
Maharashtra,2019,Kharif     ,Arhar/Tur,907.2846527410314
Maharashtra,2019,Kharif     ,Bajra,761.495162630447
Maharashtra,2019,Rabi       ,Gram,1096.3597440887077
Maharashtra,2019,Kharif     ,Groundnut,865.8130636538792
Maharashtra,2019,Summer     ,Groundnut,1687.2757026786483
Maharashtra,2019,Kharif     ,Jowar,700.4214106355529
Maharashtra,2019,Rabi       ,Jowar,803.2010641953864
Maharashtra,2019,Kharif     ,Maize,1362.7938438094054
Maharashtra,2019,Rabi       ,Maize,2669.262163032972
Maharashtra,2019,Summer     ,Maize,1982.5595676737903
Maharashtra,2019,Kharif     ,Moong(Green Gram),389.67082743001333
Maharashtra,2019,Kharif     ,Ragi,1061.3560352690788
Maharashtra,2019,Rabi       ,Rapeseed &Mustard,304.6496149091946
Maharashtra,2019,Kharif     ,Rice,1827.9025744658827
Maharashtra,2019,Summer     ,Rice,2611.928540910062
Maharashtra,2019,Kharif     ,Sesamum,180.28211134924987
Maharashtra,2019,Rabi       ,Sesamum,312.63269639065817
Maharashtra,2019,Summer     ,Sesamum,245.20308995763767
Maharashtra,2019,Whole Year ,Sugarcane,84280.55573456938
Maharashtra,2019,Kharif     ,Urad,444.0003641393244
Maharashtra,2019,Rabi       ,Wheat,1696.782769533523
Mizoram,2019,Kharif     ,Arhar/Tur,1120.6896551724137
Mizoram,2019,Rabi       ,Arhar/Tur,936.1702127659574
Mizoram,2019,Kharif     ,Maize,1860.580204778157
Mizoram,2019,Rabi       ,Maize,1551.7241379310344
Mizoram,2019,Kharif     ,Potato,3339.622641509434
Mizoram,2019,Rabi       ,Potato,3923.076923076923
Mizoram,2019,Kharif     ,Rapeseed &Mustard,739.1304347826087
Mizoram,2019,Rabi       ,Rapeseed &Mustard,745.9165154264973
Mizoram,2019,Autumn     ,Rice,1237.3851971907077
Mizoram,2019,Kharif     ,Rice,2239.8348940364713
Mizoram,2019,Rabi       ,Rice,2089.74358974359
Mizoram,2019,Kharif     ,Sesamum,699.7354497354497
Mizoram,2019,Whole Year ,Sugarcane,31908.719346049045
Nagaland,2019,Kharif     ,Arhar/Tur,909.6573208722741
Nagaland,2019,Kharif     ,Bajra,1014.0845070422536
Nagaland,2019,Rabi       ,Gram,842.1052631578947
Nagaland,2019,Kharif     ,Groundnut,1047.6190476190477
Nagaland,2019,Kharif     ,Jowar,964.2857142857143
Nagaland,2019,Kharif     ,Maize,1983.997489802322
Nagaland,2019,Rabi       ,Maize,1985.1576994434138
Nagaland,2019,Kharif     ,Moong(Green Gram),1041.6666666666667
Nagaland,2019,Rabi       ,Potato,10007.957559681698
Nagaland,2019,Kharif     ,Ragi,971.4285714285714
Nagaland,2019,Rabi       ,Rapeseed &Mustard,1012.0043652237177
Nagaland,2019,Kharif     ,Rice,2503.407800075729
Nagaland,2019,Rabi       ,Rice,2830.6878306878307
Nagaland,2019,Kharif     ,Sesamum,612.2994652406417
Nagaland,2019,Kharif     ,Sugarcane,43510.11235955056
Nagaland,2019,Rabi       ,Urad,819.277108433735
Nagaland,2019,Rabi       ,Wheat,1830.9037900874634
Odisha,2019,Kharif     ,Arhar/Tur,1123.9990670916582
Odisha,2019,Kharif     ,Bajra,620.3208556149733
Odisha,2019,Rabi       ,Gram,778.9360172537743
Odisha,2019,Autumn     ,Groundnut,1188.657766739108
Odisha,2019,Summer     ,Groundnut,2234.7972972972975
Odisha,2019,Winter     ,Groundnut,1590.717299578059
Odisha,2019,Kharif     ,Jowar,633.3907056798623
Odisha,2019,Autumn     ,Maize,2877.9836503333827
Odisha,2019,Summer     ,Maize,3333.248601931876
Odisha,2019,Winter     ,Maize,2378.9473684210525
Odisha,2019,Autumn     ,Moong(Green Gram),295.0450450450451
Odisha,2019,Summer     ,Moong(Green Gram),339.9071788755181
Odisha,2019,Winter     ,Moong(Green Gram),332.7400359305343
Odisha,2019,Winter     ,Potato,10680.236524903343
Odisha,2019,Autumn     ,Ragi,746.1410095953275
Odisha,2019,Summer     ,Ragi,755.9055118110236
Odisha,2019,Winter     ,Ragi,724.4878274624792
Odisha,2019,Winter     ,Rapeseed &Mustard,293.2968929804373
Odisha,2019,Autumn     ,Rice,1805.951933909125
Odisha,2019,Summer     ,Rice,3188.236902361505
Odisha,2019,Winter     ,Rice,2499.2582293095634
Odisha,2019,Autumn     ,Sesamum,306.9767441860465
Odisha,2019,Summer     ,Sesamum,218.97810218978103
Odisha,2019,Winter     ,Sesamum,308.13154277254944
Odisha,2019,Winter     ,Sugarcane,56422.66428252123
Odisha,2019,Autumn     ,Urad,293.6086529006883
Odisha,2019,Summer     ,Urad,376.906829382774
Odisha,2019,Winter     ,Urad,385.6423949881894
Odisha,2019,Summer     ,Wheat,1389.8305084745762
Punjab,2019,Kharif     ,Arhar/Tur,1100.0
Punjab,2019,Kharif     ,Bajra,600.0
Punjab,2019,Rabi       ,Gram,1200.0
Punjab,2019,Kharif     ,Groundnut,2000.0
Punjab,2019,Kharif     ,Maize,3582.0244328097733
Punjab,2019,Kharif     ,Moong(Green Gram),884.6153846153846
Punjab,2019,Rabi       ,Moong(Green Gram),915.4929577464789
Punjab,2019,Rabi       ,Rapeseed &Mustard,1500.0
Punjab,2019,Kharif     ,Rice,4034.0547422024188
Punjab,2019,Kharif     ,Sesamum,384.61538461538464
Punjab,2019,Whole Year ,Sugarcane,80241.75824175825
Punjab,2019,Kharif     ,Urad,600.0
Punjab,2019,Rabi       ,Wheat,5003.976143141153
Telangana,2019,Kharif     ,Arhar/Tur,902.6093273183366
Telangana,2019,Rabi       ,Arhar/Tur,690.6906906906906
Telangana,2019,Kharif     ,Bajra,1214.7165259348612
Telangana,2019,Rabi       ,Bajra,1152.6060606060605
Telangana,2019,Rabi       ,Gram,1531.7825638499314
Telangana,2019,Kharif     ,Groundnut,2742.6191053951306
Telangana,2019,Rabi       ,Groundnut,2348.0968998539197
Telangana,2019,Kharif     ,Jowar,1183.5698909676403
Telangana,2019,Rabi       ,Jowar,2126.9861691862334
Telangana,2019,Kharif     ,Maize,4845.466505584962
Telangana,2019,Rabi       ,Maize,6931.398751192781
Telangana,2019,Kharif     ,Moong(Green Gram),787.7412031782065
Telangana,2019,Rabi       ,Moong(Green Gram),948.170731707317
Telangana,2019,Rabi       ,Potato,12530.181086519115
Telangana,2019,Kharif     ,Ragi,1582.6612903225807
Telangana,2019,Rabi       ,Ragi,1591.6030534351146
Telangana,2019,Kharif     ,Rice,3669.402158353212
Telangana,2019,Rabi       ,Rice,3722.5338819554063
Telangana,2019,Kharif     ,Sesamum,145.45454545454547
Telangana,2019,Rabi       ,Sesamum,636.4280293448014
Telangana,2019,Kharif     ,Sugarcane,77417.99731954816
Telangana,2019,Kharif     ,Urad,937.6485770563064
Telangana,2019,Rabi       ,Urad,1800.0293427230047
Telangana,2019,Rabi       ,Wheat,1842.3171549988817
Tripura,2019,Kharif     ,Arhar/Tur,801.5314569536424
Tripura,2019,Rabi       ,Gram,621.9931271477664
Tripura,2019,Kharif     ,Groundnut,1338.0281690140846
Tripura,2019,Rabi       ,Groundnut,1507.7586206896551
Tripura,2019,Kharif     ,Jowar,827.5229357798165
Tripura,2019,Rabi       ,Jowar,802.9850746268656
Tripura,2019,Kharif     ,Maize,1422.266720064077
Tripura,2019,Rabi       ,Maize,2426.5116279069766
Tripura,2019,Kharif     ,Moong(Green Gram),646.3306808134395
Tripura,2019,Rabi       ,Moong(Green Gram),689.2655367231638
Tripura,2019,Rabi       ,Rapeseed &Mustard,844.5851804939836
Tripura,2019,Autumn     ,Rice,2756.155980721484
Tripura,2019,Kharif     ,Rice,1062.1880745994222
Tripura,2019,Summer     ,Rice,3231.98775805149
Tripura,2019,Winter     ,Rice,3201.79232153162
Tripura,2019,Kharif     ,Sesamum,636.8174255029496
Tripura,2019,Whole Year ,Sugarcane,52943.23144104803
Tripura,2019,Kharif     ,Urad,629.0650406504066
Tripura,2019,Rabi       ,Urad,734.6212506354855
Tripura,2019,Rabi       ,Wheat,2236.4864864864867
Uttar Pradesh,2019,Kharif     ,Arhar/Tur,979.6947368421053
Uttar Pradesh,2019,Kharif     ,Bajra,2114.6550502131745
Uttar Pradesh,2019,Rabi       ,Gram,1371.2047501836412
Uttar Pradesh,2019,Kharif     ,Groundnut,941.9006203235915
Uttar Pradesh,2019,Kharif     ,Jowar,1348.6584110397687
Uttar Pradesh,2019,Kharif     ,Maize,2467.1198201014936
Uttar Pradesh,2019,Rabi       ,Maize,2829.1088580576306
Uttar Pradesh,2019,Summer     ,Maize,2467.0094434315915
Uttar Pradesh,2019,Kharif     ,Moong(Green Gram),287.01659717112256
Uttar Pradesh,2019,Summer     ,Moong(Green Gram),884.6119174254034
Uttar Pradesh,2019,Rabi       ,Potato,26919.7149798509
Uttar Pradesh,2019,Rabi       ,Rapeseed &Mustard,1260.379661653547
Uttar Pradesh,2019,Kharif     ,Rice,2873.179977249186
Uttar Pradesh,2019,Summer     ,Rice,3113.5663899606375
Uttar Pradesh,2019,Kharif     ,Sesamum,184.13695635682154
Uttar Pradesh,2019,Kharif     ,Sugarcane,81313.20168433675
Uttar Pradesh,2019,Kharif     ,Urad,409.51008312362956
Uttar Pradesh,2019,Summer     ,Urad,716.138676984633
Uttar Pradesh,2019,Rabi       ,Wheat,3675.1738441314005
Uttarakhand,2019,Kharif     ,Arhar/Tur,859.5223130106851
Uttarakhand,2019,Rabi       ,Gram,757.617728531856
Uttarakhand,2019,Kharif     ,Groundnut,1055.3064275037368
Uttarakhand,2019,Kharif     ,Maize,1926.2492332373897
Uttarakhand,2019,Summer     ,Maize,1356.353591160221
Uttarakhand,2019,Kharif     ,Moong(Green Gram),1000.0
Uttarakhand,2019,Summer     ,Moong(Green Gram),600.0
Uttarakhand,2019,Kharif     ,Potato,10606.792545365375
Uttarakhand,2019,Rabi       ,Potato,11859.460302604897
Uttarakhand,2019,Kharif     ,Ragi,1419.3964011180992
Uttarakhand,2019,Rabi       ,Rapeseed &Mustard,986.7869293456761
Uttarakhand,2019,Kharif     ,Rice,2560.257226166856
Uttarakhand,2019,Summer     ,Rice,3564.4789867587797
Uttarakhand,2019,Kharif     ,Sesamum,302.14424951267057
Uttarakhand,2019,Whole Year ,Sugarcane,75404.30928016937
Uttarakhand,2019,Kharif     ,Urad,928.6419190768997
Uttarakhand,2019,Summer     ,Urad,1043.4782608695652
Uttarakhand,2019,Rabi       ,Wheat,2926.1119152738534
West Bengal,2019,Rabi       ,Arhar/Tur,2635.294117647059
West Bengal,2019,Kharif     ,Bajra,397.05882352941177
West Bengal,2019,Rabi       ,Gram,1313.4365565188489
West Bengal,2019,Autumn     ,Groundnut,1120.4379562043796
West Bengal,2019,Rabi       ,Groundnut,1947.3010454448474
West Bengal,2019,Summer     ,Groundnut,2287.6448186653383
West Bengal,2019,Autumn     ,Jowar,527.7777777777778
West Bengal,2019,Autumn     ,Maize,3404.0698836604965
West Bengal,2019,Rabi       ,Maize,7486.688779168391
West Bengal,2019,Summer     ,Maize,7051.537166840659
West Bengal,2019,Kharif     ,Moong(Green Gram),843.0413517118719
West Bengal,2019,Rabi       ,Moong(Green Gram),787.8947368421053
West Bengal,2019,Summer     ,Moong(Green Gram),408.1414719576268
West Bengal,2019,Rabi       ,Potato,28956.910386998297
West Bengal,2019,Summer     ,Potato,11914.723926380368
West Bengal,2019,Autumn     ,Ragi,1464.047702560505
West Bengal,2019,Rabi       ,Rapeseed &Mustard,1167.0522049403507
West Bengal,2019,Autumn     ,Rice,2392.0214200050204
West Bengal,2019,Summer     ,Rice,3630.237967182797
West Bengal,2019,Winter     ,Rice,2833.262197505193
West Bengal,2019,Autumn     ,Sesamum,843.3179723502304
West Bengal,2019,Summer     ,Sesamum,510.59568542926354
West Bengal,2019,Winter     ,Sesamum,772.2602739726027
West Bengal,2019,Whole Year ,Sugarcane,79656.72420086562
West Bengal,2019,Kharif     ,Urad,671.3341112407624
West Bengal,2019,Rabi       ,Urad,947.8371501272264
West Bengal,2019,Rabi       ,Wheat,2708.1695944941266
Uttarakhand,2020,Kharif     ,Arhar/Tur,1199.8797715659753
Uttarakhand,2020,Rabi       ,Gram,766.4835164835165
Uttarakhand,2020,Kharif     ,Groundnut,1512.1555915721233
Uttarakhand,2020,Kharif     ,Maize,2087.0183276641114
Uttarakhand,2020,Summer     ,Maize,2171.717171717172
Uttarakhand,2020,Kharif     ,Moong(Green Gram),666.6666666666666
Uttarakhand,2020,Summer     ,Moong(Green Gram),625.0
Uttarakhand,2020,Kharif     ,Potato,8621.594684385382
Uttarakhand,2020,Rabi       ,Potato,11559.977888336098
Uttarakhand,2020,Kharif     ,Ragi,1473.7495171315861
Uttarakhand,2020,Rabi       ,Rapeseed &Mustard,901.3688212927757
Uttarakhand,2020,Kharif     ,Rice,2766.7316976390453
Uttarakhand,2020,Summer     ,Rice,3594.972249428665
Uttarakhand,2020,Kharif     ,Sesamum,266.2369856222112
Uttarakhand,2020,Whole Year ,Sugarcane,88378.1934711257
Uttarakhand,2020,Kharif     ,Urad,1071.301822874657
Uttarakhand,2020,Summer     ,Urad,1189.655172413793
Uttarakhand,2020,Rabi       ,Wheat,3152.885873972455
Haryana,1997,Kharif     ,Bajra,1154.109589041096
Haryana,1997,Kharif     ,Gram,762.7118644067797
Haryana,1997,Rabi       ,Gram,894.9152542372881
Haryana,1997,Kharif     ,Jowar,246.15384615384616
Haryana,1997,Kharif     ,Maize,1923.076923076923
Haryana,1997,Kharif     ,Rice,2799.561883899233
Haryana,1997,Whole Year ,Sugarcane,53191.48936170213
Haryana,1997,Rabi       ,Wheat,3659.6985901798735
Nagaland,1997,Kharif     ,Bajra,707.070707070707
Nagaland,1997,Kharif     ,Jowar,700.0
Nagaland,1997,Kharif     ,Maize,1000.0
Nagaland,1997,Kharif     ,Rice,1296.551724137931
Nagaland,1997,Rabi       ,Rice,1250.0
Delhi,1998,Kharif     ,Bajra,805.7803468208092
Delhi,1998,Rabi       ,Gram,236.8421052631579
Delhi,1998,Kharif     ,Jowar,448.29871851524524
Delhi,1998,Kharif     ,Maize,800.0
Delhi,1998,Whole Year ,Potato,7380.281690140845
Delhi,1998,Kharif     ,Rice,1478.70738052855
Delhi,1998,Whole Year ,Sugarcane,60000.0
Delhi,1998,Rabi       ,Wheat,3470.9862422270194
Andhra Pradesh,1999,Kharif     ,Bajra,849.7804136481363
Andhra Pradesh,1999,Rabi       ,Bajra,685.9248929176213
Andhra Pradesh,1999,Rabi       ,Gram,583.4954375586797
Andhra Pradesh,1999,Kharif     ,Groundnut,447.70767938749566
Andhra Pradesh,1999,Rabi       ,Groundnut,1487.8123406425293
Andhra Pradesh,1999,Kharif     ,Jowar,749.690515948694
Andhra Pradesh,1999,Rabi       ,Jowar,710.3468940651741
Andhra Pradesh,1999,Kharif     ,Maize,3030.513511261699
Andhra Pradesh,1999,Rabi       ,Maize,4149.502925884835
Andhra Pradesh,1999,Kharif     ,Moong(Green Gram),544.9889905624482
Andhra Pradesh,1999,Rabi       ,Moong(Green Gram),260.96121111151353
Andhra Pradesh,1999,Kharif     ,Ragi,1041.95430238211
Andhra Pradesh,1999,Rabi       ,Ragi,1717.3161967938088
Andhra Pradesh,1999,Rabi       ,Rapeseed &Mustard,219.57851801495582
Andhra Pradesh,1999,Kharif     ,Rice,2476.8989965578417
Andhra Pradesh,1999,Rabi       ,Rice,3073.257288575954
Andhra Pradesh,1999,Kharif     ,Sesamum,227.6397037442485
Andhra Pradesh,1999,Rabi       ,Sesamum,201.65277060429426
Andhra Pradesh,1999,Whole Year ,Sugarcane,79631.4109183533
Andhra Pradesh,1999,Kharif     ,Urad,598.3577961075531
Andhra Pradesh,1999,Rabi       ,Urad,648.9557085915926
Andhra Pradesh,1999,Rabi       ,Wheat,670.0702922678505
Delhi,1999,Kharif     ,Bajra,1378.8157410812798
Delhi,1999,Rabi       ,Gram,209.67741935483872
Delhi,1999,Kharif     ,Jowar,432.2959483264827
Delhi,1999,Kharif     ,Maize,724.1379310344828
Delhi,1999,Whole Year ,Potato,7356.6878980891715
Delhi,1999,Kharif     ,Rice,1885.1326341764343
Delhi,1999,Whole Year ,Sugarcane,50000.0
Delhi,1999,Rabi       ,Wheat,3642.9786599015074
Jammu and Kashmir,1999,Kharif     ,Bajra,478.92490828778915
Jammu and Kashmir,1999,Rabi       ,Gram,270.8803611738149
Jammu and Kashmir,1999,Kharif     ,Groundnut,500.0
Jammu and Kashmir,1999,Kharif     ,Jowar,166.66666666666666
Jammu and Kashmir,1999,Kharif     ,Maize,1484.9491371594963
Jammu and Kashmir,1999,Rabi       ,Rapeseed &Mustard,733.225698535294
Jammu and Kashmir,1999,Kharif     ,Rice,1562.2104738154615
Jammu and Kashmir,1999,Kharif     ,Sesamum,427.08008725459644
Jammu and Kashmir,1999,Whole Year ,Sugarcane,1000.0
Delhi,2000,Kharif     ,Bajra,1485.732606604681
Delhi,2000,Rabi       ,Gram,160.0
Delhi,2000,Kharif     ,Jowar,948.0579710144928
Delhi,2000,Kharif     ,Maize,1636.3636363636363
Delhi,2000,Whole Year ,Potato,18476.07559308404
Delhi,2000,Kharif     ,Rice,1886.6677680489013
Delhi,2000,Whole Year ,Sugarcane,40000.0
Delhi,2000,Rabi       ,Wheat,3517.998275614312
Jammu and Kashmir,2000,Kharif     ,Bajra,463.8680659670165
Jammu and Kashmir,2000,Rabi       ,Gram,268.84422110552765
Jammu and Kashmir,2000,Kharif     ,Groundnut,500.0
Jammu and Kashmir,2000,Kharif     ,Maize,1592.3296831088285
Jammu and Kashmir,2000,Rabi       ,Rapeseed &Mustard,377.6064111287518
Jammu and Kashmir,2000,Kharif     ,Rice,1701.8655936668974
Jammu and Kashmir,2000,Kharif     ,Sesamum,420.7252313761189
Jammu and Kashmir,2000,Whole Year ,Sugarcane,3309.5238095238096
Jammu and Kashmir,2000,Rabi       ,Wheat,524.0322959377202
Delhi,2001,Kharif     ,Bajra,1952.887537993921
Delhi,2001,Rabi       ,Gram,156.86274509803923
Delhi,2001,Kharif     ,Jowar,943.5493218963719
Delhi,2001,Kharif     ,Maize,1792.4528301886792
Delhi,2001,Whole Year ,Potato,7317.460317460317
Delhi,2001,Kharif     ,Rice,1883.3723653395784
Delhi,2001,Whole Year ,Sugarcane,66666.66666666667
Delhi,2001,Rabi       ,Wheat,3509.994638891016
Jammu and Kashmir,2001,Kharif     ,Bajra,593.6187458551323
Jammu and Kashmir,2001,Rabi       ,Gram,573.0337078651686
Jammu and Kashmir,2001,Kharif     ,Groundnut,500.0
Jammu and Kashmir,2001,Kharif     ,Jowar,571.4285714285714
Jammu and Kashmir,2001,Kharif     ,Maize,1648.1150222374692
Jammu and Kashmir,2001,Kharif     ,Moong(Green Gram),444.72152950955945
Jammu and Kashmir,2001,Whole Year ,Potato,10689.91825613079
Jammu and Kashmir,2001,Rabi       ,Rapeseed &Mustard,548.5635158195093
Jammu and Kashmir,2001,Kharif     ,Rice,1690.3414321738783
Jammu and Kashmir,2001,Kharif     ,Sesamum,471.1153784605537
Jammu and Kashmir,2001,Whole Year ,Sugarcane,3303.030303030303
Jammu and Kashmir,2001,Kharif     ,Urad,414.96598639455783
Jammu and Kashmir,2001,Rabi       ,Wheat,1328.2638133331245
Delhi,2002,Kharif     ,Bajra,1806.701030927835
Delhi,2002,Rabi       ,Gram,219.17808219178082
Delhi,2002,Kharif     ,Jowar,432.97746144721236
Delhi,2002,Kharif     ,Maize,2425.531914893617
Delhi,2002,Whole Year ,Potato,7311.475409836065
Delhi,2002,Kharif     ,Rice,2117.290026246719
Delhi,2002,Whole Year ,Sugarcane,68000.0
Delhi,2002,Rabi       ,Wheat,4013.997985901309
Jammu and Kashmir,2002,Kharif     ,Bajra,595.5223880597015
Jammu and Kashmir,2002,Rabi       ,Gram,587.719298245614
Jammu and Kashmir,2002,Kharif     ,Groundnut,530.6122448979592
Jammu and Kashmir,2002,Kharif     ,Jowar,248.06201550387595
Jammu and Kashmir,2002,Kharif     ,Maize,1411.652224060219
Jammu and Kashmir,2002,Kharif     ,Moong(Green Gram),466.41509433962267
Jammu and Kashmir,2002,Whole Year ,Potato,10369.027058146228
Jammu and Kashmir,2002,Rabi       ,Rapeseed &Mustard,397.8345925526174
Jammu and Kashmir,2002,Kharif     ,Rice,1784.3301622784177
Jammu and Kashmir,2002,Kharif     ,Sesamum,423.78428927680795
Jammu and Kashmir,2002,Whole Year ,Sugarcane,4059.82905982906
Jammu and Kashmir,2002,Kharif     ,Urad,418.8448566610455
Jammu and Kashmir,2002,Rabi       ,Wheat,1646.0719946591742
Puducherry,2002,Kharif     ,Bajra,1917.8743961352657
Puducherry,2002,Rabi       ,Moong(Green Gram),197.6401179941003
Puducherry,2002,Kharif     ,Ragi,2201.754385964912
Puducherry,2002,Kharif     ,Rice,2382.321265843758
Puducherry,2002,Whole Year ,Sugarcane,89912.44635193133
Puducherry,2002,Rabi       ,Urad,406.4039408866995
Uttar Pradesh,2002,Kharif     ,Bajra,1290.1687224680202
Uttar Pradesh,2002,Rabi       ,Gram,895.5760571217485
Uttar Pradesh,2002,Kharif     ,Groundnut,655.3142017989353
Uttar Pradesh,2002,Kharif     ,Jowar,910.3246377892558
Uttar Pradesh,2002,Kharif     ,Maize,1107.439110775688
Uttar Pradesh,2002,Rabi       ,Maize,1106.9081422766267
Uttar Pradesh,2002,Kharif     ,Moong(Green Gram),281.7442385901491
Uttar Pradesh,2002,Summer     ,Moong(Green Gram),583.9741763979873
Uttar Pradesh,2002,Whole Year ,Potato,23175.21208967717
Uttar Pradesh,2002,Rabi       ,Ragi,1464.406779661017
Uttar Pradesh,2002,Rabi       ,Rapeseed &Mustard,896.2394608838457
Uttar Pradesh,2002,Kharif     ,Rice,1840.4075377552942
Uttar Pradesh,2002,Summer     ,Rice,2192.6840633737183
Uttar Pradesh,2002,Kharif     ,Sesamum,161.24970390594805
Uttar Pradesh,2002,Whole Year ,Sugarcane,56281.577640751595
Uttar Pradesh,2002,Kharif     ,Urad,398.42373713337435
Uttar Pradesh,2002,Summer     ,Urad,534.5247039461915
Uttar Pradesh,2002,Rabi       ,Wheat,2591.4888643135373
Himachal Pradesh,2003,Kharif     ,Bajra,554.4871794871794
Himachal Pradesh,2003,Kharif     ,Maize,2444.3941876321337
Himachal Pradesh,2003,Whole Year ,Potato,11516.959297685555
Himachal Pradesh,2003,Kharif     ,Rice,1483.0515768119506
Himachal Pradesh,2003,Rabi       ,Wheat,1360.114298539245
Jammu and Kashmir,2003,Kharif     ,Bajra,597.6281744130331
Jammu and Kashmir,2003,Rabi       ,Gram,604.8951048951049
Jammu and Kashmir,2003,Kharif     ,Maize,1658.2759683550807
Jammu and Kashmir,2003,Kharif     ,Moong(Green Gram),488.3977900552486
Jammu and Kashmir,2003,Whole Year ,Potato,11081.7843866171
Jammu and Kashmir,2003,Rabi       ,Rapeseed &Mustard,695.165177938466
Jammu and Kashmir,2003,Kharif     ,Rice,1942.9093778265303
Jammu and Kashmir,2003,Kharif     ,Sesamum,469.8816155988858
Jammu and Kashmir,2003,Whole Year ,Sugarcane,3681.818181818182
Jammu and Kashmir,2003,Kharif     ,Urad,416.8663152850982
Jammu and Kashmir,2003,Rabi       ,Wheat,1820.1069193949224
Himachal Pradesh,2004,Kharif     ,Bajra,533.8078291814946
Himachal Pradesh,2004,Kharif     ,Maize,2136.024734211295
Himachal Pradesh,2004,Whole Year ,Potato,9986.088600756348
Himachal Pradesh,2004,Kharif     ,Rice,1372.3638375734101
Himachal Pradesh,2004,Rabi       ,Wheat,1869.2443646844495
Jammu and Kashmir,2004,Kharif     ,Bajra,595.8242443128701
Jammu and Kashmir,2004,Rabi       ,Gram,600.0
Jammu and Kashmir,2004,Kharif     ,Jowar,599.9665383971892
Jammu and Kashmir,2004,Kharif     ,Maize,1525.4773023777575
Jammu and Kashmir,2004,Kharif     ,Moong(Green Gram),486.1111111111111
Jammu and Kashmir,2004,Kharif     ,Rice,1970.5811777127226
Jammu and Kashmir,2004,Kharif     ,Urad,412.49825832520554
Jammu and Kashmir,2004,Rabi       ,Wheat,1908.2469541013543
Odisha,2004,Kharif     ,Bajra,509.9841521394612
Odisha,2004,Rabi       ,Gram,626.8586338059162
Odisha,2004,Autumn     ,Groundnut,823.6702302092215
Odisha,2004,Summer     ,Groundnut,1371.004460567473
Odisha,2004,Winter     ,Groundnut,1105.1145277690619
Odisha,2004,Kharif     ,Jowar,541.2570747691391
Odisha,2004,Autumn     ,Maize,1617.8354801335786
Odisha,2004,Summer     ,Maize,2040.5601158860454
Odisha,2004,Winter     ,Maize,1972.6984126984128
Odisha,2004,Autumn     ,Moong(Green Gram),233.22666666666666
Odisha,2004,Summer     ,Moong(Green Gram),316.5043314331882
Odisha,2004,Winter     ,Moong(Green Gram),200.2157941953786
Odisha,2004,Winter     ,Potato,9495.65012932048
Odisha,2004,Autumn     ,Ragi,654.5258888291047
Odisha,2004,Summer     ,Ragi,816.0919540229885
Odisha,2004,Winter     ,Ragi,630.1891583090008
Odisha,2004,Winter     ,Rapeseed &Mustard,190.9474878648427
Odisha,2004,Autumn     ,Rice,821.6019417475728
Odisha,2004,Summer     ,Rice,2225.255972696246
Odisha,2004,Winter     ,Rice,1542.8148148148148
Odisha,2004,Autumn     ,Sesamum,244.43889027743063
Odisha,2004,Summer     ,Sesamum,264.00289715113473
Odisha,2004,Winter     ,Sesamum,211.89744152849457
Odisha,2004,Winter     ,Sugarcane,63929.656219798424
Odisha,2004,Autumn     ,Urad,215.5242083608846
Odisha,2004,Summer     ,Urad,409.55483170466886
Odisha,2004,Winter     ,Urad,270.18087967380933
Odisha,2004,Summer     ,Wheat,1310.5574740996547
Uttar Pradesh,2004,Kharif     ,Bajra,1520.336430255499
Uttar Pradesh,2004,Rabi       ,Gram,915.8916401029168
Uttar Pradesh,2004,Kharif     ,Groundnut,822.9763478771853
Uttar Pradesh,2004,Kharif     ,Jowar,1023.2357614751978
Uttar Pradesh,2004,Kharif     ,Maize,1538.319526795929
Uttar Pradesh,2004,Rabi       ,Maize,4634.985563041386
Uttar Pradesh,2004,Rabi       ,Potato,22383.067323933952
Uttar Pradesh,2004,Rabi       ,Rapeseed &Mustard,992.4851286693392
Uttar Pradesh,2004,Kharif     ,Rice,1811.468715060735
Uttar Pradesh,2004,Kharif     ,Sesamum,159.56980681139214
Uttar Pradesh,2004,Kharif     ,Sugarcane,60807.27356266731
Uttar Pradesh,2004,Rabi       ,Wheat,2499.6307637291134
Jammu and Kashmir,2005,Kharif     ,Bajra,597.939729397294
Jammu and Kashmir,2005,Rabi       ,Gram,523.3463035019455
Jammu and Kashmir,2005,Kharif     ,Groundnut,500.0
Jammu and Kashmir,2005,Kharif     ,Jowar,310.07751937984494
Jammu and Kashmir,2005,Kharif     ,Maize,1412.951352968304
Jammu and Kashmir,2005,Kharif     ,Moong(Green Gram),476.99214365881033
Jammu and Kashmir,2005,Kharif     ,Potato,7330.788804071247
Jammu and Kashmir,2005,Kharif     ,Rapeseed &Mustard,399.93794601303136
Jammu and Kashmir,2005,Kharif     ,Rice,2149.5903696325295
Jammu and Kashmir,2005,Kharif     ,Sesamum,449.4853221502097
Jammu and Kashmir,2005,Kharif     ,Sugarcane,3942.4083769633507
Jammu and Kashmir,2005,Kharif     ,Urad,420.3357004519045
Jammu and Kashmir,2005,Kharif     ,Wheat,137.61467889908258
Jammu and Kashmir,2005,Rabi       ,Wheat,137.61467889908258
Uttar Pradesh,2005,Kharif     ,Bajra,1433.6468466147007
Uttar Pradesh,2005,Rabi       ,Gram,894.038829826829
Uttar Pradesh,2005,Kharif     ,Jowar,1064.5955023043098
Uttar Pradesh,2005,Kharif     ,Maize,1284.2148521669592
Uttar Pradesh,2005,Rabi       ,Potato,22432.273802384112
Uttar Pradesh,2005,Rabi       ,Rapeseed &Mustard,1148.8875451295642
Uttar Pradesh,2005,Kharif     ,Rice,1995.700817227028
Uttar Pradesh,2005,Kharif     ,Sesamum,177.79408168256296
Uttar Pradesh,2005,Kharif     ,Sugarcane,58201.31496977212
Uttar Pradesh,2005,Rabi       ,Wheat,2572.4473150167028
Jammu and Kashmir,2006,Kharif     ,Bajra,591.0950661853188
Jammu and Kashmir,2006,Kharif     ,Groundnut,512.8205128205128
Jammu and Kashmir,2006,Kharif     ,Maize,1504.6446516974765
Jammu and Kashmir,2006,Kharif     ,Moong(Green Gram),487.4919820397691
Jammu and Kashmir,2006,Kharif     ,Potato,6706.411698537683
Jammu and Kashmir,2006,Rabi       ,Potato,14511.085180863478
Jammu and Kashmir,2006,Rabi       ,Rapeseed &Mustard,663.1731919986322
Jammu and Kashmir,2006,Kharif     ,Rice,2194.942102678642
Jammu and Kashmir,2006,Kharif     ,Sesamum,424.6119733924612
Jammu and Kashmir,2006,Kharif     ,Sugarcane,4886.792452830188
Jammu and Kashmir,2006,Kharif     ,Urad,411.17374963862386
Jammu and Kashmir,2006,Rabi       ,Wheat,1889.6415682916386
Delhi,2007,Kharif     ,Bajra,1899.7477931904161
Delhi,2007,Rabi       ,Gram,1446.8085106382978
Delhi,2007,Kharif     ,Jowar,934.9326694579609
Delhi,2007,Kharif     ,Maize,1826.0869565217392
Delhi,2007,Whole Year ,Potato,15857.142857142857
Delhi,2007,Kharif     ,Rice,2823.2915487262435
Delhi,2007,Whole Year ,Sugarcane,92000.0
Delhi,2007,Rabi       ,Wheat,4360.0274568127215
Jammu and Kashmir,2007,Kharif     ,Bajra,593.7202664129401
Jammu and Kashmir,2007,Kharif     ,Groundnut,666.6666666666666
Jammu and Kashmir,2007,Kharif     ,Maize,1568.8481389758663
Jammu and Kashmir,2007,Kharif     ,Moong(Green Gram),487.26851851851853
Jammu and Kashmir,2007,Kharif     ,Potato,5599.275362318841
Jammu and Kashmir,2007,Rabi       ,Potato,14509.918319719953
Jammu and Kashmir,2007,Rabi       ,Rapeseed &Mustard,663.2073858779279
Jammu and Kashmir,2007,Kharif     ,Rice,2132.4350607416636
Jammu and Kashmir,2007,Kharif     ,Sesamum,427.3269882239071
Jammu and Kashmir,2007,Kharif     ,Sugarcane,3202.8985507246375
Jammu and Kashmir,2007,Kharif     ,Urad,419.328106075094
Jammu and Kashmir,2007,Kharif     ,Wheat,100.0
Jammu and Kashmir,2007,Rabi       ,Wheat,1889.6415682916386
Delhi,2008,Kharif     ,Bajra,1899.9354422207875
Delhi,2008,Rabi       ,Gram,1458.3333333333333
Delhi,2008,Kharif     ,Jowar,965.0400582665695
Delhi,2008,Kharif     ,Maize,1833.3333333333333
Delhi,2008,Whole Year ,Potato,16772.151898734177
Delhi,2008,Kharif     ,Rice,2823.2703509021167
Delhi,2008,Whole Year ,Sugarcane,75333.33333333333
Delhi,2008,Rabi       ,Wheat,4360.010851871948
Delhi,2009,Kharif     ,Bajra,1878.310214375788
Delhi,2009,Rabi       ,Gram,881.578947368421
Delhi,2009,Kharif     ,Jowar,965.8536585365854
Delhi,2009,Kharif     ,Maize,21958.333333333332
Delhi,2009,Kharif     ,Rice,2786.688168890192
Delhi,2009,Whole Year ,Sugarcane,75333.33333333333
Delhi,2009,Rabi       ,Wheat,4339.9502557604765
Jammu and Kashmir,2009,Kharif     ,Bajra,596.9428801287208
Jammu and Kashmir,2009,Kharif     ,Groundnut,666.6666666666666
Jammu and Kashmir,2009,Kharif     ,Maize,1565.7670518484224
Jammu and Kashmir,2009,Kharif     ,Moong(Green Gram),460.6741573033708
Jammu and Kashmir,2009,Kharif     ,Potato,6998.178506375228
Jammu and Kashmir,2009,Rabi       ,Potato,13229.72972972973
Jammu and Kashmir,2009,Rabi       ,Rapeseed &Mustard,787.6273605257044
Jammu and Kashmir,2009,Kharif     ,Rice,1927.262093484986
Jammu and Kashmir,2009,Kharif     ,Sesamum,439.2301038062284
Jammu and Kashmir,2009,Kharif     ,Sugarcane,2000.0
Jammu and Kashmir,2009,Kharif     ,Urad,360.4496094494189
Jammu and Kashmir,2009,Rabi       ,Wheat,1005.2662272874187
Delhi,2010,Kharif     ,Bajra,1878.5107772697584
Delhi,2010,Rabi       ,Gram,9375.0
Delhi,2010,Kharif     ,Jowar,965.8784794971565
Delhi,2010,Kharif     ,Maize,21950.0
Delhi,2010,Kharif     ,Rice,2786.6530373831774
Delhi,2010,Whole Year ,Sugarcane,75333.33333333333
Delhi,2010,Rabi       ,Wheat,4339.955301713434
Delhi,2011,Kharif     ,Bajra,1868.6587908269632
Delhi,2011,Rabi       ,Gram,5538.461538461538
Delhi,2011,Kharif     ,Jowar,965.6050955414013
Delhi,2011,Kharif     ,Maize,22184.21052631579
Delhi,2011,Kharif     ,Rice,2786.699779249448
Delhi,2011,Whole Year ,Sugarcane,75333.33333333333
Delhi,2011,Rabi       ,Wheat,4339.937655201564
Jammu and Kashmir,2011,Kharif     ,Bajra,591.3558068265878
Jammu and Kashmir,2011,Rabi       ,Gram,553.3980582524272
Jammu and Kashmir,2011,Kharif     ,Groundnut,600.0
Jammu and Kashmir,2011,Kharif     ,Maize,1608.090206792895
Jammu and Kashmir,2011,Kharif     ,Moong(Green Gram),583.4445927903872
Jammu and Kashmir,2011,Kharif     ,Potato,7306.403940886699
Jammu and Kashmir,2011,Rabi       ,Potato,10276.555023923445
Jammu and Kashmir,2011,Rabi       ,Rapeseed &Mustard,850.4905673078541
Jammu and Kashmir,2011,Kharif     ,Rice,2076.5079013918503
Jammu and Kashmir,2011,Kharif     ,Sesamum,440.6350667280258
Jammu and Kashmir,2011,Kharif     ,Sugarcane,1526.3157894736842
Jammu and Kashmir,2011,Kharif     ,Urad,344.4947410464652
Jammu and Kashmir,2011,Rabi       ,Wheat,1700.521243587197
Delhi,2012,Kharif     ,Bajra,2511.5207373271887
Delhi,2012,Rabi       ,Gram,1409.090909090909
Delhi,2012,Kharif     ,Jowar,906.2970774329617
Delhi,2012,Kharif     ,Maize,22378.37837837838
Delhi,2012,Whole Year ,Potato,21265.602322206098
Delhi,2012,Kharif     ,Rice,3257.745550428477
Delhi,2012,Whole Year ,Sugarcane,75333.33333333333
Delhi,2012,Rabi       ,Wheat,4360.0
Jammu and Kashmir,2012,Kharif     ,Bajra,598.4747671204832
Jammu and Kashmir,2012,Rabi       ,Gram,554.2168674698795
Jammu and Kashmir,2012,Kharif     ,Groundnut,750.0
Jammu and Kashmir,2012,Kharif     ,Maize,1647.736154308817
Jammu and Kashmir,2012,Kharif     ,Moong(Green Gram),535.554131966688
Jammu and Kashmir,2012,Rabi       ,Moong(Green Gram),1194.4444444444443
Jammu and Kashmir,2012,Kharif     ,Potato,8445.714285714286
Jammu and Kashmir,2012,Rabi       ,Potato,11998.277347114556
Jammu and Kashmir,2012,Rabi       ,Rapeseed &Mustard,817.4604500425987
Jammu and Kashmir,2012,Kharif     ,Rice,2083.5425719341292
Jammu and Kashmir,2012,Kharif     ,Sesamum,436.5079365079365
Jammu and Kashmir,2012,Kharif     ,Sugarcane,1500.0
Jammu and Kashmir,2012,Kharif     ,Urad,387.0806566738044
Jammu and Kashmir,2012,Rabi       ,Wheat,1594.7565904733
Puducherry,2012,Kharif     ,Bajra,3000.0
Puducherry,2012,Summer     ,Bajra,3000.0
Puducherry,2012,Kharif     ,Groundnut,2833.3333333333335
Puducherry,2012,Rabi       ,Groundnut,2099.0712074303406
Puducherry,2012,Summer     ,Groundnut,2486.4864864864867
Puducherry,2012,Kharif     ,Jowar,2000.0
Puducherry,2012,Summer     ,Jowar,2000.0
Puducherry,2012,Rabi       ,Moong(Green Gram),594.5945945945946
Puducherry,2012,Summer     ,Moong(Green Gram),285.5491329479769
Puducherry,2012,Kharif     ,Ragi,2312.5
Puducherry,2012,Summer     ,Ragi,1823.5294117647059
Puducherry,2012,Kharif     ,Rice,3269.738690643439
Puducherry,2012,Rabi       ,Rice,2603.0738389575677
Puducherry,2012,Summer     ,Rice,3074.8063051028585
Puducherry,2012,Kharif     ,Sesamum,750.0
Puducherry,2012,Rabi       ,Sesamum,714.2857142857143
Puducherry,2012,Summer     ,Sesamum,1087.378640776699
Puducherry,2012,Kharif     ,Urad,1000.0
Puducherry,2012,Rabi       ,Urad,1365.6387665198238
Puducherry,2012,Summer     ,Urad,368.2926829268293
Delhi,2013,Kharif     ,Bajra,2511.5207373271887
Delhi,2013,Rabi       ,Gram,1409.090909090909
Delhi,2013,Kharif     ,Jowar,906.2970774329617
Delhi,2013,Kharif     ,Maize,22378.37837837838
Delhi,2013,Whole Year ,Potato,21265.602322206098
Delhi,2013,Kharif     ,Rice,3257.745550428477
Delhi,2013,Whole Year ,Sugarcane,75333.33333333333
Delhi,2013,Rabi       ,Wheat,4447.19794344473
Puducherry,2013,Kharif     ,Bajra,2583.3333333333335
Puducherry,2013,Kharif     ,Groundnut,3000.0
Puducherry,2013,Rabi       ,Groundnut,2500.0
Puducherry,2013,Summer     ,Groundnut,1862.0689655172414
Puducherry,2013,Kharif     ,Jowar,2000.0
Puducherry,2013,Summer     ,Jowar,2000.0
Puducherry,2013,Rabi       ,Moong(Green Gram),513.5135135135135
Puducherry,2013,Summer     ,Moong(Green Gram),400.0
Puducherry,2013,Kharif     ,Ragi,1894.7368421052631
Puducherry,2013,Rabi       ,Ragi,2000.0
Puducherry,2013,Summer     ,Ragi,1857.142857142857
Puducherry,2013,Kharif     ,Rice,3293.6529555979296
Puducherry,2013,Rabi       ,Rice,2951.085659747077
Puducherry,2013,Summer     ,Rice,3439.9044839479966
Puducherry,2013,Kharif     ,Sesamum,727.2727272727273
Puducherry,2013,Rabi       ,Sesamum,750.0
Puducherry,2013,Summer     ,Sesamum,824.8587570621469
Puducherry,2013,Kharif     ,Urad,666.6666666666666
Puducherry,2013,Rabi       ,Urad,1045.4545454545455
Puducherry,2013,Summer     ,Urad,268.9075630252101
Delhi,2014,Kharif     ,Bajra,2511.184210526316
Delhi,2014,Rabi       ,Gram,1317.0731707317073
Delhi,2014,Kharif     ,Jowar,905.922270203578
Delhi,2014,Kharif     ,Maize,22371.428571428572
Delhi,2014,Whole Year ,Potato,21268.34862385321
Delhi,2014,Kharif     ,Rice,2861.4747307373655
Delhi,2014,Rabi       ,Wheat,4419.318181818182
Jammu and Kashmir,2014,Kharif     ,Bajra,594.7331771855415
Jammu and Kashmir,2014,Kharif     ,Maize,1209.965848280313
Jammu and Kashmir,2014,Kharif     ,Moong(Green Gram),180.03790271636134
Jammu and Kashmir,2014,Kharif     ,Potato,9716.517857142857
Jammu and Kashmir,2014,Kharif     ,Rapeseed &Mustard,1761.904761904762
Jammu and Kashmir,2014,Kharif     ,Rice,1249.9882187043474
Jammu and Kashmir,2014,Kharif     ,Sesamum,411.67192429022083
Jammu and Kashmir,2014,Kharif     ,Sugarcane,1500.3831417624522
Jammu and Kashmir,2014,Kharif     ,Urad,330.7815968766746
Puducherry,2014,Kharif     ,Bajra,1833.3333333333333
Puducherry,2014,Kharif     ,Groundnut,3000.0
Puducherry,2014,Rabi       ,Groundnut,3000.0
Puducherry,2014,Summer     ,Groundnut,1875.0
Puducherry,2014,Kharif     ,Jowar,1500.0
Puducherry,2014,Rabi       ,Moong(Green Gram),750.0
Puducherry,2014,Summer     ,Moong(Green Gram),386.119257086999
Puducherry,2014,Kharif     ,Ragi,2333.3333333333335
Puducherry,2014,Summer     ,Ragi,1812.5
Puducherry,2014,Kharif     ,Rice,3244.8531430139997
Puducherry,2014,Rabi       ,Rice,2928.936264712414
Puducherry,2014,Summer     ,Rice,3624.968789013733
Puducherry,2014,Kharif     ,Sesamum,666.6666666666666
Puducherry,2014,Rabi       ,Sesamum,750.0
Puducherry,2014,Summer     ,Sesamum,824.0
Puducherry,2014,Kharif     ,Urad,777.7777777777778
Puducherry,2014,Rabi       ,Urad,1017.5438596491229
Puducherry,2014,Summer     ,Urad,356.4189189189189
Delhi,2015,Kharif     ,Bajra,2197.0310391363023
Delhi,2015,Rabi       ,Gram,2120.0
Delhi,2015,Kharif     ,Jowar,959.8228408731414
Delhi,2015,Kharif     ,Maize,5117.64705882353
Delhi,2015,Kharif     ,Rice,2861.4887831407204
Delhi,2015,Rabi       ,Wheat,4378.950131233596
Jammu and Kashmir,2015,Kharif     ,Bajra,596.2684050803641
Jammu and Kashmir,2015,Rabi       ,Bajra,299.4652406417112
Jammu and Kashmir,2015,Kharif     ,Maize,1781.8436115402678
Jammu and Kashmir,2015,Kharif     ,Moong(Green Gram),428.9855072463768
Jammu and Kashmir,2015,Rabi       ,Moong(Green Gram),333.3333333333333
Jammu and Kashmir,2015,Kharif     ,Potato,7105.263157894737
Jammu and Kashmir,2015,Rabi       ,Potato,9411.227154046997
Jammu and Kashmir,2015,Rabi       ,Rapeseed &Mustard,613.2347709214531
Jammu and Kashmir,2015,Kharif     ,Rice,2122.6785942995634
Jammu and Kashmir,2015,Kharif     ,Sesamum,410.2701257020594
Jammu and Kashmir,2015,Kharif     ,Sugarcane,1502.5906735751296
Jammu and Kashmir,2015,Kharif     ,Urad,337.618088895772
Jammu and Kashmir,2015,Rabi       ,Urad,500.0
Jammu and Kashmir,2015,Rabi       ,Wheat,1933.1216518253095
Delhi,2016,Kharif     ,Bajra,2204.4384667114996
Delhi,2016,Rabi       ,Gram,2120.0
Delhi,2016,Kharif     ,Jowar,959.9123081741309
Delhi,2016,Kharif     ,Maize,5117.64705882353
Delhi,2016,Kharif     ,Rice,2889.670182487862
Delhi,2016,Rabi       ,Wheat,4443.07410049944
Jammu and Kashmir,2016,Kharif     ,Bajra,594.6103423160962
Jammu and Kashmir,2016,Rabi       ,Bajra,330.9352517985611
Jammu and Kashmir,2016,Kharif     ,Maize,1833.22379342354
Jammu and Kashmir,2016,Kharif     ,Moong(Green Gram),571.9602977667494
Jammu and Kashmir,2016,Kharif     ,Potato,7328.014184397163
Jammu and Kashmir,2016,Rabi       ,Potato,12431.867339581831
Jammu and Kashmir,2016,Rabi       ,Rapeseed &Mustard,525.6138287370566
Jammu and Kashmir,2016,Kharif     ,Rice,2018.7939021249422
Jammu and Kashmir,2016,Kharif     ,Sesamum,434.487558726292
Jammu and Kashmir,2016,Kharif     ,Sugarcane,1511.111111111111
Jammu and Kashmir,2016,Kharif     ,Urad,341.22042341220424
Jammu and Kashmir,2016,Rabi       ,Wheat,1889.5629019534897
Delhi,2017,Kharif     ,Bajra,2167.7762982689746
Delhi,2017,Rabi       ,Gram,400.0
Delhi,2017,Kharif     ,Jowar,948.1412058731646
Delhi,2017,Kharif     ,Maize,4833.333333333333
Delhi,2017,Kharif     ,Rice,2876.1530577382987
Delhi,2017,Rabi       ,Wheat,4240.709674139596
Jammu and Kashmir,2017,Kharif     ,Bajra,594.7140102827764
Jammu and Kashmir,2017,Rabi       ,Bajra,251.49700598802394
Jammu and Kashmir,2017,Kharif     ,Gram,217.3913043478261
Jammu and Kashmir,2017,Kharif     ,Jowar,603.1746031746031
Jammu and Kashmir,2017,Kharif     ,Maize,1805.4218619841595
Jammu and Kashmir,2017,Kharif     ,Moong(Green Gram),385.99348534201954
Jammu and Kashmir,2017,Kharif     ,Potato,10793.88508170796
Jammu and Kashmir,2017,Rabi       ,Potato,12272.961373390557
Jammu and Kashmir,2017,Kharif     ,Ragi,529.4117647058823
Jammu and Kashmir,2017,Rabi       ,Ragi,556.7994343624794
Jammu and Kashmir,2017,Rabi       ,Rapeseed &Mustard,793.0001476762094
Jammu and Kashmir,2017,Kharif     ,Rice,2426.1647330599235
Jammu and Kashmir,2017,Kharif     ,Sesamum,407.3046694405918
Jammu and Kashmir,2017,Kharif     ,Urad,338.14352574102963
Jammu and Kashmir,2017,Rabi       ,Urad,593.75
Jammu and Kashmir,2017,Rabi       ,Wheat,2138.7203677472808
Delhi,2018,Kharif     ,Bajra,2198.2408660351825
Delhi,2018,Rabi       ,Gram,2000.0
Delhi,2018,Kharif     ,Jowar,961.0142630744849
Delhi,2018,Kharif     ,Maize,5100.0
Delhi,2018,Kharif     ,Rice,2877.222982216142
Delhi,2018,Rabi       ,Wheat,4311.966701352758
Jammu and Kashmir,2018,Kharif     ,Bajra,594.6341956345998
Jammu and Kashmir,2018,Rabi       ,Bajra,397.2842750766535
Jammu and Kashmir,2018,Kharif     ,Maize,2189.3403162914087
Jammu and Kashmir,2018,Kharif     ,Moong(Green Gram),435.6955380577428
Jammu and Kashmir,2018,Kharif     ,Potato,12001.92926045016
Jammu and Kashmir,2018,Rabi       ,Potato,10859.85066053992
Jammu and Kashmir,2018,Kharif     ,Ragi,528.3018867924528
Jammu and Kashmir,2018,Rabi       ,Ragi,736.4398422090729
Jammu and Kashmir,2018,Rabi       ,Rapeseed &Mustard,1151.2117684411048
Jammu and Kashmir,2018,Kharif     ,Rice,2350.2702166312993
Jammu and Kashmir,2018,Kharif     ,Sesamum,408.8647670737223
Jammu and Kashmir,2018,Kharif     ,Urad,337.8945447910965
Jammu and Kashmir,2018,Rabi       ,Wheat,2329.505144129243
Delhi,2019,Kharif     ,Bajra,3303.728813559322
Delhi,2019,Rabi       ,Gram,2000.0
Delhi,2019,Kharif     ,Jowar,1000.0
Delhi,2019,Kharif     ,Maize,5100.0
Delhi,2019,Rabi       ,Rapeseed &Mustard,2500.0
Delhi,2019,Kharif     ,Rice,3006.155950752394
Delhi,2019,Rabi       ,Wheat,4311.680882047015
Jammu and Kashmir,2019,Kharif     ,Bajra,598.695111847556
Jammu and Kashmir,2019,Rabi       ,Bajra,292.6829268292683
Jammu and Kashmir,2019,Kharif     ,Gram,333.3333333333333
Jammu and Kashmir,2019,Kharif     ,Maize,2015.3088000476423
Jammu and Kashmir,2019,Kharif     ,Moong(Green Gram),431.8181818181818
Jammu and Kashmir,2019,Kharif     ,Potato,10585.168869309839
Jammu and Kashmir,2019,Rabi       ,Potato,9459.682977257064
Jammu and Kashmir,2019,Kharif     ,Ragi,521.9512195121952
Jammu and Kashmir,2019,Kharif     ,Rapeseed &Mustard,505.3763440860215
Jammu and Kashmir,2019,Rabi       ,Rapeseed &Mustard,820.4254942721925
Jammu and Kashmir,2019,Kharif     ,Rice,2092.9475639275183
Jammu and Kashmir,2019,Kharif     ,Sesamum,409.1503267973856
Jammu and Kashmir,2019,Whole Year ,Sugarcane,2243.2432432432433
Jammu and Kashmir,2019,Kharif     ,Urad,336.9813589897775
Jammu and Kashmir,2019,Rabi       ,Urad,500.0
Jammu and Kashmir,2019,Rabi       ,Wheat,2001.7997040122332
Manipur,1997,Kharif     ,Maize,3833.3333333333335
Manipur,1997,Kharif     ,Rice,2245.1612903225805
Manipur,1997,Whole Year ,Sugarcane,285.7142857142857
Manipur,1998,Autumn     ,Maize,3408.7837837837837
Manipur,1998,Autumn     ,Potato,5218.75
Manipur,1998,Rabi       ,Potato,5240.0
Manipur,1998,Winter     ,Potato,5227.272727272727
Manipur,1998,Rabi       ,Rapeseed &Mustard,454.54545454545456
Manipur,1998,Winter     ,Rapeseed &Mustard,444.44444444444446
Manipur,1998,Autumn     ,Rice,2266.4931537852212
Manipur,1998,Winter     ,Rice,2316.607233825777
Manipur,1998,Autumn     ,Sesamum,489.36170212765956
Manipur,1998,Winter     ,Sesamum,483.8709677419355
Manipur,1998,Autumn     ,Sugarcane,32657.894736842107
Manipur,1998,Rabi       ,Sugarcane,33000.0
Manipur,1998,Summer     ,Sugarcane,32642.85714285714
Manipur,1998,Winter     ,Sugarcane,32705.882352941175
Manipur,1999,Kharif     ,Maize,2467.7419354838707
Manipur,1999,Whole Year ,Potato,5230.7692307692305
Manipur,1999,Rabi       ,Rapeseed &Mustard,446.8085106382979
Manipur,1999,Kharif     ,Rice,2323.973256924546
Manipur,1999,Kharif     ,Sesamum,495.8677685950413
Manipur,1999,Whole Year ,Sugarcane,32661.53846153846
Manipur,2000,Kharif     ,Maize,2325.4817987152032
Manipur,2000,Whole Year ,Potato,5231.660231660232
Manipur,2000,Rabi       ,Rapeseed &Mustard,448.9795918367347
Manipur,2000,Kharif     ,Rice,2433.2334756836
Manipur,2000,Kharif     ,Sesamum,492.06349206349205
Manipur,2000,Whole Year ,Sugarcane,32662.162162162163
Manipur,2001,Kharif     ,Maize,1994.0711462450593
Manipur,2001,Rabi       ,Rapeseed &Mustard,440.6779661016949
Manipur,2001,Kharif     ,Rice,2382.1738328104816
Manipur,2001,Kharif     ,Sesamum,487.8048780487805
Manipur,2002,Kharif     ,Maize,2336.1581920903955
Manipur,2002,Whole Year ,Potato,5230.425055928412
Manipur,2002,Rabi       ,Rapeseed &Mustard,445.8874458874459
Manipur,2002,Kharif     ,Rice,2192.5413101691593
Manipur,2002,Kharif     ,Sesamum,666.6666666666666
Manipur,2002,Whole Year ,Sugarcane,32656.25
Manipur,2004,Kharif     ,Maize,2763.9751552795033
Manipur,2004,Whole Year ,Potato,5229.72972972973
Manipur,2004,Rabi       ,Rapeseed &Mustard,450.0
Manipur,2004,Kharif     ,Rice,2472.5199931938064
Manipur,2004,Kharif     ,Sesamum,492.2279792746114
Manipur,2004,Whole Year ,Sugarcane,32666.666666666668
Puducherry,2004,Kharif     ,Groundnut,1934.436274509804
Puducherry,2004,Rabi       ,Moong(Green Gram),305.0483351235231
Puducherry,2004,Kharif     ,Ragi,1596.1538461538462
Puducherry,2004,Autumn     ,Rice,2766.8751002084337
Puducherry,2004,Summer     ,Rice,2731.0599402355424
Puducherry,2004,Winter     ,Rice,2189.981389578164
Puducherry,2004,Kharif     ,Sesamum,739.4366197183099
Puducherry,2004,Whole Year ,Sugarcane,76262.3599208965
Puducherry,2004,Rabi       ,Urad,302.2300469483568
Manipur,2005,Kharif     ,Maize,2785.964912280702
Manipur,2005,Whole Year ,Potato,5229.979466119096
Manipur,2005,Rabi       ,Rapeseed &Mustard,480.0
Manipur,2005,Kharif     ,Rice,2322.0858895705524
Manipur,2005,Kharif     ,Sesamum,495.6521739130435
Manipur,2005,Whole Year ,Sugarcane,32714.285714285714
Puducherry,2005,Kharif     ,Groundnut,1959.1489361702127
Puducherry,2005,Rabi       ,Moong(Green Gram),313.039066463724
Puducherry,2005,Kharif     ,Ragi,1803.5714285714287
Puducherry,2005,Autumn     ,Rice,2856.768885564697
Puducherry,2005,Summer     ,Rice,2518.4826785368687
Puducherry,2005,Winter     ,Rice,2040.7735697018534
Puducherry,2005,Kharif     ,Sesamum,643.939393939394
Puducherry,2005,Rabi       ,Urad,382.17338217338215
Manipur,2006,Kharif     ,Maize,2476.047904191617
Manipur,2006,Summer     ,Potato,5223.529411764706
Manipur,2006,Whole Year ,Potato,5229.965156794425
Manipur,2006,Rabi       ,Rapeseed &Mustard,500.0
Manipur,2006,Kharif     ,Rice,2353.32889883292
Manipur,2006,Kharif     ,Sesamum,494.7368421052632
Manipur,2006,Summer     ,Sugarcane,33000.0
Manipur,2006,Whole Year ,Sugarcane,32660.0
Manipur,2007,Kharif     ,Maize,2854.7297297297296
Manipur,2007,Whole Year ,Potato,5230.7692307692305
Manipur,2007,Rabi       ,Rapeseed &Mustard,444.44444444444446
Manipur,2007,Kharif     ,Rice,2444.4778814324404
Manipur,2007,Kharif     ,Sesamum,494.5054945054945
Manipur,2007,Whole Year ,Sugarcane,32666.666666666668
Sikkim,1997,Kharif     ,Maize,1414.2106465615718
Sikkim,1997,Whole Year ,Maize,793.8413361169103
Sikkim,1997,Rabi       ,Rapeseed &Mustard,767.9856115107914
Sikkim,1997,Kharif     ,Rice,1366.8344911095533
Sikkim,1997,Kharif     ,Urad,750.0
Sikkim,1997,Rabi       ,Wheat,1755.2533992583437
Sikkim,1998,Kharif     ,Maize,1364.3159415148366
Sikkim,1998,Rabi       ,Rapeseed &Mustard,424.6478873239437
Sikkim,1998,Kharif     ,Rice,1383.2052412750409
Sikkim,1998,Kharif     ,Urad,692.9545454545455
Sikkim,1998,Rabi       ,Wheat,807.9586953784158
Sikkim,1999,Kharif     ,Maize,1351.4951525848617
Sikkim,1999,Rabi       ,Rapeseed &Mustard,722.9166666666666
Sikkim,1999,Kharif     ,Rice,1473.4096052300729
Sikkim,1999,Kharif     ,Urad,752.0454545454545
Sikkim,1999,Rabi       ,Wheat,1586.2962962962963
Sikkim,2000,Kharif     ,Maize,1493.8977019271733
Sikkim,2000,Rabi       ,Rapeseed &Mustard,683.6805555555555
Sikkim,2000,Kharif     ,Rice,1403.4695755026942
Sikkim,2000,Kharif     ,Urad,726.984126984127
Sikkim,2000,Rabi       ,Wheat,1400.2772002772003
Sikkim,2001,Kharif     ,Maize,1421.4410371478434
Sikkim,2001,Whole Year ,Maize,500.0
Sikkim,2001,Rabi       ,Rapeseed &Mustard,653.6206896551724
Sikkim,2001,Kharif     ,Rice,1434.3624161073826
Sikkim,2001,Kharif     ,Urad,716.6666666666666
Sikkim,2001,Rabi       ,Wheat,1203.788748564868
Sikkim,2002,Kharif     ,Maize,1449.0740740740741
Sikkim,2002,Whole Year ,Maize,500.0
Sikkim,2002,Whole Year ,Potato,4690.972222222223
Sikkim,2002,Rabi       ,Rapeseed &Mustard,700.0
Sikkim,2002,Kharif     ,Rice,1434.7532116294794
Sikkim,2002,Kharif     ,Urad,738.0952380952381
Sikkim,2002,Rabi       ,Wheat,1248.499399759904
Sikkim,2003,Kharif     ,Maize,1554.4959128065395
Sikkim,2003,Whole Year ,Potato,4476.572958500669
Sikkim,2003,Rabi       ,Rapeseed &Mustard,700.0
Sikkim,2003,Kharif     ,Rice,1437.584803256445
Sikkim,2003,Kharif     ,Urad,743.3862433862433
Sikkim,2003,Rabi       ,Wheat,1276.4144011756061
Sikkim,2004,Kharif     ,Maize,1588.0108991825614
Sikkim,2004,Rabi       ,Rapeseed &Mustard,997.6689976689977
Sikkim,2004,Kharif     ,Rice,2382.57993384785
Sikkim,2004,Kharif     ,Urad,751.3227513227513
Sikkim,2004,Rabi       ,Wheat,1437.2822299651568
Sikkim,2005,Kharif     ,Maize,2400.785854616896
Sikkim,2005,Rabi       ,Rapeseed &Mustard,750.0
Sikkim,2005,Kharif     ,Rice,2419.8161389172624
Sikkim,2005,Kharif     ,Urad,3850.1291989664082
Sikkim,2005,Rabi       ,Wheat,1611.4982578397212
Sikkim,2006,Kharif     ,Maize,1588.4944920440637
Sikkim,2006,Rabi       ,Rapeseed &Mustard,768.939393939394
Sikkim,2006,Kharif     ,Rice,2331.521739130435
Sikkim,2006,Kharif     ,Urad,783.0985915492957
Sikkim,2006,Rabi       ,Wheat,1623.8244514106584
Sikkim,2007,Kharif     ,Maize,1486.5476489816444
Sikkim,2007,Rabi       ,Rapeseed &Mustard,697.2477064220184
Sikkim,2007,Kharif     ,Rice,1642.495784148398
Sikkim,2007,Kharif     ,Urad,876.1904761904761
Sikkim,2007,Rabi       ,Wheat,1000.0
Sikkim,2008,Kharif     ,Maize,1677.0408163265306
Sikkim,2008,Rabi       ,Rapeseed &Mustard,839.622641509434
Sikkim,2008,Kharif     ,Rice,1710.0
Sikkim,2008,Kharif     ,Urad,877.639751552795
Sikkim,2008,Rabi       ,Wheat,897.4358974358975
Sikkim,2009,Kharif     ,Maize,1637.7215189873418
Sikkim,2009,Rabi       ,Rapeseed &Mustard,836.3970588235294
Sikkim,2009,Kharif     ,Rice,1705.7864710676447
Sikkim,2009,Kharif     ,Urad,841.6666666666666
Sikkim,2009,Rabi       ,Wheat,907.6923076923077
Sikkim,2010,Kharif     ,Maize,6871.371670400797
Sikkim,2010,Rabi       ,Rapeseed &Mustard,791.6349809885932
Sikkim,2010,Kharif     ,Rice,1727.5947281713345
Sikkim,2010,Kharif     ,Urad,525.1351351351351
Sikkim,2010,Rabi       ,Wheat,1022.6415094339623
Sikkim,2011,Kharif     ,Maize,1657.3216520650813
Sikkim,2011,Rabi       ,Rapeseed &Mustard,800.7380073800738
Sikkim,2011,Kharif     ,Rice,1729.9088649544324
Sikkim,2011,Kharif     ,Urad,877.1929824561404
Sikkim,2011,Rabi       ,Wheat,1060.0
Sikkim,2012,Kharif     ,Maize,1700.0250187640731
Sikkim,2012,Rabi       ,Rapeseed &Mustard,799.0867579908676
Sikkim,2012,Kharif     ,Rice,1790.268456375839
Sikkim,2012,Kharif     ,Urad,889.9082568807339
Sikkim,2012,Rabi       ,Wheat,1057.6923076923076
Jammu and Kashmir,2013,Rabi       ,Gram,554.2168674698795
Jammu and Kashmir,2013,Rabi       ,Moong(Green Gram),1194.4444444444443
Jammu and Kashmir,2013,Rabi       ,Potato,11691.310975609756
Jammu and Kashmir,2013,Rabi       ,Rapeseed &Mustard,767.861611089796
Jammu and Kashmir,2013,Rabi       ,Wheat,1588.9493125384772
Sikkim,2013,Kharif     ,Maize,1723.641372401703
Sikkim,2013,Rabi       ,Rapeseed &Mustard,831.4496314496314
Sikkim,2013,Kharif     ,Rice,1815.7375873812512
Sikkim,2013,Kharif     ,Urad,900.609756097561
Sikkim,2013,Rabi       ,Wheat,1069.4444444444443
Sikkim,2014,Kharif     ,Maize,1727.432296890672
Sikkim,2014,Rabi       ,Rapeseed &Mustard,832.1243523316062
Sikkim,2014,Kharif     ,Rice,1817.9347826086957
Sikkim,2014,Kharif     ,Urad,902.1671826625387
Sikkim,2014,Rabi       ,Wheat,1076.923076923077
Sikkim,2015,Kharif     ,Maize,1753.5618020793222
Sikkim,2015,Rabi       ,Rapeseed &Mustard,852.9250956806999
Sikkim,2015,Kharif     ,Rice,1845.2526009935327
Sikkim,2015,Kharif     ,Urad,923.5537190082645
Sikkim,2015,Rabi       ,Wheat,1071.2074303405573
Sikkim,2016,Kharif     ,Maize,1766.1177204010598
Sikkim,2016,Rabi       ,Rapeseed &Mustard,875.5980861244019
Sikkim,2016,Kharif     ,Rice,1856.0251884362178
Sikkim,2016,Kharif     ,Urad,927.9941219691403
Sikkim,2016,Rabi       ,Wheat,1079.245283018868
Sikkim,2017,Kharif     ,Maize,1767.3305944146862
Sikkim,2017,Rabi       ,Rapeseed &Mustard,875.4282155091872
Sikkim,2017,Kharif     ,Rice,1856.225660456794
Sikkim,2017,Kharif     ,Urad,928.2527881040892
Sikkim,2017,Rabi       ,Wheat,1075.5813953488373
Sikkim,2018,Kharif     ,Maize,1767.9337180369528
Sikkim,2018,Rabi       ,Rapeseed &Mustard,875.6843800322061
Sikkim,2018,Kharif     ,Rice,1856.3094209161625
Sikkim,2018,Kharif     ,Urad,936.3502575423105
Sikkim,2018,Rabi       ,Wheat,1079.7546012269938
Sikkim,2019,Kharif     ,Maize,1769.0363925287206
Sikkim,2019,Rabi       ,Rapeseed &Mustard,876.1570379827641
Sikkim,2019,Kharif     ,Rice,1858.0310880829015
Sikkim,2019,Kharif     ,Urad,936.5363929723916
Sikkim,2019,Rabi       ,Wheat,1078.7878787878788
Goa,2004,Kharif     ,Groundnut,1643.2695229413553
Goa,2004,Kharif     ,Ragi,956.8527918781726
Goa,2004,Kharif     ,Rice,2768.2773349605277
Goa,2004,Whole Year ,Sugarcane,50068.59504132231
Goa,2005,Kharif     ,Groundnut,2397.9468599033817
Goa,2005,Kharif     ,Ragi,1049.8866213151928
Goa,2005,Kharif     ,Rice,2821.8563734979016
Goa,2005,Whole Year ,Sugarcane,50330.63063063063
Goa,2006,Kharif     ,Groundnut,1742.4242424242425
Goa,2006,Kharif     ,Ragi,907.1428571428571
Goa,2006,Kharif     ,Rice,2433.613286779277
Goa,2006,Whole Year ,Sugarcane,52034.82142857143
Goa,2007,Kharif     ,Groundnut,1881.1827956989248
Goa,2007,Kharif     ,Ragi,1049.3827160493827
Goa,2007,Kharif     ,Rice,2331.417294169493
Goa,2007,Whole Year ,Sugarcane,54184.71953578336
Mizoram,1998,Kharif     ,Maize,1909.250175192712
Mizoram,1998,Rabi       ,Maize,2033.6134453781513
Mizoram,1998,Kharif     ,Potato,4805.555555555556
Mizoram,1998,Rabi       ,Potato,4375.0
Mizoram,1998,Kharif     ,Rice,1524.9631244789327
Mizoram,1998,Rabi       ,Rice,2607.641196013289
Mizoram,1998,Whole Year ,Sugarcane,6250.397456279809
Mizoram,1998,Rabi       ,Wheat,872.7272727272727
Mizoram,1999,Kharif     ,Groundnut,1581.081081081081
Mizoram,1999,Kharif     ,Maize,1868.0282796543597
Mizoram,1999,Rabi       ,Maize,1027.027027027027
Mizoram,1999,Whole Year ,Potato,7403.773584905661
Mizoram,1999,Rabi       ,Rapeseed &Mustard,682.6241134751773
Mizoram,1999,Kharif     ,Rice,1778.1465612616419
Mizoram,1999,Kharif     ,Sesamum,1103.637791154148
Mizoram,1999,Whole Year ,Sugarcane,2032.3014804845222
Mizoram,1999,Rabi       ,Wheat,883.7209302325581
Tripura,1999,Kharif     ,Maize,800.0
Tripura,1999,Whole Year ,Moong(Green Gram),679.7066014669927
Tripura,1999,Whole Year ,Potato,18018.018018018018
Tripura,1999,Kharif     ,Rice,2178.1529979324605
Tripura,1999,Whole Year ,Sugarcane,50541.87192118227
Tripura,1999,Rabi       ,Wheat,1920.0
Tripura,2000,Kharif     ,Maize,1000.0
Tripura,2000,Whole Year ,Moong(Green Gram),719.9680511182108
Tripura,2000,Whole Year ,Potato,18939.177101967798
Tripura,2000,Kharif     ,Rice,2252.5198502488993
Tripura,2000,Whole Year ,Sugarcane,52019.230769230766
Tripura,2000,Rabi       ,Wheat,2093.8967136150236
Tripura,2001,Kharif     ,Maize,1000.0
Tripura,2001,Whole Year ,Moong(Green Gram),733.2699619771863
Tripura,2001,Whole Year ,Potato,19791.43389199255
Tripura,2001,Kharif     ,Rice,2380.5065856129686
Tripura,2001,Whole Year ,Sugarcane,51666.666666666664
Tripura,2001,Rabi       ,Wheat,2012.295081967213
Tripura,2002,Kharif     ,Maize,956.6160520607375
Tripura,2002,Whole Year ,Moong(Green Gram),703.5778532880272
Tripura,2002,Whole Year ,Potato,19541.412380122056
Tripura,2002,Kharif     ,Rice,2359.8934461550516
Tripura,2002,Whole Year ,Sugarcane,48872.17391304348
Tripura,2002,Rabi       ,Wheat,1988.0304678998912
Tripura,2003,Kharif     ,Maize,959.8214285714286
Tripura,2003,Whole Year ,Moong(Green Gram),681.0515873015873
Tripura,2003,Whole Year ,Potato,15810.238305383937
Tripura,2003,Kharif     ,Rice,2395.9757613424485
Tripura,2003,Whole Year ,Sugarcane,42419.642857142855
Tripura,2003,Rabi       ,Wheat,2022.3463687150838
Mizoram,2004,Kharif     ,Groundnut,1040.0
Mizoram,2004,Kharif     ,Maize,1865.8150229943792
Mizoram,2004,Rabi       ,Maize,2127.9554937413072
Mizoram,2004,Kharif     ,Moong(Green Gram),1133.3333333333333
Mizoram,2004,Rabi       ,Moong(Green Gram),1166.6666666666667
Mizoram,2004,Kharif     ,Rapeseed &Mustard,829.6296296296297
Mizoram,2004,Rabi       ,Rapeseed &Mustard,577.2104607721046
Mizoram,2004,Kharif     ,Rice,1885.9595340282035
Mizoram,2004,Kharif     ,Sesamum,576.9380599922088
Mizoram,2004,Kharif     ,Urad,1125.0
Mizoram,2004,Rabi       ,Urad,1806.4516129032259
Mizoram,2004,Rabi       ,Wheat,1333.3333333333333
Mizoram,2006,Kharif     ,Maize,1937.4281333844385
Mizoram,2006,Rabi       ,Maize,2212.3893805309735
Mizoram,2006,Kharif     ,Potato,2585.2895148669795
Mizoram,2006,Kharif     ,Rice,509.4727276319169
Mizoram,2006,Rabi       ,Rice,1646.505376344086
Mizoram,2006,Whole Year ,Sugarcane,9095.522388059702
Mizoram,2007,Kharif     ,Maize,70.73954983922829
Mizoram,2007,Rabi       ,Maize,1274.2857142857142
Mizoram,2007,Kharif     ,Potato,3509.090909090909
Mizoram,2007,Kharif     ,Rice,284.981523357785
Mizoram,2007,Rabi       ,Rice,1263.5135135135135
Mizoram,2007,Whole Year ,Sugarcane,937.7123442808607
Mizoram,2008,Kharif     ,Maize,970.8928376757876
Mizoram,2008,Rabi       ,Maize,1070.1298701298701
Mizoram,2008,Kharif     ,Potato,5832.71375464684
Mizoram,2008,Kharif     ,Rice,1323.5311132108216
Mizoram,2008,Rabi       ,Rice,2137.4045801526718
Mizoram,2008,Whole Year ,Sugarcane,10205.663189269746
Mizoram,2009,Kharif     ,Maize,1340.072202166065
Mizoram,2009,Rabi       ,Maize,1551.8672199170123
Mizoram,2009,Kharif     ,Potato,7869.718309859155
Mizoram,2009,Kharif     ,Rice,1399.4478071572687
Mizoram,2009,Rabi       ,Rice,2000.0
Mizoram,2009,Whole Year ,Sugarcane,8624.825662482566
Arunachal Pradesh,1998,Rabi       ,Groundnut,800.0
Arunachal Pradesh,1998,Kharif     ,Maize,1297.3733583489682
Arunachal Pradesh,1998,Whole Year ,Potato,6514.032191498143
Arunachal Pradesh,1998,Rabi       ,Rapeseed &Mustard,951.4807813484562
Arunachal Pradesh,1998,Kharif     ,Rice,988.1798737454646
Arunachal Pradesh,1998,Kharif     ,Sesamum,551.4705882352941
Arunachal Pradesh,1998,Whole Year ,Sugarcane,20231.493943472407
Arunachal Pradesh,1998,Rabi       ,Wheat,1200.8196721311476
Arunachal Pradesh,1999,Kharif     ,Maize,1356.1186407385583
Arunachal Pradesh,1999,Whole Year ,Potato,6539.112903225807
Arunachal Pradesh,1999,Kharif     ,Rice,1098.3135082287763
Arunachal Pradesh,1999,Whole Year ,Sugarcane,20048.207663782447
Arunachal Pradesh,1999,Rabi       ,Wheat,1301.0780287474333
Arunachal Pradesh,2000,Kharif     ,Maize,1360.873298810794
Arunachal Pradesh,2000,Whole Year ,Potato,6536.737235367373
Arunachal Pradesh,2000,Kharif     ,Rice,1118.7932648122696
Arunachal Pradesh,2000,Whole Year ,Sugarcane,17704.06905055487
Arunachal Pradesh,2000,Rabi       ,Wheat,1415.9654309756652
Arunachal Pradesh,2001,Kharif     ,Maize,1361.199678564948
Arunachal Pradesh,2001,Whole Year ,Potato,7024.321997417133
Arunachal Pradesh,2001,Kharif     ,Rice,1126.959943074798
Arunachal Pradesh,2001,Whole Year ,Sugarcane,18262.548262548262
Arunachal Pradesh,2001,Rabi       ,Wheat,1403.6793692509855
Arunachal Pradesh,2002,Kharif     ,Maize,1379.6241491565552
Arunachal Pradesh,2002,Whole Year ,Potato,6962.6297577854675
Arunachal Pradesh,2002,Kharif     ,Rice,1224.0737173312784
Arunachal Pradesh,2002,Whole Year ,Sugarcane,19152.882205513786
Arunachal Pradesh,2002,Rabi       ,Wheat,1519.2027224112785
Arunachal Pradesh,2003,Kharif     ,Maize,1411.9932651210984
Arunachal Pradesh,2003,Whole Year ,Potato,7351.815017404277
Arunachal Pradesh,2003,Kharif     ,Rice,1296.8331865274108
Arunachal Pradesh,2003,Whole Year ,Sugarcane,20528.455284552845
Arunachal Pradesh,2003,Rabi       ,Wheat,1522.8915662650602
Arunachal Pradesh,2004,Kharif     ,Maize,1454.6296296296296
Arunachal Pradesh,2004,Whole Year ,Potato,6525.492055963956
Arunachal Pradesh,2004,Kharif     ,Rice,1109.4030022525114
Arunachal Pradesh,2004,Whole Year ,Sugarcane,19201.08695652174
Arunachal Pradesh,2004,Rabi       ,Wheat,1554.932211313698
Arunachal Pradesh,2005,Kharif     ,Maize,1383.3655890856091
Arunachal Pradesh,2005,Whole Year ,Potato,7529.144587433762
Arunachal Pradesh,2005,Kharif     ,Rice,1195.6701317608185
Arunachal Pradesh,2005,Whole Year ,Sugarcane,18429.384965831436
Arunachal Pradesh,2005,Rabi       ,Wheat,1544.2655935613682
Arunachal Pradesh,2006,Kharif     ,Maize,1372.5718977550182
Arunachal Pradesh,2006,Whole Year ,Potato,7952.07026348808
Arunachal Pradesh,2006,Kharif     ,Rice,1175.5311367219883
Arunachal Pradesh,2006,Whole Year ,Sugarcane,16352.42718446602
Arunachal Pradesh,2006,Rabi       ,Wheat,1583.5637094747424
Arunachal Pradesh,2007,Kharif     ,Maize,1343.831898165481
Arunachal Pradesh,2007,Whole Year ,Potato,7591.204787926099
Arunachal Pradesh,2007,Kharif     ,Rice,1275.0727652403873
Arunachal Pradesh,2007,Whole Year ,Sugarcane,17643.14679643147
Arunachal Pradesh,2007,Rabi       ,Wheat,1487.9145587408657
Arunachal Pradesh,2008,Kharif     ,Maize,1371.424575145115
Arunachal Pradesh,2008,Whole Year ,Potato,8221.757322175732
Arunachal Pradesh,2008,Kharif     ,Rice,1297.6285301934558
Arunachal Pradesh,2008,Whole Year ,Sugarcane,17108.75912408759
Arunachal Pradesh,2008,Rabi       ,Wheat,1576.876143990238
Arunachal Pradesh,2009,Kharif     ,Maize,1378.5010314004126
Arunachal Pradesh,2009,Whole Year ,Potato,8606.611570247935
Arunachal Pradesh,2009,Kharif     ,Rice,1184.6165245167451
Arunachal Pradesh,2009,Whole Year ,Sugarcane,18390.921409214094
Arunachal Pradesh,2009,Rabi       ,Wheat,1504.7318611987382
Arunachal Pradesh,2010,Kharif     ,Maize,1436.1421184616408
Arunachal Pradesh,2010,Whole Year ,Potato,8267.651130595294
Arunachal Pradesh,2010,Kharif     ,Rice,1283.1537385868223
Arunachal Pradesh,2010,Whole Year ,Sugarcane,19213.527851458886
Arunachal Pradesh,2010,Rabi       ,Wheat,1587.456069207894
Arunachal Pradesh,2011,Kharif     ,Maize,1473.1182795698924
Arunachal Pradesh,2011,Whole Year ,Potato,8695.652173913044
Arunachal Pradesh,2011,Kharif     ,Rice,1291.8461538461538
Arunachal Pradesh,2011,Whole Year ,Sugarcane,19354.83870967742
Arunachal Pradesh,2011,Rabi       ,Wheat,1756.7567567567567
Arunachal Pradesh,2012,Kharif     ,Maize,1436.044307795982
Arunachal Pradesh,2012,Whole Year ,Potato,8069.752958272784
Arunachal Pradesh,2012,Kharif     ,Rice,1385.27184042511
Arunachal Pradesh,2012,Whole Year ,Sugarcane,19706.53594771242
Arunachal Pradesh,2012,Rabi       ,Wheat,1498.4678243105209
Arunachal Pradesh,2013,Kharif     ,Maize,1467.0551703602875
Arunachal Pradesh,2013,Whole Year ,Potato,8243.259679708088
Arunachal Pradesh,2013,Kharif     ,Rice,1394.8435096864132
Arunachal Pradesh,2013,Whole Year ,Sugarcane,19443.305573350415
Arunachal Pradesh,2013,Rabi       ,Wheat,1510.1351351351352
Arunachal Pradesh,2014,Kharif     ,Maize,1562.5
Arunachal Pradesh,2014,Whole Year ,Potato,8251.47347740668
Arunachal Pradesh,2014,Kharif     ,Rice,1493.6477987421383
Arunachal Pradesh,2014,Whole Year ,Sugarcane,19497.206703910615
Arunachal Pradesh,2014,Rabi       ,Wheat,1973.6842105263158
Arunachal Pradesh,2015,Kharif     ,Maize,1541.516393442623
Arunachal Pradesh,2015,Whole Year ,Potato,7500.0
Arunachal Pradesh,2015,Kharif     ,Rice,1583.858695652174
Arunachal Pradesh,2015,Whole Year ,Sugarcane,20900.0
Arunachal Pradesh,2015,Rabi       ,Wheat,1969.309462915601
Goa,1997,Kharif     ,Groundnut,1277.142857142857
Goa,1997,Rabi       ,Groundnut,1936.522539098436
Goa,1997,Whole Year ,Ragi,884.2857142857143
Goa,1997,Kharif     ,Rice,2693.9152218340037
Goa,1997,Rabi       ,Rice,2968.988623967586
Arunachal Pradesh,1997,Rabi       ,Groundnut,886.1878453038674
Arunachal Pradesh,1997,Kharif     ,Maize,1449.8319035474149
Arunachal Pradesh,1997,Rabi       ,Rapeseed &Mustard,931.7073170731708
Arunachal Pradesh,1997,Kharif     ,Rice,1079.0284952507916
Arunachal Pradesh,1997,Kharif     ,Sesamum,608.1784386617101
Arunachal Pradesh,1997,Rabi       ,Sugarcane,23209.985315712187
Arunachal Pradesh,1997,Rabi       ,Wheat,1446.4993394980186
Odisha,1998,Autumn     ,Groundnut,845.3173338333177
Odisha,1998,Summer     ,Groundnut,875.6280028959435
Odisha,1998,Winter     ,Groundnut,865.876064807082
Odisha,1998,Autumn     ,Maize,1311.288074855664
Odisha,1998,Summer     ,Maize,869.5652173913044
Odisha,1998,Winter     ,Maize,592.3261390887291
Odisha,1998,Autumn     ,Moong(Green Gram),234.5159075303273
Odisha,1998,Summer     ,Moong(Green Gram),238.10396893874028
Odisha,1998,Winter     ,Moong(Green Gram),163.9998877801988
Odisha,1998,Winter     ,Potato,11643.494657448146
Odisha,1998,Autumn     ,Ragi,658.2762737883477
Odisha,1998,Summer     ,Ragi,692.2183507549361
Odisha,1998,Winter     ,Ragi,620.5512374718757
Odisha,1998,Winter     ,Rapeseed &Mustard,124.91456810893223
Odisha,1998,Autumn     ,Rice,611.6213733529657
Odisha,1998,Summer     ,Rice,1889.186477221437
Odisha,1998,Winter     ,Rice,1305.0405474885981
Odisha,1998,Autumn     ,Sesamum,164.9337145827918
Odisha,1998,Summer     ,Sesamum,214.01322482197355
Odisha,1998,Winter     ,Sesamum,175.5230951440979
Odisha,1998,Winter     ,Sugarcane,65824.3673012318
Odisha,1998,Autumn     ,Urad,254.40919592043727
Odisha,1998,Summer     ,Urad,207.94025157232704
Odisha,1998,Winter     ,Urad,284.175773908374
Odisha,1998,Summer     ,Wheat,1148.1385729058945
Odisha,2005,Autumn     ,Groundnut,830.2443495946604
Odisha,2005,Summer     ,Groundnut,1413.6001517450684
Odisha,2005,Winter     ,Groundnut,892.7783033743299
Odisha,2005,Autumn     ,Maize,1522.8404724633556
Odisha,2005,Summer     ,Maize,2179.8107255520504
Odisha,2005,Winter     ,Maize,2219.3225025924644
Odisha,2005,Autumn     ,Moong(Green Gram),216.51796839954145
Odisha,2005,Summer     ,Moong(Green Gram),321.3902287813951
Odisha,2005,Winter     ,Moong(Green Gram),184.15007292034048
Odisha,2005,Winter     ,Potato,9040.096327513545
Odisha,2005,Autumn     ,Ragi,622.7338238640674
Odisha,2005,Summer     ,Ragi,796.4601769911504
Odisha,2005,Winter     ,Ragi,608.5182809493265
Odisha,2005,Winter     ,Rapeseed &Mustard,191.36831216596747
Odisha,2005,Autumn     ,Rice,871.9590268886044
Odisha,2005,Summer     ,Rice,2160.0
Odisha,2005,Winter     ,Rice,1623.18410910169
Odisha,2005,Autumn     ,Sesamum,138.35434638354346
Odisha,2005,Summer     ,Sesamum,269.86738941051203
Odisha,2005,Winter     ,Sesamum,237.9478000048378
Odisha,2005,Winter     ,Sugarcane,65699.91427871663
Odisha,2005,Autumn     ,Urad,199.32220871551183
Odisha,2005,Summer     ,Urad,401.89666448659256
Odisha,2005,Winter     ,Urad,257.51171597869643
Odisha,2005,Summer     ,Wheat,1369.3528693528694
Odisha,2006,Autumn     ,Groundnut,874.514091350826
Odisha,2006,Summer     ,Groundnut,1291.5694454264772
Odisha,2006,Winter     ,Groundnut,1147.3833097595473
Odisha,2006,Autumn     ,Maize,1550.0935278713057
Odisha,2006,Summer     ,Maize,2347.0772442588727
Odisha,2006,Winter     ,Maize,2624.8727519511367
Odisha,2006,Autumn     ,Moong(Green Gram),228.96764252696457
Odisha,2006,Summer     ,Moong(Green Gram),269.91543756145524
Odisha,2006,Winter     ,Moong(Green Gram),206.98014873806875
Odisha,2006,Winter     ,Potato,9701.076320939335
Odisha,2006,Autumn     ,Ragi,621.182821690436
Odisha,2006,Summer     ,Ragi,737.2262773722628
Odisha,2006,Winter     ,Ragi,688.1844380403459
Odisha,2006,Winter     ,Rapeseed &Mustard,170.041553987204
Odisha,2006,Autumn     ,Rice,1010.5680317040951
Odisha,2006,Summer     ,Rice,2285.714285714286
Odisha,2006,Winter     ,Rice,1579.757324652264
Odisha,2006,Autumn     ,Sesamum,184.33734939759037
Odisha,2006,Summer     ,Sesamum,251.58738419902156
Odisha,2006,Winter     ,Sesamum,204.1372674791533
Odisha,2006,Winter     ,Sugarcane,63417.36750435432
Odisha,2006,Autumn     ,Urad,216.84522947734183
Odisha,2006,Summer     ,Urad,353.7103628636809
Odisha,2006,Winter     ,Urad,309.69541714608255
Odisha,2006,Summer     ,Wheat,1482.7498083312037
Odisha,2007,Autumn     ,Groundnut,973.3430768253162
Odisha,2007,Summer     ,Groundnut,1376.2913120918267
Odisha,2007,Winter     ,Groundnut,1148.9971346704872
Odisha,2007,Autumn     ,Maize,1899.5053331272222
Odisha,2007,Summer     ,Maize,2259.9164926931107
Odisha,2007,Winter     ,Maize,2735.8954650269025
Odisha,2007,Autumn     ,Moong(Green Gram),250.34829231223878
Odisha,2007,Summer     ,Moong(Green Gram),263.1397750745926
Odisha,2007,Winter     ,Moong(Green Gram),211.29427618815274
Odisha,2007,Winter     ,Potato,11070.589617101245
Odisha,2007,Autumn     ,Ragi,662.051340733112
Odisha,2007,Summer     ,Ragi,884.297520661157
Odisha,2007,Winter     ,Ragi,710.135697839612
Odisha,2007,Winter     ,Rapeseed &Mustard,203.47519516494586
Odisha,2007,Autumn     ,Rice,1097.035040431267
Odisha,2007,Summer     ,Rice,2443.11377245509
Odisha,2007,Winter     ,Rice,1750.5924170616113
Odisha,2007,Autumn     ,Sesamum,169.1696113074205
Odisha,2007,Summer     ,Sesamum,230.1903176785585
Odisha,2007,Winter     ,Sesamum,206.42506305588742
Odisha,2007,Winter     ,Sugarcane,53949.6442807407
Odisha,2007,Autumn     ,Urad,228.48473703567487
Odisha,2007,Summer     ,Urad,379.6956475470895
Odisha,2007,Winter     ,Urad,330.01439763654383
Odisha,2007,Summer     ,Wheat,1571.9178082191781
Odisha,2008,Autumn     ,Groundnut,973.376724004339
Odisha,2008,Summer     ,Groundnut,1278.4225099763823
Odisha,2008,Winter     ,Groundnut,1108.4745762711864
Odisha,2008,Autumn     ,Maize,1986.5655202370426
Odisha,2008,Summer     ,Maize,2650.066696309471
Odisha,2008,Winter     ,Maize,2201.954397394137
Odisha,2008,Autumn     ,Moong(Green Gram),233.72728876345033
Odisha,2008,Summer     ,Moong(Green Gram),291.48970142104423
Odisha,2008,Winter     ,Moong(Green Gram),220.36770807765583
Odisha,2008,Winter     ,Potato,10331.784005468216
Odisha,2008,Autumn     ,Ragi,665.7851366371546
Odisha,2008,Summer     ,Ragi,795.8477508650519
Odisha,2008,Winter     ,Ragi,595.9372537055399
Odisha,2008,Winter     ,Rapeseed &Mustard,183.9691322073384
Odisha,2008,Autumn     ,Rice,1039.6039603960396
Odisha,2008,Summer     ,Rice,2450.1510574018125
Odisha,2008,Winter     ,Rice,1541.1179397131987
Odisha,2008,Autumn     ,Sesamum,136.61971830985917
Odisha,2008,Summer     ,Sesamum,252.8236316246742
Odisha,2008,Winter     ,Sesamum,187.50662099650413
Odisha,2008,Winter     ,Sugarcane,60043.017745981604
Odisha,2008,Autumn     ,Urad,236.6631980575789
Odisha,2008,Summer     ,Urad,387.32030199606993
Odisha,2008,Winter     ,Urad,294.11051198076905
Odisha,2008,Summer     ,Wheat,1402.316309094361
Goa,2008,Kharif     ,Groundnut,1395.638629283489
Goa,2008,Rabi       ,Groundnut,2310.464748656339
Goa,2008,Kharif     ,Ragi,1208.860759493671
Goa,2008,Kharif     ,Rice,2339.7645519947678
Goa,2008,Rabi       ,Rice,2751.274859765426
Goa,2008,Whole Year ,Sugarcane,48239.960822722824
Odisha,2009,Autumn     ,Groundnut,939.6374995932446
Odisha,2009,Summer     ,Groundnut,1334.686567164179
Odisha,2009,Winter     ,Groundnut,1204.8846675712348
Odisha,2009,Autumn     ,Maize,2156.261915050456
Odisha,2009,Summer     ,Maize,2228.6975717439295
Odisha,2009,Winter     ,Maize,1431.2796208530806
Odisha,2009,Autumn     ,Moong(Green Gram),227.73917445124476
Odisha,2009,Summer     ,Moong(Green Gram),314.7987649639781
Odisha,2009,Winter     ,Moong(Green Gram),225.80992625735354
Odisha,2009,Winter     ,Potato,12314.332867843088
Odisha,2009,Autumn     ,Ragi,627.7909956076135
Odisha,2009,Summer     ,Ragi,911.1111111111111
Odisha,2009,Winter     ,Ragi,642.2636607215351
Odisha,2009,Winter     ,Rapeseed &Mustard,213.0675181060665
Odisha,2009,Autumn     ,Rice,899.5633187772926
Odisha,2009,Summer     ,Rice,2694.3396226415093
Odisha,2009,Winter     ,Rice,1635.2182830354527
Odisha,2009,Autumn     ,Sesamum,172.14912280701753
Odisha,2009,Summer     ,Sesamum,271.14590128288756
Odisha,2009,Winter     ,Sesamum,227.0396123713935
Odisha,2009,Winter     ,Sugarcane,61488.579317269076
Odisha,2009,Autumn     ,Urad,220.64153371947296
Odisha,2009,Summer     ,Urad,337.7880812764217
Odisha,2009,Winter     ,Urad,324.71948681641675
Odisha,2009,Summer     ,Wheat,1447.6715072608913
Goa,2009,Kharif     ,Groundnut,2101.754385964912
Goa,2009,Rabi       ,Groundnut,3036.758193091231
Goa,2009,Kharif     ,Ragi,1019.4805194805194
Goa,2009,Kharif     ,Rice,1901.6556503882437
Goa,2009,Rabi       ,Rice,2593.6754925335676
Goa,2009,Whole Year ,Sugarcane,58614.78163493841
Odisha,2010,Autumn     ,Groundnut,960.2549681289839
Odisha,2010,Summer     ,Groundnut,1361.7698551647302
Odisha,2010,Winter     ,Groundnut,1172.4137931034484
Odisha,2010,Autumn     ,Maize,2542.7747316533014
Odisha,2010,Summer     ,Maize,2815.446789402784
Odisha,2010,Winter     ,Maize,2066.2162162162163
Odisha,2010,Autumn     ,Moong(Green Gram),255.29986602569156
Odisha,2010,Summer     ,Moong(Green Gram),332.46306327822225
Odisha,2010,Winter     ,Moong(Green Gram),221.408371761229
Odisha,2010,Winter     ,Potato,11674.019607843138
Odisha,2010,Autumn     ,Ragi,704.5339136742837
Odisha,2010,Summer     ,Ragi,841.4634146341464
Odisha,2010,Winter     ,Ragi,710.784826000627
Odisha,2010,Winter     ,Rapeseed &Mustard,210.04709576138148
Odisha,2010,Autumn     ,Rice,830.3834808259587
Odisha,2010,Summer     ,Rice,2945.3924914675767
Odisha,2010,Winter     ,Rice,1658.3717357910907
Odisha,2010,Autumn     ,Sesamum,201.4479068303431
Odisha,2010,Summer     ,Sesamum,267.0751946891357
Odisha,2010,Winter     ,Sesamum,218.80573969065304
Odisha,2010,Winter     ,Sugarcane,68688.17531578147
Odisha,2010,Autumn     ,Urad,237.10737357986187
Odisha,2010,Summer     ,Urad,371.84926378837037
Odisha,2010,Winter     ,Urad,313.3904403328395
Odisha,2010,Summer     ,Wheat,1461.6730836541826
Goa,2010,Kharif     ,Groundnut,3015.1843817787417
Goa,2010,Rabi       ,Groundnut,2845.29702970297
Goa,2010,Kharif     ,Ragi,886.6666666666666
Goa,2010,Kharif     ,Rice,2357.6978323322014
Goa,2010,Rabi       ,Rice,2676.6583229036296
Goa,2010,Whole Year ,Sugarcane,53321.389793702496
Odisha,2011,Autumn     ,Groundnut,811.6296642798028
Odisha,2011,Summer     ,Groundnut,1485.7362933619434
Odisha,2011,Winter     ,Groundnut,1062.6168224299065
Odisha,2011,Autumn     ,Maize,2046.8221326255648
Odisha,2011,Summer     ,Maize,2496.6003525560313
Odisha,2011,Winter     ,Maize,1282.4858757062148
Odisha,2011,Autumn     ,Moong(Green Gram),211.97450173485032
Odisha,2011,Summer     ,Moong(Green Gram),323.39048939452636
Odisha,2011,Winter     ,Moong(Green Gram),203.00518382265116
Odisha,2011,Winter     ,Potato,10903.27046201765
Odisha,2011,Autumn     ,Ragi,636.2962230571485
Odisha,2011,Summer     ,Ragi,710.5263157894736
Odisha,2011,Winter     ,Ragi,518.1157329948653
Odisha,2011,Winter     ,Rapeseed &Mustard,212.2883405902274
Odisha,2011,Autumn     ,Rice,779.8507462686567
Odisha,2011,Summer     ,Rice,3199.1525423728813
Odisha,2011,Winter     ,Rice,1433.0343334364368
Odisha,2011,Autumn     ,Sesamum,164.93247730794775
Odisha,2011,Summer     ,Sesamum,295.2163140842386
Odisha,2011,Winter     ,Sesamum,149.68057794495195
Odisha,2011,Winter     ,Sugarcane,61019.10476584592
Odisha,2011,Autumn     ,Urad,203.0019519418456
Odisha,2011,Summer     ,Urad,346.6555183946488
Odisha,2011,Winter     ,Urad,287.6836069436808
Odisha,2011,Summer     ,Wheat,1639.9726214921286
Goa,2011,Kharif     ,Groundnut,2862.7450980392155
Goa,2011,Rabi       ,Groundnut,2459.6404652802257
Goa,2011,Kharif     ,Ragi,913.3333333333334
Goa,2011,Kharif     ,Rice,2520.8820046724486
Goa,2011,Rabi       ,Rice,2703.001876172608
Goa,2011,Whole Year ,Sugarcane,50911.475409836065
Odisha,2012,Autumn     ,Groundnut,1052.1466301282815
Odisha,2012,Summer     ,Groundnut,1345.0094356694156
Odisha,2012,Winter     ,Groundnut,1260.9569762766384
Odisha,2012,Autumn     ,Maize,2395.773528242724
Odisha,2012,Summer     ,Maize,2794.857462269424
Odisha,2012,Winter     ,Maize,1459.214501510574
Odisha,2012,Autumn     ,Moong(Green Gram),274.1522712731926
Odisha,2012,Summer     ,Moong(Green Gram),341.16834604639484
Odisha,2012,Winter     ,Moong(Green Gram),276.00426447810435
Odisha,2012,Winter     ,Potato,12212.05860255447
Odisha,2012,Autumn     ,Ragi,719.8605873614445
Odisha,2012,Summer     ,Ragi,789.9159663865546
Odisha,2012,Winter     ,Ragi,792.2682106647114
Odisha,2012,Winter     ,Rapeseed &Mustard,275.5109015104914
Odisha,2012,Autumn     ,Rice,1729.0552584670231
Odisha,2012,Summer     ,Rice,100.59103024684204
Odisha,2012,Winter     ,Rice,2402.132998745295
Odisha,2012,Autumn     ,Sesamum,177.67584097859327
Odisha,2012,Summer     ,Sesamum,320.81117021276594
Odisha,2012,Winter     ,Sesamum,244.28617675623178
Odisha,2012,Winter     ,Sugarcane,65545.07914659326
Odisha,2012,Autumn     ,Urad,293.1231774390019
Odisha,2012,Summer     ,Urad,378.60983867755425
Odisha,2012,Winter     ,Urad,344.8129092024386
Odisha,2012,Summer     ,Wheat,1899.9037536092396
Goa,2012,Kharif     ,Groundnut,2518.7265917602995
Goa,2012,Rabi       ,Groundnut,2378.787878787879
Goa,2012,Kharif     ,Ragi,1041.6666666666667
Goa,2012,Kharif     ,Rice,2598.912174052152
Goa,2012,Rabi       ,Rice,2853.653516295026
Goa,2012,Whole Year ,Sugarcane,53928.57142857143
Odisha,2013,Autumn     ,Groundnut,1093.166673564836
Odisha,2013,Summer     ,Groundnut,1704.0777383084285
Odisha,2013,Winter     ,Groundnut,1384.6614739364888
Odisha,2013,Autumn     ,Maize,2769.8359649795643
Odisha,2013,Summer     ,Maize,2904.48343079922
Odisha,2013,Winter     ,Maize,1510.7913669064749
Odisha,2013,Autumn     ,Moong(Green Gram),320.1988812927284
Odisha,2013,Summer     ,Moong(Green Gram),412.0171673819743
Odisha,2013,Winter     ,Moong(Green Gram),269.49391953033614
Odisha,2013,Winter     ,Potato,11598.439278166152
Odisha,2013,Autumn     ,Ragi,732.3693556570269
Odisha,2013,Summer     ,Ragi,834.061135371179
Odisha,2013,Winter     ,Ragi,839.1859635307725
Odisha,2013,Winter     ,Rapeseed &Mustard,269.0819818479393
Odisha,2013,Autumn     ,Rice,1462.1993127147766
Odisha,2013,Summer     ,Rice,3416.6666666666665
Odisha,2013,Winter     ,Rice,1738.6294724075196
Odisha,2013,Autumn     ,Sesamum,206.06503470953598
Odisha,2013,Summer     ,Sesamum,261.2826603325416
Odisha,2013,Winter     ,Sesamum,237.33844536515986
Odisha,2013,Winter     ,Sugarcane,65891.36705832688
Odisha,2013,Autumn     ,Urad,300.7938521767499
Odisha,2013,Summer     ,Urad,446.8085106382979
Odisha,2013,Winter     ,Urad,308.00590296993175
Odisha,2013,Summer     ,Wheat,1576.6961651917404
Odisha,2014,Autumn     ,Groundnut,1032.1653102003022
Odisha,2014,Summer     ,Groundnut,1470.8978679895483
Odisha,2014,Winter     ,Groundnut,1010.4384133611691
Odisha,2014,Autumn     ,Maize,2039.745342868031
Odisha,2014,Summer     ,Maize,2611.650485436893
Odisha,2014,Winter     ,Maize,1677.7777777777778
Odisha,2014,Autumn     ,Moong(Green Gram),222.81793811622518
Odisha,2014,Summer     ,Moong(Green Gram),400.20046471365436
Odisha,2014,Winter     ,Moong(Green Gram),305.20051534796215
Odisha,2014,Winter     ,Potato,12324.570751924215
Odisha,2014,Autumn     ,Ragi,708.7295861480947
Odisha,2014,Summer     ,Ragi,909.0909090909091
Odisha,2014,Winter     ,Ragi,749.7565725413826
Odisha,2014,Winter     ,Rapeseed &Mustard,244.39173831406265
Odisha,2014,Autumn     ,Rice,1777.0154373927958
Odisha,2014,Summer     ,Rice,3328.9036544850496
Odisha,2014,Winter     ,Rice,2377.20901889092
Odisha,2014,Autumn     ,Sesamum,226.420222886654
Odisha,2014,Summer     ,Sesamum,300.352526439483
Odisha,2014,Winter     ,Sesamum,253.69719292371227
Odisha,2014,Winter     ,Sugarcane,71951.0301582562
Odisha,2014,Autumn     ,Urad,261.69942652015936
Odisha,2014,Summer     ,Urad,400.0
Odisha,2014,Winter     ,Urad,364.4268633844728
Odisha,2014,Summer     ,Wheat,1632.7543424317619
Odisha,2015,Autumn     ,Groundnut,800.5063887416828
Odisha,2015,Summer     ,Groundnut,1241.9634967549287
Odisha,2015,Winter     ,Groundnut,1290.5982905982905
Odisha,2015,Autumn     ,Maize,1968.0752417538747
Odisha,2015,Summer     ,Maize,2619.92768179992
Odisha,2015,Winter     ,Maize,1796.078431372549
Odisha,2015,Autumn     ,Moong(Green Gram),243.1540405342685
Odisha,2015,Summer     ,Moong(Green Gram),325.0066237083769
Odisha,2015,Winter     ,Moong(Green Gram),220.22286656433
Odisha,2015,Winter     ,Potato,10173.480270174192
Odisha,2015,Autumn     ,Ragi,617.0063246661982
Odisha,2015,Summer     ,Ragi,892.2558922558923
Odisha,2015,Winter     ,Ragi,618.6549444907912
Odisha,2015,Winter     ,Rapeseed &Mustard,204.8440065681445
Odisha,2015,Autumn     ,Rice,720.8872458410351
Odisha,2015,Summer     ,Rice,3341.880341880342
Odisha,2015,Winter     ,Rice,1484.6858225449953
Odisha,2015,Autumn     ,Sesamum,210.5441027374113
Odisha,2015,Summer     ,Sesamum,263.1124541333909
Odisha,2015,Winter     ,Sesamum,184.976676853788
Odisha,2015,Winter     ,Sugarcane,64400.58022762776
Odisha,2015,Autumn     ,Urad,246.7827030225334
Odisha,2015,Summer     ,Urad,419.0904283447911
Odisha,2015,Winter     ,Urad,348.74012867686616
Odisha,2015,Summer     ,Wheat,1346.0490463215258
Odisha,2016,Autumn     ,Groundnut,945.2100047192072
Odisha,2016,Summer     ,Groundnut,1533.3952240961369
Odisha,2016,Winter     ,Groundnut,1255.7979334098736
Odisha,2016,Autumn     ,Maize,2854.171231576026
Odisha,2016,Summer     ,Maize,2913.0938586326765
Odisha,2016,Winter     ,Maize,1291.6666666666667
Odisha,2016,Autumn     ,Moong(Green Gram),437.98002601035506
Odisha,2016,Summer     ,Moong(Green Gram),470.79869849259006
Odisha,2016,Winter     ,Moong(Green Gram),325.58666198118
Odisha,2016,Winter     ,Potato,12593.19435928878
Odisha,2016,Autumn     ,Ragi,638.3709519136409
Odisha,2016,Summer     ,Ragi,692.3076923076923
Odisha,2016,Winter     ,Ragi,735.2300947358739
Odisha,2016,Winter     ,Rapeseed &Mustard,345.84450402144773
Odisha,2016,Autumn     ,Rice,1285.3484507868243
Odisha,2016,Summer     ,Rice,3530.963608861998
Odisha,2016,Winter     ,Rice,2585.8451238977823
Odisha,2016,Autumn     ,Sesamum,287.59451134136094
Odisha,2016,Summer     ,Sesamum,305.9233449477352
Odisha,2016,Winter     ,Sesamum,311.72727272727275
Odisha,2016,Winter     ,Sugarcane,62678.68195885672
Odisha,2016,Autumn     ,Urad,398.3655328147962
Odisha,2016,Summer     ,Urad,544.1744711506975
Odisha,2016,Winter     ,Urad,457.4570299989324
Odisha,2016,Summer     ,Wheat,1403.5087719298247
Odisha,2017,Autumn     ,Groundnut,899.0564728735951
Odisha,2017,Summer     ,Groundnut,1308.1514424483587
Odisha,2017,Winter     ,Groundnut,1357.1821684094662
Odisha,2017,Autumn     ,Maize,2511.904761904762
Odisha,2017,Summer     ,Maize,2721.857410881801
Odisha,2017,Winter     ,Maize,1409.090909090909
Odisha,2017,Autumn     ,Moong(Green Gram),319.2275462786623
Odisha,2017,Summer     ,Moong(Green Gram),451.85749158183086
Odisha,2017,Winter     ,Moong(Green Gram),310.343990189055
Odisha,2017,Winter     ,Potato,10542.61220373172
Odisha,2017,Autumn     ,Ragi,764.6883091017726
Odisha,2017,Summer     ,Ragi,681.8181818181819
Odisha,2017,Winter     ,Ragi,767.3551171393342
Odisha,2017,Winter     ,Rapeseed &Mustard,325.8959537572254
Odisha,2017,Autumn     ,Rice,1087.7206215115402
Odisha,2017,Summer     ,Rice,3133.279264666126
Odisha,2017,Winter     ,Rice,1751.4606204775507
Odisha,2017,Autumn     ,Sesamum,244.98156493240475
Odisha,2017,Summer     ,Sesamum,275.97402597402595
Odisha,2017,Winter     ,Sesamum,288.1597717546362
Odisha,2017,Winter     ,Sugarcane,64703.74360355508
Odisha,2017,Autumn     ,Urad,313.7389261416475
Odisha,2017,Summer     ,Urad,497.8194037320369
Odisha,2017,Winter     ,Urad,358.32553788587467
Odisha,2017,Summer     ,Wheat,2164.3835616438355
Odisha,2018,Autumn     ,Groundnut,1023.9657371970111
Odisha,2018,Summer     ,Groundnut,1453.0286786384347
Odisha,2018,Winter     ,Groundnut,1350.0252908447142
Odisha,2018,Autumn     ,Maize,2307.1693197085046
Odisha,2018,Summer     ,Maize,2610.15761821366
Odisha,2018,Winter     ,Maize,2447.7611940298507
Odisha,2018,Autumn     ,Moong(Green Gram),263.5892604804522
Odisha,2018,Summer     ,Moong(Green Gram),354.1881461253379
Odisha,2018,Winter     ,Moong(Green Gram),275.6446165911746
Odisha,2018,Winter     ,Potato,11113.265306122448
Odisha,2018,Autumn     ,Ragi,684.6434026553871
Odisha,2018,Summer     ,Ragi,622.6415094339623
Odisha,2018,Winter     ,Ragi,692.6710563985113
Odisha,2018,Winter     ,Rapeseed &Mustard,275.2948994849643
Odisha,2018,Autumn     ,Rice,1160.9261174813478
Odisha,2018,Summer     ,Rice,3376.034715384896
Odisha,2018,Winter     ,Rice,2005.9952344753133
Odisha,2018,Autumn     ,Sesamum,307.7889447236181
Odisha,2018,Summer     ,Sesamum,201.43562135486766
Odisha,2018,Winter     ,Sesamum,231.81982633863964
Odisha,2018,Winter     ,Sugarcane,61621.717320743584
Odisha,2018,Autumn     ,Urad,261.1516034985423
Odisha,2018,Summer     ,Urad,511.04791074163205
Odisha,2018,Winter     ,Urad,331.72396359959555
Odisha,2018,Summer     ,Wheat,1823.1292517006802
Nagaland,1998,Kharif     ,Maize,1233.3333333333333
Nagaland,1998,Kharif     ,Rice,1453.900709219858
Nagaland,1998,Rabi       ,Wheat,3000.0
Jammu and Kashmir,1997,Kharif     ,Maize,1418.2184294413012
Jammu and Kashmir,1997,Kharif     ,Rice,19.90237392382845
Jammu and Kashmir,1997,Rabi       ,Wheat,1638.4785079216524
