Area  ,Item             ,Year ,hg/ha_yield ,average_rain_fall_mm_per_year ,pesticides_tonnes ,avg_temp ,kg_per_ha_yield
India ,Cassava          ,1990 ,     205381 ,                         1083 ,         75000.0  ,   25.58 ,        20538.1
India ,Cassava          ,1990 ,     205381 ,                         1083 ,         75000.0  ,   26.88 ,        20538.1
India ,Cassava          ,1990 ,     205381 ,                         1083 ,         75000.0  ,   25.79 ,        20538.1
India ,Cassava          ,1990 ,     205381 ,                         1083 ,         75000.0  ,   24.1  ,        20538.1
India ,Cassava          ,1990 ,     205381 ,                         1083 ,         75000.0  ,   25.25 ,        20538.1
India ,Cassava          ,1990 ,     205381 ,                         1083 ,         75000.0  ,   25.44 ,        20538.1
India ,Cassava          ,1990 ,     205381 ,                         1083 ,         75000.0  ,   25.54 ,        20538.1
India ,Cassava          ,1990 ,     205381 ,                         1083 ,         75000.0  ,   26.36 ,        20538.1
India ,Cassava          ,1990 ,     205381 ,                         1083 ,         75000.0  ,   26.91 ,        20538.1
India ,Cassava          ,1990 ,     205381 ,                         1083 ,         75000.0  ,   25.16 ,        20538.1
India ,Cassava          ,1990 ,     205381 ,                         1083 ,         75000.0  ,   25.77 ,        20538.1
India ,Cassava          ,1990 ,     205381 ,                         1083 ,         75000.0  ,   25.12 ,        20538.1
India ,Cassava          ,1990 ,     205381 ,                         1083 ,         75000.0  ,   24.1  ,        20538.1
India ,Cassava          ,1990 ,     205381 ,                         1083 ,         75000.0  ,   25.68 ,        20538.1
India ,Cassava          ,1990 ,     205381 ,                         1083 ,         75000.0  ,   25.54 ,        20538.1
India ,Cassava          ,1990 ,     205381 ,                         1083 ,         75000.0  ,   25.44 ,        20538.1
India ,Cassava          ,1990 ,     205381 ,                         1083 ,         75000.0  ,   24.78 ,        20538.1
India ,Cassava          ,1990 ,     205381 ,                         1083 ,         75000.0  ,   26.59 ,        20538.1
India ,Cassava          ,1990 ,     205381 ,                         1083 ,         75000.0  ,   24.37 ,        20538.1
India ,Cassava          ,1990 ,     205381 ,                         1083 ,         75000.0  ,   26.63 ,        20538.1
India ,Cassava          ,1990 ,     205381 ,                         1083 ,         75000.0  ,   26.63 ,        20538.1
India ,Cassava          ,1990 ,     205381 ,                         1083 ,         75000.0  ,   25.64 ,        20538.1
India ,Maize            ,1990 ,      15178 ,                         1083 ,         75000.0  ,   25.58 ,         1517.8
India ,Maize            ,1990 ,      15178 ,                         1083 ,         75000.0  ,   26.88 ,         1517.8
India ,Maize            ,1990 ,      15178 ,                         1083 ,         75000.0  ,   25.79 ,         1517.8
India ,Maize            ,1990 ,      15178 ,                         1083 ,         75000.0  ,   24.1  ,         1517.8
India ,Maize            ,1990 ,      15178 ,                         1083 ,         75000.0  ,   25.25 ,         1517.8
India ,Maize            ,1990 ,      15178 ,                         1083 ,         75000.0  ,   25.44 ,         1517.8
India ,Maize            ,1990 ,      15178 ,                         1083 ,         75000.0  ,   25.54 ,         1517.8
India ,Maize            ,1990 ,      15178 ,                         1083 ,         75000.0  ,   26.36 ,         1517.8
India ,Maize            ,1990 ,      15178 ,                         1083 ,         75000.0  ,   26.91 ,         1517.8
India ,Maize            ,1990 ,      15178 ,                         1083 ,         75000.0  ,   25.16 ,         1517.8
India ,Maize            ,1990 ,      15178 ,                         1083 ,         75000.0  ,   25.77 ,         1517.8
India ,Maize            ,1990 ,      15178 ,                         1083 ,         75000.0  ,   25.12 ,         1517.8
India ,Maize            ,1990 ,      15178 ,                         1083 ,         75000.0  ,   24.1  ,         1517.8
India ,Maize            ,1990 ,      15178 ,                         1083 ,         75000.0  ,   25.68 ,         1517.8
India ,Maize            ,1990 ,      15178 ,                         1083 ,         75000.0  ,   25.54 ,         1517.8
India ,Maize            ,1990 ,      15178 ,                         1083 ,         75000.0  ,   25.44 ,         1517.8
India ,Maize            ,1990 ,      15178 ,                         1083 ,         75000.0  ,   24.78 ,         1517.8
India ,Maize            ,1990 ,      15178 ,                         1083 ,         75000.0  ,   26.59 ,         1517.8
India ,Maize            ,1990 ,      15178 ,                         1083 ,         75000.0  ,   24.37 ,         1517.8
India ,Maize            ,1990 ,      15178 ,                         1083 ,         75000.0  ,   26.63 ,         1517.8
India ,Maize            ,1990 ,      15178 ,                         1083 ,         75000.0  ,   26.63 ,         1517.8
India ,Maize            ,1990 ,      15178 ,                         1083 ,         75000.0  ,   25.64 ,         1517.8
India ,Potatoes         ,1990 ,     157136 ,                         1083 ,         75000.0  ,   25.58 ,        15713.6
India ,Potatoes         ,1990 ,     157136 ,                         1083 ,         75000.0  ,   26.88 ,        15713.6
India ,Potatoes         ,1990 ,     157136 ,                         1083 ,         75000.0  ,   25.79 ,        15713.6
India ,Potatoes         ,1990 ,     157136 ,                         1083 ,         75000.0  ,   24.1  ,        15713.6
India ,Potatoes         ,1990 ,     157136 ,                         1083 ,         75000.0  ,   25.25 ,        15713.6
India ,Potatoes         ,1990 ,     157136 ,                         1083 ,         75000.0  ,   25.44 ,        15713.6
India ,Potatoes         ,1990 ,     157136 ,                         1083 ,         75000.0  ,   25.54 ,        15713.6
India ,Potatoes         ,1990 ,     157136 ,                         1083 ,         75000.0  ,   26.36 ,        15713.6
India ,Potatoes         ,1990 ,     157136 ,                         1083 ,         75000.0  ,   26.91 ,        15713.6
India ,Potatoes         ,1990 ,     157136 ,                         1083 ,         75000.0  ,   25.16 ,        15713.6
India ,Potatoes         ,1990 ,     157136 ,                         1083 ,         75000.0  ,   25.77 ,        15713.6
India ,Potatoes         ,1990 ,     157136 ,                         1083 ,         75000.0  ,   25.12 ,        15713.6
India ,Potatoes         ,1990 ,     157136 ,                         1083 ,         75000.0  ,   24.1  ,        15713.6
India ,Potatoes         ,1990 ,     157136 ,                         1083 ,         75000.0  ,   25.68 ,        15713.6
India ,Potatoes         ,1990 ,     157136 ,                         1083 ,         75000.0  ,   25.54 ,        15713.6
India ,Potatoes         ,1990 ,     157136 ,                         1083 ,         75000.0  ,   25.44 ,        15713.6
India ,Potatoes         ,1990 ,     157136 ,                         1083 ,         75000.0  ,   24.78 ,        15713.6
India ,Potatoes         ,1990 ,     157136 ,                         1083 ,         75000.0  ,   26.59 ,        15713.6
India ,Potatoes         ,1990 ,     157136 ,                         1083 ,         75000.0  ,   24.37 ,        15713.6
India ,Potatoes         ,1990 ,     157136 ,                         1083 ,         75000.0  ,   26.63 ,        15713.6
India ,Potatoes         ,1990 ,     157136 ,                         1083 ,         75000.0  ,   26.63 ,        15713.6
India ,Potatoes         ,1990 ,     157136 ,                         1083 ,         75000.0  ,   25.64 ,        15713.6
India ,"""Rice Paddy""" ,1990 ,      26125 ,                         1083 ,         75000.0  ,   25.58 ,         2612.5
India ,"""Rice Paddy""" ,1990 ,      26125 ,                         1083 ,         75000.0  ,   26.88 ,         2612.5
India ,"""Rice Paddy""" ,1990 ,      26125 ,                         1083 ,         75000.0  ,   25.79 ,         2612.5
India ,"""Rice Paddy""" ,1990 ,      26125 ,                         1083 ,         75000.0  ,   24.1  ,         2612.5
India ,"""Rice Paddy""" ,1990 ,      26125 ,                         1083 ,         75000.0  ,   25.25 ,         2612.5
India ,"""Rice Paddy""" ,1990 ,      26125 ,                         1083 ,         75000.0  ,   25.44 ,         2612.5
India ,"""Rice Paddy""" ,1990 ,      26125 ,                         1083 ,         75000.0  ,   25.54 ,         2612.5
India ,"""Rice Paddy""" ,1990 ,      26125 ,                         1083 ,         75000.0  ,   26.36 ,         2612.5
India ,"""Rice Paddy""" ,1990 ,      26125 ,                         1083 ,         75000.0  ,   26.91 ,         2612.5
India ,"""Rice Paddy""" ,1990 ,      26125 ,                         1083 ,         75000.0  ,   25.16 ,         2612.5
India ,"""Rice Paddy""" ,1990 ,      26125 ,                         1083 ,         75000.0  ,   25.77 ,         2612.5
India ,"""Rice Paddy""" ,1990 ,      26125 ,                         1083 ,         75000.0  ,   25.12 ,         2612.5
India ,"""Rice Paddy""" ,1990 ,      26125 ,                         1083 ,         75000.0  ,   24.1  ,         2612.5
India ,"""Rice Paddy""" ,1990 ,      26125 ,                         1083 ,         75000.0  ,   25.68 ,         2612.5
India ,"""Rice Paddy""" ,1990 ,      26125 ,                         1083 ,         75000.0  ,   25.54 ,         2612.5
India ,"""Rice Paddy""" ,1990 ,      26125 ,                         1083 ,         75000.0  ,   25.44 ,         2612.5
India ,"""Rice Paddy""" ,1990 ,      26125 ,                         1083 ,         75000.0  ,   24.78 ,         2612.5
India ,"""Rice Paddy""" ,1990 ,      26125 ,                         1083 ,         75000.0  ,   26.59 ,         2612.5
India ,"""Rice Paddy""" ,1990 ,      26125 ,                         1083 ,         75000.0  ,   24.37 ,         2612.5
India ,"""Rice Paddy""" ,1990 ,      26125 ,                         1083 ,         75000.0  ,   26.63 ,         2612.5
India ,"""Rice Paddy""" ,1990 ,      26125 ,                         1083 ,         75000.0  ,   26.63 ,         2612.5
India ,"""Rice Paddy""" ,1990 ,      26125 ,                         1083 ,         75000.0  ,   25.64 ,         2612.5
India ,Sorghum          ,1990 ,       8136 ,                         1083 ,         75000.0  ,   25.58 ,          813.6
India ,Sorghum          ,1990 ,       8136 ,                         1083 ,         75000.0  ,   26.88 ,          813.6
India ,Sorghum          ,1990 ,       8136 ,                         1083 ,         75000.0  ,   25.79 ,          813.6
India ,Sorghum          ,1990 ,       8136 ,                         1083 ,         75000.0  ,   24.1  ,          813.6
India ,Sorghum          ,1990 ,       8136 ,                         1083 ,         75000.0  ,   25.25 ,          813.6
India ,Sorghum          ,1990 ,       8136 ,                         1083 ,         75000.0  ,   25.44 ,          813.6
India ,Sorghum          ,1990 ,       8136 ,                         1083 ,         75000.0  ,   25.54 ,          813.6
India ,Sorghum          ,1990 ,       8136 ,                         1083 ,         75000.0  ,   26.36 ,          813.6
India ,Sorghum          ,1990 ,       8136 ,                         1083 ,         75000.0  ,   26.91 ,          813.6
India ,Sorghum          ,1990 ,       8136 ,                         1083 ,         75000.0  ,   25.16 ,          813.6
India ,Sorghum          ,1990 ,       8136 ,                         1083 ,         75000.0  ,   25.77 ,          813.6
India ,Sorghum          ,1990 ,       8136 ,                         1083 ,         75000.0  ,   25.12 ,          813.6
India ,Sorghum          ,1990 ,       8136 ,                         1083 ,         75000.0  ,   24.1  ,          813.6
India ,Sorghum          ,1990 ,       8136 ,                         1083 ,         75000.0  ,   25.68 ,          813.6
India ,Sorghum          ,1990 ,       8136 ,                         1083 ,         75000.0  ,   25.54 ,          813.6
India ,Sorghum          ,1990 ,       8136 ,                         1083 ,         75000.0  ,   25.44 ,          813.6
India ,Sorghum          ,1990 ,       8136 ,                         1083 ,         75000.0  ,   24.78 ,          813.6
India ,Sorghum          ,1990 ,       8136 ,                         1083 ,         75000.0  ,   26.59 ,          813.6
India ,Sorghum          ,1990 ,       8136 ,                         1083 ,         75000.0  ,   24.37 ,          813.6
India ,Sorghum          ,1990 ,       8136 ,                         1083 ,         75000.0  ,   26.63 ,          813.6
India ,Sorghum          ,1990 ,       8136 ,                         1083 ,         75000.0  ,   26.63 ,          813.6
India ,Sorghum          ,1990 ,       8136 ,                         1083 ,         75000.0  ,   25.64 ,          813.6
India ,Soybeans         ,1990 ,      10145 ,                         1083 ,         75000.0  ,   25.58 ,         1014.5
India ,Soybeans         ,1990 ,      10145 ,                         1083 ,         75000.0  ,   26.88 ,         1014.5
India ,Soybeans         ,1990 ,      10145 ,                         1083 ,         75000.0  ,   25.79 ,         1014.5
India ,Soybeans         ,1990 ,      10145 ,                         1083 ,         75000.0  ,   24.1  ,         1014.5
India ,Soybeans         ,1990 ,      10145 ,                         1083 ,         75000.0  ,   25.25 ,         1014.5
India ,Soybeans         ,1990 ,      10145 ,                         1083 ,         75000.0  ,   25.44 ,         1014.5
India ,Soybeans         ,1990 ,      10145 ,                         1083 ,         75000.0  ,   25.54 ,         1014.5
India ,Soybeans         ,1990 ,      10145 ,                         1083 ,         75000.0  ,   26.36 ,         1014.5
India ,Soybeans         ,1990 ,      10145 ,                         1083 ,         75000.0  ,   26.91 ,         1014.5
India ,Soybeans         ,1990 ,      10145 ,                         1083 ,         75000.0  ,   25.16 ,         1014.5
India ,Soybeans         ,1990 ,      10145 ,                         1083 ,         75000.0  ,   25.77 ,         1014.5
India ,Soybeans         ,1990 ,      10145 ,                         1083 ,         75000.0  ,   25.12 ,         1014.5
India ,Soybeans         ,1990 ,      10145 ,                         1083 ,         75000.0  ,   24.1  ,         1014.5
India ,Soybeans         ,1990 ,      10145 ,                         1083 ,         75000.0  ,   25.68 ,         1014.5
India ,Soybeans         ,1990 ,      10145 ,                         1083 ,         75000.0  ,   25.54 ,         1014.5
India ,Soybeans         ,1990 ,      10145 ,                         1083 ,         75000.0  ,   25.44 ,         1014.5
India ,Soybeans         ,1990 ,      10145 ,                         1083 ,         75000.0  ,   24.78 ,         1014.5
India ,Soybeans         ,1990 ,      10145 ,                         1083 ,         75000.0  ,   26.59 ,         1014.5
India ,Soybeans         ,1990 ,      10145 ,                         1083 ,         75000.0  ,   24.37 ,         1014.5
India ,Soybeans         ,1990 ,      10145 ,                         1083 ,         75000.0  ,   26.63 ,         1014.5
India ,Soybeans         ,1990 ,      10145 ,                         1083 ,         75000.0  ,   26.63 ,         1014.5
India ,Soybeans         ,1990 ,      10145 ,                         1083 ,         75000.0  ,   25.64 ,         1014.5
India ,Sweet Potatoes   ,1990 ,      79663 ,                         1083 ,         75000.0  ,   25.58 ,         7966.3
India ,Sweet Potatoes   ,1990 ,      79663 ,                         1083 ,         75000.0  ,   26.88 ,         7966.3
India ,Sweet Potatoes   ,1990 ,      79663 ,                         1083 ,         75000.0  ,   25.79 ,         7966.3
India ,Sweet Potatoes   ,1990 ,      79663 ,                         1083 ,         75000.0  ,   24.1  ,         7966.3
India ,Sweet Potatoes   ,1990 ,      79663 ,                         1083 ,         75000.0  ,   25.25 ,         7966.3
India ,Sweet Potatoes   ,1990 ,      79663 ,                         1083 ,         75000.0  ,   25.44 ,         7966.3
India ,Sweet Potatoes   ,1990 ,      79663 ,                         1083 ,         75000.0  ,   25.54 ,         7966.3
India ,Sweet Potatoes   ,1990 ,      79663 ,                         1083 ,         75000.0  ,   26.36 ,         7966.3
India ,Sweet Potatoes   ,1990 ,      79663 ,                         1083 ,         75000.0  ,   26.91 ,         7966.3
India ,Sweet Potatoes   ,1990 ,      79663 ,                         1083 ,         75000.0  ,   25.16 ,         7966.3
India ,Sweet Potatoes   ,1990 ,      79663 ,                         1083 ,         75000.0  ,   25.77 ,         7966.3
India ,Sweet Potatoes   ,1990 ,      79663 ,                         1083 ,         75000.0  ,   25.12 ,         7966.3
India ,Sweet Potatoes   ,1990 ,      79663 ,                         1083 ,         75000.0  ,   24.1  ,         7966.3
India ,Sweet Potatoes   ,1990 ,      79663 ,                         1083 ,         75000.0  ,   25.68 ,         7966.3
India ,Sweet Potatoes   ,1990 ,      79663 ,                         1083 ,         75000.0  ,   25.54 ,         7966.3
India ,Sweet Potatoes   ,1990 ,      79663 ,                         1083 ,         75000.0  ,   25.44 ,         7966.3
India ,Sweet Potatoes   ,1990 ,      79663 ,                         1083 ,         75000.0  ,   24.78 ,         7966.3
India ,Sweet Potatoes   ,1990 ,      79663 ,                         1083 ,         75000.0  ,   26.59 ,         7966.3
India ,Sweet Potatoes   ,1990 ,      79663 ,                         1083 ,         75000.0  ,   24.37 ,         7966.3
India ,Sweet Potatoes   ,1990 ,      79663 ,                         1083 ,         75000.0  ,   26.63 ,         7966.3
India ,Sweet Potatoes   ,1990 ,      79663 ,                         1083 ,         75000.0  ,   26.63 ,         7966.3
India ,Sweet Potatoes   ,1990 ,      79663 ,                         1083 ,         75000.0  ,   25.64 ,         7966.3
India ,Wheat            ,1990 ,      21211 ,                         1083 ,         75000.0  ,   25.58 ,         2121.1
India ,Wheat            ,1990 ,      21211 ,                         1083 ,         75000.0  ,   26.88 ,         2121.1
India ,Wheat            ,1990 ,      21211 ,                         1083 ,         75000.0  ,   25.79 ,         2121.1
India ,Wheat            ,1990 ,      21211 ,                         1083 ,         75000.0  ,   24.1  ,         2121.1
India ,Wheat            ,1990 ,      21211 ,                         1083 ,         75000.0  ,   25.25 ,         2121.1
India ,Wheat            ,1990 ,      21211 ,                         1083 ,         75000.0  ,   25.44 ,         2121.1
India ,Wheat            ,1990 ,      21211 ,                         1083 ,         75000.0  ,   25.54 ,         2121.1
India ,Wheat            ,1990 ,      21211 ,                         1083 ,         75000.0  ,   26.36 ,         2121.1
India ,Wheat            ,1990 ,      21211 ,                         1083 ,         75000.0  ,   26.91 ,         2121.1
India ,Wheat            ,1990 ,      21211 ,                         1083 ,         75000.0  ,   25.16 ,         2121.1
India ,Wheat            ,1990 ,      21211 ,                         1083 ,         75000.0  ,   25.77 ,         2121.1
India ,Wheat            ,1990 ,      21211 ,                         1083 ,         75000.0  ,   25.12 ,         2121.1
India ,Wheat            ,1990 ,      21211 ,                         1083 ,         75000.0  ,   24.1  ,         2121.1
India ,Wheat            ,1990 ,      21211 ,                         1083 ,         75000.0  ,   25.68 ,         2121.1
India ,Wheat            ,1990 ,      21211 ,                         1083 ,         75000.0  ,   25.54 ,         2121.1
India ,Wheat            ,1990 ,      21211 ,                         1083 ,         75000.0  ,   25.44 ,         2121.1
India ,Wheat            ,1990 ,      21211 ,                         1083 ,         75000.0  ,   24.78 ,         2121.1
India ,Wheat            ,1990 ,      21211 ,                         1083 ,         75000.0  ,   26.59 ,         2121.1
India ,Wheat            ,1990 ,      21211 ,                         1083 ,         75000.0  ,   24.37 ,         2121.1
India ,Wheat            ,1990 ,      21211 ,                         1083 ,         75000.0  ,   26.63 ,         2121.1
India ,Wheat            ,1990 ,      21211 ,                         1083 ,         75000.0  ,   26.63 ,         2121.1
India ,Wheat            ,1990 ,      21211 ,                         1083 ,         75000.0  ,   25.64 ,         2121.1
India ,Cassava          ,1991 ,     218925 ,                         1083 ,         72133.0  ,   25.85 ,        21892.5
India ,Cassava          ,1991 ,     218925 ,                         1083 ,         72133.0  ,   26.9  ,        21892.5
India ,Cassava          ,1991 ,     218925 ,                         1083 ,         72133.0  ,   25.96 ,        21892.5
India ,Cassava          ,1991 ,     218925 ,                         1083 ,         72133.0  ,   23.77 ,        21892.5
India ,Cassava          ,1991 ,     218925 ,                         1083 ,         72133.0  ,   25.49 ,        21892.5
India ,Cassava          ,1991 ,     218925 ,                         1083 ,         72133.0  ,   25.82 ,        21892.5
India ,Cassava          ,1991 ,     218925 ,                         1083 ,         72133.0  ,   25.74 ,        21892.5
India ,Cassava          ,1991 ,     218925 ,                         1083 ,         72133.0  ,   26.54 ,        21892.5
India ,Cassava          ,1991 ,     218925 ,                         1083 ,         72133.0  ,   27.35 ,        21892.5
India ,Cassava          ,1991 ,     218925 ,                         1083 ,         72133.0  ,   25.4  ,        21892.5
India ,Cassava          ,1991 ,     218925 ,                         1083 ,         72133.0  ,   25.99 ,        21892.5
India ,Cassava          ,1991 ,     218925 ,                         1083 ,         72133.0  ,   25.32 ,        21892.5
India ,Cassava          ,1991 ,     218925 ,                         1083 ,         72133.0  ,   23.77 ,        21892.5
India ,Cassava          ,1991 ,     218925 ,                         1083 ,         72133.0  ,   26.2  ,        21892.5
India ,Cassava          ,1991 ,     218925 ,                         1083 ,         72133.0  ,   25.74 ,        21892.5
India ,Cassava          ,1991 ,     218925 ,                         1083 ,         72133.0  ,   25.55 ,        21892.5
India ,Cassava          ,1991 ,     218925 ,                         1083 ,         72133.0  ,   25.06 ,        21892.5
India ,Cassava          ,1991 ,     218925 ,                         1083 ,         72133.0  ,   26.34 ,        21892.5
India ,Cassava          ,1991 ,     218925 ,                         1083 ,         72133.0  ,   24.62 ,        21892.5
India ,Cassava          ,1991 ,     218925 ,                         1083 ,         72133.0  ,   26.7  ,        21892.5
India ,Cassava          ,1991 ,     218925 ,                         1083 ,         72133.0  ,   26.7  ,        21892.5
India ,Cassava          ,1991 ,     218925 ,                         1083 ,         72133.0  ,   25.74 ,        21892.5
India ,Maize            ,1991 ,      13763 ,                         1083 ,         72133.0  ,   25.85 ,         1376.3
India ,Maize            ,1991 ,      13763 ,                         1083 ,         72133.0  ,   26.9  ,         1376.3
India ,Maize            ,1991 ,      13763 ,                         1083 ,         72133.0  ,   25.96 ,         1376.3
India ,Maize            ,1991 ,      13763 ,                         1083 ,         72133.0  ,   23.77 ,         1376.3
India ,Maize            ,1991 ,      13763 ,                         1083 ,         72133.0  ,   25.49 ,         1376.3
India ,Maize            ,1991 ,      13763 ,                         1083 ,         72133.0  ,   25.82 ,         1376.3
India ,Maize            ,1991 ,      13763 ,                         1083 ,         72133.0  ,   25.74 ,         1376.3
India ,Maize            ,1991 ,      13763 ,                         1083 ,         72133.0  ,   26.54 ,         1376.3
India ,Maize            ,1991 ,      13763 ,                         1083 ,         72133.0  ,   27.35 ,         1376.3
India ,Maize            ,1991 ,      13763 ,                         1083 ,         72133.0  ,   25.4  ,         1376.3
India ,Maize            ,1991 ,      13763 ,                         1083 ,         72133.0  ,   25.99 ,         1376.3
India ,Maize            ,1991 ,      13763 ,                         1083 ,         72133.0  ,   25.32 ,         1376.3
India ,Maize            ,1991 ,      13763 ,                         1083 ,         72133.0  ,   23.77 ,         1376.3
India ,Maize            ,1991 ,      13763 ,                         1083 ,         72133.0  ,   26.2  ,         1376.3
India ,Maize            ,1991 ,      13763 ,                         1083 ,         72133.0  ,   25.74 ,         1376.3
India ,Maize            ,1991 ,      13763 ,                         1083 ,         72133.0  ,   25.55 ,         1376.3
India ,Maize            ,1991 ,      13763 ,                         1083 ,         72133.0  ,   25.06 ,         1376.3
India ,Maize            ,1991 ,      13763 ,                         1083 ,         72133.0  ,   26.34 ,         1376.3
India ,Maize            ,1991 ,      13763 ,                         1083 ,         72133.0  ,   24.62 ,         1376.3
India ,Maize            ,1991 ,      13763 ,                         1083 ,         72133.0  ,   26.7  ,         1376.3
India ,Maize            ,1991 ,      13763 ,                         1083 ,         72133.0  ,   26.7  ,         1376.3
India ,Maize            ,1991 ,      13763 ,                         1083 ,         72133.0  ,   25.74 ,         1376.3
India ,Potatoes         ,1991 ,     162540 ,                         1083 ,         72133.0  ,   25.85 ,        16254.0
India ,Potatoes         ,1991 ,     162540 ,                         1083 ,         72133.0  ,   26.9  ,        16254.0
India ,Potatoes         ,1991 ,     162540 ,                         1083 ,         72133.0  ,   25.96 ,        16254.0
India ,Potatoes         ,1991 ,     162540 ,                         1083 ,         72133.0  ,   23.77 ,        16254.0
India ,Potatoes         ,1991 ,     162540 ,                         1083 ,         72133.0  ,   25.49 ,        16254.0
India ,Potatoes         ,1991 ,     162540 ,                         1083 ,         72133.0  ,   25.82 ,        16254.0
India ,Potatoes         ,1991 ,     162540 ,                         1083 ,         72133.0  ,   25.74 ,        16254.0
India ,Potatoes         ,1991 ,     162540 ,                         1083 ,         72133.0  ,   26.54 ,        16254.0
India ,Potatoes         ,1991 ,     162540 ,                         1083 ,         72133.0  ,   27.35 ,        16254.0
India ,Potatoes         ,1991 ,     162540 ,                         1083 ,         72133.0  ,   25.4  ,        16254.0
India ,Potatoes         ,1991 ,     162540 ,                         1083 ,         72133.0  ,   25.99 ,        16254.0
India ,Potatoes         ,1991 ,     162540 ,                         1083 ,         72133.0  ,   25.32 ,        16254.0
India ,Potatoes         ,1991 ,     162540 ,                         1083 ,         72133.0  ,   23.77 ,        16254.0
India ,Potatoes         ,1991 ,     162540 ,                         1083 ,         72133.0  ,   26.2  ,        16254.0
India ,Potatoes         ,1991 ,     162540 ,                         1083 ,         72133.0  ,   25.74 ,        16254.0
India ,Potatoes         ,1991 ,     162540 ,                         1083 ,         72133.0  ,   25.55 ,        16254.0
India ,Potatoes         ,1991 ,     162540 ,                         1083 ,         72133.0  ,   25.06 ,        16254.0
India ,Potatoes         ,1991 ,     162540 ,                         1083 ,         72133.0  ,   26.34 ,        16254.0
India ,Potatoes         ,1991 ,     162540 ,                         1083 ,         72133.0  ,   24.62 ,        16254.0
India ,Potatoes         ,1991 ,     162540 ,                         1083 ,         72133.0  ,   26.7  ,        16254.0
India ,Potatoes         ,1991 ,     162540 ,                         1083 ,         72133.0  ,   26.7  ,        16254.0
India ,Potatoes         ,1991 ,     162540 ,                         1083 ,         72133.0  ,   25.74 ,        16254.0
India ,"""Rice Paddy""" ,1991 ,      26271 ,                         1083 ,         72133.0  ,   25.85 ,         2627.1
India ,"""Rice Paddy""" ,1991 ,      26271 ,                         1083 ,         72133.0  ,   26.9  ,         2627.1
India ,"""Rice Paddy""" ,1991 ,      26271 ,                         1083 ,         72133.0  ,   25.96 ,         2627.1
India ,"""Rice Paddy""" ,1991 ,      26271 ,                         1083 ,         72133.0  ,   23.77 ,         2627.1
India ,"""Rice Paddy""" ,1991 ,      26271 ,                         1083 ,         72133.0  ,   25.49 ,         2627.1
India ,"""Rice Paddy""" ,1991 ,      26271 ,                         1083 ,         72133.0  ,   25.82 ,         2627.1
India ,"""Rice Paddy""" ,1991 ,      26271 ,                         1083 ,         72133.0  ,   25.74 ,         2627.1
India ,"""Rice Paddy""" ,1991 ,      26271 ,                         1083 ,         72133.0  ,   26.54 ,         2627.1
India ,"""Rice Paddy""" ,1991 ,      26271 ,                         1083 ,         72133.0  ,   27.35 ,         2627.1
India ,"""Rice Paddy""" ,1991 ,      26271 ,                         1083 ,         72133.0  ,   25.4  ,         2627.1
India ,"""Rice Paddy""" ,1991 ,      26271 ,                         1083 ,         72133.0  ,   25.99 ,         2627.1
India ,"""Rice Paddy""" ,1991 ,      26271 ,                         1083 ,         72133.0  ,   25.32 ,         2627.1
India ,"""Rice Paddy""" ,1991 ,      26271 ,                         1083 ,         72133.0  ,   23.77 ,         2627.1
India ,"""Rice Paddy""" ,1991 ,      26271 ,                         1083 ,         72133.0  ,   26.2  ,         2627.1
India ,"""Rice Paddy""" ,1991 ,      26271 ,                         1083 ,         72133.0  ,   25.74 ,         2627.1
India ,"""Rice Paddy""" ,1991 ,      26271 ,                         1083 ,         72133.0  ,   25.55 ,         2627.1
India ,"""Rice Paddy""" ,1991 ,      26271 ,                         1083 ,         72133.0  ,   25.06 ,         2627.1
India ,"""Rice Paddy""" ,1991 ,      26271 ,                         1083 ,         72133.0  ,   26.34 ,         2627.1
India ,"""Rice Paddy""" ,1991 ,      26271 ,                         1083 ,         72133.0  ,   24.62 ,         2627.1
India ,"""Rice Paddy""" ,1991 ,      26271 ,                         1083 ,         72133.0  ,   26.7  ,         2627.1
India ,"""Rice Paddy""" ,1991 ,      26271 ,                         1083 ,         72133.0  ,   26.7  ,         2627.1
India ,"""Rice Paddy""" ,1991 ,      26271 ,                         1083 ,         72133.0  ,   25.74 ,         2627.1
India ,Sorghum          ,1991 ,       6553 ,                         1083 ,         72133.0  ,   25.85 ,          655.3
India ,Sorghum          ,1991 ,       6553 ,                         1083 ,         72133.0  ,   26.9  ,          655.3
India ,Sorghum          ,1991 ,       6553 ,                         1083 ,         72133.0  ,   25.96 ,          655.3
India ,Sorghum          ,1991 ,       6553 ,                         1083 ,         72133.0  ,   23.77 ,          655.3
India ,Sorghum          ,1991 ,       6553 ,                         1083 ,         72133.0  ,   25.49 ,          655.3
India ,Sorghum          ,1991 ,       6553 ,                         1083 ,         72133.0  ,   25.82 ,          655.3
India ,Sorghum          ,1991 ,       6553 ,                         1083 ,         72133.0  ,   25.74 ,          655.3
India ,Sorghum          ,1991 ,       6553 ,                         1083 ,         72133.0  ,   26.54 ,          655.3
India ,Sorghum          ,1991 ,       6553 ,                         1083 ,         72133.0  ,   27.35 ,          655.3
India ,Sorghum          ,1991 ,       6553 ,                         1083 ,         72133.0  ,   25.4  ,          655.3
India ,Sorghum          ,1991 ,       6553 ,                         1083 ,         72133.0  ,   25.99 ,          655.3
India ,Sorghum          ,1991 ,       6553 ,                         1083 ,         72133.0  ,   25.32 ,          655.3
India ,Sorghum          ,1991 ,       6553 ,                         1083 ,         72133.0  ,   23.77 ,          655.3
India ,Sorghum          ,1991 ,       6553 ,                         1083 ,         72133.0  ,   26.2  ,          655.3
India ,Sorghum          ,1991 ,       6553 ,                         1083 ,         72133.0  ,   25.74 ,          655.3
India ,Sorghum          ,1991 ,       6553 ,                         1083 ,         72133.0  ,   25.55 ,          655.3
India ,Sorghum          ,1991 ,       6553 ,                         1083 ,         72133.0  ,   25.06 ,          655.3
India ,Sorghum          ,1991 ,       6553 ,                         1083 ,         72133.0  ,   26.34 ,          655.3
India ,Sorghum          ,1991 ,       6553 ,                         1083 ,         72133.0  ,   24.62 ,          655.3
India ,Sorghum          ,1991 ,       6553 ,                         1083 ,         72133.0  ,   26.7  ,          655.3
India ,Sorghum          ,1991 ,       6553 ,                         1083 ,         72133.0  ,   26.7  ,          655.3
India ,Sorghum          ,1991 ,       6553 ,                         1083 ,         72133.0  ,   25.74 ,          655.3
India ,Soybeans         ,1991 ,       7825 ,                         1083 ,         72133.0  ,   25.85 ,          782.5
India ,Soybeans         ,1991 ,       7825 ,                         1083 ,         72133.0  ,   26.9  ,          782.5
India ,Soybeans         ,1991 ,       7825 ,                         1083 ,         72133.0  ,   25.96 ,          782.5
India ,Soybeans         ,1991 ,       7825 ,                         1083 ,         72133.0  ,   23.77 ,          782.5
India ,Soybeans         ,1991 ,       7825 ,                         1083 ,         72133.0  ,   25.49 ,          782.5
India ,Soybeans         ,1991 ,       7825 ,                         1083 ,         72133.0  ,   25.82 ,          782.5
India ,Soybeans         ,1991 ,       7825 ,                         1083 ,         72133.0  ,   25.74 ,          782.5
India ,Soybeans         ,1991 ,       7825 ,                         1083 ,         72133.0  ,   26.54 ,          782.5
India ,Soybeans         ,1991 ,       7825 ,                         1083 ,         72133.0  ,   27.35 ,          782.5
India ,Soybeans         ,1991 ,       7825 ,                         1083 ,         72133.0  ,   25.4  ,          782.5
India ,Soybeans         ,1991 ,       7825 ,                         1083 ,         72133.0  ,   25.99 ,          782.5
India ,Soybeans         ,1991 ,       7825 ,                         1083 ,         72133.0  ,   25.32 ,          782.5
India ,Soybeans         ,1991 ,       7825 ,                         1083 ,         72133.0  ,   23.77 ,          782.5
India ,Soybeans         ,1991 ,       7825 ,                         1083 ,         72133.0  ,   26.2  ,          782.5
India ,Soybeans         ,1991 ,       7825 ,                         1083 ,         72133.0  ,   25.74 ,          782.5
India ,Soybeans         ,1991 ,       7825 ,                         1083 ,         72133.0  ,   25.55 ,          782.5
India ,Soybeans         ,1991 ,       7825 ,                         1083 ,         72133.0  ,   25.06 ,          782.5
India ,Soybeans         ,1991 ,       7825 ,                         1083 ,         72133.0  ,   26.34 ,          782.5
India ,Soybeans         ,1991 ,       7825 ,                         1083 ,         72133.0  ,   24.62 ,          782.5
India ,Soybeans         ,1991 ,       7825 ,                         1083 ,         72133.0  ,   26.7  ,          782.5
India ,Soybeans         ,1991 ,       7825 ,                         1083 ,         72133.0  ,   26.7  ,          782.5
India ,Soybeans         ,1991 ,       7825 ,                         1083 ,         72133.0  ,   25.74 ,          782.5
India ,Sweet Potatoes   ,1991 ,      83453 ,                         1083 ,         72133.0  ,   25.85 ,         8345.3
India ,Sweet Potatoes   ,1991 ,      83453 ,                         1083 ,         72133.0  ,   26.9  ,         8345.3
India ,Sweet Potatoes   ,1991 ,      83453 ,                         1083 ,         72133.0  ,   25.96 ,         8345.3
India ,Sweet Potatoes   ,1991 ,      83453 ,                         1083 ,         72133.0  ,   23.77 ,         8345.3
India ,Sweet Potatoes   ,1991 ,      83453 ,                         1083 ,         72133.0  ,   25.49 ,         8345.3
India ,Sweet Potatoes   ,1991 ,      83453 ,                         1083 ,         72133.0  ,   25.82 ,         8345.3
India ,Sweet Potatoes   ,1991 ,      83453 ,                         1083 ,         72133.0  ,   25.74 ,         8345.3
India ,Sweet Potatoes   ,1991 ,      83453 ,                         1083 ,         72133.0  ,   26.54 ,         8345.3
India ,Sweet Potatoes   ,1991 ,      83453 ,                         1083 ,         72133.0  ,   27.35 ,         8345.3
India ,Sweet Potatoes   ,1991 ,      83453 ,                         1083 ,         72133.0  ,   25.4  ,         8345.3
India ,Sweet Potatoes   ,1991 ,      83453 ,                         1083 ,         72133.0  ,   25.99 ,         8345.3
India ,Sweet Potatoes   ,1991 ,      83453 ,                         1083 ,         72133.0  ,   25.32 ,         8345.3
India ,Sweet Potatoes   ,1991 ,      83453 ,                         1083 ,         72133.0  ,   23.77 ,         8345.3
India ,Sweet Potatoes   ,1991 ,      83453 ,                         1083 ,         72133.0  ,   26.2  ,         8345.3
India ,Sweet Potatoes   ,1991 ,      83453 ,                         1083 ,         72133.0  ,   25.74 ,         8345.3
India ,Sweet Potatoes   ,1991 ,      83453 ,                         1083 ,         72133.0  ,   25.55 ,         8345.3
India ,Sweet Potatoes   ,1991 ,      83453 ,                         1083 ,         72133.0  ,   25.06 ,         8345.3
India ,Sweet Potatoes   ,1991 ,      83453 ,                         1083 ,         72133.0  ,   26.34 ,         8345.3
India ,Sweet Potatoes   ,1991 ,      83453 ,                         1083 ,         72133.0  ,   24.62 ,         8345.3
India ,Sweet Potatoes   ,1991 ,      83453 ,                         1083 ,         72133.0  ,   26.7  ,         8345.3
India ,Sweet Potatoes   ,1991 ,      83453 ,                         1083 ,         72133.0  ,   26.7  ,         8345.3
India ,Sweet Potatoes   ,1991 ,      83453 ,                         1083 ,         72133.0  ,   25.74 ,         8345.3
India ,Wheat            ,1991 ,      22814 ,                         1083 ,         72133.0  ,   25.85 ,         2281.4
India ,Wheat            ,1991 ,      22814 ,                         1083 ,         72133.0  ,   26.9  ,         2281.4
India ,Wheat            ,1991 ,      22814 ,                         1083 ,         72133.0  ,   25.96 ,         2281.4
India ,Wheat            ,1991 ,      22814 ,                         1083 ,         72133.0  ,   23.77 ,         2281.4
India ,Wheat            ,1991 ,      22814 ,                         1083 ,         72133.0  ,   25.49 ,         2281.4
India ,Wheat            ,1991 ,      22814 ,                         1083 ,         72133.0  ,   25.82 ,         2281.4
India ,Wheat            ,1991 ,      22814 ,                         1083 ,         72133.0  ,   25.74 ,         2281.4
India ,Wheat            ,1991 ,      22814 ,                         1083 ,         72133.0  ,   26.54 ,         2281.4
India ,Wheat            ,1991 ,      22814 ,                         1083 ,         72133.0  ,   27.35 ,         2281.4
India ,Wheat            ,1991 ,      22814 ,                         1083 ,         72133.0  ,   25.4  ,         2281.4
India ,Wheat            ,1991 ,      22814 ,                         1083 ,         72133.0  ,   25.99 ,         2281.4
India ,Wheat            ,1991 ,      22814 ,                         1083 ,         72133.0  ,   25.32 ,         2281.4
India ,Wheat            ,1991 ,      22814 ,                         1083 ,         72133.0  ,   23.77 ,         2281.4
India ,Wheat            ,1991 ,      22814 ,                         1083 ,         72133.0  ,   26.2  ,         2281.4
India ,Wheat            ,1991 ,      22814 ,                         1083 ,         72133.0  ,   25.74 ,         2281.4
India ,Wheat            ,1991 ,      22814 ,                         1083 ,         72133.0  ,   25.55 ,         2281.4
India ,Wheat            ,1991 ,      22814 ,                         1083 ,         72133.0  ,   25.06 ,         2281.4
India ,Wheat            ,1991 ,      22814 ,                         1083 ,         72133.0  ,   26.34 ,         2281.4
India ,Wheat            ,1991 ,      22814 ,                         1083 ,         72133.0  ,   24.62 ,         2281.4
India ,Wheat            ,1991 ,      22814 ,                         1083 ,         72133.0  ,   26.7  ,         2281.4
India ,Wheat            ,1991 ,      22814 ,                         1083 ,         72133.0  ,   26.7  ,         2281.4
India ,Wheat            ,1991 ,      22814 ,                         1083 ,         72133.0  ,   25.74 ,         2281.4
India ,Cassava          ,1992 ,     232463 ,                         1083 ,         70791.0  ,   25.69 ,        23246.3
India ,Cassava          ,1992 ,     232463 ,                         1083 ,         70791.0  ,   26.82 ,        23246.3
India ,Cassava          ,1992 ,     232463 ,                         1083 ,         70791.0  ,   26.09 ,        23246.3
India ,Cassava          ,1992 ,     232463 ,                         1083 ,         70791.0  ,   23.79 ,        23246.3
India ,Cassava          ,1992 ,     232463 ,                         1083 ,         70791.0  ,   25.16 ,        23246.3
India ,Cassava          ,1992 ,     232463 ,                         1083 ,         70791.0  ,   25.91 ,        23246.3
India ,Cassava          ,1992 ,     232463 ,                         1083 ,         70791.0  ,   25.52 ,        23246.3
India ,Cassava          ,1992 ,     232463 ,                         1083 ,         70791.0  ,   26.41 ,        23246.3
India ,Cassava          ,1992 ,     232463 ,                         1083 ,         70791.0  ,   27.24 ,        23246.3
India ,Cassava          ,1992 ,     232463 ,                         1083 ,         70791.0  ,   25.41 ,        23246.3
India ,Cassava          ,1992 ,     232463 ,                         1083 ,         70791.0  ,   25.73 ,        23246.3
India ,Cassava          ,1992 ,     232463 ,                         1083 ,         70791.0  ,   25.27 ,        23246.3
India ,Cassava          ,1992 ,     232463 ,                         1083 ,         70791.0  ,   23.79 ,        23246.3
India ,Cassava          ,1992 ,     232463 ,                         1083 ,         70791.0  ,   26.32 ,        23246.3
India ,Cassava          ,1992 ,     232463 ,                         1083 ,         70791.0  ,   25.52 ,        23246.3
India ,Cassava          ,1992 ,     232463 ,                         1083 ,         70791.0  ,   25.58 ,        23246.3
India ,Cassava          ,1992 ,     232463 ,                         1083 ,         70791.0  ,   25.14 ,        23246.3
India ,Cassava          ,1992 ,     232463 ,                         1083 ,         70791.0  ,   26.37 ,        23246.3
India ,Cassava          ,1992 ,     232463 ,                         1083 ,         70791.0  ,   24.62 ,        23246.3
India ,Cassava          ,1992 ,     232463 ,                         1083 ,         70791.0  ,   26.78 ,        23246.3
India ,Cassava          ,1992 ,     232463 ,                         1083 ,         70791.0  ,   26.78 ,        23246.3
India ,Cassava          ,1992 ,     232463 ,                         1083 ,         70791.0  ,   25.89 ,        23246.3
India ,Maize            ,1992 ,      16758 ,                         1083 ,         70791.0  ,   25.69 ,         1675.8
India ,Maize            ,1992 ,      16758 ,                         1083 ,         70791.0  ,   26.82 ,         1675.8
India ,Maize            ,1992 ,      16758 ,                         1083 ,         70791.0  ,   26.09 ,         1675.8
India ,Maize            ,1992 ,      16758 ,                         1083 ,         70791.0  ,   23.79 ,         1675.8
India ,Maize            ,1992 ,      16758 ,                         1083 ,         70791.0  ,   25.16 ,         1675.8
India ,Maize            ,1992 ,      16758 ,                         1083 ,         70791.0  ,   25.91 ,         1675.8
India ,Maize            ,1992 ,      16758 ,                         1083 ,         70791.0  ,   25.52 ,         1675.8
India ,Maize            ,1992 ,      16758 ,                         1083 ,         70791.0  ,   26.41 ,         1675.8
India ,Maize            ,1992 ,      16758 ,                         1083 ,         70791.0  ,   27.24 ,         1675.8
India ,Maize            ,1992 ,      16758 ,                         1083 ,         70791.0  ,   25.41 ,         1675.8
India ,Maize            ,1992 ,      16758 ,                         1083 ,         70791.0  ,   25.73 ,         1675.8
India ,Maize            ,1992 ,      16758 ,                         1083 ,         70791.0  ,   25.27 ,         1675.8
India ,Maize            ,1992 ,      16758 ,                         1083 ,         70791.0  ,   23.79 ,         1675.8
India ,Maize            ,1992 ,      16758 ,                         1083 ,         70791.0  ,   26.32 ,         1675.8
India ,Maize            ,1992 ,      16758 ,                         1083 ,         70791.0  ,   25.52 ,         1675.8
India ,Maize            ,1992 ,      16758 ,                         1083 ,         70791.0  ,   25.58 ,         1675.8
India ,Maize            ,1992 ,      16758 ,                         1083 ,         70791.0  ,   25.14 ,         1675.8
India ,Maize            ,1992 ,      16758 ,                         1083 ,         70791.0  ,   26.37 ,         1675.8
India ,Maize            ,1992 ,      16758 ,                         1083 ,         70791.0  ,   24.62 ,         1675.8
India ,Maize            ,1992 ,      16758 ,                         1083 ,         70791.0  ,   26.78 ,         1675.8
India ,Maize            ,1992 ,      16758 ,                         1083 ,         70791.0  ,   26.78 ,         1675.8
India ,Maize            ,1992 ,      16758 ,                         1083 ,         70791.0  ,   25.89 ,         1675.8
India ,Potatoes         ,1992 ,     160294 ,                         1083 ,         70791.0  ,   25.69 ,        16029.4
India ,Potatoes         ,1992 ,     160294 ,                         1083 ,         70791.0  ,   26.82 ,        16029.4
India ,Potatoes         ,1992 ,     160294 ,                         1083 ,         70791.0  ,   26.09 ,        16029.4
India ,Potatoes         ,1992 ,     160294 ,                         1083 ,         70791.0  ,   23.79 ,        16029.4
India ,Potatoes         ,1992 ,     160294 ,                         1083 ,         70791.0  ,   25.16 ,        16029.4
India ,Potatoes         ,1992 ,     160294 ,                         1083 ,         70791.0  ,   25.91 ,        16029.4
India ,Potatoes         ,1992 ,     160294 ,                         1083 ,         70791.0  ,   25.52 ,        16029.4
India ,Potatoes         ,1992 ,     160294 ,                         1083 ,         70791.0  ,   26.41 ,        16029.4
India ,Potatoes         ,1992 ,     160294 ,                         1083 ,         70791.0  ,   27.24 ,        16029.4
India ,Potatoes         ,1992 ,     160294 ,                         1083 ,         70791.0  ,   25.41 ,        16029.4
India ,Potatoes         ,1992 ,     160294 ,                         1083 ,         70791.0  ,   25.73 ,        16029.4
India ,Potatoes         ,1992 ,     160294 ,                         1083 ,         70791.0  ,   25.27 ,        16029.4
India ,Potatoes         ,1992 ,     160294 ,                         1083 ,         70791.0  ,   23.79 ,        16029.4
India ,Potatoes         ,1992 ,     160294 ,                         1083 ,         70791.0  ,   26.32 ,        16029.4
India ,Potatoes         ,1992 ,     160294 ,                         1083 ,         70791.0  ,   25.52 ,        16029.4
India ,Potatoes         ,1992 ,     160294 ,                         1083 ,         70791.0  ,   25.58 ,        16029.4
India ,Potatoes         ,1992 ,     160294 ,                         1083 ,         70791.0  ,   25.14 ,        16029.4
India ,Potatoes         ,1992 ,     160294 ,                         1083 ,         70791.0  ,   26.37 ,        16029.4
India ,Potatoes         ,1992 ,     160294 ,                         1083 ,         70791.0  ,   24.62 ,        16029.4
India ,Potatoes         ,1992 ,     160294 ,                         1083 ,         70791.0  ,   26.78 ,        16029.4
India ,Potatoes         ,1992 ,     160294 ,                         1083 ,         70791.0  ,   26.78 ,        16029.4
India ,Potatoes         ,1992 ,     160294 ,                         1083 ,         70791.0  ,   25.89 ,        16029.4
India ,"""Rice Paddy""" ,1992 ,      26092 ,                         1083 ,         70791.0  ,   25.69 ,         2609.2
India ,"""Rice Paddy""" ,1992 ,      26092 ,                         1083 ,         70791.0  ,   26.82 ,         2609.2
India ,"""Rice Paddy""" ,1992 ,      26092 ,                         1083 ,         70791.0  ,   26.09 ,         2609.2
India ,"""Rice Paddy""" ,1992 ,      26092 ,                         1083 ,         70791.0  ,   23.79 ,         2609.2
India ,"""Rice Paddy""" ,1992 ,      26092 ,                         1083 ,         70791.0  ,   25.16 ,         2609.2
India ,"""Rice Paddy""" ,1992 ,      26092 ,                         1083 ,         70791.0  ,   25.91 ,         2609.2
India ,"""Rice Paddy""" ,1992 ,      26092 ,                         1083 ,         70791.0  ,   25.52 ,         2609.2
India ,"""Rice Paddy""" ,1992 ,      26092 ,                         1083 ,         70791.0  ,   26.41 ,         2609.2
India ,"""Rice Paddy""" ,1992 ,      26092 ,                         1083 ,         70791.0  ,   27.24 ,         2609.2
India ,"""Rice Paddy""" ,1992 ,      26092 ,                         1083 ,         70791.0  ,   25.41 ,         2609.2
India ,"""Rice Paddy""" ,1992 ,      26092 ,                         1083 ,         70791.0  ,   25.73 ,         2609.2
India ,"""Rice Paddy""" ,1992 ,      26092 ,                         1083 ,         70791.0  ,   25.27 ,         2609.2
India ,"""Rice Paddy""" ,1992 ,      26092 ,                         1083 ,         70791.0  ,   23.79 ,         2609.2
India ,"""Rice Paddy""" ,1992 ,      26092 ,                         1083 ,         70791.0  ,   26.32 ,         2609.2
India ,"""Rice Paddy""" ,1992 ,      26092 ,                         1083 ,         70791.0  ,   25.52 ,         2609.2
India ,"""Rice Paddy""" ,1992 ,      26092 ,                         1083 ,         70791.0  ,   25.58 ,         2609.2
India ,"""Rice Paddy""" ,1992 ,      26092 ,                         1083 ,         70791.0  ,   25.14 ,         2609.2
India ,"""Rice Paddy""" ,1992 ,      26092 ,                         1083 ,         70791.0  ,   26.37 ,         2609.2
India ,"""Rice Paddy""" ,1992 ,      26092 ,                         1083 ,         70791.0  ,   24.62 ,         2609.2
India ,"""Rice Paddy""" ,1992 ,      26092 ,                         1083 ,         70791.0  ,   26.78 ,         2609.2
India ,"""Rice Paddy""" ,1992 ,      26092 ,                         1083 ,         70791.0  ,   26.78 ,         2609.2
India ,"""Rice Paddy""" ,1992 ,      26092 ,                         1083 ,         70791.0  ,   25.89 ,         2609.2
India ,Sorghum          ,1992 ,       9820 ,                         1083 ,         70791.0  ,   25.69 ,          982.0
India ,Sorghum          ,1992 ,       9820 ,                         1083 ,         70791.0  ,   26.82 ,          982.0
India ,Sorghum          ,1992 ,       9820 ,                         1083 ,         70791.0  ,   26.09 ,          982.0
India ,Sorghum          ,1992 ,       9820 ,                         1083 ,         70791.0  ,   23.79 ,          982.0
India ,Sorghum          ,1992 ,       9820 ,                         1083 ,         70791.0  ,   25.16 ,          982.0
India ,Sorghum          ,1992 ,       9820 ,                         1083 ,         70791.0  ,   25.91 ,          982.0
India ,Sorghum          ,1992 ,       9820 ,                         1083 ,         70791.0  ,   25.52 ,          982.0
India ,Sorghum          ,1992 ,       9820 ,                         1083 ,         70791.0  ,   26.41 ,          982.0
India ,Sorghum          ,1992 ,       9820 ,                         1083 ,         70791.0  ,   27.24 ,          982.0
India ,Sorghum          ,1992 ,       9820 ,                         1083 ,         70791.0  ,   25.41 ,          982.0
India ,Sorghum          ,1992 ,       9820 ,                         1083 ,         70791.0  ,   25.73 ,          982.0
India ,Sorghum          ,1992 ,       9820 ,                         1083 ,         70791.0  ,   25.27 ,          982.0
India ,Sorghum          ,1992 ,       9820 ,                         1083 ,         70791.0  ,   23.79 ,          982.0
India ,Sorghum          ,1992 ,       9820 ,                         1083 ,         70791.0  ,   26.32 ,          982.0
India ,Sorghum          ,1992 ,       9820 ,                         1083 ,         70791.0  ,   25.52 ,          982.0
India ,Sorghum          ,1992 ,       9820 ,                         1083 ,         70791.0  ,   25.58 ,          982.0
India ,Sorghum          ,1992 ,       9820 ,                         1083 ,         70791.0  ,   25.14 ,          982.0
India ,Sorghum          ,1992 ,       9820 ,                         1083 ,         70791.0  ,   26.37 ,          982.0
India ,Sorghum          ,1992 ,       9820 ,                         1083 ,         70791.0  ,   24.62 ,          982.0
India ,Sorghum          ,1992 ,       9820 ,                         1083 ,         70791.0  ,   26.78 ,          982.0
India ,Sorghum          ,1992 ,       9820 ,                         1083 ,         70791.0  ,   26.78 ,          982.0
India ,Sorghum          ,1992 ,       9820 ,                         1083 ,         70791.0  ,   25.89 ,          982.0
India ,Soybeans         ,1992 ,       8947 ,                         1083 ,         70791.0  ,   25.69 ,          894.7
India ,Soybeans         ,1992 ,       8947 ,                         1083 ,         70791.0  ,   26.82 ,          894.7
India ,Soybeans         ,1992 ,       8947 ,                         1083 ,         70791.0  ,   26.09 ,          894.7
India ,Soybeans         ,1992 ,       8947 ,                         1083 ,         70791.0  ,   23.79 ,          894.7
India ,Soybeans         ,1992 ,       8947 ,                         1083 ,         70791.0  ,   25.16 ,          894.7
India ,Soybeans         ,1992 ,       8947 ,                         1083 ,         70791.0  ,   25.91 ,          894.7
India ,Soybeans         ,1992 ,       8947 ,                         1083 ,         70791.0  ,   25.52 ,          894.7
India ,Soybeans         ,1992 ,       8947 ,                         1083 ,         70791.0  ,   26.41 ,          894.7
India ,Soybeans         ,1992 ,       8947 ,                         1083 ,         70791.0  ,   27.24 ,          894.7
India ,Soybeans         ,1992 ,       8947 ,                         1083 ,         70791.0  ,   25.41 ,          894.7
India ,Soybeans         ,1992 ,       8947 ,                         1083 ,         70791.0  ,   25.73 ,          894.7
India ,Soybeans         ,1992 ,       8947 ,                         1083 ,         70791.0  ,   25.27 ,          894.7
India ,Soybeans         ,1992 ,       8947 ,                         1083 ,         70791.0  ,   23.79 ,          894.7
India ,Soybeans         ,1992 ,       8947 ,                         1083 ,         70791.0  ,   26.32 ,          894.7
India ,Soybeans         ,1992 ,       8947 ,                         1083 ,         70791.0  ,   25.52 ,          894.7
India ,Soybeans         ,1992 ,       8947 ,                         1083 ,         70791.0  ,   25.58 ,          894.7
India ,Soybeans         ,1992 ,       8947 ,                         1083 ,         70791.0  ,   25.14 ,          894.7
India ,Soybeans         ,1992 ,       8947 ,                         1083 ,         70791.0  ,   26.37 ,          894.7
India ,Soybeans         ,1992 ,       8947 ,                         1083 ,         70791.0  ,   24.62 ,          894.7
India ,Soybeans         ,1992 ,       8947 ,                         1083 ,         70791.0  ,   26.78 ,          894.7
India ,Soybeans         ,1992 ,       8947 ,                         1083 ,         70791.0  ,   26.78 ,          894.7
India ,Soybeans         ,1992 ,       8947 ,                         1083 ,         70791.0  ,   25.89 ,          894.7
India ,Sweet Potatoes   ,1992 ,      82835 ,                         1083 ,         70791.0  ,   25.69 ,         8283.5
India ,Sweet Potatoes   ,1992 ,      82835 ,                         1083 ,         70791.0  ,   26.82 ,         8283.5
India ,Sweet Potatoes   ,1992 ,      82835 ,                         1083 ,         70791.0  ,   26.09 ,         8283.5
India ,Sweet Potatoes   ,1992 ,      82835 ,                         1083 ,         70791.0  ,   23.79 ,         8283.5
India ,Sweet Potatoes   ,1992 ,      82835 ,                         1083 ,         70791.0  ,   25.16 ,         8283.5
India ,Sweet Potatoes   ,1992 ,      82835 ,                         1083 ,         70791.0  ,   25.91 ,         8283.5
India ,Sweet Potatoes   ,1992 ,      82835 ,                         1083 ,         70791.0  ,   25.52 ,         8283.5
India ,Sweet Potatoes   ,1992 ,      82835 ,                         1083 ,         70791.0  ,   26.41 ,         8283.5
India ,Sweet Potatoes   ,1992 ,      82835 ,                         1083 ,         70791.0  ,   27.24 ,         8283.5
India ,Sweet Potatoes   ,1992 ,      82835 ,                         1083 ,         70791.0  ,   25.41 ,         8283.5
India ,Sweet Potatoes   ,1992 ,      82835 ,                         1083 ,         70791.0  ,   25.73 ,         8283.5
India ,Sweet Potatoes   ,1992 ,      82835 ,                         1083 ,         70791.0  ,   25.27 ,         8283.5
India ,Sweet Potatoes   ,1992 ,      82835 ,                         1083 ,         70791.0  ,   23.79 ,         8283.5
India ,Sweet Potatoes   ,1992 ,      82835 ,                         1083 ,         70791.0  ,   26.32 ,         8283.5
India ,Sweet Potatoes   ,1992 ,      82835 ,                         1083 ,         70791.0  ,   25.52 ,         8283.5
India ,Sweet Potatoes   ,1992 ,      82835 ,                         1083 ,         70791.0  ,   25.58 ,         8283.5
India ,Sweet Potatoes   ,1992 ,      82835 ,                         1083 ,         70791.0  ,   25.14 ,         8283.5
India ,Sweet Potatoes   ,1992 ,      82835 ,                         1083 ,         70791.0  ,   26.37 ,         8283.5
India ,Sweet Potatoes   ,1992 ,      82835 ,                         1083 ,         70791.0  ,   24.62 ,         8283.5
India ,Sweet Potatoes   ,1992 ,      82835 ,                         1083 ,         70791.0  ,   26.78 ,         8283.5
India ,Sweet Potatoes   ,1992 ,      82835 ,                         1083 ,         70791.0  ,   26.78 ,         8283.5
India ,Sweet Potatoes   ,1992 ,      82835 ,                         1083 ,         70791.0  ,   25.89 ,         8283.5
India ,Wheat            ,1992 ,      23940 ,                         1083 ,         70791.0  ,   25.69 ,         2394.0
India ,Wheat            ,1992 ,      23940 ,                         1083 ,         70791.0  ,   26.82 ,         2394.0
India ,Wheat            ,1992 ,      23940 ,                         1083 ,         70791.0  ,   26.09 ,         2394.0
India ,Wheat            ,1992 ,      23940 ,                         1083 ,         70791.0  ,   23.79 ,         2394.0
India ,Wheat            ,1992 ,      23940 ,                         1083 ,         70791.0  ,   25.16 ,         2394.0
India ,Wheat            ,1992 ,      23940 ,                         1083 ,         70791.0  ,   25.91 ,         2394.0
India ,Wheat            ,1992 ,      23940 ,                         1083 ,         70791.0  ,   25.52 ,         2394.0
India ,Wheat            ,1992 ,      23940 ,                         1083 ,         70791.0  ,   26.41 ,         2394.0
India ,Wheat            ,1992 ,      23940 ,                         1083 ,         70791.0  ,   27.24 ,         2394.0
India ,Wheat            ,1992 ,      23940 ,                         1083 ,         70791.0  ,   25.41 ,         2394.0
India ,Wheat            ,1992 ,      23940 ,                         1083 ,         70791.0  ,   25.73 ,         2394.0
India ,Wheat            ,1992 ,      23940 ,                         1083 ,         70791.0  ,   25.27 ,         2394.0
India ,Wheat            ,1992 ,      23940 ,                         1083 ,         70791.0  ,   23.79 ,         2394.0
India ,Wheat            ,1992 ,      23940 ,                         1083 ,         70791.0  ,   26.32 ,         2394.0
India ,Wheat            ,1992 ,      23940 ,                         1083 ,         70791.0  ,   25.52 ,         2394.0
India ,Wheat            ,1992 ,      23940 ,                         1083 ,         70791.0  ,   25.58 ,         2394.0
India ,Wheat            ,1992 ,      23940 ,                         1083 ,         70791.0  ,   25.14 ,         2394.0
India ,Wheat            ,1992 ,      23940 ,                         1083 ,         70791.0  ,   26.37 ,         2394.0
India ,Wheat            ,1992 ,      23940 ,                         1083 ,         70791.0  ,   24.62 ,         2394.0
India ,Wheat            ,1992 ,      23940 ,                         1083 ,         70791.0  ,   26.78 ,         2394.0
India ,Wheat            ,1992 ,      23940 ,                         1083 ,         70791.0  ,   26.78 ,         2394.0
India ,Wheat            ,1992 ,      23940 ,                         1083 ,         70791.0  ,   25.89 ,         2394.0
India ,Cassava          ,1993 ,     230430 ,                         1083 ,         66388.0  ,   25.88 ,        23043.0
India ,Cassava          ,1993 ,     230430 ,                         1083 ,         66388.0  ,   27.46 ,        23043.0
India ,Cassava          ,1993 ,     230430 ,                         1083 ,         66388.0  ,   26.1  ,        23043.0
India ,Cassava          ,1993 ,     230430 ,                         1083 ,         66388.0  ,   24.34 ,        23043.0
India ,Cassava          ,1993 ,     230430 ,                         1083 ,         66388.0  ,   25.22 ,        23043.0
India ,Cassava          ,1993 ,     230430 ,                         1083 ,         66388.0  ,   25.75 ,        23043.0
India ,Cassava          ,1993 ,     230430 ,                         1083 ,         66388.0  ,   25.92 ,        23043.0
India ,Cassava          ,1993 ,     230430 ,                         1083 ,         66388.0  ,   26.34 ,        23043.0
India ,Cassava          ,1993 ,     230430 ,                         1083 ,         66388.0  ,   27.24 ,        23043.0
India ,Cassava          ,1993 ,     230430 ,                         1083 ,         66388.0  ,   25.5  ,        23043.0
India ,Cassava          ,1993 ,     230430 ,                         1083 ,         66388.0  ,   26.32 ,        23043.0
India ,Cassava          ,1993 ,     230430 ,                         1083 ,         66388.0  ,   25.27 ,        23043.0
India ,Cassava          ,1993 ,     230430 ,                         1083 ,         66388.0  ,   24.34 ,        23043.0
India ,Cassava          ,1993 ,     230430 ,                         1083 ,         66388.0  ,   26.07 ,        23043.0
India ,Cassava          ,1993 ,     230430 ,                         1083 ,         66388.0  ,   25.92 ,        23043.0
India ,Cassava          ,1993 ,     230430 ,                         1083 ,         66388.0  ,   25.66 ,        23043.0
India ,Cassava          ,1993 ,     230430 ,                         1083 ,         66388.0  ,   25.06 ,        23043.0
India ,Cassava          ,1993 ,     230430 ,                         1083 ,         66388.0  ,   27.07 ,        23043.0
India ,Cassava          ,1993 ,     230430 ,                         1083 ,         66388.0  ,   24.74 ,        23043.0
India ,Cassava          ,1993 ,     230430 ,                         1083 ,         66388.0  ,   27.04 ,        23043.0
India ,Cassava          ,1993 ,     230430 ,                         1083 ,         66388.0  ,   27.04 ,        23043.0
India ,Cassava          ,1993 ,     230430 ,                         1083 ,         66388.0  ,   25.97 ,        23043.0
India ,Maize            ,1993 ,      16015 ,                         1083 ,         66388.0  ,   25.88 ,         1601.5
India ,Maize            ,1993 ,      16015 ,                         1083 ,         66388.0  ,   27.46 ,         1601.5
India ,Maize            ,1993 ,      16015 ,                         1083 ,         66388.0  ,   26.1  ,         1601.5
India ,Maize            ,1993 ,      16015 ,                         1083 ,         66388.0  ,   24.34 ,         1601.5
India ,Maize            ,1993 ,      16015 ,                         1083 ,         66388.0  ,   25.22 ,         1601.5
India ,Maize            ,1993 ,      16015 ,                         1083 ,         66388.0  ,   25.75 ,         1601.5
India ,Maize            ,1993 ,      16015 ,                         1083 ,         66388.0  ,   25.92 ,         1601.5
India ,Maize            ,1993 ,      16015 ,                         1083 ,         66388.0  ,   26.34 ,         1601.5
India ,Maize            ,1993 ,      16015 ,                         1083 ,         66388.0  ,   27.24 ,         1601.5
India ,Maize            ,1993 ,      16015 ,                         1083 ,         66388.0  ,   25.5  ,         1601.5
India ,Maize            ,1993 ,      16015 ,                         1083 ,         66388.0  ,   26.32 ,         1601.5
India ,Maize            ,1993 ,      16015 ,                         1083 ,         66388.0  ,   25.27 ,         1601.5
India ,Maize            ,1993 ,      16015 ,                         1083 ,         66388.0  ,   24.34 ,         1601.5
India ,Maize            ,1993 ,      16015 ,                         1083 ,         66388.0  ,   26.07 ,         1601.5
India ,Maize            ,1993 ,      16015 ,                         1083 ,         66388.0  ,   25.92 ,         1601.5
India ,Maize            ,1993 ,      16015 ,                         1083 ,         66388.0  ,   25.66 ,         1601.5
India ,Maize            ,1993 ,      16015 ,                         1083 ,         66388.0  ,   25.06 ,         1601.5
India ,Maize            ,1993 ,      16015 ,                         1083 ,         66388.0  ,   27.07 ,         1601.5
India ,Maize            ,1993 ,      16015 ,                         1083 ,         66388.0  ,   24.74 ,         1601.5
India ,Maize            ,1993 ,      16015 ,                         1083 ,         66388.0  ,   27.04 ,         1601.5
India ,Maize            ,1993 ,      16015 ,                         1083 ,         66388.0  ,   27.04 ,         1601.5
India ,Maize            ,1993 ,      16015 ,                         1083 ,         66388.0  ,   25.97 ,         1601.5
India ,Potatoes         ,1993 ,     149024 ,                         1083 ,         66388.0  ,   25.88 ,        14902.4
India ,Potatoes         ,1993 ,     149024 ,                         1083 ,         66388.0  ,   27.46 ,        14902.4
India ,Potatoes         ,1993 ,     149024 ,                         1083 ,         66388.0  ,   26.1  ,        14902.4
India ,Potatoes         ,1993 ,     149024 ,                         1083 ,         66388.0  ,   24.34 ,        14902.4
India ,Potatoes         ,1993 ,     149024 ,                         1083 ,         66388.0  ,   25.22 ,        14902.4
India ,Potatoes         ,1993 ,     149024 ,                         1083 ,         66388.0  ,   25.75 ,        14902.4
India ,Potatoes         ,1993 ,     149024 ,                         1083 ,         66388.0  ,   25.92 ,        14902.4
India ,Potatoes         ,1993 ,     149024 ,                         1083 ,         66388.0  ,   26.34 ,        14902.4
India ,Potatoes         ,1993 ,     149024 ,                         1083 ,         66388.0  ,   27.24 ,        14902.4
India ,Potatoes         ,1993 ,     149024 ,                         1083 ,         66388.0  ,   25.5  ,        14902.4
India ,Potatoes         ,1993 ,     149024 ,                         1083 ,         66388.0  ,   26.32 ,        14902.4
India ,Potatoes         ,1993 ,     149024 ,                         1083 ,         66388.0  ,   25.27 ,        14902.4
India ,Potatoes         ,1993 ,     149024 ,                         1083 ,         66388.0  ,   24.34 ,        14902.4
India ,Potatoes         ,1993 ,     149024 ,                         1083 ,         66388.0  ,   26.07 ,        14902.4
India ,Potatoes         ,1993 ,     149024 ,                         1083 ,         66388.0  ,   25.92 ,        14902.4
India ,Potatoes         ,1993 ,     149024 ,                         1083 ,         66388.0  ,   25.66 ,        14902.4
India ,Potatoes         ,1993 ,     149024 ,                         1083 ,         66388.0  ,   25.06 ,        14902.4
India ,Potatoes         ,1993 ,     149024 ,                         1083 ,         66388.0  ,   27.07 ,        14902.4
India ,Potatoes         ,1993 ,     149024 ,                         1083 ,         66388.0  ,   24.74 ,        14902.4
India ,Potatoes         ,1993 ,     149024 ,                         1083 ,         66388.0  ,   27.04 ,        14902.4
India ,Potatoes         ,1993 ,     149024 ,                         1083 ,         66388.0  ,   27.04 ,        14902.4
India ,Potatoes         ,1993 ,     149024 ,                         1083 ,         66388.0  ,   25.97 ,        14902.4
India ,"""Rice Paddy""" ,1993 ,      28303 ,                         1083 ,         66388.0  ,   25.88 ,         2830.3
India ,"""Rice Paddy""" ,1993 ,      28303 ,                         1083 ,         66388.0  ,   27.46 ,         2830.3
India ,"""Rice Paddy""" ,1993 ,      28303 ,                         1083 ,         66388.0  ,   26.1  ,         2830.3
India ,"""Rice Paddy""" ,1993 ,      28303 ,                         1083 ,         66388.0  ,   24.34 ,         2830.3
India ,"""Rice Paddy""" ,1993 ,      28303 ,                         1083 ,         66388.0  ,   25.22 ,         2830.3
India ,"""Rice Paddy""" ,1993 ,      28303 ,                         1083 ,         66388.0  ,   25.75 ,         2830.3
India ,"""Rice Paddy""" ,1993 ,      28303 ,                         1083 ,         66388.0  ,   25.92 ,         2830.3
India ,"""Rice Paddy""" ,1993 ,      28303 ,                         1083 ,         66388.0  ,   26.34 ,         2830.3
India ,"""Rice Paddy""" ,1993 ,      28303 ,                         1083 ,         66388.0  ,   27.24 ,         2830.3
India ,"""Rice Paddy""" ,1993 ,      28303 ,                         1083 ,         66388.0  ,   25.5  ,         2830.3
India ,"""Rice Paddy""" ,1993 ,      28303 ,                         1083 ,         66388.0  ,   26.32 ,         2830.3
India ,"""Rice Paddy""" ,1993 ,      28303 ,                         1083 ,         66388.0  ,   25.27 ,         2830.3
India ,"""Rice Paddy""" ,1993 ,      28303 ,                         1083 ,         66388.0  ,   24.34 ,         2830.3
India ,"""Rice Paddy""" ,1993 ,      28303 ,                         1083 ,         66388.0  ,   26.07 ,         2830.3
India ,"""Rice Paddy""" ,1993 ,      28303 ,                         1083 ,         66388.0  ,   25.92 ,         2830.3
India ,"""Rice Paddy""" ,1993 ,      28303 ,                         1083 ,         66388.0  ,   25.66 ,         2830.3
India ,"""Rice Paddy""" ,1993 ,      28303 ,                         1083 ,         66388.0  ,   25.06 ,         2830.3
India ,"""Rice Paddy""" ,1993 ,      28303 ,                         1083 ,         66388.0  ,   27.07 ,         2830.3
India ,"""Rice Paddy""" ,1993 ,      28303 ,                         1083 ,         66388.0  ,   24.74 ,         2830.3
India ,"""Rice Paddy""" ,1993 ,      28303 ,                         1083 ,         66388.0  ,   27.04 ,         2830.3
India ,"""Rice Paddy""" ,1993 ,      28303 ,                         1083 ,         66388.0  ,   27.04 ,         2830.3
India ,"""Rice Paddy""" ,1993 ,      28303 ,                         1083 ,         66388.0  ,   25.97 ,         2830.3
India ,Sorghum          ,1993 ,       8981 ,                         1083 ,         66388.0  ,   25.88 ,          898.1
India ,Sorghum          ,1993 ,       8981 ,                         1083 ,         66388.0  ,   27.46 ,          898.1
India ,Sorghum          ,1993 ,       8981 ,                         1083 ,         66388.0  ,   26.1  ,          898.1
India ,Sorghum          ,1993 ,       8981 ,                         1083 ,         66388.0  ,   24.34 ,          898.1
India ,Sorghum          ,1993 ,       8981 ,                         1083 ,         66388.0  ,   25.22 ,          898.1
India ,Sorghum          ,1993 ,       8981 ,                         1083 ,         66388.0  ,   25.75 ,          898.1
India ,Sorghum          ,1993 ,       8981 ,                         1083 ,         66388.0  ,   25.92 ,          898.1
India ,Sorghum          ,1993 ,       8981 ,                         1083 ,         66388.0  ,   26.34 ,          898.1
India ,Sorghum          ,1993 ,       8981 ,                         1083 ,         66388.0  ,   27.24 ,          898.1
India ,Sorghum          ,1993 ,       8981 ,                         1083 ,         66388.0  ,   25.5  ,          898.1
India ,Sorghum          ,1993 ,       8981 ,                         1083 ,         66388.0  ,   26.32 ,          898.1
India ,Sorghum          ,1993 ,       8981 ,                         1083 ,         66388.0  ,   25.27 ,          898.1
India ,Sorghum          ,1993 ,       8981 ,                         1083 ,         66388.0  ,   24.34 ,          898.1
India ,Sorghum          ,1993 ,       8981 ,                         1083 ,         66388.0  ,   26.07 ,          898.1
India ,Sorghum          ,1993 ,       8981 ,                         1083 ,         66388.0  ,   25.92 ,          898.1
India ,Sorghum          ,1993 ,       8981 ,                         1083 ,         66388.0  ,   25.66 ,          898.1
India ,Sorghum          ,1993 ,       8981 ,                         1083 ,         66388.0  ,   25.06 ,          898.1
India ,Sorghum          ,1993 ,       8981 ,                         1083 ,         66388.0  ,   27.07 ,          898.1
India ,Sorghum          ,1993 ,       8981 ,                         1083 ,         66388.0  ,   24.74 ,          898.1
India ,Sorghum          ,1993 ,       8981 ,                         1083 ,         66388.0  ,   27.04 ,          898.1
India ,Sorghum          ,1993 ,       8981 ,                         1083 ,         66388.0  ,   27.04 ,          898.1
India ,Sorghum          ,1993 ,       8981 ,                         1083 ,         66388.0  ,   25.97 ,          898.1
India ,Soybeans         ,1993 ,      10857 ,                         1083 ,         66388.0  ,   25.88 ,         1085.7
India ,Soybeans         ,1993 ,      10857 ,                         1083 ,         66388.0  ,   27.46 ,         1085.7
India ,Soybeans         ,1993 ,      10857 ,                         1083 ,         66388.0  ,   26.1  ,         1085.7
India ,Soybeans         ,1993 ,      10857 ,                         1083 ,         66388.0  ,   24.34 ,         1085.7
India ,Soybeans         ,1993 ,      10857 ,                         1083 ,         66388.0  ,   25.22 ,         1085.7
India ,Soybeans         ,1993 ,      10857 ,                         1083 ,         66388.0  ,   25.75 ,         1085.7
India ,Soybeans         ,1993 ,      10857 ,                         1083 ,         66388.0  ,   25.92 ,         1085.7
India ,Soybeans         ,1993 ,      10857 ,                         1083 ,         66388.0  ,   26.34 ,         1085.7
India ,Soybeans         ,1993 ,      10857 ,                         1083 ,         66388.0  ,   27.24 ,         1085.7
India ,Soybeans         ,1993 ,      10857 ,                         1083 ,         66388.0  ,   25.5  ,         1085.7
India ,Soybeans         ,1993 ,      10857 ,                         1083 ,         66388.0  ,   26.32 ,         1085.7
India ,Soybeans         ,1993 ,      10857 ,                         1083 ,         66388.0  ,   25.27 ,         1085.7
India ,Soybeans         ,1993 ,      10857 ,                         1083 ,         66388.0  ,   24.34 ,         1085.7
India ,Soybeans         ,1993 ,      10857 ,                         1083 ,         66388.0  ,   26.07 ,         1085.7
India ,Soybeans         ,1993 ,      10857 ,                         1083 ,         66388.0  ,   25.92 ,         1085.7
India ,Soybeans         ,1993 ,      10857 ,                         1083 ,         66388.0  ,   25.66 ,         1085.7
India ,Soybeans         ,1993 ,      10857 ,                         1083 ,         66388.0  ,   25.06 ,         1085.7
India ,Soybeans         ,1993 ,      10857 ,                         1083 ,         66388.0  ,   27.07 ,         1085.7
India ,Soybeans         ,1993 ,      10857 ,                         1083 ,         66388.0  ,   24.74 ,         1085.7
India ,Soybeans         ,1993 ,      10857 ,                         1083 ,         66388.0  ,   27.04 ,         1085.7
India ,Soybeans         ,1993 ,      10857 ,                         1083 ,         66388.0  ,   27.04 ,         1085.7
India ,Soybeans         ,1993 ,      10857 ,                         1083 ,         66388.0  ,   25.97 ,         1085.7
India ,Sweet Potatoes   ,1993 ,      85962 ,                         1083 ,         66388.0  ,   25.88 ,         8596.2
India ,Sweet Potatoes   ,1993 ,      85962 ,                         1083 ,         66388.0  ,   27.46 ,         8596.2
India ,Sweet Potatoes   ,1993 ,      85962 ,                         1083 ,         66388.0  ,   26.1  ,         8596.2
India ,Sweet Potatoes   ,1993 ,      85962 ,                         1083 ,         66388.0  ,   24.34 ,         8596.2
India ,Sweet Potatoes   ,1993 ,      85962 ,                         1083 ,         66388.0  ,   25.22 ,         8596.2
India ,Sweet Potatoes   ,1993 ,      85962 ,                         1083 ,         66388.0  ,   25.75 ,         8596.2
India ,Sweet Potatoes   ,1993 ,      85962 ,                         1083 ,         66388.0  ,   25.92 ,         8596.2
India ,Sweet Potatoes   ,1993 ,      85962 ,                         1083 ,         66388.0  ,   26.34 ,         8596.2
India ,Sweet Potatoes   ,1993 ,      85962 ,                         1083 ,         66388.0  ,   27.24 ,         8596.2
India ,Sweet Potatoes   ,1993 ,      85962 ,                         1083 ,         66388.0  ,   25.5  ,         8596.2
India ,Sweet Potatoes   ,1993 ,      85962 ,                         1083 ,         66388.0  ,   26.32 ,         8596.2
India ,Sweet Potatoes   ,1993 ,      85962 ,                         1083 ,         66388.0  ,   25.27 ,         8596.2
India ,Sweet Potatoes   ,1993 ,      85962 ,                         1083 ,         66388.0  ,   24.34 ,         8596.2
India ,Sweet Potatoes   ,1993 ,      85962 ,                         1083 ,         66388.0  ,   26.07 ,         8596.2
India ,Sweet Potatoes   ,1993 ,      85962 ,                         1083 ,         66388.0  ,   25.92 ,         8596.2
India ,Sweet Potatoes   ,1993 ,      85962 ,                         1083 ,         66388.0  ,   25.66 ,         8596.2
India ,Sweet Potatoes   ,1993 ,      85962 ,                         1083 ,         66388.0  ,   25.06 ,         8596.2
India ,Sweet Potatoes   ,1993 ,      85962 ,                         1083 ,         66388.0  ,   27.07 ,         8596.2
India ,Sweet Potatoes   ,1993 ,      85962 ,                         1083 ,         66388.0  ,   24.74 ,         8596.2
India ,Sweet Potatoes   ,1993 ,      85962 ,                         1083 ,         66388.0  ,   27.04 ,         8596.2
India ,Sweet Potatoes   ,1993 ,      85962 ,                         1083 ,         66388.0  ,   27.04 ,         8596.2
India ,Sweet Potatoes   ,1993 ,      85962 ,                         1083 ,         66388.0  ,   25.97 ,         8596.2
India ,Wheat            ,1993 ,      23267 ,                         1083 ,         66388.0  ,   25.88 ,         2326.7
India ,Wheat            ,1993 ,      23267 ,                         1083 ,         66388.0  ,   27.46 ,         2326.7
India ,Wheat            ,1993 ,      23267 ,                         1083 ,         66388.0  ,   26.1  ,         2326.7
India ,Wheat            ,1993 ,      23267 ,                         1083 ,         66388.0  ,   24.34 ,         2326.7
India ,Wheat            ,1993 ,      23267 ,                         1083 ,         66388.0  ,   25.22 ,         2326.7
India ,Wheat            ,1993 ,      23267 ,                         1083 ,         66388.0  ,   25.75 ,         2326.7
India ,Wheat            ,1993 ,      23267 ,                         1083 ,         66388.0  ,   25.92 ,         2326.7
India ,Wheat            ,1993 ,      23267 ,                         1083 ,         66388.0  ,   26.34 ,         2326.7
India ,Wheat            ,1993 ,      23267 ,                         1083 ,         66388.0  ,   27.24 ,         2326.7
India ,Wheat            ,1993 ,      23267 ,                         1083 ,         66388.0  ,   25.5  ,         2326.7
India ,Wheat            ,1993 ,      23267 ,                         1083 ,         66388.0  ,   26.32 ,         2326.7
India ,Wheat            ,1993 ,      23267 ,                         1083 ,         66388.0  ,   25.27 ,         2326.7
India ,Wheat            ,1993 ,      23267 ,                         1083 ,         66388.0  ,   24.34 ,         2326.7
India ,Wheat            ,1993 ,      23267 ,                         1083 ,         66388.0  ,   26.07 ,         2326.7
India ,Wheat            ,1993 ,      23267 ,                         1083 ,         66388.0  ,   25.92 ,         2326.7
India ,Wheat            ,1993 ,      23267 ,                         1083 ,         66388.0  ,   25.66 ,         2326.7
India ,Wheat            ,1993 ,      23267 ,                         1083 ,         66388.0  ,   25.06 ,         2326.7
India ,Wheat            ,1993 ,      23267 ,                         1083 ,         66388.0  ,   27.07 ,         2326.7
India ,Wheat            ,1993 ,      23267 ,                         1083 ,         66388.0  ,   24.74 ,         2326.7
India ,Wheat            ,1993 ,      23267 ,                         1083 ,         66388.0  ,   27.04 ,         2326.7
India ,Wheat            ,1993 ,      23267 ,                         1083 ,         66388.0  ,   27.04 ,         2326.7
India ,Wheat            ,1993 ,      23267 ,                         1083 ,         66388.0  ,   25.97 ,         2326.7
India ,Cassava          ,1994 ,     245277 ,                         1083 ,         61357.0  ,   25.75 ,        24527.7
India ,Cassava          ,1994 ,     245277 ,                         1083 ,         61357.0  ,   26.74 ,        24527.7
India ,Cassava          ,1994 ,     245277 ,                         1083 ,         61357.0  ,   26.03 ,        24527.7
India ,Cassava          ,1994 ,     245277 ,                         1083 ,         61357.0  ,   24.29 ,        24527.7
India ,Cassava          ,1994 ,     245277 ,                         1083 ,         61357.0  ,   25.22 ,        24527.7
India ,Cassava          ,1994 ,     245277 ,                         1083 ,         61357.0  ,   25.33 ,        24527.7
India ,Cassava          ,1994 ,     245277 ,                         1083 ,         61357.0  ,   25.87 ,        24527.7
India ,Cassava          ,1994 ,     245277 ,                         1083 ,         61357.0  ,   26.54 ,        24527.7
India ,Cassava          ,1994 ,     245277 ,                         1083 ,         61357.0  ,   27.07 ,        24527.7
India ,Cassava          ,1994 ,     245277 ,                         1083 ,         61357.0  ,   25.01 ,        24527.7
India ,Cassava          ,1994 ,     245277 ,                         1083 ,         61357.0  ,   25.92 ,        24527.7
India ,Cassava          ,1994 ,     245277 ,                         1083 ,         61357.0  ,   25.33 ,        24527.7
India ,Cassava          ,1994 ,     245277 ,                         1083 ,         61357.0  ,   24.29 ,        24527.7
India ,Cassava          ,1994 ,     245277 ,                         1083 ,         61357.0  ,   25.75 ,        24527.7
India ,Cassava          ,1994 ,     245277 ,                         1083 ,         61357.0  ,   25.87 ,        24527.7
India ,Cassava          ,1994 ,     245277 ,                         1083 ,         61357.0  ,   25.71 ,        24527.7
India ,Cassava          ,1994 ,     245277 ,                         1083 ,         61357.0  ,   24.84 ,        24527.7
India ,Cassava          ,1994 ,     245277 ,                         1083 ,         61357.0  ,   26.46 ,        24527.7
India ,Cassava          ,1994 ,     245277 ,                         1083 ,         61357.0  ,   24.71 ,        24527.7
India ,Cassava          ,1994 ,     245277 ,                         1083 ,         61357.0  ,   26.55 ,        24527.7
India ,Cassava          ,1994 ,     245277 ,                         1083 ,         61357.0  ,   26.55 ,        24527.7
India ,Cassava          ,1994 ,     245277 ,                         1083 ,         61357.0  ,   25.95 ,        24527.7
India ,Maize            ,1994 ,      14480 ,                         1083 ,         61357.0  ,   25.75 ,         1448.0
India ,Maize            ,1994 ,      14480 ,                         1083 ,         61357.0  ,   26.74 ,         1448.0
India ,Maize            ,1994 ,      14480 ,                         1083 ,         61357.0  ,   26.03 ,         1448.0
India ,Maize            ,1994 ,      14480 ,                         1083 ,         61357.0  ,   24.29 ,         1448.0
India ,Maize            ,1994 ,      14480 ,                         1083 ,         61357.0  ,   25.22 ,         1448.0
India ,Maize            ,1994 ,      14480 ,                         1083 ,         61357.0  ,   25.33 ,         1448.0
India ,Maize            ,1994 ,      14480 ,                         1083 ,         61357.0  ,   25.87 ,         1448.0
India ,Maize            ,1994 ,      14480 ,                         1083 ,         61357.0  ,   26.54 ,         1448.0
India ,Maize            ,1994 ,      14480 ,                         1083 ,         61357.0  ,   27.07 ,         1448.0
India ,Maize            ,1994 ,      14480 ,                         1083 ,         61357.0  ,   25.01 ,         1448.0
India ,Maize            ,1994 ,      14480 ,                         1083 ,         61357.0  ,   25.92 ,         1448.0
India ,Maize            ,1994 ,      14480 ,                         1083 ,         61357.0  ,   25.33 ,         1448.0
India ,Maize            ,1994 ,      14480 ,                         1083 ,         61357.0  ,   24.29 ,         1448.0
India ,Maize            ,1994 ,      14480 ,                         1083 ,         61357.0  ,   25.75 ,         1448.0
India ,Maize            ,1994 ,      14480 ,                         1083 ,         61357.0  ,   25.87 ,         1448.0
India ,Maize            ,1994 ,      14480 ,                         1083 ,         61357.0  ,   25.71 ,         1448.0
India ,Maize            ,1994 ,      14480 ,                         1083 ,         61357.0  ,   24.84 ,         1448.0
India ,Maize            ,1994 ,      14480 ,                         1083 ,         61357.0  ,   26.46 ,         1448.0
India ,Maize            ,1994 ,      14480 ,                         1083 ,         61357.0  ,   24.71 ,         1448.0
India ,Maize            ,1994 ,      14480 ,                         1083 ,         61357.0  ,   26.55 ,         1448.0
India ,Maize            ,1994 ,      14480 ,                         1083 ,         61357.0  ,   26.55 ,         1448.0
India ,Maize            ,1994 ,      14480 ,                         1083 ,         61357.0  ,   25.95 ,         1448.0
India ,Potatoes         ,1994 ,     166101 ,                         1083 ,         61357.0  ,   25.75 ,        16610.1
India ,Potatoes         ,1994 ,     166101 ,                         1083 ,         61357.0  ,   26.74 ,        16610.1
India ,Potatoes         ,1994 ,     166101 ,                         1083 ,         61357.0  ,   26.03 ,        16610.1
India ,Potatoes         ,1994 ,     166101 ,                         1083 ,         61357.0  ,   24.29 ,        16610.1
India ,Potatoes         ,1994 ,     166101 ,                         1083 ,         61357.0  ,   25.22 ,        16610.1
India ,Potatoes         ,1994 ,     166101 ,                         1083 ,         61357.0  ,   25.33 ,        16610.1
India ,Potatoes         ,1994 ,     166101 ,                         1083 ,         61357.0  ,   25.87 ,        16610.1
India ,Potatoes         ,1994 ,     166101 ,                         1083 ,         61357.0  ,   26.54 ,        16610.1
India ,Potatoes         ,1994 ,     166101 ,                         1083 ,         61357.0  ,   27.07 ,        16610.1
India ,Potatoes         ,1994 ,     166101 ,                         1083 ,         61357.0  ,   25.01 ,        16610.1
India ,Potatoes         ,1994 ,     166101 ,                         1083 ,         61357.0  ,   25.92 ,        16610.1
India ,Potatoes         ,1994 ,     166101 ,                         1083 ,         61357.0  ,   25.33 ,        16610.1
India ,Potatoes         ,1994 ,     166101 ,                         1083 ,         61357.0  ,   24.29 ,        16610.1
India ,Potatoes         ,1994 ,     166101 ,                         1083 ,         61357.0  ,   25.75 ,        16610.1
India ,Potatoes         ,1994 ,     166101 ,                         1083 ,         61357.0  ,   25.87 ,        16610.1
India ,Potatoes         ,1994 ,     166101 ,                         1083 ,         61357.0  ,   25.71 ,        16610.1
India ,Potatoes         ,1994 ,     166101 ,                         1083 ,         61357.0  ,   24.84 ,        16610.1
India ,Potatoes         ,1994 ,     166101 ,                         1083 ,         61357.0  ,   26.46 ,        16610.1
India ,Potatoes         ,1994 ,     166101 ,                         1083 ,         61357.0  ,   24.71 ,        16610.1
India ,Potatoes         ,1994 ,     166101 ,                         1083 ,         61357.0  ,   26.55 ,        16610.1
India ,Potatoes         ,1994 ,     166101 ,                         1083 ,         61357.0  ,   26.55 ,        16610.1
India ,Potatoes         ,1994 ,     166101 ,                         1083 ,         61357.0  ,   25.95 ,        16610.1
India ,"""Rice Paddy""" ,1994 ,      28645 ,                         1083 ,         61357.0  ,   25.75 ,         2864.5
India ,"""Rice Paddy""" ,1994 ,      28645 ,                         1083 ,         61357.0  ,   26.74 ,         2864.5
India ,"""Rice Paddy""" ,1994 ,      28645 ,                         1083 ,         61357.0  ,   26.03 ,         2864.5
India ,"""Rice Paddy""" ,1994 ,      28645 ,                         1083 ,         61357.0  ,   24.29 ,         2864.5
India ,"""Rice Paddy""" ,1994 ,      28645 ,                         1083 ,         61357.0  ,   25.22 ,         2864.5
India ,"""Rice Paddy""" ,1994 ,      28645 ,                         1083 ,         61357.0  ,   25.33 ,         2864.5
India ,"""Rice Paddy""" ,1994 ,      28645 ,                         1083 ,         61357.0  ,   25.87 ,         2864.5
India ,"""Rice Paddy""" ,1994 ,      28645 ,                         1083 ,         61357.0  ,   26.54 ,         2864.5
India ,"""Rice Paddy""" ,1994 ,      28645 ,                         1083 ,         61357.0  ,   27.07 ,         2864.5
India ,"""Rice Paddy""" ,1994 ,      28645 ,                         1083 ,         61357.0  ,   25.01 ,         2864.5
India ,"""Rice Paddy""" ,1994 ,      28645 ,                         1083 ,         61357.0  ,   25.92 ,         2864.5
India ,"""Rice Paddy""" ,1994 ,      28645 ,                         1083 ,         61357.0  ,   25.33 ,         2864.5
India ,"""Rice Paddy""" ,1994 ,      28645 ,                         1083 ,         61357.0  ,   24.29 ,         2864.5
India ,"""Rice Paddy""" ,1994 ,      28645 ,                         1083 ,         61357.0  ,   25.75 ,         2864.5
India ,"""Rice Paddy""" ,1994 ,      28645 ,                         1083 ,         61357.0  ,   25.87 ,         2864.5
India ,"""Rice Paddy""" ,1994 ,      28645 ,                         1083 ,         61357.0  ,   25.71 ,         2864.5
India ,"""Rice Paddy""" ,1994 ,      28645 ,                         1083 ,         61357.0  ,   24.84 ,         2864.5
India ,"""Rice Paddy""" ,1994 ,      28645 ,                         1083 ,         61357.0  ,   26.46 ,         2864.5
India ,"""Rice Paddy""" ,1994 ,      28645 ,                         1083 ,         61357.0  ,   24.71 ,         2864.5
India ,"""Rice Paddy""" ,1994 ,      28645 ,                         1083 ,         61357.0  ,   26.55 ,         2864.5
India ,"""Rice Paddy""" ,1994 ,      28645 ,                         1083 ,         61357.0  ,   26.55 ,         2864.5
India ,"""Rice Paddy""" ,1994 ,      28645 ,                         1083 ,         61357.0  ,   25.95 ,         2864.5
India ,Sorghum          ,1994 ,       7786 ,                         1083 ,         61357.0  ,   25.75 ,          778.6
India ,Sorghum          ,1994 ,       7786 ,                         1083 ,         61357.0  ,   26.74 ,          778.6
India ,Sorghum          ,1994 ,       7786 ,                         1083 ,         61357.0  ,   26.03 ,          778.6
India ,Sorghum          ,1994 ,       7786 ,                         1083 ,         61357.0  ,   24.29 ,          778.6
India ,Sorghum          ,1994 ,       7786 ,                         1083 ,         61357.0  ,   25.22 ,          778.6
India ,Sorghum          ,1994 ,       7786 ,                         1083 ,         61357.0  ,   25.33 ,          778.6
India ,Sorghum          ,1994 ,       7786 ,                         1083 ,         61357.0  ,   25.87 ,          778.6
India ,Sorghum          ,1994 ,       7786 ,                         1083 ,         61357.0  ,   26.54 ,          778.6
India ,Sorghum          ,1994 ,       7786 ,                         1083 ,         61357.0  ,   27.07 ,          778.6
India ,Sorghum          ,1994 ,       7786 ,                         1083 ,         61357.0  ,   25.01 ,          778.6
India ,Sorghum          ,1994 ,       7786 ,                         1083 ,         61357.0  ,   25.92 ,          778.6
India ,Sorghum          ,1994 ,       7786 ,                         1083 ,         61357.0  ,   25.33 ,          778.6
India ,Sorghum          ,1994 ,       7786 ,                         1083 ,         61357.0  ,   24.29 ,          778.6
India ,Sorghum          ,1994 ,       7786 ,                         1083 ,         61357.0  ,   25.75 ,          778.6
India ,Sorghum          ,1994 ,       7786 ,                         1083 ,         61357.0  ,   25.87 ,          778.6
India ,Sorghum          ,1994 ,       7786 ,                         1083 ,         61357.0  ,   25.71 ,          778.6
India ,Sorghum          ,1994 ,       7786 ,                         1083 ,         61357.0  ,   24.84 ,          778.6
India ,Sorghum          ,1994 ,       7786 ,                         1083 ,         61357.0  ,   26.46 ,          778.6
India ,Sorghum          ,1994 ,       7786 ,                         1083 ,         61357.0  ,   24.71 ,          778.6
India ,Sorghum          ,1994 ,       7786 ,                         1083 ,         61357.0  ,   26.55 ,          778.6
India ,Sorghum          ,1994 ,       7786 ,                         1083 ,         61357.0  ,   26.55 ,          778.6
India ,Sorghum          ,1994 ,       7786 ,                         1083 ,         61357.0  ,   25.95 ,          778.6
India ,Soybeans         ,1994 ,       9106 ,                         1083 ,         61357.0  ,   25.75 ,          910.6
India ,Soybeans         ,1994 ,       9106 ,                         1083 ,         61357.0  ,   26.74 ,          910.6
India ,Soybeans         ,1994 ,       9106 ,                         1083 ,         61357.0  ,   26.03 ,          910.6
India ,Soybeans         ,1994 ,       9106 ,                         1083 ,         61357.0  ,   24.29 ,          910.6
India ,Soybeans         ,1994 ,       9106 ,                         1083 ,         61357.0  ,   25.22 ,          910.6
India ,Soybeans         ,1994 ,       9106 ,                         1083 ,         61357.0  ,   25.33 ,          910.6
India ,Soybeans         ,1994 ,       9106 ,                         1083 ,         61357.0  ,   25.87 ,          910.6
India ,Soybeans         ,1994 ,       9106 ,                         1083 ,         61357.0  ,   26.54 ,          910.6
India ,Soybeans         ,1994 ,       9106 ,                         1083 ,         61357.0  ,   27.07 ,          910.6
India ,Soybeans         ,1994 ,       9106 ,                         1083 ,         61357.0  ,   25.01 ,          910.6
India ,Soybeans         ,1994 ,       9106 ,                         1083 ,         61357.0  ,   25.92 ,          910.6
India ,Soybeans         ,1994 ,       9106 ,                         1083 ,         61357.0  ,   25.33 ,          910.6
India ,Soybeans         ,1994 ,       9106 ,                         1083 ,         61357.0  ,   24.29 ,          910.6
India ,Soybeans         ,1994 ,       9106 ,                         1083 ,         61357.0  ,   25.75 ,          910.6
India ,Soybeans         ,1994 ,       9106 ,                         1083 ,         61357.0  ,   25.87 ,          910.6
India ,Soybeans         ,1994 ,       9106 ,                         1083 ,         61357.0  ,   25.71 ,          910.6
India ,Soybeans         ,1994 ,       9106 ,                         1083 ,         61357.0  ,   24.84 ,          910.6
India ,Soybeans         ,1994 ,       9106 ,                         1083 ,         61357.0  ,   26.46 ,          910.6
India ,Soybeans         ,1994 ,       9106 ,                         1083 ,         61357.0  ,   24.71 ,          910.6
India ,Soybeans         ,1994 ,       9106 ,                         1083 ,         61357.0  ,   26.55 ,          910.6
India ,Soybeans         ,1994 ,       9106 ,                         1083 ,         61357.0  ,   26.55 ,          910.6
India ,Soybeans         ,1994 ,       9106 ,                         1083 ,         61357.0  ,   25.95 ,          910.6
India ,Sweet Potatoes   ,1994 ,      84823 ,                         1083 ,         61357.0  ,   25.75 ,         8482.3
India ,Sweet Potatoes   ,1994 ,      84823 ,                         1083 ,         61357.0  ,   26.74 ,         8482.3
India ,Sweet Potatoes   ,1994 ,      84823 ,                         1083 ,         61357.0  ,   26.03 ,         8482.3
India ,Sweet Potatoes   ,1994 ,      84823 ,                         1083 ,         61357.0  ,   24.29 ,         8482.3
India ,Sweet Potatoes   ,1994 ,      84823 ,                         1083 ,         61357.0  ,   25.22 ,         8482.3
India ,Sweet Potatoes   ,1994 ,      84823 ,                         1083 ,         61357.0  ,   25.33 ,         8482.3
India ,Sweet Potatoes   ,1994 ,      84823 ,                         1083 ,         61357.0  ,   25.87 ,         8482.3
India ,Sweet Potatoes   ,1994 ,      84823 ,                         1083 ,         61357.0  ,   26.54 ,         8482.3
India ,Sweet Potatoes   ,1994 ,      84823 ,                         1083 ,         61357.0  ,   27.07 ,         8482.3
India ,Sweet Potatoes   ,1994 ,      84823 ,                         1083 ,         61357.0  ,   25.01 ,         8482.3
India ,Sweet Potatoes   ,1994 ,      84823 ,                         1083 ,         61357.0  ,   25.92 ,         8482.3
India ,Sweet Potatoes   ,1994 ,      84823 ,                         1083 ,         61357.0  ,   25.33 ,         8482.3
India ,Sweet Potatoes   ,1994 ,      84823 ,                         1083 ,         61357.0  ,   24.29 ,         8482.3
India ,Sweet Potatoes   ,1994 ,      84823 ,                         1083 ,         61357.0  ,   25.75 ,         8482.3
India ,Sweet Potatoes   ,1994 ,      84823 ,                         1083 ,         61357.0  ,   25.87 ,         8482.3
India ,Sweet Potatoes   ,1994 ,      84823 ,                         1083 ,         61357.0  ,   25.71 ,         8482.3
India ,Sweet Potatoes   ,1994 ,      84823 ,                         1083 ,         61357.0  ,   24.84 ,         8482.3
India ,Sweet Potatoes   ,1994 ,      84823 ,                         1083 ,         61357.0  ,   26.46 ,         8482.3
India ,Sweet Potatoes   ,1994 ,      84823 ,                         1083 ,         61357.0  ,   24.71 ,         8482.3
India ,Sweet Potatoes   ,1994 ,      84823 ,                         1083 ,         61357.0  ,   26.55 ,         8482.3
India ,Sweet Potatoes   ,1994 ,      84823 ,                         1083 ,         61357.0  ,   26.55 ,         8482.3
India ,Sweet Potatoes   ,1994 ,      84823 ,                         1083 ,         61357.0  ,   25.95 ,         8482.3
India ,Wheat            ,1994 ,      23796 ,                         1083 ,         61357.0  ,   25.75 ,         2379.6
India ,Wheat            ,1994 ,      23796 ,                         1083 ,         61357.0  ,   26.74 ,         2379.6
India ,Wheat            ,1994 ,      23796 ,                         1083 ,         61357.0  ,   26.03 ,         2379.6
India ,Wheat            ,1994 ,      23796 ,                         1083 ,         61357.0  ,   24.29 ,         2379.6
India ,Wheat            ,1994 ,      23796 ,                         1083 ,         61357.0  ,   25.22 ,         2379.6
India ,Wheat            ,1994 ,      23796 ,                         1083 ,         61357.0  ,   25.33 ,         2379.6
India ,Wheat            ,1994 ,      23796 ,                         1083 ,         61357.0  ,   25.87 ,         2379.6
India ,Wheat            ,1994 ,      23796 ,                         1083 ,         61357.0  ,   26.54 ,         2379.6
India ,Wheat            ,1994 ,      23796 ,                         1083 ,         61357.0  ,   27.07 ,         2379.6
India ,Wheat            ,1994 ,      23796 ,                         1083 ,         61357.0  ,   25.01 ,         2379.6
India ,Wheat            ,1994 ,      23796 ,                         1083 ,         61357.0  ,   25.92 ,         2379.6
India ,Wheat            ,1994 ,      23796 ,                         1083 ,         61357.0  ,   25.33 ,         2379.6
India ,Wheat            ,1994 ,      23796 ,                         1083 ,         61357.0  ,   24.29 ,         2379.6
India ,Wheat            ,1994 ,      23796 ,                         1083 ,         61357.0  ,   25.75 ,         2379.6
India ,Wheat            ,1994 ,      23796 ,                         1083 ,         61357.0  ,   25.87 ,         2379.6
India ,Wheat            ,1994 ,      23796 ,                         1083 ,         61357.0  ,   25.71 ,         2379.6
India ,Wheat            ,1994 ,      23796 ,                         1083 ,         61357.0  ,   24.84 ,         2379.6
India ,Wheat            ,1994 ,      23796 ,                         1083 ,         61357.0  ,   26.46 ,         2379.6
India ,Wheat            ,1994 ,      23796 ,                         1083 ,         61357.0  ,   24.71 ,         2379.6
India ,Wheat            ,1994 ,      23796 ,                         1083 ,         61357.0  ,   26.55 ,         2379.6
India ,Wheat            ,1994 ,      23796 ,                         1083 ,         61357.0  ,   26.55 ,         2379.6
India ,Wheat            ,1994 ,      23796 ,                         1083 ,         61357.0  ,   25.95 ,         2379.6
India ,Cassava          ,1995 ,     252775 ,                         1083 ,         61257.0  ,   25.86 ,        25277.5
India ,Cassava          ,1995 ,     252775 ,                         1083 ,         61257.0  ,   27.2  ,        25277.5
India ,Cassava          ,1995 ,     252775 ,                         1083 ,         61257.0  ,   26.15 ,        25277.5
India ,Cassava          ,1995 ,     252775 ,                         1083 ,         61257.0  ,   24.04 ,        25277.5
India ,Cassava          ,1995 ,     252775 ,                         1083 ,         61257.0  ,   25.44 ,        25277.5
India ,Cassava          ,1995 ,     252775 ,                         1083 ,         61257.0  ,   25.73 ,        25277.5
India ,Cassava          ,1995 ,     252775 ,                         1083 ,         61257.0  ,   25.92 ,        25277.5
India ,Cassava          ,1995 ,     252775 ,                         1083 ,         61257.0  ,   26.62 ,        25277.5
India ,Cassava          ,1995 ,     252775 ,                         1083 ,         61257.0  ,   27.24 ,        25277.5
India ,Cassava          ,1995 ,     252775 ,                         1083 ,         61257.0  ,   25.5  ,        25277.5
India ,Cassava          ,1995 ,     252775 ,                         1083 ,         61257.0  ,   26.13 ,        25277.5
India ,Cassava          ,1995 ,     252775 ,                         1083 ,         61257.0  ,   25.55 ,        25277.5
India ,Cassava          ,1995 ,     252775 ,                         1083 ,         61257.0  ,   24.04 ,        25277.5
India ,Cassava          ,1995 ,     252775 ,                         1083 ,         61257.0  ,   26.04 ,        25277.5
India ,Cassava          ,1995 ,     252775 ,                         1083 ,         61257.0  ,   25.92 ,        25277.5
India ,Cassava          ,1995 ,     252775 ,                         1083 ,         61257.0  ,   25.76 ,        25277.5
India ,Cassava          ,1995 ,     252775 ,                         1083 ,         61257.0  ,   25.24 ,        25277.5
India ,Cassava          ,1995 ,     252775 ,                         1083 ,         61257.0  ,   26.72 ,        25277.5
India ,Cassava          ,1995 ,     252775 ,                         1083 ,         61257.0  ,   24.64 ,        25277.5
India ,Cassava          ,1995 ,     252775 ,                         1083 ,         61257.0  ,   27.03 ,        25277.5
India ,Cassava          ,1995 ,     252775 ,                         1083 ,         61257.0  ,   27.03 ,        25277.5
India ,Cassava          ,1995 ,     252775 ,                         1083 ,         61257.0  ,   26.01 ,        25277.5
India ,Maize            ,1995 ,      15946 ,                         1083 ,         61257.0  ,   25.86 ,         1594.6
India ,Maize            ,1995 ,      15946 ,                         1083 ,         61257.0  ,   27.2  ,         1594.6
India ,Maize            ,1995 ,      15946 ,                         1083 ,         61257.0  ,   26.15 ,         1594.6
India ,Maize            ,1995 ,      15946 ,                         1083 ,         61257.0  ,   24.04 ,         1594.6
India ,Maize            ,1995 ,      15946 ,                         1083 ,         61257.0  ,   25.44 ,         1594.6
India ,Maize            ,1995 ,      15946 ,                         1083 ,         61257.0  ,   25.73 ,         1594.6
India ,Maize            ,1995 ,      15946 ,                         1083 ,         61257.0  ,   25.92 ,         1594.6
India ,Maize            ,1995 ,      15946 ,                         1083 ,         61257.0  ,   26.62 ,         1594.6
India ,Maize            ,1995 ,      15946 ,                         1083 ,         61257.0  ,   27.24 ,         1594.6
India ,Maize            ,1995 ,      15946 ,                         1083 ,         61257.0  ,   25.5  ,         1594.6
India ,Maize            ,1995 ,      15946 ,                         1083 ,         61257.0  ,   26.13 ,         1594.6
India ,Maize            ,1995 ,      15946 ,                         1083 ,         61257.0  ,   25.55 ,         1594.6
India ,Maize            ,1995 ,      15946 ,                         1083 ,         61257.0  ,   24.04 ,         1594.6
India ,Maize            ,1995 ,      15946 ,                         1083 ,         61257.0  ,   26.04 ,         1594.6
India ,Maize            ,1995 ,      15946 ,                         1083 ,         61257.0  ,   25.92 ,         1594.6
India ,Maize            ,1995 ,      15946 ,                         1083 ,         61257.0  ,   25.76 ,         1594.6
India ,Maize            ,1995 ,      15946 ,                         1083 ,         61257.0  ,   25.24 ,         1594.6
India ,Maize            ,1995 ,      15946 ,                         1083 ,         61257.0  ,   26.72 ,         1594.6
India ,Maize            ,1995 ,      15946 ,                         1083 ,         61257.0  ,   24.64 ,         1594.6
India ,Maize            ,1995 ,      15946 ,                         1083 ,         61257.0  ,   27.03 ,         1594.6
India ,Maize            ,1995 ,      15946 ,                         1083 ,         61257.0  ,   27.03 ,         1594.6
India ,Maize            ,1995 ,      15946 ,                         1083 ,         61257.0  ,   26.01 ,         1594.6
India ,Potatoes         ,1995 ,     162720 ,                         1083 ,         61257.0  ,   25.86 ,        16272.0
India ,Potatoes         ,1995 ,     162720 ,                         1083 ,         61257.0  ,   27.2  ,        16272.0
India ,Potatoes         ,1995 ,     162720 ,                         1083 ,         61257.0  ,   26.15 ,        16272.0
India ,Potatoes         ,1995 ,     162720 ,                         1083 ,         61257.0  ,   24.04 ,        16272.0
India ,Potatoes         ,1995 ,     162720 ,                         1083 ,         61257.0  ,   25.44 ,        16272.0
India ,Potatoes         ,1995 ,     162720 ,                         1083 ,         61257.0  ,   25.73 ,        16272.0
India ,Potatoes         ,1995 ,     162720 ,                         1083 ,         61257.0  ,   25.92 ,        16272.0
India ,Potatoes         ,1995 ,     162720 ,                         1083 ,         61257.0  ,   26.62 ,        16272.0
India ,Potatoes         ,1995 ,     162720 ,                         1083 ,         61257.0  ,   27.24 ,        16272.0
India ,Potatoes         ,1995 ,     162720 ,                         1083 ,         61257.0  ,   25.5  ,        16272.0
India ,Potatoes         ,1995 ,     162720 ,                         1083 ,         61257.0  ,   26.13 ,        16272.0
India ,Potatoes         ,1995 ,     162720 ,                         1083 ,         61257.0  ,   25.55 ,        16272.0
India ,Potatoes         ,1995 ,     162720 ,                         1083 ,         61257.0  ,   24.04 ,        16272.0
India ,Potatoes         ,1995 ,     162720 ,                         1083 ,         61257.0  ,   26.04 ,        16272.0
India ,Potatoes         ,1995 ,     162720 ,                         1083 ,         61257.0  ,   25.92 ,        16272.0
India ,Potatoes         ,1995 ,     162720 ,                         1083 ,         61257.0  ,   25.76 ,        16272.0
India ,Potatoes         ,1995 ,     162720 ,                         1083 ,         61257.0  ,   25.24 ,        16272.0
India ,Potatoes         ,1995 ,     162720 ,                         1083 ,         61257.0  ,   26.72 ,        16272.0
India ,Potatoes         ,1995 ,     162720 ,                         1083 ,         61257.0  ,   24.64 ,        16272.0
India ,Potatoes         ,1995 ,     162720 ,                         1083 ,         61257.0  ,   27.03 ,        16272.0
India ,Potatoes         ,1995 ,     162720 ,                         1083 ,         61257.0  ,   27.03 ,        16272.0
India ,Potatoes         ,1995 ,     162720 ,                         1083 ,         61257.0  ,   26.01 ,        16272.0
India ,"""Rice Paddy""" ,1995 ,      26972 ,                         1083 ,         61257.0  ,   25.86 ,         2697.2
India ,"""Rice Paddy""" ,1995 ,      26972 ,                         1083 ,         61257.0  ,   27.2  ,         2697.2
India ,"""Rice Paddy""" ,1995 ,      26972 ,                         1083 ,         61257.0  ,   26.15 ,         2697.2
India ,"""Rice Paddy""" ,1995 ,      26972 ,                         1083 ,         61257.0  ,   24.04 ,         2697.2
India ,"""Rice Paddy""" ,1995 ,      26972 ,                         1083 ,         61257.0  ,   25.44 ,         2697.2
India ,"""Rice Paddy""" ,1995 ,      26972 ,                         1083 ,         61257.0  ,   25.73 ,         2697.2
India ,"""Rice Paddy""" ,1995 ,      26972 ,                         1083 ,         61257.0  ,   25.92 ,         2697.2
India ,"""Rice Paddy""" ,1995 ,      26972 ,                         1083 ,         61257.0  ,   26.62 ,         2697.2
India ,"""Rice Paddy""" ,1995 ,      26972 ,                         1083 ,         61257.0  ,   27.24 ,         2697.2
India ,"""Rice Paddy""" ,1995 ,      26972 ,                         1083 ,         61257.0  ,   25.5  ,         2697.2
India ,"""Rice Paddy""" ,1995 ,      26972 ,                         1083 ,         61257.0  ,   26.13 ,         2697.2
India ,"""Rice Paddy""" ,1995 ,      26972 ,                         1083 ,         61257.0  ,   25.55 ,         2697.2
India ,"""Rice Paddy""" ,1995 ,      26972 ,                         1083 ,         61257.0  ,   24.04 ,         2697.2
India ,"""Rice Paddy""" ,1995 ,      26972 ,                         1083 ,         61257.0  ,   26.04 ,         2697.2
India ,"""Rice Paddy""" ,1995 ,      26972 ,                         1083 ,         61257.0  ,   25.92 ,         2697.2
India ,"""Rice Paddy""" ,1995 ,      26972 ,                         1083 ,         61257.0  ,   25.76 ,         2697.2
India ,"""Rice Paddy""" ,1995 ,      26972 ,                         1083 ,         61257.0  ,   25.24 ,         2697.2
India ,"""Rice Paddy""" ,1995 ,      26972 ,                         1083 ,         61257.0  ,   26.72 ,         2697.2
India ,"""Rice Paddy""" ,1995 ,      26972 ,                         1083 ,         61257.0  ,   24.64 ,         2697.2
India ,"""Rice Paddy""" ,1995 ,      26972 ,                         1083 ,         61257.0  ,   27.03 ,         2697.2
India ,"""Rice Paddy""" ,1995 ,      26972 ,                         1083 ,         61257.0  ,   27.03 ,         2697.2
India ,"""Rice Paddy""" ,1995 ,      26972 ,                         1083 ,         61257.0  ,   26.01 ,         2697.2
India ,Sorghum          ,1995 ,       8235 ,                         1083 ,         61257.0  ,   25.86 ,          823.5
India ,Sorghum          ,1995 ,       8235 ,                         1083 ,         61257.0  ,   27.2  ,          823.5
India ,Sorghum          ,1995 ,       8235 ,                         1083 ,         61257.0  ,   26.15 ,          823.5
India ,Sorghum          ,1995 ,       8235 ,                         1083 ,         61257.0  ,   24.04 ,          823.5
India ,Sorghum          ,1995 ,       8235 ,                         1083 ,         61257.0  ,   25.44 ,          823.5
India ,Sorghum          ,1995 ,       8235 ,                         1083 ,         61257.0  ,   25.73 ,          823.5
India ,Sorghum          ,1995 ,       8235 ,                         1083 ,         61257.0  ,   25.92 ,          823.5
India ,Sorghum          ,1995 ,       8235 ,                         1083 ,         61257.0  ,   26.62 ,          823.5
India ,Sorghum          ,1995 ,       8235 ,                         1083 ,         61257.0  ,   27.24 ,          823.5
India ,Sorghum          ,1995 ,       8235 ,                         1083 ,         61257.0  ,   25.5  ,          823.5
India ,Sorghum          ,1995 ,       8235 ,                         1083 ,         61257.0  ,   26.13 ,          823.5
India ,Sorghum          ,1995 ,       8235 ,                         1083 ,         61257.0  ,   25.55 ,          823.5
India ,Sorghum          ,1995 ,       8235 ,                         1083 ,         61257.0  ,   24.04 ,          823.5
India ,Sorghum          ,1995 ,       8235 ,                         1083 ,         61257.0  ,   26.04 ,          823.5
India ,Sorghum          ,1995 ,       8235 ,                         1083 ,         61257.0  ,   25.92 ,          823.5
India ,Sorghum          ,1995 ,       8235 ,                         1083 ,         61257.0  ,   25.76 ,          823.5
India ,Sorghum          ,1995 ,       8235 ,                         1083 ,         61257.0  ,   25.24 ,          823.5
India ,Sorghum          ,1995 ,       8235 ,                         1083 ,         61257.0  ,   26.72 ,          823.5
India ,Sorghum          ,1995 ,       8235 ,                         1083 ,         61257.0  ,   24.64 ,          823.5
India ,Sorghum          ,1995 ,       8235 ,                         1083 ,         61257.0  ,   27.03 ,          823.5
India ,Sorghum          ,1995 ,       8235 ,                         1083 ,         61257.0  ,   27.03 ,          823.5
India ,Sorghum          ,1995 ,       8235 ,                         1083 ,         61257.0  ,   26.01 ,          823.5
India ,Soybeans         ,1995 ,      10121 ,                         1083 ,         61257.0  ,   25.86 ,         1012.1
India ,Soybeans         ,1995 ,      10121 ,                         1083 ,         61257.0  ,   27.2  ,         1012.1
India ,Soybeans         ,1995 ,      10121 ,                         1083 ,         61257.0  ,   26.15 ,         1012.1
India ,Soybeans         ,1995 ,      10121 ,                         1083 ,         61257.0  ,   24.04 ,         1012.1
India ,Soybeans         ,1995 ,      10121 ,                         1083 ,         61257.0  ,   25.44 ,         1012.1
India ,Soybeans         ,1995 ,      10121 ,                         1083 ,         61257.0  ,   25.73 ,         1012.1
India ,Soybeans         ,1995 ,      10121 ,                         1083 ,         61257.0  ,   25.92 ,         1012.1
India ,Soybeans         ,1995 ,      10121 ,                         1083 ,         61257.0  ,   26.62 ,         1012.1
India ,Soybeans         ,1995 ,      10121 ,                         1083 ,         61257.0  ,   27.24 ,         1012.1
India ,Soybeans         ,1995 ,      10121 ,                         1083 ,         61257.0  ,   25.5  ,         1012.1
India ,Soybeans         ,1995 ,      10121 ,                         1083 ,         61257.0  ,   26.13 ,         1012.1
India ,Soybeans         ,1995 ,      10121 ,                         1083 ,         61257.0  ,   25.55 ,         1012.1
India ,Soybeans         ,1995 ,      10121 ,                         1083 ,         61257.0  ,   24.04 ,         1012.1
India ,Soybeans         ,1995 ,      10121 ,                         1083 ,         61257.0  ,   26.04 ,         1012.1
India ,Soybeans         ,1995 ,      10121 ,                         1083 ,         61257.0  ,   25.92 ,         1012.1
India ,Soybeans         ,1995 ,      10121 ,                         1083 ,         61257.0  ,   25.76 ,         1012.1
India ,Soybeans         ,1995 ,      10121 ,                         1083 ,         61257.0  ,   25.24 ,         1012.1
India ,Soybeans         ,1995 ,      10121 ,                         1083 ,         61257.0  ,   26.72 ,         1012.1
India ,Soybeans         ,1995 ,      10121 ,                         1083 ,         61257.0  ,   24.64 ,         1012.1
India ,Soybeans         ,1995 ,      10121 ,                         1083 ,         61257.0  ,   27.03 ,         1012.1
India ,Soybeans         ,1995 ,      10121 ,                         1083 ,         61257.0  ,   27.03 ,         1012.1
India ,Soybeans         ,1995 ,      10121 ,                         1083 ,         61257.0  ,   26.01 ,         1012.1
India ,Sweet Potatoes   ,1995 ,      80643 ,                         1083 ,         61257.0  ,   25.86 ,         8064.3
India ,Sweet Potatoes   ,1995 ,      80643 ,                         1083 ,         61257.0  ,   27.2  ,         8064.3
India ,Sweet Potatoes   ,1995 ,      80643 ,                         1083 ,         61257.0  ,   26.15 ,         8064.3
India ,Sweet Potatoes   ,1995 ,      80643 ,                         1083 ,         61257.0  ,   24.04 ,         8064.3
India ,Sweet Potatoes   ,1995 ,      80643 ,                         1083 ,         61257.0  ,   25.44 ,         8064.3
India ,Sweet Potatoes   ,1995 ,      80643 ,                         1083 ,         61257.0  ,   25.73 ,         8064.3
India ,Sweet Potatoes   ,1995 ,      80643 ,                         1083 ,         61257.0  ,   25.92 ,         8064.3
India ,Sweet Potatoes   ,1995 ,      80643 ,                         1083 ,         61257.0  ,   26.62 ,         8064.3
India ,Sweet Potatoes   ,1995 ,      80643 ,                         1083 ,         61257.0  ,   27.24 ,         8064.3
India ,Sweet Potatoes   ,1995 ,      80643 ,                         1083 ,         61257.0  ,   25.5  ,         8064.3
India ,Sweet Potatoes   ,1995 ,      80643 ,                         1083 ,         61257.0  ,   26.13 ,         8064.3
India ,Sweet Potatoes   ,1995 ,      80643 ,                         1083 ,         61257.0  ,   25.55 ,         8064.3
India ,Sweet Potatoes   ,1995 ,      80643 ,                         1083 ,         61257.0  ,   24.04 ,         8064.3
India ,Sweet Potatoes   ,1995 ,      80643 ,                         1083 ,         61257.0  ,   26.04 ,         8064.3
India ,Sweet Potatoes   ,1995 ,      80643 ,                         1083 ,         61257.0  ,   25.92 ,         8064.3
India ,Sweet Potatoes   ,1995 ,      80643 ,                         1083 ,         61257.0  ,   25.76 ,         8064.3
India ,Sweet Potatoes   ,1995 ,      80643 ,                         1083 ,         61257.0  ,   25.24 ,         8064.3
India ,Sweet Potatoes   ,1995 ,      80643 ,                         1083 ,         61257.0  ,   26.72 ,         8064.3
India ,Sweet Potatoes   ,1995 ,      80643 ,                         1083 ,         61257.0  ,   24.64 ,         8064.3
India ,Sweet Potatoes   ,1995 ,      80643 ,                         1083 ,         61257.0  ,   27.03 ,         8064.3
India ,Sweet Potatoes   ,1995 ,      80643 ,                         1083 ,         61257.0  ,   27.03 ,         8064.3
India ,Sweet Potatoes   ,1995 ,      80643 ,                         1083 ,         61257.0  ,   26.01 ,         8064.3
India ,Wheat            ,1995 ,      25590 ,                         1083 ,         61257.0  ,   25.86 ,         2559.0
India ,Wheat            ,1995 ,      25590 ,                         1083 ,         61257.0  ,   27.2  ,         2559.0
India ,Wheat            ,1995 ,      25590 ,                         1083 ,         61257.0  ,   26.15 ,         2559.0
India ,Wheat            ,1995 ,      25590 ,                         1083 ,         61257.0  ,   24.04 ,         2559.0
India ,Wheat            ,1995 ,      25590 ,                         1083 ,         61257.0  ,   25.44 ,         2559.0
India ,Wheat            ,1995 ,      25590 ,                         1083 ,         61257.0  ,   25.73 ,         2559.0
India ,Wheat            ,1995 ,      25590 ,                         1083 ,         61257.0  ,   25.92 ,         2559.0
India ,Wheat            ,1995 ,      25590 ,                         1083 ,         61257.0  ,   26.62 ,         2559.0
India ,Wheat            ,1995 ,      25590 ,                         1083 ,         61257.0  ,   27.24 ,         2559.0
India ,Wheat            ,1995 ,      25590 ,                         1083 ,         61257.0  ,   25.5  ,         2559.0
India ,Wheat            ,1995 ,      25590 ,                         1083 ,         61257.0  ,   26.13 ,         2559.0
India ,Wheat            ,1995 ,      25590 ,                         1083 ,         61257.0  ,   25.55 ,         2559.0
India ,Wheat            ,1995 ,      25590 ,                         1083 ,         61257.0  ,   24.04 ,         2559.0
India ,Wheat            ,1995 ,      25590 ,                         1083 ,         61257.0  ,   26.04 ,         2559.0
India ,Wheat            ,1995 ,      25590 ,                         1083 ,         61257.0  ,   25.92 ,         2559.0
India ,Wheat            ,1995 ,      25590 ,                         1083 ,         61257.0  ,   25.76 ,         2559.0
India ,Wheat            ,1995 ,      25590 ,                         1083 ,         61257.0  ,   25.24 ,         2559.0
India ,Wheat            ,1995 ,      25590 ,                         1083 ,         61257.0  ,   26.72 ,         2559.0
India ,Wheat            ,1995 ,      25590 ,                         1083 ,         61257.0  ,   24.64 ,         2559.0
India ,Wheat            ,1995 ,      25590 ,                         1083 ,         61257.0  ,   27.03 ,         2559.0
India ,Wheat            ,1995 ,      25590 ,                         1083 ,         61257.0  ,   27.03 ,         2559.0
India ,Wheat            ,1995 ,      25590 ,                         1083 ,         61257.0  ,   26.01 ,         2559.0
India ,Cassava          ,1996 ,     238528 ,                         1083 ,         56114.0  ,   25.63 ,        23852.8
India ,Cassava          ,1996 ,     238528 ,                         1083 ,         56114.0  ,   27.06 ,        23852.8
India ,Cassava          ,1996 ,     238528 ,                         1083 ,         56114.0  ,   26.1  ,        23852.8
India ,Cassava          ,1996 ,     238528 ,                         1083 ,         56114.0  ,   23.81 ,        23852.8
India ,Cassava          ,1996 ,     238528 ,                         1083 ,         56114.0  ,   25.41 ,        23852.8
India ,Cassava          ,1996 ,     238528 ,                         1083 ,         56114.0  ,   25.9  ,        23852.8
India ,Cassava          ,1996 ,     238528 ,                         1083 ,         56114.0  ,   25.55 ,        23852.8
India ,Cassava          ,1996 ,     238528 ,                         1083 ,         56114.0  ,   26.65 ,        23852.8
India ,Cassava          ,1996 ,     238528 ,                         1083 ,         56114.0  ,   27.37 ,        23852.8
India ,Cassava          ,1996 ,     238528 ,                         1083 ,         56114.0  ,   25.55 ,        23852.8
India ,Cassava          ,1996 ,     238528 ,                         1083 ,         56114.0  ,   25.79 ,        23852.8
India ,Cassava          ,1996 ,     238528 ,                         1083 ,         56114.0  ,   25.31 ,        23852.8
India ,Cassava          ,1996 ,     238528 ,                         1083 ,         56114.0  ,   23.81 ,        23852.8
India ,Cassava          ,1996 ,     238528 ,                         1083 ,         56114.0  ,   26.46 ,        23852.8
India ,Cassava          ,1996 ,     238528 ,                         1083 ,         56114.0  ,   25.55 ,        23852.8
India ,Cassava          ,1996 ,     238528 ,                         1083 ,         56114.0  ,   25.75 ,        23852.8
India ,Cassava          ,1996 ,     238528 ,                         1083 ,         56114.0  ,   25.34 ,        23852.8
India ,Cassava          ,1996 ,     238528 ,                         1083 ,         56114.0  ,   26.64 ,        23852.8
India ,Cassava          ,1996 ,     238528 ,                         1083 ,         56114.0  ,   24.78 ,        23852.8
India ,Cassava          ,1996 ,     238528 ,                         1083 ,         56114.0  ,   27.01 ,        23852.8
India ,Cassava          ,1996 ,     238528 ,                         1083 ,         56114.0  ,   27.01 ,        23852.8
India ,Cassava          ,1996 ,     238528 ,                         1083 ,         56114.0  ,   25.99 ,        23852.8
India ,Maize            ,1996 ,      17094 ,                         1083 ,         56114.0  ,   25.63 ,         1709.4
India ,Maize            ,1996 ,      17094 ,                         1083 ,         56114.0  ,   27.06 ,         1709.4
India ,Maize            ,1996 ,      17094 ,                         1083 ,         56114.0  ,   26.1  ,         1709.4
India ,Maize            ,1996 ,      17094 ,                         1083 ,         56114.0  ,   23.81 ,         1709.4
India ,Maize            ,1996 ,      17094 ,                         1083 ,         56114.0  ,   25.41 ,         1709.4
India ,Maize            ,1996 ,      17094 ,                         1083 ,         56114.0  ,   25.9  ,         1709.4
India ,Maize            ,1996 ,      17094 ,                         1083 ,         56114.0  ,   25.55 ,         1709.4
India ,Maize            ,1996 ,      17094 ,                         1083 ,         56114.0  ,   26.65 ,         1709.4
India ,Maize            ,1996 ,      17094 ,                         1083 ,         56114.0  ,   27.37 ,         1709.4
India ,Maize            ,1996 ,      17094 ,                         1083 ,         56114.0  ,   25.55 ,         1709.4
India ,Maize            ,1996 ,      17094 ,                         1083 ,         56114.0  ,   25.79 ,         1709.4
India ,Maize            ,1996 ,      17094 ,                         1083 ,         56114.0  ,   25.31 ,         1709.4
India ,Maize            ,1996 ,      17094 ,                         1083 ,         56114.0  ,   23.81 ,         1709.4
India ,Maize            ,1996 ,      17094 ,                         1083 ,         56114.0  ,   26.46 ,         1709.4
India ,Maize            ,1996 ,      17094 ,                         1083 ,         56114.0  ,   25.55 ,         1709.4
India ,Maize            ,1996 ,      17094 ,                         1083 ,         56114.0  ,   25.75 ,         1709.4
India ,Maize            ,1996 ,      17094 ,                         1083 ,         56114.0  ,   25.34 ,         1709.4
India ,Maize            ,1996 ,      17094 ,                         1083 ,         56114.0  ,   26.64 ,         1709.4
India ,Maize            ,1996 ,      17094 ,                         1083 ,         56114.0  ,   24.78 ,         1709.4
India ,Maize            ,1996 ,      17094 ,                         1083 ,         56114.0  ,   27.01 ,         1709.4
India ,Maize            ,1996 ,      17094 ,                         1083 ,         56114.0  ,   27.01 ,         1709.4
India ,Maize            ,1996 ,      17094 ,                         1083 ,         56114.0  ,   25.99 ,         1709.4
India ,Potatoes         ,1996 ,     169913 ,                         1083 ,         56114.0  ,   25.63 ,        16991.3
India ,Potatoes         ,1996 ,     169913 ,                         1083 ,         56114.0  ,   27.06 ,        16991.3
India ,Potatoes         ,1996 ,     169913 ,                         1083 ,         56114.0  ,   26.1  ,        16991.3
India ,Potatoes         ,1996 ,     169913 ,                         1083 ,         56114.0  ,   23.81 ,        16991.3
India ,Potatoes         ,1996 ,     169913 ,                         1083 ,         56114.0  ,   25.41 ,        16991.3
India ,Potatoes         ,1996 ,     169913 ,                         1083 ,         56114.0  ,   25.9  ,        16991.3
India ,Potatoes         ,1996 ,     169913 ,                         1083 ,         56114.0  ,   25.55 ,        16991.3
India ,Potatoes         ,1996 ,     169913 ,                         1083 ,         56114.0  ,   26.65 ,        16991.3
India ,Potatoes         ,1996 ,     169913 ,                         1083 ,         56114.0  ,   27.37 ,        16991.3
India ,Potatoes         ,1996 ,     169913 ,                         1083 ,         56114.0  ,   25.55 ,        16991.3
India ,Potatoes         ,1996 ,     169913 ,                         1083 ,         56114.0  ,   25.79 ,        16991.3
India ,Potatoes         ,1996 ,     169913 ,                         1083 ,         56114.0  ,   25.31 ,        16991.3
India ,Potatoes         ,1996 ,     169913 ,                         1083 ,         56114.0  ,   23.81 ,        16991.3
India ,Potatoes         ,1996 ,     169913 ,                         1083 ,         56114.0  ,   26.46 ,        16991.3
India ,Potatoes         ,1996 ,     169913 ,                         1083 ,         56114.0  ,   25.55 ,        16991.3
India ,Potatoes         ,1996 ,     169913 ,                         1083 ,         56114.0  ,   25.75 ,        16991.3
India ,Potatoes         ,1996 ,     169913 ,                         1083 ,         56114.0  ,   25.34 ,        16991.3
India ,Potatoes         ,1996 ,     169913 ,                         1083 ,         56114.0  ,   26.64 ,        16991.3
India ,Potatoes         ,1996 ,     169913 ,                         1083 ,         56114.0  ,   24.78 ,        16991.3
India ,Potatoes         ,1996 ,     169913 ,                         1083 ,         56114.0  ,   27.01 ,        16991.3
India ,Potatoes         ,1996 ,     169913 ,                         1083 ,         56114.0  ,   27.01 ,        16991.3
India ,Potatoes         ,1996 ,     169913 ,                         1083 ,         56114.0  ,   25.99 ,        16991.3
India ,"""Rice Paddy""" ,1996 ,      28226 ,                         1083 ,         56114.0  ,   25.63 ,         2822.6
India ,"""Rice Paddy""" ,1996 ,      28226 ,                         1083 ,         56114.0  ,   27.06 ,         2822.6
India ,"""Rice Paddy""" ,1996 ,      28226 ,                         1083 ,         56114.0  ,   26.1  ,         2822.6
India ,"""Rice Paddy""" ,1996 ,      28226 ,                         1083 ,         56114.0  ,   23.81 ,         2822.6
India ,"""Rice Paddy""" ,1996 ,      28226 ,                         1083 ,         56114.0  ,   25.41 ,         2822.6
India ,"""Rice Paddy""" ,1996 ,      28226 ,                         1083 ,         56114.0  ,   25.9  ,         2822.6
India ,"""Rice Paddy""" ,1996 ,      28226 ,                         1083 ,         56114.0  ,   25.55 ,         2822.6
India ,"""Rice Paddy""" ,1996 ,      28226 ,                         1083 ,         56114.0  ,   26.65 ,         2822.6
India ,"""Rice Paddy""" ,1996 ,      28226 ,                         1083 ,         56114.0  ,   27.37 ,         2822.6
India ,"""Rice Paddy""" ,1996 ,      28226 ,                         1083 ,         56114.0  ,   25.55 ,         2822.6
India ,"""Rice Paddy""" ,1996 ,      28226 ,                         1083 ,         56114.0  ,   25.79 ,         2822.6
India ,"""Rice Paddy""" ,1996 ,      28226 ,                         1083 ,         56114.0  ,   25.31 ,         2822.6
India ,"""Rice Paddy""" ,1996 ,      28226 ,                         1083 ,         56114.0  ,   23.81 ,         2822.6
India ,"""Rice Paddy""" ,1996 ,      28226 ,                         1083 ,         56114.0  ,   26.46 ,         2822.6
India ,"""Rice Paddy""" ,1996 ,      28226 ,                         1083 ,         56114.0  ,   25.55 ,         2822.6
India ,"""Rice Paddy""" ,1996 ,      28226 ,                         1083 ,         56114.0  ,   25.75 ,         2822.6
India ,"""Rice Paddy""" ,1996 ,      28226 ,                         1083 ,         56114.0  ,   25.34 ,         2822.6
India ,"""Rice Paddy""" ,1996 ,      28226 ,                         1083 ,         56114.0  ,   26.64 ,         2822.6
India ,"""Rice Paddy""" ,1996 ,      28226 ,                         1083 ,         56114.0  ,   24.78 ,         2822.6
India ,"""Rice Paddy""" ,1996 ,      28226 ,                         1083 ,         56114.0  ,   27.01 ,         2822.6
India ,"""Rice Paddy""" ,1996 ,      28226 ,                         1083 ,         56114.0  ,   27.01 ,         2822.6
India ,"""Rice Paddy""" ,1996 ,      28226 ,                         1083 ,         56114.0  ,   25.99 ,         2822.6
India ,Sorghum          ,1996 ,       9591 ,                         1083 ,         56114.0  ,   25.63 ,          959.1
India ,Sorghum          ,1996 ,       9591 ,                         1083 ,         56114.0  ,   27.06 ,          959.1
India ,Sorghum          ,1996 ,       9591 ,                         1083 ,         56114.0  ,   26.1  ,          959.1
India ,Sorghum          ,1996 ,       9591 ,                         1083 ,         56114.0  ,   23.81 ,          959.1
India ,Sorghum          ,1996 ,       9591 ,                         1083 ,         56114.0  ,   25.41 ,          959.1
India ,Sorghum          ,1996 ,       9591 ,                         1083 ,         56114.0  ,   25.9  ,          959.1
India ,Sorghum          ,1996 ,       9591 ,                         1083 ,         56114.0  ,   25.55 ,          959.1
India ,Sorghum          ,1996 ,       9591 ,                         1083 ,         56114.0  ,   26.65 ,          959.1
India ,Sorghum          ,1996 ,       9591 ,                         1083 ,         56114.0  ,   27.37 ,          959.1
India ,Sorghum          ,1996 ,       9591 ,                         1083 ,         56114.0  ,   25.55 ,          959.1
India ,Sorghum          ,1996 ,       9591 ,                         1083 ,         56114.0  ,   25.79 ,          959.1
India ,Sorghum          ,1996 ,       9591 ,                         1083 ,         56114.0  ,   25.31 ,          959.1
India ,Sorghum          ,1996 ,       9591 ,                         1083 ,         56114.0  ,   23.81 ,          959.1
India ,Sorghum          ,1996 ,       9591 ,                         1083 ,         56114.0  ,   26.46 ,          959.1
India ,Sorghum          ,1996 ,       9591 ,                         1083 ,         56114.0  ,   25.55 ,          959.1
India ,Sorghum          ,1996 ,       9591 ,                         1083 ,         56114.0  ,   25.75 ,          959.1
India ,Sorghum          ,1996 ,       9591 ,                         1083 ,         56114.0  ,   25.34 ,          959.1
India ,Sorghum          ,1996 ,       9591 ,                         1083 ,         56114.0  ,   26.64 ,          959.1
India ,Sorghum          ,1996 ,       9591 ,                         1083 ,         56114.0  ,   24.78 ,          959.1
India ,Sorghum          ,1996 ,       9591 ,                         1083 ,         56114.0  ,   27.01 ,          959.1
India ,Sorghum          ,1996 ,       9591 ,                         1083 ,         56114.0  ,   27.01 ,          959.1
India ,Sorghum          ,1996 ,       9591 ,                         1083 ,         56114.0  ,   25.99 ,          959.1
India ,Soybeans         ,1996 ,      10319 ,                         1083 ,         56114.0  ,   25.63 ,         1031.9
India ,Soybeans         ,1996 ,      10319 ,                         1083 ,         56114.0  ,   27.06 ,         1031.9
India ,Soybeans         ,1996 ,      10319 ,                         1083 ,         56114.0  ,   26.1  ,         1031.9
India ,Soybeans         ,1996 ,      10319 ,                         1083 ,         56114.0  ,   23.81 ,         1031.9
India ,Soybeans         ,1996 ,      10319 ,                         1083 ,         56114.0  ,   25.41 ,         1031.9
India ,Soybeans         ,1996 ,      10319 ,                         1083 ,         56114.0  ,   25.9  ,         1031.9
India ,Soybeans         ,1996 ,      10319 ,                         1083 ,         56114.0  ,   25.55 ,         1031.9
India ,Soybeans         ,1996 ,      10319 ,                         1083 ,         56114.0  ,   26.65 ,         1031.9
India ,Soybeans         ,1996 ,      10319 ,                         1083 ,         56114.0  ,   27.37 ,         1031.9
India ,Soybeans         ,1996 ,      10319 ,                         1083 ,         56114.0  ,   25.55 ,         1031.9
India ,Soybeans         ,1996 ,      10319 ,                         1083 ,         56114.0  ,   25.79 ,         1031.9
India ,Soybeans         ,1996 ,      10319 ,                         1083 ,         56114.0  ,   25.31 ,         1031.9
India ,Soybeans         ,1996 ,      10319 ,                         1083 ,         56114.0  ,   23.81 ,         1031.9
India ,Soybeans         ,1996 ,      10319 ,                         1083 ,         56114.0  ,   26.46 ,         1031.9
India ,Soybeans         ,1996 ,      10319 ,                         1083 ,         56114.0  ,   25.55 ,         1031.9
India ,Soybeans         ,1996 ,      10319 ,                         1083 ,         56114.0  ,   25.75 ,         1031.9
India ,Soybeans         ,1996 ,      10319 ,                         1083 ,         56114.0  ,   25.34 ,         1031.9
India ,Soybeans         ,1996 ,      10319 ,                         1083 ,         56114.0  ,   26.64 ,         1031.9
India ,Soybeans         ,1996 ,      10319 ,                         1083 ,         56114.0  ,   24.78 ,         1031.9
India ,Soybeans         ,1996 ,      10319 ,                         1083 ,         56114.0  ,   27.01 ,         1031.9
India ,Soybeans         ,1996 ,      10319 ,                         1083 ,         56114.0  ,   27.01 ,         1031.9
India ,Soybeans         ,1996 ,      10319 ,                         1083 ,         56114.0  ,   25.99 ,         1031.9
India ,Sweet Potatoes   ,1996 ,      80716 ,                         1083 ,         56114.0  ,   25.63 ,         8071.6
India ,Sweet Potatoes   ,1996 ,      80716 ,                         1083 ,         56114.0  ,   27.06 ,         8071.6
India ,Sweet Potatoes   ,1996 ,      80716 ,                         1083 ,         56114.0  ,   26.1  ,         8071.6
India ,Sweet Potatoes   ,1996 ,      80716 ,                         1083 ,         56114.0  ,   23.81 ,         8071.6
India ,Sweet Potatoes   ,1996 ,      80716 ,                         1083 ,         56114.0  ,   25.41 ,         8071.6
India ,Sweet Potatoes   ,1996 ,      80716 ,                         1083 ,         56114.0  ,   25.9  ,         8071.6
India ,Sweet Potatoes   ,1996 ,      80716 ,                         1083 ,         56114.0  ,   25.55 ,         8071.6
India ,Sweet Potatoes   ,1996 ,      80716 ,                         1083 ,         56114.0  ,   26.65 ,         8071.6
India ,Sweet Potatoes   ,1996 ,      80716 ,                         1083 ,         56114.0  ,   27.37 ,         8071.6
India ,Sweet Potatoes   ,1996 ,      80716 ,                         1083 ,         56114.0  ,   25.55 ,         8071.6
India ,Sweet Potatoes   ,1996 ,      80716 ,                         1083 ,         56114.0  ,   25.79 ,         8071.6
India ,Sweet Potatoes   ,1996 ,      80716 ,                         1083 ,         56114.0  ,   25.31 ,         8071.6
India ,Sweet Potatoes   ,1996 ,      80716 ,                         1083 ,         56114.0  ,   23.81 ,         8071.6
India ,Sweet Potatoes   ,1996 ,      80716 ,                         1083 ,         56114.0  ,   26.46 ,         8071.6
India ,Sweet Potatoes   ,1996 ,      80716 ,                         1083 ,         56114.0  ,   25.55 ,         8071.6
India ,Sweet Potatoes   ,1996 ,      80716 ,                         1083 ,         56114.0  ,   25.75 ,         8071.6
India ,Sweet Potatoes   ,1996 ,      80716 ,                         1083 ,         56114.0  ,   25.34 ,         8071.6
India ,Sweet Potatoes   ,1996 ,      80716 ,                         1083 ,         56114.0  ,   26.64 ,         8071.6
India ,Sweet Potatoes   ,1996 ,      80716 ,                         1083 ,         56114.0  ,   24.78 ,         8071.6
India ,Sweet Potatoes   ,1996 ,      80716 ,                         1083 ,         56114.0  ,   27.01 ,         8071.6
India ,Sweet Potatoes   ,1996 ,      80716 ,                         1083 ,         56114.0  ,   27.01 ,         8071.6
India ,Sweet Potatoes   ,1996 ,      80716 ,                         1083 ,         56114.0  ,   25.99 ,         8071.6
India ,Wheat            ,1996 ,      24828 ,                         1083 ,         56114.0  ,   25.63 ,         2482.8
India ,Wheat            ,1996 ,      24828 ,                         1083 ,         56114.0  ,   27.06 ,         2482.8
India ,Wheat            ,1996 ,      24828 ,                         1083 ,         56114.0  ,   26.1  ,         2482.8
India ,Wheat            ,1996 ,      24828 ,                         1083 ,         56114.0  ,   23.81 ,         2482.8
India ,Wheat            ,1996 ,      24828 ,                         1083 ,         56114.0  ,   25.41 ,         2482.8
India ,Wheat            ,1996 ,      24828 ,                         1083 ,         56114.0  ,   25.9  ,         2482.8
India ,Wheat            ,1996 ,      24828 ,                         1083 ,         56114.0  ,   25.55 ,         2482.8
India ,Wheat            ,1996 ,      24828 ,                         1083 ,         56114.0  ,   26.65 ,         2482.8
India ,Wheat            ,1996 ,      24828 ,                         1083 ,         56114.0  ,   27.37 ,         2482.8
India ,Wheat            ,1996 ,      24828 ,                         1083 ,         56114.0  ,   25.55 ,         2482.8
India ,Wheat            ,1996 ,      24828 ,                         1083 ,         56114.0  ,   25.79 ,         2482.8
India ,Wheat            ,1996 ,      24828 ,                         1083 ,         56114.0  ,   25.31 ,         2482.8
India ,Wheat            ,1996 ,      24828 ,                         1083 ,         56114.0  ,   23.81 ,         2482.8
India ,Wheat            ,1996 ,      24828 ,                         1083 ,         56114.0  ,   26.46 ,         2482.8
India ,Wheat            ,1996 ,      24828 ,                         1083 ,         56114.0  ,   25.55 ,         2482.8
India ,Wheat            ,1996 ,      24828 ,                         1083 ,         56114.0  ,   25.75 ,         2482.8
India ,Wheat            ,1996 ,      24828 ,                         1083 ,         56114.0  ,   25.34 ,         2482.8
India ,Wheat            ,1996 ,      24828 ,                         1083 ,         56114.0  ,   26.64 ,         2482.8
India ,Wheat            ,1996 ,      24828 ,                         1083 ,         56114.0  ,   24.78 ,         2482.8
India ,Wheat            ,1996 ,      24828 ,                         1083 ,         56114.0  ,   27.01 ,         2482.8
India ,Wheat            ,1996 ,      24828 ,                         1083 ,         56114.0  ,   27.01 ,         2482.8
India ,Wheat            ,1996 ,      24828 ,                         1083 ,         56114.0  ,   25.99 ,         2482.8
India ,Cassava          ,1997 ,     221117 ,                         1083 ,         52279.0  ,   24.92 ,        22111.7
India ,Cassava          ,1997 ,     221117 ,                         1083 ,         52279.0  ,   26.45 ,        22111.7
India ,Cassava          ,1997 ,     221117 ,                         1083 ,         52279.0  ,   25.58 ,        22111.7
India ,Cassava          ,1997 ,     221117 ,                         1083 ,         52279.0  ,   23.26 ,        22111.7
India ,Cassava          ,1997 ,     221117 ,                         1083 ,         52279.0  ,   25.68 ,        22111.7
India ,Cassava          ,1997 ,     221117 ,                         1083 ,         52279.0  ,   25.09 ,        22111.7
India ,Cassava          ,1997 ,     221117 ,                         1083 ,         52279.0  ,   24.71 ,        22111.7
India ,Cassava          ,1997 ,     221117 ,                         1083 ,         52279.0  ,   26.19 ,        22111.7
India ,Cassava          ,1997 ,     221117 ,                         1083 ,         52279.0  ,   27.47 ,        22111.7
India ,Cassava          ,1997 ,     221117 ,                         1083 ,         52279.0  ,   24.77 ,        22111.7
India ,Cassava          ,1997 ,     221117 ,                         1083 ,         52279.0  ,   24.83 ,        22111.7
India ,Cassava          ,1997 ,     221117 ,                         1083 ,         52279.0  ,   24.71 ,        22111.7
India ,Cassava          ,1997 ,     221117 ,                         1083 ,         52279.0  ,   23.26 ,        22111.7
India ,Cassava          ,1997 ,     221117 ,                         1083 ,         52279.0  ,   25.75 ,        22111.7
India ,Cassava          ,1997 ,     221117 ,                         1083 ,         52279.0  ,   24.71 ,        22111.7
India ,Cassava          ,1997 ,     221117 ,                         1083 ,         52279.0  ,   25.46 ,        22111.7
India ,Cassava          ,1997 ,     221117 ,                         1083 ,         52279.0  ,   25.21 ,        22111.7
India ,Cassava          ,1997 ,     221117 ,                         1083 ,         52279.0  ,   26.38 ,        22111.7
India ,Cassava          ,1997 ,     221117 ,                         1083 ,         52279.0  ,   24.55 ,        22111.7
India ,Cassava          ,1997 ,     221117 ,                         1083 ,         52279.0  ,   26.53 ,        22111.7
India ,Cassava          ,1997 ,     221117 ,                         1083 ,         52279.0  ,   26.53 ,        22111.7
India ,Cassava          ,1997 ,     221117 ,                         1083 ,         52279.0  ,   25.58 ,        22111.7
India ,Maize            ,1997 ,      17111 ,                         1083 ,         52279.0  ,   24.92 ,         1711.1
India ,Maize            ,1997 ,      17111 ,                         1083 ,         52279.0  ,   26.45 ,         1711.1
India ,Maize            ,1997 ,      17111 ,                         1083 ,         52279.0  ,   25.58 ,         1711.1
India ,Maize            ,1997 ,      17111 ,                         1083 ,         52279.0  ,   23.26 ,         1711.1
India ,Maize            ,1997 ,      17111 ,                         1083 ,         52279.0  ,   25.68 ,         1711.1
India ,Maize            ,1997 ,      17111 ,                         1083 ,         52279.0  ,   25.09 ,         1711.1
India ,Maize            ,1997 ,      17111 ,                         1083 ,         52279.0  ,   24.71 ,         1711.1
India ,Maize            ,1997 ,      17111 ,                         1083 ,         52279.0  ,   26.19 ,         1711.1
India ,Maize            ,1997 ,      17111 ,                         1083 ,         52279.0  ,   27.47 ,         1711.1
India ,Maize            ,1997 ,      17111 ,                         1083 ,         52279.0  ,   24.77 ,         1711.1
India ,Maize            ,1997 ,      17111 ,                         1083 ,         52279.0  ,   24.83 ,         1711.1
India ,Maize            ,1997 ,      17111 ,                         1083 ,         52279.0  ,   24.71 ,         1711.1
India ,Maize            ,1997 ,      17111 ,                         1083 ,         52279.0  ,   23.26 ,         1711.1
India ,Maize            ,1997 ,      17111 ,                         1083 ,         52279.0  ,   25.75 ,         1711.1
India ,Maize            ,1997 ,      17111 ,                         1083 ,         52279.0  ,   24.71 ,         1711.1
India ,Maize            ,1997 ,      17111 ,                         1083 ,         52279.0  ,   25.46 ,         1711.1
India ,Maize            ,1997 ,      17111 ,                         1083 ,         52279.0  ,   25.21 ,         1711.1
India ,Maize            ,1997 ,      17111 ,                         1083 ,         52279.0  ,   26.38 ,         1711.1
India ,Maize            ,1997 ,      17111 ,                         1083 ,         52279.0  ,   24.55 ,         1711.1
India ,Maize            ,1997 ,      17111 ,                         1083 ,         52279.0  ,   26.53 ,         1711.1
India ,Maize            ,1997 ,      17111 ,                         1083 ,         52279.0  ,   26.53 ,         1711.1
India ,Maize            ,1997 ,      17111 ,                         1083 ,         52279.0  ,   25.58 ,         1711.1
India ,Potatoes         ,1997 ,     193913 ,                         1083 ,         52279.0  ,   24.92 ,        19391.3
India ,Potatoes         ,1997 ,     193913 ,                         1083 ,         52279.0  ,   26.45 ,        19391.3
India ,Potatoes         ,1997 ,     193913 ,                         1083 ,         52279.0  ,   25.58 ,        19391.3
India ,Potatoes         ,1997 ,     193913 ,                         1083 ,         52279.0  ,   23.26 ,        19391.3
India ,Potatoes         ,1997 ,     193913 ,                         1083 ,         52279.0  ,   25.68 ,        19391.3
India ,Potatoes         ,1997 ,     193913 ,                         1083 ,         52279.0  ,   25.09 ,        19391.3
India ,Potatoes         ,1997 ,     193913 ,                         1083 ,         52279.0  ,   24.71 ,        19391.3
India ,Potatoes         ,1997 ,     193913 ,                         1083 ,         52279.0  ,   26.19 ,        19391.3
India ,Potatoes         ,1997 ,     193913 ,                         1083 ,         52279.0  ,   27.47 ,        19391.3
India ,Potatoes         ,1997 ,     193913 ,                         1083 ,         52279.0  ,   24.77 ,        19391.3
India ,Potatoes         ,1997 ,     193913 ,                         1083 ,         52279.0  ,   24.83 ,        19391.3
India ,Potatoes         ,1997 ,     193913 ,                         1083 ,         52279.0  ,   24.71 ,        19391.3
India ,Potatoes         ,1997 ,     193913 ,                         1083 ,         52279.0  ,   23.26 ,        19391.3
India ,Potatoes         ,1997 ,     193913 ,                         1083 ,         52279.0  ,   25.75 ,        19391.3
India ,Potatoes         ,1997 ,     193913 ,                         1083 ,         52279.0  ,   24.71 ,        19391.3
India ,Potatoes         ,1997 ,     193913 ,                         1083 ,         52279.0  ,   25.46 ,        19391.3
India ,Potatoes         ,1997 ,     193913 ,                         1083 ,         52279.0  ,   25.21 ,        19391.3
India ,Potatoes         ,1997 ,     193913 ,                         1083 ,         52279.0  ,   26.38 ,        19391.3
India ,Potatoes         ,1997 ,     193913 ,                         1083 ,         52279.0  ,   24.55 ,        19391.3
India ,Potatoes         ,1997 ,     193913 ,                         1083 ,         52279.0  ,   26.53 ,        19391.3
India ,Potatoes         ,1997 ,     193913 ,                         1083 ,         52279.0  ,   26.53 ,        19391.3
India ,Potatoes         ,1997 ,     193913 ,                         1083 ,         52279.0  ,   25.58 ,        19391.3
India ,"""Rice Paddy""" ,1997 ,      28457 ,                         1083 ,         52279.0  ,   24.92 ,         2845.7
India ,"""Rice Paddy""" ,1997 ,      28457 ,                         1083 ,         52279.0  ,   26.45 ,         2845.7
India ,"""Rice Paddy""" ,1997 ,      28457 ,                         1083 ,         52279.0  ,   25.58 ,         2845.7
India ,"""Rice Paddy""" ,1997 ,      28457 ,                         1083 ,         52279.0  ,   23.26 ,         2845.7
India ,"""Rice Paddy""" ,1997 ,      28457 ,                         1083 ,         52279.0  ,   25.68 ,         2845.7
India ,"""Rice Paddy""" ,1997 ,      28457 ,                         1083 ,         52279.0  ,   25.09 ,         2845.7
India ,"""Rice Paddy""" ,1997 ,      28457 ,                         1083 ,         52279.0  ,   24.71 ,         2845.7
India ,"""Rice Paddy""" ,1997 ,      28457 ,                         1083 ,         52279.0  ,   26.19 ,         2845.7
India ,"""Rice Paddy""" ,1997 ,      28457 ,                         1083 ,         52279.0  ,   27.47 ,         2845.7
India ,"""Rice Paddy""" ,1997 ,      28457 ,                         1083 ,         52279.0  ,   24.77 ,         2845.7
India ,"""Rice Paddy""" ,1997 ,      28457 ,                         1083 ,         52279.0  ,   24.83 ,         2845.7
India ,"""Rice Paddy""" ,1997 ,      28457 ,                         1083 ,         52279.0  ,   24.71 ,         2845.7
India ,"""Rice Paddy""" ,1997 ,      28457 ,                         1083 ,         52279.0  ,   23.26 ,         2845.7
India ,"""Rice Paddy""" ,1997 ,      28457 ,                         1083 ,         52279.0  ,   25.75 ,         2845.7
India ,"""Rice Paddy""" ,1997 ,      28457 ,                         1083 ,         52279.0  ,   24.71 ,         2845.7
India ,"""Rice Paddy""" ,1997 ,      28457 ,                         1083 ,         52279.0  ,   25.46 ,         2845.7
India ,"""Rice Paddy""" ,1997 ,      28457 ,                         1083 ,         52279.0  ,   25.21 ,         2845.7
India ,"""Rice Paddy""" ,1997 ,      28457 ,                         1083 ,         52279.0  ,   26.38 ,         2845.7
India ,"""Rice Paddy""" ,1997 ,      28457 ,                         1083 ,         52279.0  ,   24.55 ,         2845.7
India ,"""Rice Paddy""" ,1997 ,      28457 ,                         1083 ,         52279.0  ,   26.53 ,         2845.7
India ,"""Rice Paddy""" ,1997 ,      28457 ,                         1083 ,         52279.0  ,   26.53 ,         2845.7
India ,"""Rice Paddy""" ,1997 ,      28457 ,                         1083 ,         52279.0  ,   25.58 ,         2845.7
India ,Sorghum          ,1997 ,       6920 ,                         1083 ,         52279.0  ,   24.92 ,          692.0
India ,Sorghum          ,1997 ,       6920 ,                         1083 ,         52279.0  ,   26.45 ,          692.0
India ,Sorghum          ,1997 ,       6920 ,                         1083 ,         52279.0  ,   25.58 ,          692.0
India ,Sorghum          ,1997 ,       6920 ,                         1083 ,         52279.0  ,   23.26 ,          692.0
India ,Sorghum          ,1997 ,       6920 ,                         1083 ,         52279.0  ,   25.68 ,          692.0
India ,Sorghum          ,1997 ,       6920 ,                         1083 ,         52279.0  ,   25.09 ,          692.0
India ,Sorghum          ,1997 ,       6920 ,                         1083 ,         52279.0  ,   24.71 ,          692.0
India ,Sorghum          ,1997 ,       6920 ,                         1083 ,         52279.0  ,   26.19 ,          692.0
India ,Sorghum          ,1997 ,       6920 ,                         1083 ,         52279.0  ,   27.47 ,          692.0
India ,Sorghum          ,1997 ,       6920 ,                         1083 ,         52279.0  ,   24.77 ,          692.0
India ,Sorghum          ,1997 ,       6920 ,                         1083 ,         52279.0  ,   24.83 ,          692.0
India ,Sorghum          ,1997 ,       6920 ,                         1083 ,         52279.0  ,   24.71 ,          692.0
India ,Sorghum          ,1997 ,       6920 ,                         1083 ,         52279.0  ,   23.26 ,          692.0
India ,Sorghum          ,1997 ,       6920 ,                         1083 ,         52279.0  ,   25.75 ,          692.0
India ,Sorghum          ,1997 ,       6920 ,                         1083 ,         52279.0  ,   24.71 ,          692.0
India ,Sorghum          ,1997 ,       6920 ,                         1083 ,         52279.0  ,   25.46 ,          692.0
India ,Sorghum          ,1997 ,       6920 ,                         1083 ,         52279.0  ,   25.21 ,          692.0
India ,Sorghum          ,1997 ,       6920 ,                         1083 ,         52279.0  ,   26.38 ,          692.0
India ,Sorghum          ,1997 ,       6920 ,                         1083 ,         52279.0  ,   24.55 ,          692.0
India ,Sorghum          ,1997 ,       6920 ,                         1083 ,         52279.0  ,   26.53 ,          692.0
India ,Sorghum          ,1997 ,       6920 ,                         1083 ,         52279.0  ,   26.53 ,          692.0
India ,Sorghum          ,1997 ,       6920 ,                         1083 ,         52279.0  ,   25.58 ,          692.0
India ,Soybeans         ,1997 ,      10789 ,                         1083 ,         52279.0  ,   24.92 ,         1078.9
India ,Soybeans         ,1997 ,      10789 ,                         1083 ,         52279.0  ,   26.45 ,         1078.9
India ,Soybeans         ,1997 ,      10789 ,                         1083 ,         52279.0  ,   25.58 ,         1078.9
India ,Soybeans         ,1997 ,      10789 ,                         1083 ,         52279.0  ,   23.26 ,         1078.9
India ,Soybeans         ,1997 ,      10789 ,                         1083 ,         52279.0  ,   25.68 ,         1078.9
India ,Soybeans         ,1997 ,      10789 ,                         1083 ,         52279.0  ,   25.09 ,         1078.9
India ,Soybeans         ,1997 ,      10789 ,                         1083 ,         52279.0  ,   24.71 ,         1078.9
India ,Soybeans         ,1997 ,      10789 ,                         1083 ,         52279.0  ,   26.19 ,         1078.9
India ,Soybeans         ,1997 ,      10789 ,                         1083 ,         52279.0  ,   27.47 ,         1078.9
India ,Soybeans         ,1997 ,      10789 ,                         1083 ,         52279.0  ,   24.77 ,         1078.9
India ,Soybeans         ,1997 ,      10789 ,                         1083 ,         52279.0  ,   24.83 ,         1078.9
India ,Soybeans         ,1997 ,      10789 ,                         1083 ,         52279.0  ,   24.71 ,         1078.9
India ,Soybeans         ,1997 ,      10789 ,                         1083 ,         52279.0  ,   23.26 ,         1078.9
India ,Soybeans         ,1997 ,      10789 ,                         1083 ,         52279.0  ,   25.75 ,         1078.9
India ,Soybeans         ,1997 ,      10789 ,                         1083 ,         52279.0  ,   24.71 ,         1078.9
India ,Soybeans         ,1997 ,      10789 ,                         1083 ,         52279.0  ,   25.46 ,         1078.9
India ,Soybeans         ,1997 ,      10789 ,                         1083 ,         52279.0  ,   25.21 ,         1078.9
India ,Soybeans         ,1997 ,      10789 ,                         1083 ,         52279.0  ,   26.38 ,         1078.9
India ,Soybeans         ,1997 ,      10789 ,                         1083 ,         52279.0  ,   24.55 ,         1078.9
India ,Soybeans         ,1997 ,      10789 ,                         1083 ,         52279.0  ,   26.53 ,         1078.9
India ,Soybeans         ,1997 ,      10789 ,                         1083 ,         52279.0  ,   26.53 ,         1078.9
India ,Soybeans         ,1997 ,      10789 ,                         1083 ,         52279.0  ,   25.58 ,         1078.9
India ,Sweet Potatoes   ,1997 ,      84850 ,                         1083 ,         52279.0  ,   24.92 ,         8485.0
India ,Sweet Potatoes   ,1997 ,      84850 ,                         1083 ,         52279.0  ,   26.45 ,         8485.0
India ,Sweet Potatoes   ,1997 ,      84850 ,                         1083 ,         52279.0  ,   25.58 ,         8485.0
India ,Sweet Potatoes   ,1997 ,      84850 ,                         1083 ,         52279.0  ,   23.26 ,         8485.0
India ,Sweet Potatoes   ,1997 ,      84850 ,                         1083 ,         52279.0  ,   25.68 ,         8485.0
India ,Sweet Potatoes   ,1997 ,      84850 ,                         1083 ,         52279.0  ,   25.09 ,         8485.0
India ,Sweet Potatoes   ,1997 ,      84850 ,                         1083 ,         52279.0  ,   24.71 ,         8485.0
India ,Sweet Potatoes   ,1997 ,      84850 ,                         1083 ,         52279.0  ,   26.19 ,         8485.0
India ,Sweet Potatoes   ,1997 ,      84850 ,                         1083 ,         52279.0  ,   27.47 ,         8485.0
India ,Sweet Potatoes   ,1997 ,      84850 ,                         1083 ,         52279.0  ,   24.77 ,         8485.0
India ,Sweet Potatoes   ,1997 ,      84850 ,                         1083 ,         52279.0  ,   24.83 ,         8485.0
India ,Sweet Potatoes   ,1997 ,      84850 ,                         1083 ,         52279.0  ,   24.71 ,         8485.0
India ,Sweet Potatoes   ,1997 ,      84850 ,                         1083 ,         52279.0  ,   23.26 ,         8485.0
India ,Sweet Potatoes   ,1997 ,      84850 ,                         1083 ,         52279.0  ,   25.75 ,         8485.0
India ,Sweet Potatoes   ,1997 ,      84850 ,                         1083 ,         52279.0  ,   24.71 ,         8485.0
India ,Sweet Potatoes   ,1997 ,      84850 ,                         1083 ,         52279.0  ,   25.46 ,         8485.0
India ,Sweet Potatoes   ,1997 ,      84850 ,                         1083 ,         52279.0  ,   25.21 ,         8485.0
India ,Sweet Potatoes   ,1997 ,      84850 ,                         1083 ,         52279.0  ,   26.38 ,         8485.0
India ,Sweet Potatoes   ,1997 ,      84850 ,                         1083 ,         52279.0  ,   24.55 ,         8485.0
India ,Sweet Potatoes   ,1997 ,      84850 ,                         1083 ,         52279.0  ,   26.53 ,         8485.0
India ,Sweet Potatoes   ,1997 ,      84850 ,                         1083 ,         52279.0  ,   26.53 ,         8485.0
India ,Sweet Potatoes   ,1997 ,      84850 ,                         1083 ,         52279.0  ,   25.58 ,         8485.0
India ,Wheat            ,1997 ,      26789 ,                         1083 ,         52279.0  ,   24.92 ,         2678.9
India ,Wheat            ,1997 ,      26789 ,                         1083 ,         52279.0  ,   26.45 ,         2678.9
India ,Wheat            ,1997 ,      26789 ,                         1083 ,         52279.0  ,   25.58 ,         2678.9
India ,Wheat            ,1997 ,      26789 ,                         1083 ,         52279.0  ,   23.26 ,         2678.9
India ,Wheat            ,1997 ,      26789 ,                         1083 ,         52279.0  ,   25.68 ,         2678.9
India ,Wheat            ,1997 ,      26789 ,                         1083 ,         52279.0  ,   25.09 ,         2678.9
India ,Wheat            ,1997 ,      26789 ,                         1083 ,         52279.0  ,   24.71 ,         2678.9
India ,Wheat            ,1997 ,      26789 ,                         1083 ,         52279.0  ,   26.19 ,         2678.9
India ,Wheat            ,1997 ,      26789 ,                         1083 ,         52279.0  ,   27.47 ,         2678.9
India ,Wheat            ,1997 ,      26789 ,                         1083 ,         52279.0  ,   24.77 ,         2678.9
India ,Wheat            ,1997 ,      26789 ,                         1083 ,         52279.0  ,   24.83 ,         2678.9
India ,Wheat            ,1997 ,      26789 ,                         1083 ,         52279.0  ,   24.71 ,         2678.9
India ,Wheat            ,1997 ,      26789 ,                         1083 ,         52279.0  ,   23.26 ,         2678.9
India ,Wheat            ,1997 ,      26789 ,                         1083 ,         52279.0  ,   25.75 ,         2678.9
India ,Wheat            ,1997 ,      26789 ,                         1083 ,         52279.0  ,   24.71 ,         2678.9
India ,Wheat            ,1997 ,      26789 ,                         1083 ,         52279.0  ,   25.46 ,         2678.9
India ,Wheat            ,1997 ,      26789 ,                         1083 ,         52279.0  ,   25.21 ,         2678.9
India ,Wheat            ,1997 ,      26789 ,                         1083 ,         52279.0  ,   26.38 ,         2678.9
India ,Wheat            ,1997 ,      26789 ,                         1083 ,         52279.0  ,   24.55 ,         2678.9
India ,Wheat            ,1997 ,      26789 ,                         1083 ,         52279.0  ,   26.53 ,         2678.9
India ,Wheat            ,1997 ,      26789 ,                         1083 ,         52279.0  ,   26.53 ,         2678.9
India ,Wheat            ,1997 ,      26789 ,                         1083 ,         52279.0  ,   25.58 ,         2678.9
India ,Cassava          ,1998 ,     252815 ,                         1083 ,         49157.0  ,   25.91 ,        25281.5
India ,Cassava          ,1998 ,     252815 ,                         1083 ,         49157.0  ,   27.48 ,        25281.5
India ,Cassava          ,1998 ,     252815 ,                         1083 ,         49157.0  ,   26.35 ,        25281.5
India ,Cassava          ,1998 ,     252815 ,                         1083 ,         49157.0  ,   24.34 ,        25281.5
India ,Cassava          ,1998 ,     252815 ,                         1083 ,         49157.0  ,   26.01 ,        25281.5
India ,Cassava          ,1998 ,     252815 ,                         1083 ,         49157.0  ,   26.12 ,        25281.5
India ,Cassava          ,1998 ,     252815 ,                         1083 ,         49157.0  ,   25.77 ,        25281.5
India ,Cassava          ,1998 ,     252815 ,                         1083 ,         49157.0  ,   26.69 ,        25281.5
India ,Cassava          ,1998 ,     252815 ,                         1083 ,         49157.0  ,   27.87 ,        25281.5
India ,Cassava          ,1998 ,     252815 ,                         1083 ,         49157.0  ,   25.87 ,        25281.5
India ,Cassava          ,1998 ,     252815 ,                         1083 ,         49157.0  ,   26.27 ,        25281.5
India ,Cassava          ,1998 ,     252815 ,                         1083 ,         49157.0  ,   25.46 ,        25281.5
India ,Cassava          ,1998 ,     252815 ,                         1083 ,         49157.0  ,   24.34 ,        25281.5
India ,Cassava          ,1998 ,     252815 ,                         1083 ,         49157.0  ,   26.4  ,        25281.5
India ,Cassava          ,1998 ,     252815 ,                         1083 ,         49157.0  ,   25.77 ,        25281.5
India ,Cassava          ,1998 ,     252815 ,                         1083 ,         49157.0  ,   25.87 ,        25281.5
India ,Cassava          ,1998 ,     252815 ,                         1083 ,         49157.0  ,   25.55 ,        25281.5
India ,Cassava          ,1998 ,     252815 ,                         1083 ,         49157.0  ,   27.09 ,        25281.5
India ,Cassava          ,1998 ,     252815 ,                         1083 ,         49157.0  ,   24.84 ,        25281.5
India ,Cassava          ,1998 ,     252815 ,                         1083 ,         49157.0  ,   27.32 ,        25281.5
India ,Cassava          ,1998 ,     252815 ,                         1083 ,         49157.0  ,   27.32 ,        25281.5
India ,Cassava          ,1998 ,     252815 ,                         1083 ,         49157.0  ,   26.12 ,        25281.5
India ,Maize            ,1998 ,      17969 ,                         1083 ,         49157.0  ,   25.91 ,         1796.9
India ,Maize            ,1998 ,      17969 ,                         1083 ,         49157.0  ,   27.48 ,         1796.9
India ,Maize            ,1998 ,      17969 ,                         1083 ,         49157.0  ,   26.35 ,         1796.9
India ,Maize            ,1998 ,      17969 ,                         1083 ,         49157.0  ,   24.34 ,         1796.9
India ,Maize            ,1998 ,      17969 ,                         1083 ,         49157.0  ,   26.01 ,         1796.9
India ,Maize            ,1998 ,      17969 ,                         1083 ,         49157.0  ,   26.12 ,         1796.9
India ,Maize            ,1998 ,      17969 ,                         1083 ,         49157.0  ,   25.77 ,         1796.9
India ,Maize            ,1998 ,      17969 ,                         1083 ,         49157.0  ,   26.69 ,         1796.9
India ,Maize            ,1998 ,      17969 ,                         1083 ,         49157.0  ,   27.87 ,         1796.9
India ,Maize            ,1998 ,      17969 ,                         1083 ,         49157.0  ,   25.87 ,         1796.9
India ,Maize            ,1998 ,      17969 ,                         1083 ,         49157.0  ,   26.27 ,         1796.9
India ,Maize            ,1998 ,      17969 ,                         1083 ,         49157.0  ,   25.46 ,         1796.9
India ,Maize            ,1998 ,      17969 ,                         1083 ,         49157.0  ,   24.34 ,         1796.9
India ,Maize            ,1998 ,      17969 ,                         1083 ,         49157.0  ,   26.4  ,         1796.9
India ,Maize            ,1998 ,      17969 ,                         1083 ,         49157.0  ,   25.77 ,         1796.9
India ,Maize            ,1998 ,      17969 ,                         1083 ,         49157.0  ,   25.87 ,         1796.9
India ,Maize            ,1998 ,      17969 ,                         1083 ,         49157.0  ,   25.55 ,         1796.9
India ,Maize            ,1998 ,      17969 ,                         1083 ,         49157.0  ,   27.09 ,         1796.9
India ,Maize            ,1998 ,      17969 ,                         1083 ,         49157.0  ,   24.84 ,         1796.9
India ,Maize            ,1998 ,      17969 ,                         1083 ,         49157.0  ,   27.32 ,         1796.9
India ,Maize            ,1998 ,      17969 ,                         1083 ,         49157.0  ,   27.32 ,         1796.9
India ,Maize            ,1998 ,      17969 ,                         1083 ,         49157.0  ,   26.12 ,         1796.9
India ,Potatoes         ,1998 ,     146020 ,                         1083 ,         49157.0  ,   25.91 ,        14602.0
India ,Potatoes         ,1998 ,     146020 ,                         1083 ,         49157.0  ,   27.48 ,        14602.0
India ,Potatoes         ,1998 ,     146020 ,                         1083 ,         49157.0  ,   26.35 ,        14602.0
India ,Potatoes         ,1998 ,     146020 ,                         1083 ,         49157.0  ,   24.34 ,        14602.0
India ,Potatoes         ,1998 ,     146020 ,                         1083 ,         49157.0  ,   26.01 ,        14602.0
India ,Potatoes         ,1998 ,     146020 ,                         1083 ,         49157.0  ,   26.12 ,        14602.0
India ,Potatoes         ,1998 ,     146020 ,                         1083 ,         49157.0  ,   25.77 ,        14602.0
India ,Potatoes         ,1998 ,     146020 ,                         1083 ,         49157.0  ,   26.69 ,        14602.0
India ,Potatoes         ,1998 ,     146020 ,                         1083 ,         49157.0  ,   27.87 ,        14602.0
India ,Potatoes         ,1998 ,     146020 ,                         1083 ,         49157.0  ,   25.87 ,        14602.0
India ,Potatoes         ,1998 ,     146020 ,                         1083 ,         49157.0  ,   26.27 ,        14602.0
India ,Potatoes         ,1998 ,     146020 ,                         1083 ,         49157.0  ,   25.46 ,        14602.0
India ,Potatoes         ,1998 ,     146020 ,                         1083 ,         49157.0  ,   24.34 ,        14602.0
India ,Potatoes         ,1998 ,     146020 ,                         1083 ,         49157.0  ,   26.4  ,        14602.0
India ,Potatoes         ,1998 ,     146020 ,                         1083 ,         49157.0  ,   25.77 ,        14602.0
India ,Potatoes         ,1998 ,     146020 ,                         1083 ,         49157.0  ,   25.87 ,        14602.0
India ,Potatoes         ,1998 ,     146020 ,                         1083 ,         49157.0  ,   25.55 ,        14602.0
India ,Potatoes         ,1998 ,     146020 ,                         1083 ,         49157.0  ,   27.09 ,        14602.0
India ,Potatoes         ,1998 ,     146020 ,                         1083 ,         49157.0  ,   24.84 ,        14602.0
India ,Potatoes         ,1998 ,     146020 ,                         1083 ,         49157.0  ,   27.32 ,        14602.0
India ,Potatoes         ,1998 ,     146020 ,                         1083 ,         49157.0  ,   27.32 ,        14602.0
India ,Potatoes         ,1998 ,     146020 ,                         1083 ,         49157.0  ,   26.12 ,        14602.0
India ,"""Rice Paddy""" ,1998 ,      28805 ,                         1083 ,         49157.0  ,   25.91 ,         2880.5
India ,"""Rice Paddy""" ,1998 ,      28805 ,                         1083 ,         49157.0  ,   27.48 ,         2880.5
India ,"""Rice Paddy""" ,1998 ,      28805 ,                         1083 ,         49157.0  ,   26.35 ,         2880.5
India ,"""Rice Paddy""" ,1998 ,      28805 ,                         1083 ,         49157.0  ,   24.34 ,         2880.5
India ,"""Rice Paddy""" ,1998 ,      28805 ,                         1083 ,         49157.0  ,   26.01 ,         2880.5
India ,"""Rice Paddy""" ,1998 ,      28805 ,                         1083 ,         49157.0  ,   26.12 ,         2880.5
India ,"""Rice Paddy""" ,1998 ,      28805 ,                         1083 ,         49157.0  ,   25.77 ,         2880.5
India ,"""Rice Paddy""" ,1998 ,      28805 ,                         1083 ,         49157.0  ,   26.69 ,         2880.5
India ,"""Rice Paddy""" ,1998 ,      28805 ,                         1083 ,         49157.0  ,   27.87 ,         2880.5
India ,"""Rice Paddy""" ,1998 ,      28805 ,                         1083 ,         49157.0  ,   25.87 ,         2880.5
India ,"""Rice Paddy""" ,1998 ,      28805 ,                         1083 ,         49157.0  ,   26.27 ,         2880.5
India ,"""Rice Paddy""" ,1998 ,      28805 ,                         1083 ,         49157.0  ,   25.46 ,         2880.5
India ,"""Rice Paddy""" ,1998 ,      28805 ,                         1083 ,         49157.0  ,   24.34 ,         2880.5
India ,"""Rice Paddy""" ,1998 ,      28805 ,                         1083 ,         49157.0  ,   26.4  ,         2880.5
India ,"""Rice Paddy""" ,1998 ,      28805 ,                         1083 ,         49157.0  ,   25.77 ,         2880.5
India ,"""Rice Paddy""" ,1998 ,      28805 ,                         1083 ,         49157.0  ,   25.87 ,         2880.5
India ,"""Rice Paddy""" ,1998 ,      28805 ,                         1083 ,         49157.0  ,   25.55 ,         2880.5
India ,"""Rice Paddy""" ,1998 ,      28805 ,                         1083 ,         49157.0  ,   27.09 ,         2880.5
India ,"""Rice Paddy""" ,1998 ,      28805 ,                         1083 ,         49157.0  ,   24.84 ,         2880.5
India ,"""Rice Paddy""" ,1998 ,      28805 ,                         1083 ,         49157.0  ,   27.32 ,         2880.5
India ,"""Rice Paddy""" ,1998 ,      28805 ,                         1083 ,         49157.0  ,   27.32 ,         2880.5
India ,"""Rice Paddy""" ,1998 ,      28805 ,                         1083 ,         49157.0  ,   26.12 ,         2880.5
India ,Sorghum          ,1998 ,       8592 ,                         1083 ,         49157.0  ,   25.91 ,          859.2
India ,Sorghum          ,1998 ,       8592 ,                         1083 ,         49157.0  ,   27.48 ,          859.2
India ,Sorghum          ,1998 ,       8592 ,                         1083 ,         49157.0  ,   26.35 ,          859.2
India ,Sorghum          ,1998 ,       8592 ,                         1083 ,         49157.0  ,   24.34 ,          859.2
India ,Sorghum          ,1998 ,       8592 ,                         1083 ,         49157.0  ,   26.01 ,          859.2
India ,Sorghum          ,1998 ,       8592 ,                         1083 ,         49157.0  ,   26.12 ,          859.2
India ,Sorghum          ,1998 ,       8592 ,                         1083 ,         49157.0  ,   25.77 ,          859.2
India ,Sorghum          ,1998 ,       8592 ,                         1083 ,         49157.0  ,   26.69 ,          859.2
India ,Sorghum          ,1998 ,       8592 ,                         1083 ,         49157.0  ,   27.87 ,          859.2
India ,Sorghum          ,1998 ,       8592 ,                         1083 ,         49157.0  ,   25.87 ,          859.2
India ,Sorghum          ,1998 ,       8592 ,                         1083 ,         49157.0  ,   26.27 ,          859.2
India ,Sorghum          ,1998 ,       8592 ,                         1083 ,         49157.0  ,   25.46 ,          859.2
India ,Sorghum          ,1998 ,       8592 ,                         1083 ,         49157.0  ,   24.34 ,          859.2
India ,Sorghum          ,1998 ,       8592 ,                         1083 ,         49157.0  ,   26.4  ,          859.2
India ,Sorghum          ,1998 ,       8592 ,                         1083 ,         49157.0  ,   25.77 ,          859.2
India ,Sorghum          ,1998 ,       8592 ,                         1083 ,         49157.0  ,   25.87 ,          859.2
India ,Sorghum          ,1998 ,       8592 ,                         1083 ,         49157.0  ,   25.55 ,          859.2
India ,Sorghum          ,1998 ,       8592 ,                         1083 ,         49157.0  ,   27.09 ,          859.2
India ,Sorghum          ,1998 ,       8592 ,                         1083 ,         49157.0  ,   24.84 ,          859.2
India ,Sorghum          ,1998 ,       8592 ,                         1083 ,         49157.0  ,   27.32 ,          859.2
India ,Sorghum          ,1998 ,       8592 ,                         1083 ,         49157.0  ,   27.32 ,          859.2
India ,Sorghum          ,1998 ,       8592 ,                         1083 ,         49157.0  ,   26.12 ,          859.2
India ,Soybeans         ,1998 ,      11001 ,                         1083 ,         49157.0  ,   25.91 ,         1100.1
India ,Soybeans         ,1998 ,      11001 ,                         1083 ,         49157.0  ,   27.48 ,         1100.1
India ,Soybeans         ,1998 ,      11001 ,                         1083 ,         49157.0  ,   26.35 ,         1100.1
India ,Soybeans         ,1998 ,      11001 ,                         1083 ,         49157.0  ,   24.34 ,         1100.1
India ,Soybeans         ,1998 ,      11001 ,                         1083 ,         49157.0  ,   26.01 ,         1100.1
India ,Soybeans         ,1998 ,      11001 ,                         1083 ,         49157.0  ,   26.12 ,         1100.1
India ,Soybeans         ,1998 ,      11001 ,                         1083 ,         49157.0  ,   25.77 ,         1100.1
India ,Soybeans         ,1998 ,      11001 ,                         1083 ,         49157.0  ,   26.69 ,         1100.1
India ,Soybeans         ,1998 ,      11001 ,                         1083 ,         49157.0  ,   27.87 ,         1100.1
India ,Soybeans         ,1998 ,      11001 ,                         1083 ,         49157.0  ,   25.87 ,         1100.1
India ,Soybeans         ,1998 ,      11001 ,                         1083 ,         49157.0  ,   26.27 ,         1100.1
India ,Soybeans         ,1998 ,      11001 ,                         1083 ,         49157.0  ,   25.46 ,         1100.1
India ,Soybeans         ,1998 ,      11001 ,                         1083 ,         49157.0  ,   24.34 ,         1100.1
India ,Soybeans         ,1998 ,      11001 ,                         1083 ,         49157.0  ,   26.4  ,         1100.1
India ,Soybeans         ,1998 ,      11001 ,                         1083 ,         49157.0  ,   25.77 ,         1100.1
India ,Soybeans         ,1998 ,      11001 ,                         1083 ,         49157.0  ,   25.87 ,         1100.1
India ,Soybeans         ,1998 ,      11001 ,                         1083 ,         49157.0  ,   25.55 ,         1100.1
India ,Soybeans         ,1998 ,      11001 ,                         1083 ,         49157.0  ,   27.09 ,         1100.1
India ,Soybeans         ,1998 ,      11001 ,                         1083 ,         49157.0  ,   24.84 ,         1100.1
India ,Soybeans         ,1998 ,      11001 ,                         1083 ,         49157.0  ,   27.32 ,         1100.1
India ,Soybeans         ,1998 ,      11001 ,                         1083 ,         49157.0  ,   27.32 ,         1100.1
India ,Soybeans         ,1998 ,      11001 ,                         1083 ,         49157.0  ,   26.12 ,         1100.1
India ,Sweet Potatoes   ,1998 ,      86907 ,                         1083 ,         49157.0  ,   25.91 ,         8690.7
India ,Sweet Potatoes   ,1998 ,      86907 ,                         1083 ,         49157.0  ,   27.48 ,         8690.7
India ,Sweet Potatoes   ,1998 ,      86907 ,                         1083 ,         49157.0  ,   26.35 ,         8690.7
India ,Sweet Potatoes   ,1998 ,      86907 ,                         1083 ,         49157.0  ,   24.34 ,         8690.7
India ,Sweet Potatoes   ,1998 ,      86907 ,                         1083 ,         49157.0  ,   26.01 ,         8690.7
India ,Sweet Potatoes   ,1998 ,      86907 ,                         1083 ,         49157.0  ,   26.12 ,         8690.7
India ,Sweet Potatoes   ,1998 ,      86907 ,                         1083 ,         49157.0  ,   25.77 ,         8690.7
India ,Sweet Potatoes   ,1998 ,      86907 ,                         1083 ,         49157.0  ,   26.69 ,         8690.7
India ,Sweet Potatoes   ,1998 ,      86907 ,                         1083 ,         49157.0  ,   27.87 ,         8690.7
India ,Sweet Potatoes   ,1998 ,      86907 ,                         1083 ,         49157.0  ,   25.87 ,         8690.7
India ,Sweet Potatoes   ,1998 ,      86907 ,                         1083 ,         49157.0  ,   26.27 ,         8690.7
India ,Sweet Potatoes   ,1998 ,      86907 ,                         1083 ,         49157.0  ,   25.46 ,         8690.7
India ,Sweet Potatoes   ,1998 ,      86907 ,                         1083 ,         49157.0  ,   24.34 ,         8690.7
India ,Sweet Potatoes   ,1998 ,      86907 ,                         1083 ,         49157.0  ,   26.4  ,         8690.7
India ,Sweet Potatoes   ,1998 ,      86907 ,                         1083 ,         49157.0  ,   25.77 ,         8690.7
India ,Sweet Potatoes   ,1998 ,      86907 ,                         1083 ,         49157.0  ,   25.87 ,         8690.7
India ,Sweet Potatoes   ,1998 ,      86907 ,                         1083 ,         49157.0  ,   25.55 ,         8690.7
India ,Sweet Potatoes   ,1998 ,      86907 ,                         1083 ,         49157.0  ,   27.09 ,         8690.7
India ,Sweet Potatoes   ,1998 ,      86907 ,                         1083 ,         49157.0  ,   24.84 ,         8690.7
India ,Sweet Potatoes   ,1998 ,      86907 ,                         1083 ,         49157.0  ,   27.32 ,         8690.7
India ,Sweet Potatoes   ,1998 ,      86907 ,                         1083 ,         49157.0  ,   27.32 ,         8690.7
India ,Sweet Potatoes   ,1998 ,      86907 ,                         1083 ,         49157.0  ,   26.12 ,         8690.7
India ,Wheat            ,1998 ,      24852 ,                         1083 ,         49157.0  ,   25.91 ,         2485.2
India ,Wheat            ,1998 ,      24852 ,                         1083 ,         49157.0  ,   27.48 ,         2485.2
India ,Wheat            ,1998 ,      24852 ,                         1083 ,         49157.0  ,   26.35 ,         2485.2
India ,Wheat            ,1998 ,      24852 ,                         1083 ,         49157.0  ,   24.34 ,         2485.2
India ,Wheat            ,1998 ,      24852 ,                         1083 ,         49157.0  ,   26.01 ,         2485.2
India ,Wheat            ,1998 ,      24852 ,                         1083 ,         49157.0  ,   26.12 ,         2485.2
India ,Wheat            ,1998 ,      24852 ,                         1083 ,         49157.0  ,   25.77 ,         2485.2
India ,Wheat            ,1998 ,      24852 ,                         1083 ,         49157.0  ,   26.69 ,         2485.2
India ,Wheat            ,1998 ,      24852 ,                         1083 ,         49157.0  ,   27.87 ,         2485.2
India ,Wheat            ,1998 ,      24852 ,                         1083 ,         49157.0  ,   25.87 ,         2485.2
India ,Wheat            ,1998 ,      24852 ,                         1083 ,         49157.0  ,   26.27 ,         2485.2
India ,Wheat            ,1998 ,      24852 ,                         1083 ,         49157.0  ,   25.46 ,         2485.2
India ,Wheat            ,1998 ,      24852 ,                         1083 ,         49157.0  ,   24.34 ,         2485.2
India ,Wheat            ,1998 ,      24852 ,                         1083 ,         49157.0  ,   26.4  ,         2485.2
India ,Wheat            ,1998 ,      24852 ,                         1083 ,         49157.0  ,   25.77 ,         2485.2
India ,Wheat            ,1998 ,      24852 ,                         1083 ,         49157.0  ,   25.87 ,         2485.2
India ,Wheat            ,1998 ,      24852 ,                         1083 ,         49157.0  ,   25.55 ,         2485.2
India ,Wheat            ,1998 ,      24852 ,                         1083 ,         49157.0  ,   27.09 ,         2485.2
India ,Wheat            ,1998 ,      24852 ,                         1083 ,         49157.0  ,   24.84 ,         2485.2
India ,Wheat            ,1998 ,      24852 ,                         1083 ,         49157.0  ,   27.32 ,         2485.2
India ,Wheat            ,1998 ,      24852 ,                         1083 ,         49157.0  ,   27.32 ,         2485.2
India ,Wheat            ,1998 ,      24852 ,                         1083 ,         49157.0  ,   26.12 ,         2485.2
India ,Cassava          ,1999 ,     239523 ,                         1083 ,         46195.0  ,   26.12 ,        23952.3
India ,Cassava          ,1999 ,     239523 ,                         1083 ,         46195.0  ,   27.21 ,        23952.3
India ,Cassava          ,1999 ,     239523 ,                         1083 ,         46195.0  ,   26.4  ,        23952.3
India ,Cassava          ,1999 ,     239523 ,                         1083 ,         46195.0  ,   24.9  ,        23952.3
India ,Cassava          ,1999 ,     239523 ,                         1083 ,         46195.0  ,   25.29 ,        23952.3
India ,Cassava          ,1999 ,     239523 ,                         1083 ,         46195.0  ,   25.74 ,        23952.3
India ,Cassava          ,1999 ,     239523 ,                         1083 ,         46195.0  ,   26.36 ,        23952.3
India ,Cassava          ,1999 ,     239523 ,                         1083 ,         46195.0  ,   26.86 ,        23952.3
India ,Cassava          ,1999 ,     239523 ,                         1083 ,         46195.0  ,   27.24 ,        23952.3
India ,Cassava          ,1999 ,     239523 ,                         1083 ,         46195.0  ,   25.5  ,        23952.3
India ,Cassava          ,1999 ,     239523 ,                         1083 ,         46195.0  ,   26.42 ,        23952.3
India ,Cassava          ,1999 ,     239523 ,                         1083 ,         46195.0  ,   25.78 ,        23952.3
India ,Cassava          ,1999 ,     239523 ,                         1083 ,         46195.0  ,   24.9  ,        23952.3
India ,Cassava          ,1999 ,     239523 ,                         1083 ,         46195.0  ,   26.06 ,        23952.3
India ,Cassava          ,1999 ,     239523 ,                         1083 ,         46195.0  ,   26.36 ,        23952.3
India ,Cassava          ,1999 ,     239523 ,                         1083 ,         46195.0  ,   25.97 ,        23952.3
India ,Cassava          ,1999 ,     239523 ,                         1083 ,         46195.0  ,   25.1  ,        23952.3
India ,Cassava          ,1999 ,     239523 ,                         1083 ,         46195.0  ,   26.85 ,        23952.3
India ,Cassava          ,1999 ,     239523 ,                         1083 ,         46195.0  ,   24.93 ,        23952.3
India ,Cassava          ,1999 ,     239523 ,                         1083 ,         46195.0  ,   26.96 ,        23952.3
India ,Cassava          ,1999 ,     239523 ,                         1083 ,         46195.0  ,   26.96 ,        23952.3
India ,Cassava          ,1999 ,     239523 ,                         1083 ,         46195.0  ,   26.21 ,        23952.3
India ,Maize            ,1999 ,      17922 ,                         1083 ,         46195.0  ,   26.12 ,         1792.2
India ,Maize            ,1999 ,      17922 ,                         1083 ,         46195.0  ,   27.21 ,         1792.2
India ,Maize            ,1999 ,      17922 ,                         1083 ,         46195.0  ,   26.4  ,         1792.2
India ,Maize            ,1999 ,      17922 ,                         1083 ,         46195.0  ,   24.9  ,         1792.2
India ,Maize            ,1999 ,      17922 ,                         1083 ,         46195.0  ,   25.29 ,         1792.2
India ,Maize            ,1999 ,      17922 ,                         1083 ,         46195.0  ,   25.74 ,         1792.2
India ,Maize            ,1999 ,      17922 ,                         1083 ,         46195.0  ,   26.36 ,         1792.2
India ,Maize            ,1999 ,      17922 ,                         1083 ,         46195.0  ,   26.86 ,         1792.2
India ,Maize            ,1999 ,      17922 ,                         1083 ,         46195.0  ,   27.24 ,         1792.2
India ,Maize            ,1999 ,      17922 ,                         1083 ,         46195.0  ,   25.5  ,         1792.2
India ,Maize            ,1999 ,      17922 ,                         1083 ,         46195.0  ,   26.42 ,         1792.2
India ,Maize            ,1999 ,      17922 ,                         1083 ,         46195.0  ,   25.78 ,         1792.2
India ,Maize            ,1999 ,      17922 ,                         1083 ,         46195.0  ,   24.9  ,         1792.2
India ,Maize            ,1999 ,      17922 ,                         1083 ,         46195.0  ,   26.06 ,         1792.2
India ,Maize            ,1999 ,      17922 ,                         1083 ,         46195.0  ,   26.36 ,         1792.2
India ,Maize            ,1999 ,      17922 ,                         1083 ,         46195.0  ,   25.97 ,         1792.2
India ,Maize            ,1999 ,      17922 ,                         1083 ,         46195.0  ,   25.1  ,         1792.2
India ,Maize            ,1999 ,      17922 ,                         1083 ,         46195.0  ,   26.85 ,         1792.2
India ,Maize            ,1999 ,      17922 ,                         1083 ,         46195.0  ,   24.93 ,         1792.2
India ,Maize            ,1999 ,      17922 ,                         1083 ,         46195.0  ,   26.96 ,         1792.2
India ,Maize            ,1999 ,      17922 ,                         1083 ,         46195.0  ,   26.96 ,         1792.2
India ,Maize            ,1999 ,      17922 ,                         1083 ,         46195.0  ,   26.21 ,         1792.2
India ,Potatoes         ,1999 ,     175712 ,                         1083 ,         46195.0  ,   26.12 ,        17571.2
India ,Potatoes         ,1999 ,     175712 ,                         1083 ,         46195.0  ,   27.21 ,        17571.2
India ,Potatoes         ,1999 ,     175712 ,                         1083 ,         46195.0  ,   26.4  ,        17571.2
India ,Potatoes         ,1999 ,     175712 ,                         1083 ,         46195.0  ,   24.9  ,        17571.2
India ,Potatoes         ,1999 ,     175712 ,                         1083 ,         46195.0  ,   25.29 ,        17571.2
India ,Potatoes         ,1999 ,     175712 ,                         1083 ,         46195.0  ,   25.74 ,        17571.2
India ,Potatoes         ,1999 ,     175712 ,                         1083 ,         46195.0  ,   26.36 ,        17571.2
India ,Potatoes         ,1999 ,     175712 ,                         1083 ,         46195.0  ,   26.86 ,        17571.2
India ,Potatoes         ,1999 ,     175712 ,                         1083 ,         46195.0  ,   27.24 ,        17571.2
India ,Potatoes         ,1999 ,     175712 ,                         1083 ,         46195.0  ,   25.5  ,        17571.2
India ,Potatoes         ,1999 ,     175712 ,                         1083 ,         46195.0  ,   26.42 ,        17571.2
India ,Potatoes         ,1999 ,     175712 ,                         1083 ,         46195.0  ,   25.78 ,        17571.2
India ,Potatoes         ,1999 ,     175712 ,                         1083 ,         46195.0  ,   24.9  ,        17571.2
India ,Potatoes         ,1999 ,     175712 ,                         1083 ,         46195.0  ,   26.06 ,        17571.2
India ,Potatoes         ,1999 ,     175712 ,                         1083 ,         46195.0  ,   26.36 ,        17571.2
India ,Potatoes         ,1999 ,     175712 ,                         1083 ,         46195.0  ,   25.97 ,        17571.2
India ,Potatoes         ,1999 ,     175712 ,                         1083 ,         46195.0  ,   25.1  ,        17571.2
India ,Potatoes         ,1999 ,     175712 ,                         1083 ,         46195.0  ,   26.85 ,        17571.2
India ,Potatoes         ,1999 ,     175712 ,                         1083 ,         46195.0  ,   24.93 ,        17571.2
India ,Potatoes         ,1999 ,     175712 ,                         1083 ,         46195.0  ,   26.96 ,        17571.2
India ,Potatoes         ,1999 ,     175712 ,                         1083 ,         46195.0  ,   26.96 ,        17571.2
India ,Potatoes         ,1999 ,     175712 ,                         1083 ,         46195.0  ,   26.21 ,        17571.2
India ,"""Rice Paddy""" ,1999 ,      29782 ,                         1083 ,         46195.0  ,   26.12 ,         2978.2
India ,"""Rice Paddy""" ,1999 ,      29782 ,                         1083 ,         46195.0  ,   27.21 ,         2978.2
India ,"""Rice Paddy""" ,1999 ,      29782 ,                         1083 ,         46195.0  ,   26.4  ,         2978.2
India ,"""Rice Paddy""" ,1999 ,      29782 ,                         1083 ,         46195.0  ,   24.9  ,         2978.2
India ,"""Rice Paddy""" ,1999 ,      29782 ,                         1083 ,         46195.0  ,   25.29 ,         2978.2
India ,"""Rice Paddy""" ,1999 ,      29782 ,                         1083 ,         46195.0  ,   25.74 ,         2978.2
India ,"""Rice Paddy""" ,1999 ,      29782 ,                         1083 ,         46195.0  ,   26.36 ,         2978.2
India ,"""Rice Paddy""" ,1999 ,      29782 ,                         1083 ,         46195.0  ,   26.86 ,         2978.2
India ,"""Rice Paddy""" ,1999 ,      29782 ,                         1083 ,         46195.0  ,   27.24 ,         2978.2
India ,"""Rice Paddy""" ,1999 ,      29782 ,                         1083 ,         46195.0  ,   25.5  ,         2978.2
India ,"""Rice Paddy""" ,1999 ,      29782 ,                         1083 ,         46195.0  ,   26.42 ,         2978.2
India ,"""Rice Paddy""" ,1999 ,      29782 ,                         1083 ,         46195.0  ,   25.78 ,         2978.2
India ,"""Rice Paddy""" ,1999 ,      29782 ,                         1083 ,         46195.0  ,   24.9  ,         2978.2
India ,"""Rice Paddy""" ,1999 ,      29782 ,                         1083 ,         46195.0  ,   26.06 ,         2978.2
India ,"""Rice Paddy""" ,1999 ,      29782 ,                         1083 ,         46195.0  ,   26.36 ,         2978.2
India ,"""Rice Paddy""" ,1999 ,      29782 ,                         1083 ,         46195.0  ,   25.97 ,         2978.2
India ,"""Rice Paddy""" ,1999 ,      29782 ,                         1083 ,         46195.0  ,   25.1  ,         2978.2
India ,"""Rice Paddy""" ,1999 ,      29782 ,                         1083 ,         46195.0  ,   26.85 ,         2978.2
India ,"""Rice Paddy""" ,1999 ,      29782 ,                         1083 ,         46195.0  ,   24.93 ,         2978.2
India ,"""Rice Paddy""" ,1999 ,      29782 ,                         1083 ,         46195.0  ,   26.96 ,         2978.2
India ,"""Rice Paddy""" ,1999 ,      29782 ,                         1083 ,         46195.0  ,   26.96 ,         2978.2
India ,"""Rice Paddy""" ,1999 ,      29782 ,                         1083 ,         46195.0  ,   26.21 ,         2978.2
India ,Sorghum          ,1999 ,       8472 ,                         1083 ,         46195.0  ,   26.12 ,          847.2
India ,Sorghum          ,1999 ,       8472 ,                         1083 ,         46195.0  ,   27.21 ,          847.2
India ,Sorghum          ,1999 ,       8472 ,                         1083 ,         46195.0  ,   26.4  ,          847.2
India ,Sorghum          ,1999 ,       8472 ,                         1083 ,         46195.0  ,   24.9  ,          847.2
India ,Sorghum          ,1999 ,       8472 ,                         1083 ,         46195.0  ,   25.29 ,          847.2
India ,Sorghum          ,1999 ,       8472 ,                         1083 ,         46195.0  ,   25.74 ,          847.2
India ,Sorghum          ,1999 ,       8472 ,                         1083 ,         46195.0  ,   26.36 ,          847.2
India ,Sorghum          ,1999 ,       8472 ,                         1083 ,         46195.0  ,   26.86 ,          847.2
India ,Sorghum          ,1999 ,       8472 ,                         1083 ,         46195.0  ,   27.24 ,          847.2
India ,Sorghum          ,1999 ,       8472 ,                         1083 ,         46195.0  ,   25.5  ,          847.2
India ,Sorghum          ,1999 ,       8472 ,                         1083 ,         46195.0  ,   26.42 ,          847.2
India ,Sorghum          ,1999 ,       8472 ,                         1083 ,         46195.0  ,   25.78 ,          847.2
India ,Sorghum          ,1999 ,       8472 ,                         1083 ,         46195.0  ,   24.9  ,          847.2
India ,Sorghum          ,1999 ,       8472 ,                         1083 ,         46195.0  ,   26.06 ,          847.2
India ,Sorghum          ,1999 ,       8472 ,                         1083 ,         46195.0  ,   26.36 ,          847.2
India ,Sorghum          ,1999 ,       8472 ,                         1083 ,         46195.0  ,   25.97 ,          847.2
India ,Sorghum          ,1999 ,       8472 ,                         1083 ,         46195.0  ,   25.1  ,          847.2
India ,Sorghum          ,1999 ,       8472 ,                         1083 ,         46195.0  ,   26.85 ,          847.2
India ,Sorghum          ,1999 ,       8472 ,                         1083 ,         46195.0  ,   24.93 ,          847.2
India ,Sorghum          ,1999 ,       8472 ,                         1083 ,         46195.0  ,   26.96 ,          847.2
India ,Sorghum          ,1999 ,       8472 ,                         1083 ,         46195.0  ,   26.96 ,          847.2
India ,Sorghum          ,1999 ,       8472 ,                         1083 ,         46195.0  ,   26.21 ,          847.2
India ,Soybeans         ,1999 ,      11380 ,                         1083 ,         46195.0  ,   26.12 ,         1138.0
India ,Soybeans         ,1999 ,      11380 ,                         1083 ,         46195.0  ,   27.21 ,         1138.0
India ,Soybeans         ,1999 ,      11380 ,                         1083 ,         46195.0  ,   26.4  ,         1138.0
India ,Soybeans         ,1999 ,      11380 ,                         1083 ,         46195.0  ,   24.9  ,         1138.0
India ,Soybeans         ,1999 ,      11380 ,                         1083 ,         46195.0  ,   25.29 ,         1138.0
India ,Soybeans         ,1999 ,      11380 ,                         1083 ,         46195.0  ,   25.74 ,         1138.0
India ,Soybeans         ,1999 ,      11380 ,                         1083 ,         46195.0  ,   26.36 ,         1138.0
India ,Soybeans         ,1999 ,      11380 ,                         1083 ,         46195.0  ,   26.86 ,         1138.0
India ,Soybeans         ,1999 ,      11380 ,                         1083 ,         46195.0  ,   27.24 ,         1138.0
India ,Soybeans         ,1999 ,      11380 ,                         1083 ,         46195.0  ,   25.5  ,         1138.0
India ,Soybeans         ,1999 ,      11380 ,                         1083 ,         46195.0  ,   26.42 ,         1138.0
India ,Soybeans         ,1999 ,      11380 ,                         1083 ,         46195.0  ,   25.78 ,         1138.0
India ,Soybeans         ,1999 ,      11380 ,                         1083 ,         46195.0  ,   24.9  ,         1138.0
India ,Soybeans         ,1999 ,      11380 ,                         1083 ,         46195.0  ,   26.06 ,         1138.0
India ,Soybeans         ,1999 ,      11380 ,                         1083 ,         46195.0  ,   26.36 ,         1138.0
India ,Soybeans         ,1999 ,      11380 ,                         1083 ,         46195.0  ,   25.97 ,         1138.0
India ,Soybeans         ,1999 ,      11380 ,                         1083 ,         46195.0  ,   25.1  ,         1138.0
India ,Soybeans         ,1999 ,      11380 ,                         1083 ,         46195.0  ,   26.85 ,         1138.0
India ,Soybeans         ,1999 ,      11380 ,                         1083 ,         46195.0  ,   24.93 ,         1138.0
India ,Soybeans         ,1999 ,      11380 ,                         1083 ,         46195.0  ,   26.96 ,         1138.0
India ,Soybeans         ,1999 ,      11380 ,                         1083 ,         46195.0  ,   26.96 ,         1138.0
India ,Soybeans         ,1999 ,      11380 ,                         1083 ,         46195.0  ,   26.21 ,         1138.0
India ,Sweet Potatoes   ,1999 ,      85744 ,                         1083 ,         46195.0  ,   26.12 ,         8574.4
India ,Sweet Potatoes   ,1999 ,      85744 ,                         1083 ,         46195.0  ,   27.21 ,         8574.4
India ,Sweet Potatoes   ,1999 ,      85744 ,                         1083 ,         46195.0  ,   26.4  ,         8574.4
India ,Sweet Potatoes   ,1999 ,      85744 ,                         1083 ,         46195.0  ,   24.9  ,         8574.4
India ,Sweet Potatoes   ,1999 ,      85744 ,                         1083 ,         46195.0  ,   25.29 ,         8574.4
India ,Sweet Potatoes   ,1999 ,      85744 ,                         1083 ,         46195.0  ,   25.74 ,         8574.4
India ,Sweet Potatoes   ,1999 ,      85744 ,                         1083 ,         46195.0  ,   26.36 ,         8574.4
India ,Sweet Potatoes   ,1999 ,      85744 ,                         1083 ,         46195.0  ,   26.86 ,         8574.4
India ,Sweet Potatoes   ,1999 ,      85744 ,                         1083 ,         46195.0  ,   27.24 ,         8574.4
India ,Sweet Potatoes   ,1999 ,      85744 ,                         1083 ,         46195.0  ,   25.5  ,         8574.4
India ,Sweet Potatoes   ,1999 ,      85744 ,                         1083 ,         46195.0  ,   26.42 ,         8574.4
India ,Sweet Potatoes   ,1999 ,      85744 ,                         1083 ,         46195.0  ,   25.78 ,         8574.4
India ,Sweet Potatoes   ,1999 ,      85744 ,                         1083 ,         46195.0  ,   24.9  ,         8574.4
India ,Sweet Potatoes   ,1999 ,      85744 ,                         1083 ,         46195.0  ,   26.06 ,         8574.4
India ,Sweet Potatoes   ,1999 ,      85744 ,                         1083 ,         46195.0  ,   26.36 ,         8574.4
India ,Sweet Potatoes   ,1999 ,      85744 ,                         1083 ,         46195.0  ,   25.97 ,         8574.4
India ,Sweet Potatoes   ,1999 ,      85744 ,                         1083 ,         46195.0  ,   25.1  ,         8574.4
India ,Sweet Potatoes   ,1999 ,      85744 ,                         1083 ,         46195.0  ,   26.85 ,         8574.4
India ,Sweet Potatoes   ,1999 ,      85744 ,                         1083 ,         46195.0  ,   24.93 ,         8574.4
India ,Sweet Potatoes   ,1999 ,      85744 ,                         1083 ,         46195.0  ,   26.96 ,         8574.4
India ,Sweet Potatoes   ,1999 ,      85744 ,                         1083 ,         46195.0  ,   26.96 ,         8574.4
India ,Sweet Potatoes   ,1999 ,      85744 ,                         1083 ,         46195.0  ,   26.21 ,         8574.4
India ,Wheat            ,1999 ,      25901 ,                         1083 ,         46195.0  ,   26.12 ,         2590.1
India ,Wheat            ,1999 ,      25901 ,                         1083 ,         46195.0  ,   27.21 ,         2590.1
India ,Wheat            ,1999 ,      25901 ,                         1083 ,         46195.0  ,   26.4  ,         2590.1
India ,Wheat            ,1999 ,      25901 ,                         1083 ,         46195.0  ,   24.9  ,         2590.1
India ,Wheat            ,1999 ,      25901 ,                         1083 ,         46195.0  ,   25.29 ,         2590.1
India ,Wheat            ,1999 ,      25901 ,                         1083 ,         46195.0  ,   25.74 ,         2590.1
India ,Wheat            ,1999 ,      25901 ,                         1083 ,         46195.0  ,   26.36 ,         2590.1
India ,Wheat            ,1999 ,      25901 ,                         1083 ,         46195.0  ,   26.86 ,         2590.1
India ,Wheat            ,1999 ,      25901 ,                         1083 ,         46195.0  ,   27.24 ,         2590.1
India ,Wheat            ,1999 ,      25901 ,                         1083 ,         46195.0  ,   25.5  ,         2590.1
India ,Wheat            ,1999 ,      25901 ,                         1083 ,         46195.0  ,   26.42 ,         2590.1
India ,Wheat            ,1999 ,      25901 ,                         1083 ,         46195.0  ,   25.78 ,         2590.1
India ,Wheat            ,1999 ,      25901 ,                         1083 ,         46195.0  ,   24.9  ,         2590.1
India ,Wheat            ,1999 ,      25901 ,                         1083 ,         46195.0  ,   26.06 ,         2590.1
India ,Wheat            ,1999 ,      25901 ,                         1083 ,         46195.0  ,   26.36 ,         2590.1
India ,Wheat            ,1999 ,      25901 ,                         1083 ,         46195.0  ,   25.97 ,         2590.1
India ,Wheat            ,1999 ,      25901 ,                         1083 ,         46195.0  ,   25.1  ,         2590.1
India ,Wheat            ,1999 ,      25901 ,                         1083 ,         46195.0  ,   26.85 ,         2590.1
India ,Wheat            ,1999 ,      25901 ,                         1083 ,         46195.0  ,   24.93 ,         2590.1
India ,Wheat            ,1999 ,      25901 ,                         1083 ,         46195.0  ,   26.96 ,         2590.1
India ,Wheat            ,1999 ,      25901 ,                         1083 ,         46195.0  ,   26.96 ,         2590.1
India ,Wheat            ,1999 ,      25901 ,                         1083 ,         46195.0  ,   26.21 ,         2590.1
India ,Cassava          ,2000 ,     269087 ,                         1083 ,         44957.52 ,   25.98 ,        26908.7
India ,Cassava          ,2000 ,     269087 ,                         1083 ,         44957.52 ,   27.44 ,        26908.7
India ,Cassava          ,2000 ,     269087 ,                         1083 ,         44957.52 ,   26.13 ,        26908.7
India ,Cassava          ,2000 ,     269087 ,                         1083 ,         44957.52 ,   24.57 ,        26908.7
India ,Cassava          ,2000 ,     269087 ,                         1083 ,         44957.52 ,   25.34 ,        26908.7
India ,Cassava          ,2000 ,     269087 ,                         1083 ,         44957.52 ,   25.93 ,        26908.7
India ,Cassava          ,2000 ,     269087 ,                         1083 ,         44957.52 ,   26.05 ,        26908.7
India ,Cassava          ,2000 ,     269087 ,                         1083 ,         44957.52 ,   26.49 ,        26908.7
India ,Cassava          ,2000 ,     269087 ,                         1083 ,         44957.52 ,   27.23 ,        26908.7
India ,Cassava          ,2000 ,     269087 ,                         1083 ,         44957.52 ,   25.62 ,        26908.7
India ,Cassava          ,2000 ,     269087 ,                         1083 ,         44957.52 ,   26.43 ,        26908.7
India ,Cassava          ,2000 ,     269087 ,                         1083 ,         44957.52 ,   25.35 ,        26908.7
India ,Cassava          ,2000 ,     269087 ,                         1083 ,         44957.52 ,   24.57 ,        26908.7
India ,Cassava          ,2000 ,     269087 ,                         1083 ,         44957.52 ,   26.18 ,        26908.7
India ,Cassava          ,2000 ,     269087 ,                         1083 ,         44957.52 ,   26.05 ,        26908.7
India ,Cassava          ,2000 ,     269087 ,                         1083 ,         44957.52 ,   25.58 ,        26908.7
India ,Cassava          ,2000 ,     269087 ,                         1083 ,         44957.52 ,   25.11 ,        26908.7
India ,Cassava          ,2000 ,     269087 ,                         1083 ,         44957.52 ,   27.08 ,        26908.7
India ,Cassava          ,2000 ,     269087 ,                         1083 ,         44957.52 ,   24.69 ,        26908.7
India ,Cassava          ,2000 ,     269087 ,                         1083 ,         44957.52 ,   27.03 ,        26908.7
India ,Cassava          ,2000 ,     269087 ,                         1083 ,         44957.52 ,   27.03 ,        26908.7
India ,Cassava          ,2000 ,     269087 ,                         1083 ,         44957.52 ,   25.93 ,        26908.7
India ,Maize            ,2000 ,      18216 ,                         1083 ,         44957.52 ,   25.98 ,         1821.6
India ,Maize            ,2000 ,      18216 ,                         1083 ,         44957.52 ,   27.44 ,         1821.6
India ,Maize            ,2000 ,      18216 ,                         1083 ,         44957.52 ,   26.13 ,         1821.6
India ,Maize            ,2000 ,      18216 ,                         1083 ,         44957.52 ,   24.57 ,         1821.6
India ,Maize            ,2000 ,      18216 ,                         1083 ,         44957.52 ,   25.34 ,         1821.6
India ,Maize            ,2000 ,      18216 ,                         1083 ,         44957.52 ,   25.93 ,         1821.6
India ,Maize            ,2000 ,      18216 ,                         1083 ,         44957.52 ,   26.05 ,         1821.6
India ,Maize            ,2000 ,      18216 ,                         1083 ,         44957.52 ,   26.49 ,         1821.6
India ,Maize            ,2000 ,      18216 ,                         1083 ,         44957.52 ,   27.23 ,         1821.6
India ,Maize            ,2000 ,      18216 ,                         1083 ,         44957.52 ,   25.62 ,         1821.6
India ,Maize            ,2000 ,      18216 ,                         1083 ,         44957.52 ,   26.43 ,         1821.6
India ,Maize            ,2000 ,      18216 ,                         1083 ,         44957.52 ,   25.35 ,         1821.6
India ,Maize            ,2000 ,      18216 ,                         1083 ,         44957.52 ,   24.57 ,         1821.6
India ,Maize            ,2000 ,      18216 ,                         1083 ,         44957.52 ,   26.18 ,         1821.6
India ,Maize            ,2000 ,      18216 ,                         1083 ,         44957.52 ,   26.05 ,         1821.6
India ,Maize            ,2000 ,      18216 ,                         1083 ,         44957.52 ,   25.58 ,         1821.6
India ,Maize            ,2000 ,      18216 ,                         1083 ,         44957.52 ,   25.11 ,         1821.6
India ,Maize            ,2000 ,      18216 ,                         1083 ,         44957.52 ,   27.08 ,         1821.6
India ,Maize            ,2000 ,      18216 ,                         1083 ,         44957.52 ,   24.69 ,         1821.6
India ,Maize            ,2000 ,      18216 ,                         1083 ,         44957.52 ,   27.03 ,         1821.6
India ,Maize            ,2000 ,      18216 ,                         1083 ,         44957.52 ,   27.03 ,         1821.6
India ,Maize            ,2000 ,      18216 ,                         1083 ,         44957.52 ,   25.93 ,         1821.6
India ,Potatoes         ,2000 ,     186443 ,                         1083 ,         44957.52 ,   25.98 ,        18644.3
India ,Potatoes         ,2000 ,     186443 ,                         1083 ,         44957.52 ,   27.44 ,        18644.3
India ,Potatoes         ,2000 ,     186443 ,                         1083 ,         44957.52 ,   26.13 ,        18644.3
India ,Potatoes         ,2000 ,     186443 ,                         1083 ,         44957.52 ,   24.57 ,        18644.3
India ,Potatoes         ,2000 ,     186443 ,                         1083 ,         44957.52 ,   25.34 ,        18644.3
India ,Potatoes         ,2000 ,     186443 ,                         1083 ,         44957.52 ,   25.93 ,        18644.3
India ,Potatoes         ,2000 ,     186443 ,                         1083 ,         44957.52 ,   26.05 ,        18644.3
India ,Potatoes         ,2000 ,     186443 ,                         1083 ,         44957.52 ,   26.49 ,        18644.3
India ,Potatoes         ,2000 ,     186443 ,                         1083 ,         44957.52 ,   27.23 ,        18644.3
India ,Potatoes         ,2000 ,     186443 ,                         1083 ,         44957.52 ,   25.62 ,        18644.3
India ,Potatoes         ,2000 ,     186443 ,                         1083 ,         44957.52 ,   26.43 ,        18644.3
India ,Potatoes         ,2000 ,     186443 ,                         1083 ,         44957.52 ,   25.35 ,        18644.3
India ,Potatoes         ,2000 ,     186443 ,                         1083 ,         44957.52 ,   24.57 ,        18644.3
India ,Potatoes         ,2000 ,     186443 ,                         1083 ,         44957.52 ,   26.18 ,        18644.3
India ,Potatoes         ,2000 ,     186443 ,                         1083 ,         44957.52 ,   26.05 ,        18644.3
India ,Potatoes         ,2000 ,     186443 ,                         1083 ,         44957.52 ,   25.58 ,        18644.3
India ,Potatoes         ,2000 ,     186443 ,                         1083 ,         44957.52 ,   25.11 ,        18644.3
India ,Potatoes         ,2000 ,     186443 ,                         1083 ,         44957.52 ,   27.08 ,        18644.3
India ,Potatoes         ,2000 ,     186443 ,                         1083 ,         44957.52 ,   24.69 ,        18644.3
India ,Potatoes         ,2000 ,     186443 ,                         1083 ,         44957.52 ,   27.03 ,        18644.3
India ,Potatoes         ,2000 ,     186443 ,                         1083 ,         44957.52 ,   27.03 ,        18644.3
India ,Potatoes         ,2000 ,     186443 ,                         1083 ,         44957.52 ,   25.93 ,        18644.3
India ,"""Rice Paddy""" ,2000 ,      28508 ,                         1083 ,         44957.52 ,   25.98 ,         2850.8
India ,"""Rice Paddy""" ,2000 ,      28508 ,                         1083 ,         44957.52 ,   27.44 ,         2850.8
India ,"""Rice Paddy""" ,2000 ,      28508 ,                         1083 ,         44957.52 ,   26.13 ,         2850.8
India ,"""Rice Paddy""" ,2000 ,      28508 ,                         1083 ,         44957.52 ,   24.57 ,         2850.8
India ,"""Rice Paddy""" ,2000 ,      28508 ,                         1083 ,         44957.52 ,   25.34 ,         2850.8
India ,"""Rice Paddy""" ,2000 ,      28508 ,                         1083 ,         44957.52 ,   25.93 ,         2850.8
India ,"""Rice Paddy""" ,2000 ,      28508 ,                         1083 ,         44957.52 ,   26.05 ,         2850.8
India ,"""Rice Paddy""" ,2000 ,      28508 ,                         1083 ,         44957.52 ,   26.49 ,         2850.8
India ,"""Rice Paddy""" ,2000 ,      28508 ,                         1083 ,         44957.52 ,   27.23 ,         2850.8
India ,"""Rice Paddy""" ,2000 ,      28508 ,                         1083 ,         44957.52 ,   25.62 ,         2850.8
India ,"""Rice Paddy""" ,2000 ,      28508 ,                         1083 ,         44957.52 ,   26.43 ,         2850.8
India ,"""Rice Paddy""" ,2000 ,      28508 ,                         1083 ,         44957.52 ,   25.35 ,         2850.8
India ,"""Rice Paddy""" ,2000 ,      28508 ,                         1083 ,         44957.52 ,   24.57 ,         2850.8
India ,"""Rice Paddy""" ,2000 ,      28508 ,                         1083 ,         44957.52 ,   26.18 ,         2850.8
India ,"""Rice Paddy""" ,2000 ,      28508 ,                         1083 ,         44957.52 ,   26.05 ,         2850.8
India ,"""Rice Paddy""" ,2000 ,      28508 ,                         1083 ,         44957.52 ,   25.58 ,         2850.8
India ,"""Rice Paddy""" ,2000 ,      28508 ,                         1083 ,         44957.52 ,   25.11 ,         2850.8
India ,"""Rice Paddy""" ,2000 ,      28508 ,                         1083 ,         44957.52 ,   27.08 ,         2850.8
India ,"""Rice Paddy""" ,2000 ,      28508 ,                         1083 ,         44957.52 ,   24.69 ,         2850.8
India ,"""Rice Paddy""" ,2000 ,      28508 ,                         1083 ,         44957.52 ,   27.03 ,         2850.8
India ,"""Rice Paddy""" ,2000 ,      28508 ,                         1083 ,         44957.52 ,   27.03 ,         2850.8
India ,"""Rice Paddy""" ,2000 ,      28508 ,                         1083 ,         44957.52 ,   25.93 ,         2850.8
India ,Sorghum          ,2000 ,       7639 ,                         1083 ,         44957.52 ,   25.98 ,          763.9
India ,Sorghum          ,2000 ,       7639 ,                         1083 ,         44957.52 ,   27.44 ,          763.9
India ,Sorghum          ,2000 ,       7639 ,                         1083 ,         44957.52 ,   26.13 ,          763.9
India ,Sorghum          ,2000 ,       7639 ,                         1083 ,         44957.52 ,   24.57 ,          763.9
India ,Sorghum          ,2000 ,       7639 ,                         1083 ,         44957.52 ,   25.34 ,          763.9
India ,Sorghum          ,2000 ,       7639 ,                         1083 ,         44957.52 ,   25.93 ,          763.9
India ,Sorghum          ,2000 ,       7639 ,                         1083 ,         44957.52 ,   26.05 ,          763.9
India ,Sorghum          ,2000 ,       7639 ,                         1083 ,         44957.52 ,   26.49 ,          763.9
India ,Sorghum          ,2000 ,       7639 ,                         1083 ,         44957.52 ,   27.23 ,          763.9
India ,Sorghum          ,2000 ,       7639 ,                         1083 ,         44957.52 ,   25.62 ,          763.9
India ,Sorghum          ,2000 ,       7639 ,                         1083 ,         44957.52 ,   26.43 ,          763.9
India ,Sorghum          ,2000 ,       7639 ,                         1083 ,         44957.52 ,   25.35 ,          763.9
India ,Sorghum          ,2000 ,       7639 ,                         1083 ,         44957.52 ,   24.57 ,          763.9
India ,Sorghum          ,2000 ,       7639 ,                         1083 ,         44957.52 ,   26.18 ,          763.9
India ,Sorghum          ,2000 ,       7639 ,                         1083 ,         44957.52 ,   26.05 ,          763.9
India ,Sorghum          ,2000 ,       7639 ,                         1083 ,         44957.52 ,   25.58 ,          763.9
India ,Sorghum          ,2000 ,       7639 ,                         1083 ,         44957.52 ,   25.11 ,          763.9
India ,Sorghum          ,2000 ,       7639 ,                         1083 ,         44957.52 ,   27.08 ,          763.9
India ,Sorghum          ,2000 ,       7639 ,                         1083 ,         44957.52 ,   24.69 ,          763.9
India ,Sorghum          ,2000 ,       7639 ,                         1083 ,         44957.52 ,   27.03 ,          763.9
India ,Sorghum          ,2000 ,       7639 ,                         1083 ,         44957.52 ,   27.03 ,          763.9
India ,Sorghum          ,2000 ,       7639 ,                         1083 ,         44957.52 ,   25.93 ,          763.9
India ,Soybeans         ,2000 ,       8222 ,                         1083 ,         44957.52 ,   25.98 ,          822.2
India ,Soybeans         ,2000 ,       8222 ,                         1083 ,         44957.52 ,   27.44 ,          822.2
India ,Soybeans         ,2000 ,       8222 ,                         1083 ,         44957.52 ,   26.13 ,          822.2
India ,Soybeans         ,2000 ,       8222 ,                         1083 ,         44957.52 ,   24.57 ,          822.2
India ,Soybeans         ,2000 ,       8222 ,                         1083 ,         44957.52 ,   25.34 ,          822.2
India ,Soybeans         ,2000 ,       8222 ,                         1083 ,         44957.52 ,   25.93 ,          822.2
India ,Soybeans         ,2000 ,       8222 ,                         1083 ,         44957.52 ,   26.05 ,          822.2
India ,Soybeans         ,2000 ,       8222 ,                         1083 ,         44957.52 ,   26.49 ,          822.2
India ,Soybeans         ,2000 ,       8222 ,                         1083 ,         44957.52 ,   27.23 ,          822.2
India ,Soybeans         ,2000 ,       8222 ,                         1083 ,         44957.52 ,   25.62 ,          822.2
India ,Soybeans         ,2000 ,       8222 ,                         1083 ,         44957.52 ,   26.43 ,          822.2
India ,Soybeans         ,2000 ,       8222 ,                         1083 ,         44957.52 ,   25.35 ,          822.2
India ,Soybeans         ,2000 ,       8222 ,                         1083 ,         44957.52 ,   24.57 ,          822.2
India ,Soybeans         ,2000 ,       8222 ,                         1083 ,         44957.52 ,   26.18 ,          822.2
India ,Soybeans         ,2000 ,       8222 ,                         1083 ,         44957.52 ,   26.05 ,          822.2
India ,Soybeans         ,2000 ,       8222 ,                         1083 ,         44957.52 ,   25.58 ,          822.2
India ,Soybeans         ,2000 ,       8222 ,                         1083 ,         44957.52 ,   25.11 ,          822.2
India ,Soybeans         ,2000 ,       8222 ,                         1083 ,         44957.52 ,   27.08 ,          822.2
India ,Soybeans         ,2000 ,       8222 ,                         1083 ,         44957.52 ,   24.69 ,          822.2
India ,Soybeans         ,2000 ,       8222 ,                         1083 ,         44957.52 ,   27.03 ,          822.2
India ,Soybeans         ,2000 ,       8222 ,                         1083 ,         44957.52 ,   27.03 ,          822.2
India ,Soybeans         ,2000 ,       8222 ,                         1083 ,         44957.52 ,   25.93 ,          822.2
India ,Sweet Potatoes   ,2000 ,      97421 ,                         1083 ,         44957.52 ,   25.98 ,         9742.1
India ,Sweet Potatoes   ,2000 ,      97421 ,                         1083 ,         44957.52 ,   27.44 ,         9742.1
India ,Sweet Potatoes   ,2000 ,      97421 ,                         1083 ,         44957.52 ,   26.13 ,         9742.1
India ,Sweet Potatoes   ,2000 ,      97421 ,                         1083 ,         44957.52 ,   24.57 ,         9742.1
India ,Sweet Potatoes   ,2000 ,      97421 ,                         1083 ,         44957.52 ,   25.34 ,         9742.1
India ,Sweet Potatoes   ,2000 ,      97421 ,                         1083 ,         44957.52 ,   25.93 ,         9742.1
India ,Sweet Potatoes   ,2000 ,      97421 ,                         1083 ,         44957.52 ,   26.05 ,         9742.1
India ,Sweet Potatoes   ,2000 ,      97421 ,                         1083 ,         44957.52 ,   26.49 ,         9742.1
India ,Sweet Potatoes   ,2000 ,      97421 ,                         1083 ,         44957.52 ,   27.23 ,         9742.1
India ,Sweet Potatoes   ,2000 ,      97421 ,                         1083 ,         44957.52 ,   25.62 ,         9742.1
India ,Sweet Potatoes   ,2000 ,      97421 ,                         1083 ,         44957.52 ,   26.43 ,         9742.1
India ,Sweet Potatoes   ,2000 ,      97421 ,                         1083 ,         44957.52 ,   25.35 ,         9742.1
India ,Sweet Potatoes   ,2000 ,      97421 ,                         1083 ,         44957.52 ,   24.57 ,         9742.1
India ,Sweet Potatoes   ,2000 ,      97421 ,                         1083 ,         44957.52 ,   26.18 ,         9742.1
India ,Sweet Potatoes   ,2000 ,      97421 ,                         1083 ,         44957.52 ,   26.05 ,         9742.1
India ,Sweet Potatoes   ,2000 ,      97421 ,                         1083 ,         44957.52 ,   25.58 ,         9742.1
India ,Sweet Potatoes   ,2000 ,      97421 ,                         1083 ,         44957.52 ,   25.11 ,         9742.1
India ,Sweet Potatoes   ,2000 ,      97421 ,                         1083 ,         44957.52 ,   27.08 ,         9742.1
India ,Sweet Potatoes   ,2000 ,      97421 ,                         1083 ,         44957.52 ,   24.69 ,         9742.1
India ,Sweet Potatoes   ,2000 ,      97421 ,                         1083 ,         44957.52 ,   27.03 ,         9742.1
India ,Sweet Potatoes   ,2000 ,      97421 ,                         1083 ,         44957.52 ,   27.03 ,         9742.1
India ,Sweet Potatoes   ,2000 ,      97421 ,                         1083 ,         44957.52 ,   25.93 ,         9742.1
India ,Wheat            ,2000 ,      27785 ,                         1083 ,         44957.52 ,   25.98 ,         2778.5
India ,Wheat            ,2000 ,      27785 ,                         1083 ,         44957.52 ,   27.44 ,         2778.5
India ,Wheat            ,2000 ,      27785 ,                         1083 ,         44957.52 ,   26.13 ,         2778.5
India ,Wheat            ,2000 ,      27785 ,                         1083 ,         44957.52 ,   24.57 ,         2778.5
India ,Wheat            ,2000 ,      27785 ,                         1083 ,         44957.52 ,   25.34 ,         2778.5
India ,Wheat            ,2000 ,      27785 ,                         1083 ,         44957.52 ,   25.93 ,         2778.5
India ,Wheat            ,2000 ,      27785 ,                         1083 ,         44957.52 ,   26.05 ,         2778.5
India ,Wheat            ,2000 ,      27785 ,                         1083 ,         44957.52 ,   26.49 ,         2778.5
India ,Wheat            ,2000 ,      27785 ,                         1083 ,         44957.52 ,   27.23 ,         2778.5
India ,Wheat            ,2000 ,      27785 ,                         1083 ,         44957.52 ,   25.62 ,         2778.5
India ,Wheat            ,2000 ,      27785 ,                         1083 ,         44957.52 ,   26.43 ,         2778.5
India ,Wheat            ,2000 ,      27785 ,                         1083 ,         44957.52 ,   25.35 ,         2778.5
India ,Wheat            ,2000 ,      27785 ,                         1083 ,         44957.52 ,   24.57 ,         2778.5
India ,Wheat            ,2000 ,      27785 ,                         1083 ,         44957.52 ,   26.18 ,         2778.5
India ,Wheat            ,2000 ,      27785 ,                         1083 ,         44957.52 ,   26.05 ,         2778.5
India ,Wheat            ,2000 ,      27785 ,                         1083 ,         44957.52 ,   25.58 ,         2778.5
India ,Wheat            ,2000 ,      27785 ,                         1083 ,         44957.52 ,   25.11 ,         2778.5
India ,Wheat            ,2000 ,      27785 ,                         1083 ,         44957.52 ,   27.08 ,         2778.5
India ,Wheat            ,2000 ,      27785 ,                         1083 ,         44957.52 ,   24.69 ,         2778.5
India ,Wheat            ,2000 ,      27785 ,                         1083 ,         44957.52 ,   27.03 ,         2778.5
India ,Wheat            ,2000 ,      27785 ,                         1083 ,         44957.52 ,   27.03 ,         2778.5
India ,Wheat            ,2000 ,      27785 ,                         1083 ,         44957.52 ,   25.93 ,         2778.5
India ,Cassava          ,2001 ,     266998 ,                         1083 ,         43720.04 ,   25.76 ,        26699.8
India ,Cassava          ,2001 ,     266998 ,                         1083 ,         43720.04 ,   27.2  ,        26699.8
India ,Cassava          ,2001 ,     266998 ,                         1083 ,         43720.04 ,   26.02 ,        26699.8
India ,Cassava          ,2001 ,     266998 ,                         1083 ,         43720.04 ,   24.5  ,        26699.8
India ,Cassava          ,2001 ,     266998 ,                         1083 ,         43720.04 ,   25.53 ,        26699.8
India ,Cassava          ,2001 ,     266998 ,                         1083 ,         43720.04 ,   25.95 ,        26699.8
India ,Cassava          ,2001 ,     266998 ,                         1083 ,         43720.04 ,   25.86 ,        26699.8
India ,Cassava          ,2001 ,     266998 ,                         1083 ,         43720.04 ,   26.52 ,        26699.8
India ,Cassava          ,2001 ,     266998 ,                         1083 ,         43720.04 ,   27.56 ,        26699.8
India ,Cassava          ,2001 ,     266998 ,                         1083 ,         43720.04 ,   25.59 ,        26699.8
India ,Cassava          ,2001 ,     266998 ,                         1083 ,         43720.04 ,   26.02 ,        26699.8
India ,Cassava          ,2001 ,     266998 ,                         1083 ,         43720.04 ,   25.33 ,        26699.8
India ,Cassava          ,2001 ,     266998 ,                         1083 ,         43720.04 ,   24.5  ,        26699.8
India ,Cassava          ,2001 ,     266998 ,                         1083 ,         43720.04 ,   26.32 ,        26699.8
India ,Cassava          ,2001 ,     266998 ,                         1083 ,         43720.04 ,   25.86 ,        26699.8
India ,Cassava          ,2001 ,     266998 ,                         1083 ,         43720.04 ,   25.82 ,        26699.8
India ,Cassava          ,2001 ,     266998 ,                         1083 ,         43720.04 ,   25.34 ,        26699.8
India ,Cassava          ,2001 ,     266998 ,                         1083 ,         43720.04 ,   26.91 ,        26699.8
India ,Cassava          ,2001 ,     266998 ,                         1083 ,         43720.04 ,   24.76 ,        26699.8
India ,Cassava          ,2001 ,     266998 ,                         1083 ,         43720.04 ,   26.9  ,        26699.8
India ,Cassava          ,2001 ,     266998 ,                         1083 ,         43720.04 ,   26.9  ,        26699.8
India ,Cassava          ,2001 ,     266998 ,                         1083 ,         43720.04 ,   25.92 ,        26699.8
India ,Maize            ,2001 ,      19996 ,                         1083 ,         43720.04 ,   25.76 ,         1999.6
India ,Maize            ,2001 ,      19996 ,                         1083 ,         43720.04 ,   27.2  ,         1999.6
India ,Maize            ,2001 ,      19996 ,                         1083 ,         43720.04 ,   26.02 ,         1999.6
India ,Maize            ,2001 ,      19996 ,                         1083 ,         43720.04 ,   24.5  ,         1999.6
India ,Maize            ,2001 ,      19996 ,                         1083 ,         43720.04 ,   25.53 ,         1999.6
India ,Maize            ,2001 ,      19996 ,                         1083 ,         43720.04 ,   25.95 ,         1999.6
India ,Maize            ,2001 ,      19996 ,                         1083 ,         43720.04 ,   25.86 ,         1999.6
India ,Maize            ,2001 ,      19996 ,                         1083 ,         43720.04 ,   26.52 ,         1999.6
India ,Maize            ,2001 ,      19996 ,                         1083 ,         43720.04 ,   27.56 ,         1999.6
India ,Maize            ,2001 ,      19996 ,                         1083 ,         43720.04 ,   25.59 ,         1999.6
India ,Maize            ,2001 ,      19996 ,                         1083 ,         43720.04 ,   26.02 ,         1999.6
India ,Maize            ,2001 ,      19996 ,                         1083 ,         43720.04 ,   25.33 ,         1999.6
India ,Maize            ,2001 ,      19996 ,                         1083 ,         43720.04 ,   24.5  ,         1999.6
India ,Maize            ,2001 ,      19996 ,                         1083 ,         43720.04 ,   26.32 ,         1999.6
India ,Maize            ,2001 ,      19996 ,                         1083 ,         43720.04 ,   25.86 ,         1999.6
India ,Maize            ,2001 ,      19996 ,                         1083 ,         43720.04 ,   25.82 ,         1999.6
India ,Maize            ,2001 ,      19996 ,                         1083 ,         43720.04 ,   25.34 ,         1999.6
India ,Maize            ,2001 ,      19996 ,                         1083 ,         43720.04 ,   26.91 ,         1999.6
India ,Maize            ,2001 ,      19996 ,                         1083 ,         43720.04 ,   24.76 ,         1999.6
India ,Maize            ,2001 ,      19996 ,                         1083 ,         43720.04 ,   26.9  ,         1999.6
India ,Maize            ,2001 ,      19996 ,                         1083 ,         43720.04 ,   26.9  ,         1999.6
India ,Maize            ,2001 ,      19996 ,                         1083 ,         43720.04 ,   25.92 ,         1999.6
India ,Potatoes         ,2001 ,     183627 ,                         1083 ,         43720.04 ,   25.76 ,        18362.7
India ,Potatoes         ,2001 ,     183627 ,                         1083 ,         43720.04 ,   27.2  ,        18362.7
India ,Potatoes         ,2001 ,     183627 ,                         1083 ,         43720.04 ,   26.02 ,        18362.7
India ,Potatoes         ,2001 ,     183627 ,                         1083 ,         43720.04 ,   24.5  ,        18362.7
India ,Potatoes         ,2001 ,     183627 ,                         1083 ,         43720.04 ,   25.53 ,        18362.7
India ,Potatoes         ,2001 ,     183627 ,                         1083 ,         43720.04 ,   25.95 ,        18362.7
India ,Potatoes         ,2001 ,     183627 ,                         1083 ,         43720.04 ,   25.86 ,        18362.7
India ,Potatoes         ,2001 ,     183627 ,                         1083 ,         43720.04 ,   26.52 ,        18362.7
India ,Potatoes         ,2001 ,     183627 ,                         1083 ,         43720.04 ,   27.56 ,        18362.7
India ,Potatoes         ,2001 ,     183627 ,                         1083 ,         43720.04 ,   25.59 ,        18362.7
India ,Potatoes         ,2001 ,     183627 ,                         1083 ,         43720.04 ,   26.02 ,        18362.7
India ,Potatoes         ,2001 ,     183627 ,                         1083 ,         43720.04 ,   25.33 ,        18362.7
India ,Potatoes         ,2001 ,     183627 ,                         1083 ,         43720.04 ,   24.5  ,        18362.7
India ,Potatoes         ,2001 ,     183627 ,                         1083 ,         43720.04 ,   26.32 ,        18362.7
India ,Potatoes         ,2001 ,     183627 ,                         1083 ,         43720.04 ,   25.86 ,        18362.7
India ,Potatoes         ,2001 ,     183627 ,                         1083 ,         43720.04 ,   25.82 ,        18362.7
India ,Potatoes         ,2001 ,     183627 ,                         1083 ,         43720.04 ,   25.34 ,        18362.7
India ,Potatoes         ,2001 ,     183627 ,                         1083 ,         43720.04 ,   26.91 ,        18362.7
India ,Potatoes         ,2001 ,     183627 ,                         1083 ,         43720.04 ,   24.76 ,        18362.7
India ,Potatoes         ,2001 ,     183627 ,                         1083 ,         43720.04 ,   26.9  ,        18362.7
India ,Potatoes         ,2001 ,     183627 ,                         1083 ,         43720.04 ,   26.9  ,        18362.7
India ,Potatoes         ,2001 ,     183627 ,                         1083 ,         43720.04 ,   25.92 ,        18362.7
India ,"""Rice Paddy""" ,2001 ,      31158 ,                         1083 ,         43720.04 ,   25.76 ,         3115.8
India ,"""Rice Paddy""" ,2001 ,      31158 ,                         1083 ,         43720.04 ,   27.2  ,         3115.8
India ,"""Rice Paddy""" ,2001 ,      31158 ,                         1083 ,         43720.04 ,   26.02 ,         3115.8
India ,"""Rice Paddy""" ,2001 ,      31158 ,                         1083 ,         43720.04 ,   24.5  ,         3115.8
India ,"""Rice Paddy""" ,2001 ,      31158 ,                         1083 ,         43720.04 ,   25.53 ,         3115.8
India ,"""Rice Paddy""" ,2001 ,      31158 ,                         1083 ,         43720.04 ,   25.95 ,         3115.8
India ,"""Rice Paddy""" ,2001 ,      31158 ,                         1083 ,         43720.04 ,   25.86 ,         3115.8
India ,"""Rice Paddy""" ,2001 ,      31158 ,                         1083 ,         43720.04 ,   26.52 ,         3115.8
India ,"""Rice Paddy""" ,2001 ,      31158 ,                         1083 ,         43720.04 ,   27.56 ,         3115.8
India ,"""Rice Paddy""" ,2001 ,      31158 ,                         1083 ,         43720.04 ,   25.59 ,         3115.8
India ,"""Rice Paddy""" ,2001 ,      31158 ,                         1083 ,         43720.04 ,   26.02 ,         3115.8
India ,"""Rice Paddy""" ,2001 ,      31158 ,                         1083 ,         43720.04 ,   25.33 ,         3115.8
India ,"""Rice Paddy""" ,2001 ,      31158 ,                         1083 ,         43720.04 ,   24.5  ,         3115.8
India ,"""Rice Paddy""" ,2001 ,      31158 ,                         1083 ,         43720.04 ,   26.32 ,         3115.8
India ,"""Rice Paddy""" ,2001 ,      31158 ,                         1083 ,         43720.04 ,   25.86 ,         3115.8
India ,"""Rice Paddy""" ,2001 ,      31158 ,                         1083 ,         43720.04 ,   25.82 ,         3115.8
India ,"""Rice Paddy""" ,2001 ,      31158 ,                         1083 ,         43720.04 ,   25.34 ,         3115.8
India ,"""Rice Paddy""" ,2001 ,      31158 ,                         1083 ,         43720.04 ,   26.91 ,         3115.8
India ,"""Rice Paddy""" ,2001 ,      31158 ,                         1083 ,         43720.04 ,   24.76 ,         3115.8
India ,"""Rice Paddy""" ,2001 ,      31158 ,                         1083 ,         43720.04 ,   26.9  ,         3115.8
India ,"""Rice Paddy""" ,2001 ,      31158 ,                         1083 ,         43720.04 ,   26.9  ,         3115.8
India ,"""Rice Paddy""" ,2001 ,      31158 ,                         1083 ,         43720.04 ,   25.92 ,         3115.8
India ,Sorghum          ,2001 ,       7715 ,                         1083 ,         43720.04 ,   25.76 ,          771.5
India ,Sorghum          ,2001 ,       7715 ,                         1083 ,         43720.04 ,   27.2  ,          771.5
India ,Sorghum          ,2001 ,       7715 ,                         1083 ,         43720.04 ,   26.02 ,          771.5
India ,Sorghum          ,2001 ,       7715 ,                         1083 ,         43720.04 ,   24.5  ,          771.5
India ,Sorghum          ,2001 ,       7715 ,                         1083 ,         43720.04 ,   25.53 ,          771.5
India ,Sorghum          ,2001 ,       7715 ,                         1083 ,         43720.04 ,   25.95 ,          771.5
India ,Sorghum          ,2001 ,       7715 ,                         1083 ,         43720.04 ,   25.86 ,          771.5
India ,Sorghum          ,2001 ,       7715 ,                         1083 ,         43720.04 ,   26.52 ,          771.5
India ,Sorghum          ,2001 ,       7715 ,                         1083 ,         43720.04 ,   27.56 ,          771.5
India ,Sorghum          ,2001 ,       7715 ,                         1083 ,         43720.04 ,   25.59 ,          771.5
India ,Sorghum          ,2001 ,       7715 ,                         1083 ,         43720.04 ,   26.02 ,          771.5
India ,Sorghum          ,2001 ,       7715 ,                         1083 ,         43720.04 ,   25.33 ,          771.5
India ,Sorghum          ,2001 ,       7715 ,                         1083 ,         43720.04 ,   24.5  ,          771.5
India ,Sorghum          ,2001 ,       7715 ,                         1083 ,         43720.04 ,   26.32 ,          771.5
India ,Sorghum          ,2001 ,       7715 ,                         1083 ,         43720.04 ,   25.86 ,          771.5
India ,Sorghum          ,2001 ,       7715 ,                         1083 ,         43720.04 ,   25.82 ,          771.5
India ,Sorghum          ,2001 ,       7715 ,                         1083 ,         43720.04 ,   25.34 ,          771.5
India ,Sorghum          ,2001 ,       7715 ,                         1083 ,         43720.04 ,   26.91 ,          771.5
India ,Sorghum          ,2001 ,       7715 ,                         1083 ,         43720.04 ,   24.76 ,          771.5
India ,Sorghum          ,2001 ,       7715 ,                         1083 ,         43720.04 ,   26.9  ,          771.5
India ,Sorghum          ,2001 ,       7715 ,                         1083 ,         43720.04 ,   26.9  ,          771.5
India ,Sorghum          ,2001 ,       7715 ,                         1083 ,         43720.04 ,   25.92 ,          771.5
India ,Soybeans         ,2001 ,       9400 ,                         1083 ,         43720.04 ,   25.76 ,          940.0
India ,Soybeans         ,2001 ,       9400 ,                         1083 ,         43720.04 ,   27.2  ,          940.0
India ,Soybeans         ,2001 ,       9400 ,                         1083 ,         43720.04 ,   26.02 ,          940.0
India ,Soybeans         ,2001 ,       9400 ,                         1083 ,         43720.04 ,   24.5  ,          940.0
India ,Soybeans         ,2001 ,       9400 ,                         1083 ,         43720.04 ,   25.53 ,          940.0
India ,Soybeans         ,2001 ,       9400 ,                         1083 ,         43720.04 ,   25.95 ,          940.0
India ,Soybeans         ,2001 ,       9400 ,                         1083 ,         43720.04 ,   25.86 ,          940.0
India ,Soybeans         ,2001 ,       9400 ,                         1083 ,         43720.04 ,   26.52 ,          940.0
India ,Soybeans         ,2001 ,       9400 ,                         1083 ,         43720.04 ,   27.56 ,          940.0
India ,Soybeans         ,2001 ,       9400 ,                         1083 ,         43720.04 ,   25.59 ,          940.0
India ,Soybeans         ,2001 ,       9400 ,                         1083 ,         43720.04 ,   26.02 ,          940.0
India ,Soybeans         ,2001 ,       9400 ,                         1083 ,         43720.04 ,   25.33 ,          940.0
India ,Soybeans         ,2001 ,       9400 ,                         1083 ,         43720.04 ,   24.5  ,          940.0
India ,Soybeans         ,2001 ,       9400 ,                         1083 ,         43720.04 ,   26.32 ,          940.0
India ,Soybeans         ,2001 ,       9400 ,                         1083 ,         43720.04 ,   25.86 ,          940.0
India ,Soybeans         ,2001 ,       9400 ,                         1083 ,         43720.04 ,   25.82 ,          940.0
India ,Soybeans         ,2001 ,       9400 ,                         1083 ,         43720.04 ,   25.34 ,          940.0
India ,Soybeans         ,2001 ,       9400 ,                         1083 ,         43720.04 ,   26.91 ,          940.0
India ,Soybeans         ,2001 ,       9400 ,                         1083 ,         43720.04 ,   24.76 ,          940.0
India ,Soybeans         ,2001 ,       9400 ,                         1083 ,         43720.04 ,   26.9  ,          940.0
India ,Soybeans         ,2001 ,       9400 ,                         1083 ,         43720.04 ,   26.9  ,          940.0
India ,Soybeans         ,2001 ,       9400 ,                         1083 ,         43720.04 ,   25.92 ,          940.0
India ,Sweet Potatoes   ,2001 ,      88368 ,                         1083 ,         43720.04 ,   25.76 ,         8836.8
India ,Sweet Potatoes   ,2001 ,      88368 ,                         1083 ,         43720.04 ,   27.2  ,         8836.8
India ,Sweet Potatoes   ,2001 ,      88368 ,                         1083 ,         43720.04 ,   26.02 ,         8836.8
India ,Sweet Potatoes   ,2001 ,      88368 ,                         1083 ,         43720.04 ,   24.5  ,         8836.8
India ,Sweet Potatoes   ,2001 ,      88368 ,                         1083 ,         43720.04 ,   25.53 ,         8836.8
India ,Sweet Potatoes   ,2001 ,      88368 ,                         1083 ,         43720.04 ,   25.95 ,         8836.8
India ,Sweet Potatoes   ,2001 ,      88368 ,                         1083 ,         43720.04 ,   25.86 ,         8836.8
India ,Sweet Potatoes   ,2001 ,      88368 ,                         1083 ,         43720.04 ,   26.52 ,         8836.8
India ,Sweet Potatoes   ,2001 ,      88368 ,                         1083 ,         43720.04 ,   27.56 ,         8836.8
India ,Sweet Potatoes   ,2001 ,      88368 ,                         1083 ,         43720.04 ,   25.59 ,         8836.8
India ,Sweet Potatoes   ,2001 ,      88368 ,                         1083 ,         43720.04 ,   26.02 ,         8836.8
India ,Sweet Potatoes   ,2001 ,      88368 ,                         1083 ,         43720.04 ,   25.33 ,         8836.8
India ,Sweet Potatoes   ,2001 ,      88368 ,                         1083 ,         43720.04 ,   24.5  ,         8836.8
India ,Sweet Potatoes   ,2001 ,      88368 ,                         1083 ,         43720.04 ,   26.32 ,         8836.8
India ,Sweet Potatoes   ,2001 ,      88368 ,                         1083 ,         43720.04 ,   25.86 ,         8836.8
India ,Sweet Potatoes   ,2001 ,      88368 ,                         1083 ,         43720.04 ,   25.82 ,         8836.8
India ,Sweet Potatoes   ,2001 ,      88368 ,                         1083 ,         43720.04 ,   25.34 ,         8836.8
India ,Sweet Potatoes   ,2001 ,      88368 ,                         1083 ,         43720.04 ,   26.91 ,         8836.8
India ,Sweet Potatoes   ,2001 ,      88368 ,                         1083 ,         43720.04 ,   24.76 ,         8836.8
India ,Sweet Potatoes   ,2001 ,      88368 ,                         1083 ,         43720.04 ,   26.9  ,         8836.8
India ,Sweet Potatoes   ,2001 ,      88368 ,                         1083 ,         43720.04 ,   26.9  ,         8836.8
India ,Sweet Potatoes   ,2001 ,      88368 ,                         1083 ,         43720.04 ,   25.92 ,         8836.8
India ,Wheat            ,2001 ,      27081 ,                         1083 ,         43720.04 ,   25.76 ,         2708.1
India ,Wheat            ,2001 ,      27081 ,                         1083 ,         43720.04 ,   27.2  ,         2708.1
India ,Wheat            ,2001 ,      27081 ,                         1083 ,         43720.04 ,   26.02 ,         2708.1
India ,Wheat            ,2001 ,      27081 ,                         1083 ,         43720.04 ,   24.5  ,         2708.1
India ,Wheat            ,2001 ,      27081 ,                         1083 ,         43720.04 ,   25.53 ,         2708.1
India ,Wheat            ,2001 ,      27081 ,                         1083 ,         43720.04 ,   25.95 ,         2708.1
India ,Wheat            ,2001 ,      27081 ,                         1083 ,         43720.04 ,   25.86 ,         2708.1
India ,Wheat            ,2001 ,      27081 ,                         1083 ,         43720.04 ,   26.52 ,         2708.1
India ,Wheat            ,2001 ,      27081 ,                         1083 ,         43720.04 ,   27.56 ,         2708.1
India ,Wheat            ,2001 ,      27081 ,                         1083 ,         43720.04 ,   25.59 ,         2708.1
India ,Wheat            ,2001 ,      27081 ,                         1083 ,         43720.04 ,   26.02 ,         2708.1
India ,Wheat            ,2001 ,      27081 ,                         1083 ,         43720.04 ,   25.33 ,         2708.1
India ,Wheat            ,2001 ,      27081 ,                         1083 ,         43720.04 ,   24.5  ,         2708.1
India ,Wheat            ,2001 ,      27081 ,                         1083 ,         43720.04 ,   26.32 ,         2708.1
India ,Wheat            ,2001 ,      27081 ,                         1083 ,         43720.04 ,   25.86 ,         2708.1
India ,Wheat            ,2001 ,      27081 ,                         1083 ,         43720.04 ,   25.82 ,         2708.1
India ,Wheat            ,2001 ,      27081 ,                         1083 ,         43720.04 ,   25.34 ,         2708.1
India ,Wheat            ,2001 ,      27081 ,                         1083 ,         43720.04 ,   26.91 ,         2708.1
India ,Wheat            ,2001 ,      27081 ,                         1083 ,         43720.04 ,   24.76 ,         2708.1
India ,Wheat            ,2001 ,      27081 ,                         1083 ,         43720.04 ,   26.9  ,         2708.1
India ,Wheat            ,2001 ,      27081 ,                         1083 ,         43720.04 ,   26.9  ,         2708.1
India ,Wheat            ,2001 ,      27081 ,                         1083 ,         43720.04 ,   25.92 ,         2708.1
India ,Cassava          ,2002 ,     272746 ,                         1083 ,         42482.56 ,   26.66 ,        27274.6
India ,Cassava          ,2002 ,     272746 ,                         1083 ,         42482.56 ,   27.72 ,        27274.6
India ,Cassava          ,2002 ,     272746 ,                         1083 ,         42482.56 ,   26.79 ,        27274.6
India ,Cassava          ,2002 ,     272746 ,                         1083 ,         42482.56 ,   24.91 ,        27274.6
India ,Cassava          ,2002 ,     272746 ,                         1083 ,         42482.56 ,   25.76 ,        27274.6
India ,Cassava          ,2002 ,     272746 ,                         1083 ,         42482.56 ,   26.55 ,        27274.6
India ,Cassava          ,2002 ,     272746 ,                         1083 ,         42482.56 ,   26.63 ,        27274.6
India ,Cassava          ,2002 ,     272746 ,                         1083 ,         42482.56 ,   26.7  ,        27274.6
India ,Cassava          ,2002 ,     272746 ,                         1083 ,         42482.56 ,   27.67 ,        27274.6
India ,Cassava          ,2002 ,     272746 ,                         1083 ,         42482.56 ,   26.15 ,        27274.6
India ,Cassava          ,2002 ,     272746 ,                         1083 ,         42482.56 ,   27.03 ,        27274.6
India ,Cassava          ,2002 ,     272746 ,                         1083 ,         42482.56 ,   26.12 ,        27274.6
India ,Cassava          ,2002 ,     272746 ,                         1083 ,         42482.56 ,   24.91 ,        27274.6
India ,Cassava          ,2002 ,     272746 ,                         1083 ,         42482.56 ,   26.75 ,        27274.6
India ,Cassava          ,2002 ,     272746 ,                         1083 ,         42482.56 ,   26.63 ,        27274.6
India ,Cassava          ,2002 ,     272746 ,                         1083 ,         42482.56 ,   26.06 ,        27274.6
India ,Cassava          ,2002 ,     272746 ,                         1083 ,         42482.56 ,   25.58 ,        27274.6
India ,Cassava          ,2002 ,     272746 ,                         1083 ,         42482.56 ,   27.15 ,        27274.6
India ,Cassava          ,2002 ,     272746 ,                         1083 ,         42482.56 ,   25.07 ,        27274.6
India ,Cassava          ,2002 ,     272746 ,                         1083 ,         42482.56 ,   27.35 ,        27274.6
India ,Cassava          ,2002 ,     272746 ,                         1083 ,         42482.56 ,   27.35 ,        27274.6
India ,Cassava          ,2002 ,     272746 ,                         1083 ,         42482.56 ,   26.49 ,        27274.6
India ,Maize            ,2002 ,      16807 ,                         1083 ,         42482.56 ,   26.66 ,         1680.7
India ,Maize            ,2002 ,      16807 ,                         1083 ,         42482.56 ,   27.72 ,         1680.7
India ,Maize            ,2002 ,      16807 ,                         1083 ,         42482.56 ,   26.79 ,         1680.7
India ,Maize            ,2002 ,      16807 ,                         1083 ,         42482.56 ,   24.91 ,         1680.7
India ,Maize            ,2002 ,      16807 ,                         1083 ,         42482.56 ,   25.76 ,         1680.7
India ,Maize            ,2002 ,      16807 ,                         1083 ,         42482.56 ,   26.55 ,         1680.7
India ,Maize            ,2002 ,      16807 ,                         1083 ,         42482.56 ,   26.63 ,         1680.7
India ,Maize            ,2002 ,      16807 ,                         1083 ,         42482.56 ,   26.7  ,         1680.7
India ,Maize            ,2002 ,      16807 ,                         1083 ,         42482.56 ,   27.67 ,         1680.7
India ,Maize            ,2002 ,      16807 ,                         1083 ,         42482.56 ,   26.15 ,         1680.7
India ,Maize            ,2002 ,      16807 ,                         1083 ,         42482.56 ,   27.03 ,         1680.7
India ,Maize            ,2002 ,      16807 ,                         1083 ,         42482.56 ,   26.12 ,         1680.7
India ,Maize            ,2002 ,      16807 ,                         1083 ,         42482.56 ,   24.91 ,         1680.7
India ,Maize            ,2002 ,      16807 ,                         1083 ,         42482.56 ,   26.75 ,         1680.7
India ,Maize            ,2002 ,      16807 ,                         1083 ,         42482.56 ,   26.63 ,         1680.7
India ,Maize            ,2002 ,      16807 ,                         1083 ,         42482.56 ,   26.06 ,         1680.7
India ,Maize            ,2002 ,      16807 ,                         1083 ,         42482.56 ,   25.58 ,         1680.7
India ,Maize            ,2002 ,      16807 ,                         1083 ,         42482.56 ,   27.15 ,         1680.7
India ,Maize            ,2002 ,      16807 ,                         1083 ,         42482.56 ,   25.07 ,         1680.7
India ,Maize            ,2002 ,      16807 ,                         1083 ,         42482.56 ,   27.35 ,         1680.7
India ,Maize            ,2002 ,      16807 ,                         1083 ,         42482.56 ,   27.35 ,         1680.7
India ,Maize            ,2002 ,      16807 ,                         1083 ,         42482.56 ,   26.49 ,         1680.7
India ,Potatoes         ,2002 ,     194173 ,                         1083 ,         42482.56 ,   26.66 ,        19417.3
India ,Potatoes         ,2002 ,     194173 ,                         1083 ,         42482.56 ,   27.72 ,        19417.3
India ,Potatoes         ,2002 ,     194173 ,                         1083 ,         42482.56 ,   26.79 ,        19417.3
India ,Potatoes         ,2002 ,     194173 ,                         1083 ,         42482.56 ,   24.91 ,        19417.3
India ,Potatoes         ,2002 ,     194173 ,                         1083 ,         42482.56 ,   25.76 ,        19417.3
India ,Potatoes         ,2002 ,     194173 ,                         1083 ,         42482.56 ,   26.55 ,        19417.3
India ,Potatoes         ,2002 ,     194173 ,                         1083 ,         42482.56 ,   26.63 ,        19417.3
India ,Potatoes         ,2002 ,     194173 ,                         1083 ,         42482.56 ,   26.7  ,        19417.3
India ,Potatoes         ,2002 ,     194173 ,                         1083 ,         42482.56 ,   27.67 ,        19417.3
India ,Potatoes         ,2002 ,     194173 ,                         1083 ,         42482.56 ,   26.15 ,        19417.3
India ,Potatoes         ,2002 ,     194173 ,                         1083 ,         42482.56 ,   27.03 ,        19417.3
India ,Potatoes         ,2002 ,     194173 ,                         1083 ,         42482.56 ,   26.12 ,        19417.3
India ,Potatoes         ,2002 ,     194173 ,                         1083 ,         42482.56 ,   24.91 ,        19417.3
India ,Potatoes         ,2002 ,     194173 ,                         1083 ,         42482.56 ,   26.75 ,        19417.3
India ,Potatoes         ,2002 ,     194173 ,                         1083 ,         42482.56 ,   26.63 ,        19417.3
India ,Potatoes         ,2002 ,     194173 ,                         1083 ,         42482.56 ,   26.06 ,        19417.3
India ,Potatoes         ,2002 ,     194173 ,                         1083 ,         42482.56 ,   25.58 ,        19417.3
India ,Potatoes         ,2002 ,     194173 ,                         1083 ,         42482.56 ,   27.15 ,        19417.3
India ,Potatoes         ,2002 ,     194173 ,                         1083 ,         42482.56 ,   25.07 ,        19417.3
India ,Potatoes         ,2002 ,     194173 ,                         1083 ,         42482.56 ,   27.35 ,        19417.3
India ,Potatoes         ,2002 ,     194173 ,                         1083 ,         42482.56 ,   27.35 ,        19417.3
India ,Potatoes         ,2002 ,     194173 ,                         1083 ,         42482.56 ,   26.49 ,        19417.3
India ,"""Rice Paddy""" ,2002 ,      26163 ,                         1083 ,         42482.56 ,   26.66 ,         2616.3
India ,"""Rice Paddy""" ,2002 ,      26163 ,                         1083 ,         42482.56 ,   27.72 ,         2616.3
India ,"""Rice Paddy""" ,2002 ,      26163 ,                         1083 ,         42482.56 ,   26.79 ,         2616.3
India ,"""Rice Paddy""" ,2002 ,      26163 ,                         1083 ,         42482.56 ,   24.91 ,         2616.3
India ,"""Rice Paddy""" ,2002 ,      26163 ,                         1083 ,         42482.56 ,   25.76 ,         2616.3
India ,"""Rice Paddy""" ,2002 ,      26163 ,                         1083 ,         42482.56 ,   26.55 ,         2616.3
India ,"""Rice Paddy""" ,2002 ,      26163 ,                         1083 ,         42482.56 ,   26.63 ,         2616.3
India ,"""Rice Paddy""" ,2002 ,      26163 ,                         1083 ,         42482.56 ,   26.7  ,         2616.3
India ,"""Rice Paddy""" ,2002 ,      26163 ,                         1083 ,         42482.56 ,   27.67 ,         2616.3
India ,"""Rice Paddy""" ,2002 ,      26163 ,                         1083 ,         42482.56 ,   26.15 ,         2616.3
India ,"""Rice Paddy""" ,2002 ,      26163 ,                         1083 ,         42482.56 ,   27.03 ,         2616.3
India ,"""Rice Paddy""" ,2002 ,      26163 ,                         1083 ,         42482.56 ,   26.12 ,         2616.3
India ,"""Rice Paddy""" ,2002 ,      26163 ,                         1083 ,         42482.56 ,   24.91 ,         2616.3
India ,"""Rice Paddy""" ,2002 ,      26163 ,                         1083 ,         42482.56 ,   26.75 ,         2616.3
India ,"""Rice Paddy""" ,2002 ,      26163 ,                         1083 ,         42482.56 ,   26.63 ,         2616.3
India ,"""Rice Paddy""" ,2002 ,      26163 ,                         1083 ,         42482.56 ,   26.06 ,         2616.3
India ,"""Rice Paddy""" ,2002 ,      26163 ,                         1083 ,         42482.56 ,   25.58 ,         2616.3
India ,"""Rice Paddy""" ,2002 ,      26163 ,                         1083 ,         42482.56 ,   27.15 ,         2616.3
India ,"""Rice Paddy""" ,2002 ,      26163 ,                         1083 ,         42482.56 ,   25.07 ,         2616.3
India ,"""Rice Paddy""" ,2002 ,      26163 ,                         1083 ,         42482.56 ,   27.35 ,         2616.3
India ,"""Rice Paddy""" ,2002 ,      26163 ,                         1083 ,         42482.56 ,   27.35 ,         2616.3
India ,"""Rice Paddy""" ,2002 ,      26163 ,                         1083 ,         42482.56 ,   26.49 ,         2616.3
India ,Sorghum          ,2002 ,       7602 ,                         1083 ,         42482.56 ,   26.66 ,          760.2
India ,Sorghum          ,2002 ,       7602 ,                         1083 ,         42482.56 ,   27.72 ,          760.2
India ,Sorghum          ,2002 ,       7602 ,                         1083 ,         42482.56 ,   26.79 ,          760.2
India ,Sorghum          ,2002 ,       7602 ,                         1083 ,         42482.56 ,   24.91 ,          760.2
India ,Sorghum          ,2002 ,       7602 ,                         1083 ,         42482.56 ,   25.76 ,          760.2
India ,Sorghum          ,2002 ,       7602 ,                         1083 ,         42482.56 ,   26.55 ,          760.2
India ,Sorghum          ,2002 ,       7602 ,                         1083 ,         42482.56 ,   26.63 ,          760.2
India ,Sorghum          ,2002 ,       7602 ,                         1083 ,         42482.56 ,   26.7  ,          760.2
India ,Sorghum          ,2002 ,       7602 ,                         1083 ,         42482.56 ,   27.67 ,          760.2
India ,Sorghum          ,2002 ,       7602 ,                         1083 ,         42482.56 ,   26.15 ,          760.2
India ,Sorghum          ,2002 ,       7602 ,                         1083 ,         42482.56 ,   27.03 ,          760.2
India ,Sorghum          ,2002 ,       7602 ,                         1083 ,         42482.56 ,   26.12 ,          760.2
India ,Sorghum          ,2002 ,       7602 ,                         1083 ,         42482.56 ,   24.91 ,          760.2
India ,Sorghum          ,2002 ,       7602 ,                         1083 ,         42482.56 ,   26.75 ,          760.2
India ,Sorghum          ,2002 ,       7602 ,                         1083 ,         42482.56 ,   26.63 ,          760.2
India ,Sorghum          ,2002 ,       7602 ,                         1083 ,         42482.56 ,   26.06 ,          760.2
India ,Sorghum          ,2002 ,       7602 ,                         1083 ,         42482.56 ,   25.58 ,          760.2
India ,Sorghum          ,2002 ,       7602 ,                         1083 ,         42482.56 ,   27.15 ,          760.2
India ,Sorghum          ,2002 ,       7602 ,                         1083 ,         42482.56 ,   25.07 ,          760.2
India ,Sorghum          ,2002 ,       7602 ,                         1083 ,         42482.56 ,   27.35 ,          760.2
India ,Sorghum          ,2002 ,       7602 ,                         1083 ,         42482.56 ,   27.35 ,          760.2
India ,Sorghum          ,2002 ,       7602 ,                         1083 ,         42482.56 ,   26.49 ,          760.2
India ,Soybeans         ,2002 ,       7624 ,                         1083 ,         42482.56 ,   26.66 ,          762.4
India ,Soybeans         ,2002 ,       7624 ,                         1083 ,         42482.56 ,   27.72 ,          762.4
India ,Soybeans         ,2002 ,       7624 ,                         1083 ,         42482.56 ,   26.79 ,          762.4
India ,Soybeans         ,2002 ,       7624 ,                         1083 ,         42482.56 ,   24.91 ,          762.4
India ,Soybeans         ,2002 ,       7624 ,                         1083 ,         42482.56 ,   25.76 ,          762.4
India ,Soybeans         ,2002 ,       7624 ,                         1083 ,         42482.56 ,   26.55 ,          762.4
India ,Soybeans         ,2002 ,       7624 ,                         1083 ,         42482.56 ,   26.63 ,          762.4
India ,Soybeans         ,2002 ,       7624 ,                         1083 ,         42482.56 ,   26.7  ,          762.4
India ,Soybeans         ,2002 ,       7624 ,                         1083 ,         42482.56 ,   27.67 ,          762.4
India ,Soybeans         ,2002 ,       7624 ,                         1083 ,         42482.56 ,   26.15 ,          762.4
India ,Soybeans         ,2002 ,       7624 ,                         1083 ,         42482.56 ,   27.03 ,          762.4
India ,Soybeans         ,2002 ,       7624 ,                         1083 ,         42482.56 ,   26.12 ,          762.4
India ,Soybeans         ,2002 ,       7624 ,                         1083 ,         42482.56 ,   24.91 ,          762.4
India ,Soybeans         ,2002 ,       7624 ,                         1083 ,         42482.56 ,   26.75 ,          762.4
India ,Soybeans         ,2002 ,       7624 ,                         1083 ,         42482.56 ,   26.63 ,          762.4
India ,Soybeans         ,2002 ,       7624 ,                         1083 ,         42482.56 ,   26.06 ,          762.4
India ,Soybeans         ,2002 ,       7624 ,                         1083 ,         42482.56 ,   25.58 ,          762.4
India ,Soybeans         ,2002 ,       7624 ,                         1083 ,         42482.56 ,   27.15 ,          762.4
India ,Soybeans         ,2002 ,       7624 ,                         1083 ,         42482.56 ,   25.07 ,          762.4
India ,Soybeans         ,2002 ,       7624 ,                         1083 ,         42482.56 ,   27.35 ,          762.4
India ,Soybeans         ,2002 ,       7624 ,                         1083 ,         42482.56 ,   27.35 ,          762.4
India ,Soybeans         ,2002 ,       7624 ,                         1083 ,         42482.56 ,   26.49 ,          762.4
India ,Sweet Potatoes   ,2002 ,      85694 ,                         1083 ,         42482.56 ,   26.66 ,         8569.4
India ,Sweet Potatoes   ,2002 ,      85694 ,                         1083 ,         42482.56 ,   27.72 ,         8569.4
India ,Sweet Potatoes   ,2002 ,      85694 ,                         1083 ,         42482.56 ,   26.79 ,         8569.4
India ,Sweet Potatoes   ,2002 ,      85694 ,                         1083 ,         42482.56 ,   24.91 ,         8569.4
India ,Sweet Potatoes   ,2002 ,      85694 ,                         1083 ,         42482.56 ,   25.76 ,         8569.4
India ,Sweet Potatoes   ,2002 ,      85694 ,                         1083 ,         42482.56 ,   26.55 ,         8569.4
India ,Sweet Potatoes   ,2002 ,      85694 ,                         1083 ,         42482.56 ,   26.63 ,         8569.4
India ,Sweet Potatoes   ,2002 ,      85694 ,                         1083 ,         42482.56 ,   26.7  ,         8569.4
India ,Sweet Potatoes   ,2002 ,      85694 ,                         1083 ,         42482.56 ,   27.67 ,         8569.4
India ,Sweet Potatoes   ,2002 ,      85694 ,                         1083 ,         42482.56 ,   26.15 ,         8569.4
India ,Sweet Potatoes   ,2002 ,      85694 ,                         1083 ,         42482.56 ,   27.03 ,         8569.4
India ,Sweet Potatoes   ,2002 ,      85694 ,                         1083 ,         42482.56 ,   26.12 ,         8569.4
India ,Sweet Potatoes   ,2002 ,      85694 ,                         1083 ,         42482.56 ,   24.91 ,         8569.4
India ,Sweet Potatoes   ,2002 ,      85694 ,                         1083 ,         42482.56 ,   26.75 ,         8569.4
India ,Sweet Potatoes   ,2002 ,      85694 ,                         1083 ,         42482.56 ,   26.63 ,         8569.4
India ,Sweet Potatoes   ,2002 ,      85694 ,                         1083 ,         42482.56 ,   26.06 ,         8569.4
India ,Sweet Potatoes   ,2002 ,      85694 ,                         1083 ,         42482.56 ,   25.58 ,         8569.4
India ,Sweet Potatoes   ,2002 ,      85694 ,                         1083 ,         42482.56 ,   27.15 ,         8569.4
India ,Sweet Potatoes   ,2002 ,      85694 ,                         1083 ,         42482.56 ,   25.07 ,         8569.4
India ,Sweet Potatoes   ,2002 ,      85694 ,                         1083 ,         42482.56 ,   27.35 ,         8569.4
India ,Sweet Potatoes   ,2002 ,      85694 ,                         1083 ,         42482.56 ,   27.35 ,         8569.4
India ,Sweet Potatoes   ,2002 ,      85694 ,                         1083 ,         42482.56 ,   26.49 ,         8569.4
India ,Wheat            ,2002 ,      27621 ,                         1083 ,         42482.56 ,   26.66 ,         2762.1
India ,Wheat            ,2002 ,      27621 ,                         1083 ,         42482.56 ,   27.72 ,         2762.1
India ,Wheat            ,2002 ,      27621 ,                         1083 ,         42482.56 ,   26.79 ,         2762.1
India ,Wheat            ,2002 ,      27621 ,                         1083 ,         42482.56 ,   24.91 ,         2762.1
India ,Wheat            ,2002 ,      27621 ,                         1083 ,         42482.56 ,   25.76 ,         2762.1
India ,Wheat            ,2002 ,      27621 ,                         1083 ,         42482.56 ,   26.55 ,         2762.1
India ,Wheat            ,2002 ,      27621 ,                         1083 ,         42482.56 ,   26.63 ,         2762.1
India ,Wheat            ,2002 ,      27621 ,                         1083 ,         42482.56 ,   26.7  ,         2762.1
India ,Wheat            ,2002 ,      27621 ,                         1083 ,         42482.56 ,   27.67 ,         2762.1
India ,Wheat            ,2002 ,      27621 ,                         1083 ,         42482.56 ,   26.15 ,         2762.1
India ,Wheat            ,2002 ,      27621 ,                         1083 ,         42482.56 ,   27.03 ,         2762.1
India ,Wheat            ,2002 ,      27621 ,                         1083 ,         42482.56 ,   26.12 ,         2762.1
India ,Wheat            ,2002 ,      27621 ,                         1083 ,         42482.56 ,   24.91 ,         2762.1
India ,Wheat            ,2002 ,      27621 ,                         1083 ,         42482.56 ,   26.75 ,         2762.1
India ,Wheat            ,2002 ,      27621 ,                         1083 ,         42482.56 ,   26.63 ,         2762.1
India ,Wheat            ,2002 ,      27621 ,                         1083 ,         42482.56 ,   26.06 ,         2762.1
India ,Wheat            ,2002 ,      27621 ,                         1083 ,         42482.56 ,   25.58 ,         2762.1
India ,Wheat            ,2002 ,      27621 ,                         1083 ,         42482.56 ,   27.15 ,         2762.1
India ,Wheat            ,2002 ,      27621 ,                         1083 ,         42482.56 ,   25.07 ,         2762.1
India ,Wheat            ,2002 ,      27621 ,                         1083 ,         42482.56 ,   27.35 ,         2762.1
India ,Wheat            ,2002 ,      27621 ,                         1083 ,         42482.56 ,   27.35 ,         2762.1
India ,Wheat            ,2002 ,      27621 ,                         1083 ,         42482.56 ,   26.49 ,         2762.1
India ,Cassava          ,2004 ,     270436 ,                         1083 ,         35113.0  ,   26.11 ,        27043.6
India ,Cassava          ,2004 ,     270436 ,                         1083 ,         35113.0  ,   27.63 ,        27043.6
India ,Cassava          ,2004 ,     270436 ,                         1083 ,         35113.0  ,   26.25 ,        27043.6
India ,Cassava          ,2004 ,     270436 ,                         1083 ,         35113.0  ,   24.85 ,        27043.6
India ,Cassava          ,2004 ,     270436 ,                         1083 ,         35113.0  ,   25.25 ,        27043.6
India ,Cassava          ,2004 ,     270436 ,                         1083 ,         35113.0  ,   26.22 ,        27043.6
India ,Cassava          ,2004 ,     270436 ,                         1083 ,         35113.0  ,   26.24 ,        27043.6
India ,Cassava          ,2004 ,     270436 ,                         1083 ,         35113.0  ,   26.63 ,        27043.6
India ,Cassava          ,2004 ,     270436 ,                         1083 ,         35113.0  ,   27.23 ,        27043.6
India ,Cassava          ,2004 ,     270436 ,                         1083 ,         35113.0  ,   25.98 ,        27043.6
India ,Cassava          ,2004 ,     270436 ,                         1083 ,         35113.0  ,   26.64 ,        27043.6
India ,Cassava          ,2004 ,     270436 ,                         1083 ,         35113.0  ,   25.59 ,        27043.6
India ,Cassava          ,2004 ,     270436 ,                         1083 ,         35113.0  ,   24.85 ,        27043.6
India ,Cassava          ,2004 ,     270436 ,                         1083 ,         35113.0  ,   26.41 ,        27043.6
India ,Cassava          ,2004 ,     270436 ,                         1083 ,         35113.0  ,   26.24 ,        27043.6
India ,Cassava          ,2004 ,     270436 ,                         1083 ,         35113.0  ,   25.69 ,        27043.6
India ,Cassava          ,2004 ,     270436 ,                         1083 ,         35113.0  ,   25.32 ,        27043.6
India ,Cassava          ,2004 ,     270436 ,                         1083 ,         35113.0  ,   27.16 ,        27043.6
India ,Cassava          ,2004 ,     270436 ,                         1083 ,         35113.0  ,   24.69 ,        27043.6
India ,Cassava          ,2004 ,     270436 ,                         1083 ,         35113.0  ,   27.29 ,        27043.6
India ,Cassava          ,2004 ,     270436 ,                         1083 ,         35113.0  ,   27.29 ,        27043.6
India ,Cassava          ,2004 ,     270436 ,                         1083 ,         35113.0  ,   25.95 ,        27043.6
India ,Maize            ,2004 ,      19073 ,                         1083 ,         35113.0  ,   26.11 ,         1907.3
India ,Maize            ,2004 ,      19073 ,                         1083 ,         35113.0  ,   27.63 ,         1907.3
India ,Maize            ,2004 ,      19073 ,                         1083 ,         35113.0  ,   26.25 ,         1907.3
India ,Maize            ,2004 ,      19073 ,                         1083 ,         35113.0  ,   24.85 ,         1907.3
India ,Maize            ,2004 ,      19073 ,                         1083 ,         35113.0  ,   25.25 ,         1907.3
India ,Maize            ,2004 ,      19073 ,                         1083 ,         35113.0  ,   26.22 ,         1907.3
India ,Maize            ,2004 ,      19073 ,                         1083 ,         35113.0  ,   26.24 ,         1907.3
India ,Maize            ,2004 ,      19073 ,                         1083 ,         35113.0  ,   26.63 ,         1907.3
India ,Maize            ,2004 ,      19073 ,                         1083 ,         35113.0  ,   27.23 ,         1907.3
India ,Maize            ,2004 ,      19073 ,                         1083 ,         35113.0  ,   25.98 ,         1907.3
India ,Maize            ,2004 ,      19073 ,                         1083 ,         35113.0  ,   26.64 ,         1907.3
India ,Maize            ,2004 ,      19073 ,                         1083 ,         35113.0  ,   25.59 ,         1907.3
India ,Maize            ,2004 ,      19073 ,                         1083 ,         35113.0  ,   24.85 ,         1907.3
India ,Maize            ,2004 ,      19073 ,                         1083 ,         35113.0  ,   26.41 ,         1907.3
India ,Maize            ,2004 ,      19073 ,                         1083 ,         35113.0  ,   26.24 ,         1907.3
India ,Maize            ,2004 ,      19073 ,                         1083 ,         35113.0  ,   25.69 ,         1907.3
India ,Maize            ,2004 ,      19073 ,                         1083 ,         35113.0  ,   25.32 ,         1907.3
India ,Maize            ,2004 ,      19073 ,                         1083 ,         35113.0  ,   27.16 ,         1907.3
India ,Maize            ,2004 ,      19073 ,                         1083 ,         35113.0  ,   24.69 ,         1907.3
India ,Maize            ,2004 ,      19073 ,                         1083 ,         35113.0  ,   27.29 ,         1907.3
India ,Maize            ,2004 ,      19073 ,                         1083 ,         35113.0  ,   27.29 ,         1907.3
India ,Maize            ,2004 ,      19073 ,                         1083 ,         35113.0  ,   25.95 ,         1907.3
India ,Potatoes         ,2004 ,     188091 ,                         1083 ,         35113.0  ,   26.11 ,        18809.1
India ,Potatoes         ,2004 ,     188091 ,                         1083 ,         35113.0  ,   27.63 ,        18809.1
India ,Potatoes         ,2004 ,     188091 ,                         1083 ,         35113.0  ,   26.25 ,        18809.1
India ,Potatoes         ,2004 ,     188091 ,                         1083 ,         35113.0  ,   24.85 ,        18809.1
India ,Potatoes         ,2004 ,     188091 ,                         1083 ,         35113.0  ,   25.25 ,        18809.1
India ,Potatoes         ,2004 ,     188091 ,                         1083 ,         35113.0  ,   26.22 ,        18809.1
India ,Potatoes         ,2004 ,     188091 ,                         1083 ,         35113.0  ,   26.24 ,        18809.1
India ,Potatoes         ,2004 ,     188091 ,                         1083 ,         35113.0  ,   26.63 ,        18809.1
India ,Potatoes         ,2004 ,     188091 ,                         1083 ,         35113.0  ,   27.23 ,        18809.1
India ,Potatoes         ,2004 ,     188091 ,                         1083 ,         35113.0  ,   25.98 ,        18809.1
India ,Potatoes         ,2004 ,     188091 ,                         1083 ,         35113.0  ,   26.64 ,        18809.1
India ,Potatoes         ,2004 ,     188091 ,                         1083 ,         35113.0  ,   25.59 ,        18809.1
India ,Potatoes         ,2004 ,     188091 ,                         1083 ,         35113.0  ,   24.85 ,        18809.1
India ,Potatoes         ,2004 ,     188091 ,                         1083 ,         35113.0  ,   26.41 ,        18809.1
India ,Potatoes         ,2004 ,     188091 ,                         1083 ,         35113.0  ,   26.24 ,        18809.1
India ,Potatoes         ,2004 ,     188091 ,                         1083 ,         35113.0  ,   25.69 ,        18809.1
India ,Potatoes         ,2004 ,     188091 ,                         1083 ,         35113.0  ,   25.32 ,        18809.1
India ,Potatoes         ,2004 ,     188091 ,                         1083 ,         35113.0  ,   27.16 ,        18809.1
India ,Potatoes         ,2004 ,     188091 ,                         1083 ,         35113.0  ,   24.69 ,        18809.1
India ,Potatoes         ,2004 ,     188091 ,                         1083 ,         35113.0  ,   27.29 ,        18809.1
India ,Potatoes         ,2004 ,     188091 ,                         1083 ,         35113.0  ,   27.29 ,        18809.1
India ,Potatoes         ,2004 ,     188091 ,                         1083 ,         35113.0  ,   25.95 ,        18809.1
India ,"""Rice Paddy""" ,2004 ,      29756 ,                         1083 ,         35113.0  ,   26.11 ,         2975.6
India ,"""Rice Paddy""" ,2004 ,      29756 ,                         1083 ,         35113.0  ,   27.63 ,         2975.6
India ,"""Rice Paddy""" ,2004 ,      29756 ,                         1083 ,         35113.0  ,   26.25 ,         2975.6
India ,"""Rice Paddy""" ,2004 ,      29756 ,                         1083 ,         35113.0  ,   24.85 ,         2975.6
India ,"""Rice Paddy""" ,2004 ,      29756 ,                         1083 ,         35113.0  ,   25.25 ,         2975.6
India ,"""Rice Paddy""" ,2004 ,      29756 ,                         1083 ,         35113.0  ,   26.22 ,         2975.6
India ,"""Rice Paddy""" ,2004 ,      29756 ,                         1083 ,         35113.0  ,   26.24 ,         2975.6
India ,"""Rice Paddy""" ,2004 ,      29756 ,                         1083 ,         35113.0  ,   26.63 ,         2975.6
India ,"""Rice Paddy""" ,2004 ,      29756 ,                         1083 ,         35113.0  ,   27.23 ,         2975.6
India ,"""Rice Paddy""" ,2004 ,      29756 ,                         1083 ,         35113.0  ,   25.98 ,         2975.6
India ,"""Rice Paddy""" ,2004 ,      29756 ,                         1083 ,         35113.0  ,   26.64 ,         2975.6
India ,"""Rice Paddy""" ,2004 ,      29756 ,                         1083 ,         35113.0  ,   25.59 ,         2975.6
India ,"""Rice Paddy""" ,2004 ,      29756 ,                         1083 ,         35113.0  ,   24.85 ,         2975.6
India ,"""Rice Paddy""" ,2004 ,      29756 ,                         1083 ,         35113.0  ,   26.41 ,         2975.6
India ,"""Rice Paddy""" ,2004 ,      29756 ,                         1083 ,         35113.0  ,   26.24 ,         2975.6
India ,"""Rice Paddy""" ,2004 ,      29756 ,                         1083 ,         35113.0  ,   25.69 ,         2975.6
India ,"""Rice Paddy""" ,2004 ,      29756 ,                         1083 ,         35113.0  ,   25.32 ,         2975.6
India ,"""Rice Paddy""" ,2004 ,      29756 ,                         1083 ,         35113.0  ,   27.16 ,         2975.6
India ,"""Rice Paddy""" ,2004 ,      29756 ,                         1083 ,         35113.0  ,   24.69 ,         2975.6
India ,"""Rice Paddy""" ,2004 ,      29756 ,                         1083 ,         35113.0  ,   27.29 ,         2975.6
India ,"""Rice Paddy""" ,2004 ,      29756 ,                         1083 ,         35113.0  ,   27.29 ,         2975.6
India ,"""Rice Paddy""" ,2004 ,      29756 ,                         1083 ,         35113.0  ,   25.95 ,         2975.6
India ,Sorghum          ,2004 ,       7161 ,                         1083 ,         35113.0  ,   26.11 ,          716.1
India ,Sorghum          ,2004 ,       7161 ,                         1083 ,         35113.0  ,   27.63 ,          716.1
India ,Sorghum          ,2004 ,       7161 ,                         1083 ,         35113.0  ,   26.25 ,          716.1
India ,Sorghum          ,2004 ,       7161 ,                         1083 ,         35113.0  ,   24.85 ,          716.1
India ,Sorghum          ,2004 ,       7161 ,                         1083 ,         35113.0  ,   25.25 ,          716.1
India ,Sorghum          ,2004 ,       7161 ,                         1083 ,         35113.0  ,   26.22 ,          716.1
India ,Sorghum          ,2004 ,       7161 ,                         1083 ,         35113.0  ,   26.24 ,          716.1
India ,Sorghum          ,2004 ,       7161 ,                         1083 ,         35113.0  ,   26.63 ,          716.1
India ,Sorghum          ,2004 ,       7161 ,                         1083 ,         35113.0  ,   27.23 ,          716.1
India ,Sorghum          ,2004 ,       7161 ,                         1083 ,         35113.0  ,   25.98 ,          716.1
India ,Sorghum          ,2004 ,       7161 ,                         1083 ,         35113.0  ,   26.64 ,          716.1
India ,Sorghum          ,2004 ,       7161 ,                         1083 ,         35113.0  ,   25.59 ,          716.1
India ,Sorghum          ,2004 ,       7161 ,                         1083 ,         35113.0  ,   24.85 ,          716.1
India ,Sorghum          ,2004 ,       7161 ,                         1083 ,         35113.0  ,   26.41 ,          716.1
India ,Sorghum          ,2004 ,       7161 ,                         1083 ,         35113.0  ,   26.24 ,          716.1
India ,Sorghum          ,2004 ,       7161 ,                         1083 ,         35113.0  ,   25.69 ,          716.1
India ,Sorghum          ,2004 ,       7161 ,                         1083 ,         35113.0  ,   25.32 ,          716.1
India ,Sorghum          ,2004 ,       7161 ,                         1083 ,         35113.0  ,   27.16 ,          716.1
India ,Sorghum          ,2004 ,       7161 ,                         1083 ,         35113.0  ,   24.69 ,          716.1
India ,Sorghum          ,2004 ,       7161 ,                         1083 ,         35113.0  ,   27.29 ,          716.1
India ,Sorghum          ,2004 ,       7161 ,                         1083 ,         35113.0  ,   27.29 ,          716.1
India ,Sorghum          ,2004 ,       7161 ,                         1083 ,         35113.0  ,   25.95 ,          716.1
India ,Soybeans         ,2004 ,       9082 ,                         1083 ,         35113.0  ,   26.11 ,          908.2
India ,Soybeans         ,2004 ,       9082 ,                         1083 ,         35113.0  ,   27.63 ,          908.2
India ,Soybeans         ,2004 ,       9082 ,                         1083 ,         35113.0  ,   26.25 ,          908.2
India ,Soybeans         ,2004 ,       9082 ,                         1083 ,         35113.0  ,   24.85 ,          908.2
India ,Soybeans         ,2004 ,       9082 ,                         1083 ,         35113.0  ,   25.25 ,          908.2
India ,Soybeans         ,2004 ,       9082 ,                         1083 ,         35113.0  ,   26.22 ,          908.2
India ,Soybeans         ,2004 ,       9082 ,                         1083 ,         35113.0  ,   26.24 ,          908.2
India ,Soybeans         ,2004 ,       9082 ,                         1083 ,         35113.0  ,   26.63 ,          908.2
India ,Soybeans         ,2004 ,       9082 ,                         1083 ,         35113.0  ,   27.23 ,          908.2
India ,Soybeans         ,2004 ,       9082 ,                         1083 ,         35113.0  ,   25.98 ,          908.2
India ,Soybeans         ,2004 ,       9082 ,                         1083 ,         35113.0  ,   26.64 ,          908.2
India ,Soybeans         ,2004 ,       9082 ,                         1083 ,         35113.0  ,   25.59 ,          908.2
India ,Soybeans         ,2004 ,       9082 ,                         1083 ,         35113.0  ,   24.85 ,          908.2
India ,Soybeans         ,2004 ,       9082 ,                         1083 ,         35113.0  ,   26.41 ,          908.2
India ,Soybeans         ,2004 ,       9082 ,                         1083 ,         35113.0  ,   26.24 ,          908.2
India ,Soybeans         ,2004 ,       9082 ,                         1083 ,         35113.0  ,   25.69 ,          908.2
India ,Soybeans         ,2004 ,       9082 ,                         1083 ,         35113.0  ,   25.32 ,          908.2
India ,Soybeans         ,2004 ,       9082 ,                         1083 ,         35113.0  ,   27.16 ,          908.2
India ,Soybeans         ,2004 ,       9082 ,                         1083 ,         35113.0  ,   24.69 ,          908.2
India ,Soybeans         ,2004 ,       9082 ,                         1083 ,         35113.0  ,   27.29 ,          908.2
India ,Soybeans         ,2004 ,       9082 ,                         1083 ,         35113.0  ,   27.29 ,          908.2
India ,Soybeans         ,2004 ,       9082 ,                         1083 ,         35113.0  ,   25.95 ,          908.2
India ,Sweet Potatoes   ,2004 ,      88588 ,                         1083 ,         35113.0  ,   26.11 ,         8858.8
India ,Sweet Potatoes   ,2004 ,      88588 ,                         1083 ,         35113.0  ,   27.63 ,         8858.8
India ,Sweet Potatoes   ,2004 ,      88588 ,                         1083 ,         35113.0  ,   26.25 ,         8858.8
India ,Sweet Potatoes   ,2004 ,      88588 ,                         1083 ,         35113.0  ,   24.85 ,         8858.8
India ,Sweet Potatoes   ,2004 ,      88588 ,                         1083 ,         35113.0  ,   25.25 ,         8858.8
India ,Sweet Potatoes   ,2004 ,      88588 ,                         1083 ,         35113.0  ,   26.22 ,         8858.8
India ,Sweet Potatoes   ,2004 ,      88588 ,                         1083 ,         35113.0  ,   26.24 ,         8858.8
India ,Sweet Potatoes   ,2004 ,      88588 ,                         1083 ,         35113.0  ,   26.63 ,         8858.8
India ,Sweet Potatoes   ,2004 ,      88588 ,                         1083 ,         35113.0  ,   27.23 ,         8858.8
India ,Sweet Potatoes   ,2004 ,      88588 ,                         1083 ,         35113.0  ,   25.98 ,         8858.8
India ,Sweet Potatoes   ,2004 ,      88588 ,                         1083 ,         35113.0  ,   26.64 ,         8858.8
India ,Sweet Potatoes   ,2004 ,      88588 ,                         1083 ,         35113.0  ,   25.59 ,         8858.8
India ,Sweet Potatoes   ,2004 ,      88588 ,                         1083 ,         35113.0  ,   24.85 ,         8858.8
India ,Sweet Potatoes   ,2004 ,      88588 ,                         1083 ,         35113.0  ,   26.41 ,         8858.8
India ,Sweet Potatoes   ,2004 ,      88588 ,                         1083 ,         35113.0  ,   26.24 ,         8858.8
India ,Sweet Potatoes   ,2004 ,      88588 ,                         1083 ,         35113.0  ,   25.69 ,         8858.8
India ,Sweet Potatoes   ,2004 ,      88588 ,                         1083 ,         35113.0  ,   25.32 ,         8858.8
India ,Sweet Potatoes   ,2004 ,      88588 ,                         1083 ,         35113.0  ,   27.16 ,         8858.8
India ,Sweet Potatoes   ,2004 ,      88588 ,                         1083 ,         35113.0  ,   24.69 ,         8858.8
India ,Sweet Potatoes   ,2004 ,      88588 ,                         1083 ,         35113.0  ,   27.29 ,         8858.8
India ,Sweet Potatoes   ,2004 ,      88588 ,                         1083 ,         35113.0  ,   27.29 ,         8858.8
India ,Sweet Potatoes   ,2004 ,      88588 ,                         1083 ,         35113.0  ,   25.95 ,         8858.8
India ,Wheat            ,2004 ,      27132 ,                         1083 ,         35113.0  ,   26.11 ,         2713.2
India ,Wheat            ,2004 ,      27132 ,                         1083 ,         35113.0  ,   27.63 ,         2713.2
India ,Wheat            ,2004 ,      27132 ,                         1083 ,         35113.0  ,   26.25 ,         2713.2
India ,Wheat            ,2004 ,      27132 ,                         1083 ,         35113.0  ,   24.85 ,         2713.2
India ,Wheat            ,2004 ,      27132 ,                         1083 ,         35113.0  ,   25.25 ,         2713.2
India ,Wheat            ,2004 ,      27132 ,                         1083 ,         35113.0  ,   26.22 ,         2713.2
India ,Wheat            ,2004 ,      27132 ,                         1083 ,         35113.0  ,   26.24 ,         2713.2
India ,Wheat            ,2004 ,      27132 ,                         1083 ,         35113.0  ,   26.63 ,         2713.2
India ,Wheat            ,2004 ,      27132 ,                         1083 ,         35113.0  ,   27.23 ,         2713.2
India ,Wheat            ,2004 ,      27132 ,                         1083 ,         35113.0  ,   25.98 ,         2713.2
India ,Wheat            ,2004 ,      27132 ,                         1083 ,         35113.0  ,   26.64 ,         2713.2
India ,Wheat            ,2004 ,      27132 ,                         1083 ,         35113.0  ,   25.59 ,         2713.2
India ,Wheat            ,2004 ,      27132 ,                         1083 ,         35113.0  ,   24.85 ,         2713.2
India ,Wheat            ,2004 ,      27132 ,                         1083 ,         35113.0  ,   26.41 ,         2713.2
India ,Wheat            ,2004 ,      27132 ,                         1083 ,         35113.0  ,   26.24 ,         2713.2
India ,Wheat            ,2004 ,      27132 ,                         1083 ,         35113.0  ,   25.69 ,         2713.2
India ,Wheat            ,2004 ,      27132 ,                         1083 ,         35113.0  ,   25.32 ,         2713.2
India ,Wheat            ,2004 ,      27132 ,                         1083 ,         35113.0  ,   27.16 ,         2713.2
India ,Wheat            ,2004 ,      27132 ,                         1083 ,         35113.0  ,   24.69 ,         2713.2
India ,Wheat            ,2004 ,      27132 ,                         1083 ,         35113.0  ,   27.29 ,         2713.2
India ,Wheat            ,2004 ,      27132 ,                         1083 ,         35113.0  ,   27.29 ,         2713.2
India ,Wheat            ,2004 ,      27132 ,                         1083 ,         35113.0  ,   25.95 ,         2713.2
India ,Cassava          ,2005 ,     304978 ,                         1083 ,         35342.0  ,   25.85 ,        30497.8
India ,Cassava          ,2005 ,     304978 ,                         1083 ,         35342.0  ,   26.83 ,        30497.8
India ,Cassava          ,2005 ,     304978 ,                         1083 ,         35342.0  ,   26.28 ,        30497.8
India ,Cassava          ,2005 ,     304978 ,                         1083 ,         35342.0  ,   24.12 ,        30497.8
India ,Cassava          ,2005 ,     304978 ,                         1083 ,         35342.0  ,   25.48 ,        30497.8
India ,Cassava          ,2005 ,     304978 ,                         1083 ,         35342.0  ,   25.82 ,        30497.8
India ,Cassava          ,2005 ,     304978 ,                         1083 ,         35342.0  ,   25.72 ,        30497.8
India ,Cassava          ,2005 ,     304978 ,                         1083 ,         35342.0  ,   26.73 ,        30497.8
India ,Cassava          ,2005 ,     304978 ,                         1083 ,         35342.0  ,   27.49 ,        30497.8
India ,Cassava          ,2005 ,     304978 ,                         1083 ,         35342.0  ,   25.4  ,        30497.8
India ,Cassava          ,2005 ,     304978 ,                         1083 ,         35342.0  ,   25.77 ,        30497.8
India ,Cassava          ,2005 ,     304978 ,                         1083 ,         35342.0  ,   25.62 ,        30497.8
India ,Cassava          ,2005 ,     304978 ,                         1083 ,         35342.0  ,   24.12 ,        30497.8
India ,Cassava          ,2005 ,     304978 ,                         1083 ,         35342.0  ,   26.23 ,        30497.8
India ,Cassava          ,2005 ,     304978 ,                         1083 ,         35342.0  ,   25.72 ,        30497.8
India ,Cassava          ,2005 ,     304978 ,                         1083 ,         35342.0  ,   26.11 ,        30497.8
India ,Cassava          ,2005 ,     304978 ,                         1083 ,         35342.0  ,   25.09 ,        30497.8
India ,Cassava          ,2005 ,     304978 ,                         1083 ,         35342.0  ,   26.51 ,        30497.8
India ,Cassava          ,2005 ,     304978 ,                         1083 ,         35342.0  ,   25.07 ,        30497.8
India ,Cassava          ,2005 ,     304978 ,                         1083 ,         35342.0  ,   26.72 ,        30497.8
India ,Cassava          ,2005 ,     304978 ,                         1083 ,         35342.0  ,   26.72 ,        30497.8
India ,Cassava          ,2005 ,     304978 ,                         1083 ,         35342.0  ,   26.3  ,        30497.8
India ,Maize            ,2005 ,      19385 ,                         1083 ,         35342.0  ,   25.85 ,         1938.5
India ,Maize            ,2005 ,      19385 ,                         1083 ,         35342.0  ,   26.83 ,         1938.5
India ,Maize            ,2005 ,      19385 ,                         1083 ,         35342.0  ,   26.28 ,         1938.5
India ,Maize            ,2005 ,      19385 ,                         1083 ,         35342.0  ,   24.12 ,         1938.5
India ,Maize            ,2005 ,      19385 ,                         1083 ,         35342.0  ,   25.48 ,         1938.5
India ,Maize            ,2005 ,      19385 ,                         1083 ,         35342.0  ,   25.82 ,         1938.5
India ,Maize            ,2005 ,      19385 ,                         1083 ,         35342.0  ,   25.72 ,         1938.5
India ,Maize            ,2005 ,      19385 ,                         1083 ,         35342.0  ,   26.73 ,         1938.5
India ,Maize            ,2005 ,      19385 ,                         1083 ,         35342.0  ,   27.49 ,         1938.5
India ,Maize            ,2005 ,      19385 ,                         1083 ,         35342.0  ,   25.4  ,         1938.5
India ,Maize            ,2005 ,      19385 ,                         1083 ,         35342.0  ,   25.77 ,         1938.5
India ,Maize            ,2005 ,      19385 ,                         1083 ,         35342.0  ,   25.62 ,         1938.5
India ,Maize            ,2005 ,      19385 ,                         1083 ,         35342.0  ,   24.12 ,         1938.5
India ,Maize            ,2005 ,      19385 ,                         1083 ,         35342.0  ,   26.23 ,         1938.5
India ,Maize            ,2005 ,      19385 ,                         1083 ,         35342.0  ,   25.72 ,         1938.5
India ,Maize            ,2005 ,      19385 ,                         1083 ,         35342.0  ,   26.11 ,         1938.5
India ,Maize            ,2005 ,      19385 ,                         1083 ,         35342.0  ,   25.09 ,         1938.5
India ,Maize            ,2005 ,      19385 ,                         1083 ,         35342.0  ,   26.51 ,         1938.5
India ,Maize            ,2005 ,      19385 ,                         1083 ,         35342.0  ,   25.07 ,         1938.5
India ,Maize            ,2005 ,      19385 ,                         1083 ,         35342.0  ,   26.72 ,         1938.5
India ,Maize            ,2005 ,      19385 ,                         1083 ,         35342.0  ,   26.72 ,         1938.5
India ,Maize            ,2005 ,      19385 ,                         1083 ,         35342.0  ,   26.3  ,         1938.5
India ,Potatoes         ,2005 ,     188908 ,                         1083 ,         35342.0  ,   25.85 ,        18890.8
India ,Potatoes         ,2005 ,     188908 ,                         1083 ,         35342.0  ,   26.83 ,        18890.8
India ,Potatoes         ,2005 ,     188908 ,                         1083 ,         35342.0  ,   26.28 ,        18890.8
India ,Potatoes         ,2005 ,     188908 ,                         1083 ,         35342.0  ,   24.12 ,        18890.8
India ,Potatoes         ,2005 ,     188908 ,                         1083 ,         35342.0  ,   25.48 ,        18890.8
India ,Potatoes         ,2005 ,     188908 ,                         1083 ,         35342.0  ,   25.82 ,        18890.8
India ,Potatoes         ,2005 ,     188908 ,                         1083 ,         35342.0  ,   25.72 ,        18890.8
India ,Potatoes         ,2005 ,     188908 ,                         1083 ,         35342.0  ,   26.73 ,        18890.8
India ,Potatoes         ,2005 ,     188908 ,                         1083 ,         35342.0  ,   27.49 ,        18890.8
India ,Potatoes         ,2005 ,     188908 ,                         1083 ,         35342.0  ,   25.4  ,        18890.8
India ,Potatoes         ,2005 ,     188908 ,                         1083 ,         35342.0  ,   25.77 ,        18890.8
India ,Potatoes         ,2005 ,     188908 ,                         1083 ,         35342.0  ,   25.62 ,        18890.8
India ,Potatoes         ,2005 ,     188908 ,                         1083 ,         35342.0  ,   24.12 ,        18890.8
India ,Potatoes         ,2005 ,     188908 ,                         1083 ,         35342.0  ,   26.23 ,        18890.8
India ,Potatoes         ,2005 ,     188908 ,                         1083 ,         35342.0  ,   25.72 ,        18890.8
India ,Potatoes         ,2005 ,     188908 ,                         1083 ,         35342.0  ,   26.11 ,        18890.8
India ,Potatoes         ,2005 ,     188908 ,                         1083 ,         35342.0  ,   25.09 ,        18890.8
India ,Potatoes         ,2005 ,     188908 ,                         1083 ,         35342.0  ,   26.51 ,        18890.8
India ,Potatoes         ,2005 ,     188908 ,                         1083 ,         35342.0  ,   25.07 ,        18890.8
India ,Potatoes         ,2005 ,     188908 ,                         1083 ,         35342.0  ,   26.72 ,        18890.8
India ,Potatoes         ,2005 ,     188908 ,                         1083 ,         35342.0  ,   26.72 ,        18890.8
India ,Potatoes         ,2005 ,     188908 ,                         1083 ,         35342.0  ,   26.3  ,        18890.8
India ,"""Rice Paddy""" ,2005 ,      31537 ,                         1083 ,         35342.0  ,   25.85 ,         3153.7
India ,"""Rice Paddy""" ,2005 ,      31537 ,                         1083 ,         35342.0  ,   26.83 ,         3153.7
India ,"""Rice Paddy""" ,2005 ,      31537 ,                         1083 ,         35342.0  ,   26.28 ,         3153.7
India ,"""Rice Paddy""" ,2005 ,      31537 ,                         1083 ,         35342.0  ,   24.12 ,         3153.7
India ,"""Rice Paddy""" ,2005 ,      31537 ,                         1083 ,         35342.0  ,   25.48 ,         3153.7
India ,"""Rice Paddy""" ,2005 ,      31537 ,                         1083 ,         35342.0  ,   25.82 ,         3153.7
India ,"""Rice Paddy""" ,2005 ,      31537 ,                         1083 ,         35342.0  ,   25.72 ,         3153.7
India ,"""Rice Paddy""" ,2005 ,      31537 ,                         1083 ,         35342.0  ,   26.73 ,         3153.7
India ,"""Rice Paddy""" ,2005 ,      31537 ,                         1083 ,         35342.0  ,   27.49 ,         3153.7
India ,"""Rice Paddy""" ,2005 ,      31537 ,                         1083 ,         35342.0  ,   25.4  ,         3153.7
India ,"""Rice Paddy""" ,2005 ,      31537 ,                         1083 ,         35342.0  ,   25.77 ,         3153.7
India ,"""Rice Paddy""" ,2005 ,      31537 ,                         1083 ,         35342.0  ,   25.62 ,         3153.7
India ,"""Rice Paddy""" ,2005 ,      31537 ,                         1083 ,         35342.0  ,   24.12 ,         3153.7
India ,"""Rice Paddy""" ,2005 ,      31537 ,                         1083 ,         35342.0  ,   26.23 ,         3153.7
India ,"""Rice Paddy""" ,2005 ,      31537 ,                         1083 ,         35342.0  ,   25.72 ,         3153.7
India ,"""Rice Paddy""" ,2005 ,      31537 ,                         1083 ,         35342.0  ,   26.11 ,         3153.7
India ,"""Rice Paddy""" ,2005 ,      31537 ,                         1083 ,         35342.0  ,   25.09 ,         3153.7
India ,"""Rice Paddy""" ,2005 ,      31537 ,                         1083 ,         35342.0  ,   26.51 ,         3153.7
India ,"""Rice Paddy""" ,2005 ,      31537 ,                         1083 ,         35342.0  ,   25.07 ,         3153.7
India ,"""Rice Paddy""" ,2005 ,      31537 ,                         1083 ,         35342.0  ,   26.72 ,         3153.7
India ,"""Rice Paddy""" ,2005 ,      31537 ,                         1083 ,         35342.0  ,   26.72 ,         3153.7
India ,"""Rice Paddy""" ,2005 ,      31537 ,                         1083 ,         35342.0  ,   26.3  ,         3153.7
India ,Sorghum          ,2005 ,       7968 ,                         1083 ,         35342.0  ,   25.85 ,          796.8
India ,Sorghum          ,2005 ,       7968 ,                         1083 ,         35342.0  ,   26.83 ,          796.8
India ,Sorghum          ,2005 ,       7968 ,                         1083 ,         35342.0  ,   26.28 ,          796.8
India ,Sorghum          ,2005 ,       7968 ,                         1083 ,         35342.0  ,   24.12 ,          796.8
India ,Sorghum          ,2005 ,       7968 ,                         1083 ,         35342.0  ,   25.48 ,          796.8
India ,Sorghum          ,2005 ,       7968 ,                         1083 ,         35342.0  ,   25.82 ,          796.8
India ,Sorghum          ,2005 ,       7968 ,                         1083 ,         35342.0  ,   25.72 ,          796.8
India ,Sorghum          ,2005 ,       7968 ,                         1083 ,         35342.0  ,   26.73 ,          796.8
India ,Sorghum          ,2005 ,       7968 ,                         1083 ,         35342.0  ,   27.49 ,          796.8
India ,Sorghum          ,2005 ,       7968 ,                         1083 ,         35342.0  ,   25.4  ,          796.8
India ,Sorghum          ,2005 ,       7968 ,                         1083 ,         35342.0  ,   25.77 ,          796.8
India ,Sorghum          ,2005 ,       7968 ,                         1083 ,         35342.0  ,   25.62 ,          796.8
India ,Sorghum          ,2005 ,       7968 ,                         1083 ,         35342.0  ,   24.12 ,          796.8
India ,Sorghum          ,2005 ,       7968 ,                         1083 ,         35342.0  ,   26.23 ,          796.8
India ,Sorghum          ,2005 ,       7968 ,                         1083 ,         35342.0  ,   25.72 ,          796.8
India ,Sorghum          ,2005 ,       7968 ,                         1083 ,         35342.0  ,   26.11 ,          796.8
India ,Sorghum          ,2005 ,       7968 ,                         1083 ,         35342.0  ,   25.09 ,          796.8
India ,Sorghum          ,2005 ,       7968 ,                         1083 ,         35342.0  ,   26.51 ,          796.8
India ,Sorghum          ,2005 ,       7968 ,                         1083 ,         35342.0  ,   25.07 ,          796.8
India ,Sorghum          ,2005 ,       7968 ,                         1083 ,         35342.0  ,   26.72 ,          796.8
India ,Sorghum          ,2005 ,       7968 ,                         1083 ,         35342.0  ,   26.72 ,          796.8
India ,Sorghum          ,2005 ,       7968 ,                         1083 ,         35342.0  ,   26.3  ,          796.8
India ,Soybeans         ,2005 ,      10734 ,                         1083 ,         35342.0  ,   25.85 ,         1073.4
India ,Soybeans         ,2005 ,      10734 ,                         1083 ,         35342.0  ,   26.83 ,         1073.4
India ,Soybeans         ,2005 ,      10734 ,                         1083 ,         35342.0  ,   26.28 ,         1073.4
India ,Soybeans         ,2005 ,      10734 ,                         1083 ,         35342.0  ,   24.12 ,         1073.4
India ,Soybeans         ,2005 ,      10734 ,                         1083 ,         35342.0  ,   25.48 ,         1073.4
India ,Soybeans         ,2005 ,      10734 ,                         1083 ,         35342.0  ,   25.82 ,         1073.4
India ,Soybeans         ,2005 ,      10734 ,                         1083 ,         35342.0  ,   25.72 ,         1073.4
India ,Soybeans         ,2005 ,      10734 ,                         1083 ,         35342.0  ,   26.73 ,         1073.4
India ,Soybeans         ,2005 ,      10734 ,                         1083 ,         35342.0  ,   27.49 ,         1073.4
India ,Soybeans         ,2005 ,      10734 ,                         1083 ,         35342.0  ,   25.4  ,         1073.4
India ,Soybeans         ,2005 ,      10734 ,                         1083 ,         35342.0  ,   25.77 ,         1073.4
India ,Soybeans         ,2005 ,      10734 ,                         1083 ,         35342.0  ,   25.62 ,         1073.4
India ,Soybeans         ,2005 ,      10734 ,                         1083 ,         35342.0  ,   24.12 ,         1073.4
India ,Soybeans         ,2005 ,      10734 ,                         1083 ,         35342.0  ,   26.23 ,         1073.4
India ,Soybeans         ,2005 ,      10734 ,                         1083 ,         35342.0  ,   25.72 ,         1073.4
India ,Soybeans         ,2005 ,      10734 ,                         1083 ,         35342.0  ,   26.11 ,         1073.4
India ,Soybeans         ,2005 ,      10734 ,                         1083 ,         35342.0  ,   25.09 ,         1073.4
India ,Soybeans         ,2005 ,      10734 ,                         1083 ,         35342.0  ,   26.51 ,         1073.4
India ,Soybeans         ,2005 ,      10734 ,                         1083 ,         35342.0  ,   25.07 ,         1073.4
India ,Soybeans         ,2005 ,      10734 ,                         1083 ,         35342.0  ,   26.72 ,         1073.4
India ,Soybeans         ,2005 ,      10734 ,                         1083 ,         35342.0  ,   26.72 ,         1073.4
India ,Soybeans         ,2005 ,      10734 ,                         1083 ,         35342.0  ,   26.3  ,         1073.4
India ,Sweet Potatoes   ,2005 ,      88477 ,                         1083 ,         35342.0  ,   25.85 ,         8847.7
India ,Sweet Potatoes   ,2005 ,      88477 ,                         1083 ,         35342.0  ,   26.83 ,         8847.7
India ,Sweet Potatoes   ,2005 ,      88477 ,                         1083 ,         35342.0  ,   26.28 ,         8847.7
India ,Sweet Potatoes   ,2005 ,      88477 ,                         1083 ,         35342.0  ,   24.12 ,         8847.7
India ,Sweet Potatoes   ,2005 ,      88477 ,                         1083 ,         35342.0  ,   25.48 ,         8847.7
India ,Sweet Potatoes   ,2005 ,      88477 ,                         1083 ,         35342.0  ,   25.82 ,         8847.7
India ,Sweet Potatoes   ,2005 ,      88477 ,                         1083 ,         35342.0  ,   25.72 ,         8847.7
India ,Sweet Potatoes   ,2005 ,      88477 ,                         1083 ,         35342.0  ,   26.73 ,         8847.7
India ,Sweet Potatoes   ,2005 ,      88477 ,                         1083 ,         35342.0  ,   27.49 ,         8847.7
India ,Sweet Potatoes   ,2005 ,      88477 ,                         1083 ,         35342.0  ,   25.4  ,         8847.7
India ,Sweet Potatoes   ,2005 ,      88477 ,                         1083 ,         35342.0  ,   25.77 ,         8847.7
India ,Sweet Potatoes   ,2005 ,      88477 ,                         1083 ,         35342.0  ,   25.62 ,         8847.7
India ,Sweet Potatoes   ,2005 ,      88477 ,                         1083 ,         35342.0  ,   24.12 ,         8847.7
India ,Sweet Potatoes   ,2005 ,      88477 ,                         1083 ,         35342.0  ,   26.23 ,         8847.7
India ,Sweet Potatoes   ,2005 ,      88477 ,                         1083 ,         35342.0  ,   25.72 ,         8847.7
India ,Sweet Potatoes   ,2005 ,      88477 ,                         1083 ,         35342.0  ,   26.11 ,         8847.7
India ,Sweet Potatoes   ,2005 ,      88477 ,                         1083 ,         35342.0  ,   25.09 ,         8847.7
India ,Sweet Potatoes   ,2005 ,      88477 ,                         1083 ,         35342.0  ,   26.51 ,         8847.7
India ,Sweet Potatoes   ,2005 ,      88477 ,                         1083 ,         35342.0  ,   25.07 ,         8847.7
India ,Sweet Potatoes   ,2005 ,      88477 ,                         1083 ,         35342.0  ,   26.72 ,         8847.7
India ,Sweet Potatoes   ,2005 ,      88477 ,                         1083 ,         35342.0  ,   26.72 ,         8847.7
India ,Sweet Potatoes   ,2005 ,      88477 ,                         1083 ,         35342.0  ,   26.3  ,         8847.7
India ,Wheat            ,2005 ,      26016 ,                         1083 ,         35342.0  ,   25.85 ,         2601.6
India ,Wheat            ,2005 ,      26016 ,                         1083 ,         35342.0  ,   26.83 ,         2601.6
India ,Wheat            ,2005 ,      26016 ,                         1083 ,         35342.0  ,   26.28 ,         2601.6
India ,Wheat            ,2005 ,      26016 ,                         1083 ,         35342.0  ,   24.12 ,         2601.6
India ,Wheat            ,2005 ,      26016 ,                         1083 ,         35342.0  ,   25.48 ,         2601.6
India ,Wheat            ,2005 ,      26016 ,                         1083 ,         35342.0  ,   25.82 ,         2601.6
India ,Wheat            ,2005 ,      26016 ,                         1083 ,         35342.0  ,   25.72 ,         2601.6
India ,Wheat            ,2005 ,      26016 ,                         1083 ,         35342.0  ,   26.73 ,         2601.6
India ,Wheat            ,2005 ,      26016 ,                         1083 ,         35342.0  ,   27.49 ,         2601.6
India ,Wheat            ,2005 ,      26016 ,                         1083 ,         35342.0  ,   25.4  ,         2601.6
India ,Wheat            ,2005 ,      26016 ,                         1083 ,         35342.0  ,   25.77 ,         2601.6
India ,Wheat            ,2005 ,      26016 ,                         1083 ,         35342.0  ,   25.62 ,         2601.6
India ,Wheat            ,2005 ,      26016 ,                         1083 ,         35342.0  ,   24.12 ,         2601.6
India ,Wheat            ,2005 ,      26016 ,                         1083 ,         35342.0  ,   26.23 ,         2601.6
India ,Wheat            ,2005 ,      26016 ,                         1083 ,         35342.0  ,   25.72 ,         2601.6
India ,Wheat            ,2005 ,      26016 ,                         1083 ,         35342.0  ,   26.11 ,         2601.6
India ,Wheat            ,2005 ,      26016 ,                         1083 ,         35342.0  ,   25.09 ,         2601.6
India ,Wheat            ,2005 ,      26016 ,                         1083 ,         35342.0  ,   26.51 ,         2601.6
India ,Wheat            ,2005 ,      26016 ,                         1083 ,         35342.0  ,   25.07 ,         2601.6
India ,Wheat            ,2005 ,      26016 ,                         1083 ,         35342.0  ,   26.72 ,         2601.6
India ,Wheat            ,2005 ,      26016 ,                         1083 ,         35342.0  ,   26.72 ,         2601.6
India ,Wheat            ,2005 ,      26016 ,                         1083 ,         35342.0  ,   26.3  ,         2601.6
India ,Cassava          ,2006 ,     321132 ,                         1083 ,         37423.0  ,   26.34 ,        32113.2
India ,Cassava          ,2006 ,     321132 ,                         1083 ,         37423.0  ,   27.28 ,        32113.2
India ,Cassava          ,2006 ,     321132 ,                         1083 ,         37423.0  ,   26.39 ,        32113.2
India ,Cassava          ,2006 ,     321132 ,                         1083 ,         37423.0  ,   24.72 ,        32113.2
India ,Cassava          ,2006 ,     321132 ,                         1083 ,         37423.0  ,   25.42 ,        32113.2
India ,Cassava          ,2006 ,     321132 ,                         1083 ,         37423.0  ,   26.04 ,        32113.2
India ,Cassava          ,2006 ,     321132 ,                         1083 ,         37423.0  ,   26.37 ,        32113.2
India ,Cassava          ,2006 ,     321132 ,                         1083 ,         37423.0  ,   26.99 ,        32113.2
India ,Cassava          ,2006 ,     321132 ,                         1083 ,         37423.0  ,   27.47 ,        32113.2
India ,Cassava          ,2006 ,     321132 ,                         1083 ,         37423.0  ,   25.78 ,        32113.2
India ,Cassava          ,2006 ,     321132 ,                         1083 ,         37423.0  ,   26.43 ,        32113.2
India ,Cassava          ,2006 ,     321132 ,                         1083 ,         37423.0  ,   25.85 ,        32113.2
India ,Cassava          ,2006 ,     321132 ,                         1083 ,         37423.0  ,   24.72 ,        32113.2
India ,Cassava          ,2006 ,     321132 ,                         1083 ,         37423.0  ,   26.37 ,        32113.2
India ,Cassava          ,2006 ,     321132 ,                         1083 ,         37423.0  ,   26.37 ,        32113.2
India ,Cassava          ,2006 ,     321132 ,                         1083 ,         37423.0  ,   26.13 ,        32113.2
India ,Cassava          ,2006 ,     321132 ,                         1083 ,         37423.0  ,   25.31 ,        32113.2
India ,Cassava          ,2006 ,     321132 ,                         1083 ,         37423.0  ,   26.94 ,        32113.2
India ,Cassava          ,2006 ,     321132 ,                         1083 ,         37423.0  ,   24.98 ,        32113.2
India ,Cassava          ,2006 ,     321132 ,                         1083 ,         37423.0  ,   27.15 ,        32113.2
India ,Cassava          ,2006 ,     321132 ,                         1083 ,         37423.0  ,   27.15 ,        32113.2
India ,Cassava          ,2006 ,     321132 ,                         1083 ,         37423.0  ,   26.28 ,        32113.2
India ,Maize            ,2006 ,      19125 ,                         1083 ,         37423.0  ,   26.34 ,         1912.5
India ,Maize            ,2006 ,      19125 ,                         1083 ,         37423.0  ,   27.28 ,         1912.5
India ,Maize            ,2006 ,      19125 ,                         1083 ,         37423.0  ,   26.39 ,         1912.5
India ,Maize            ,2006 ,      19125 ,                         1083 ,         37423.0  ,   24.72 ,         1912.5
India ,Maize            ,2006 ,      19125 ,                         1083 ,         37423.0  ,   25.42 ,         1912.5
India ,Maize            ,2006 ,      19125 ,                         1083 ,         37423.0  ,   26.04 ,         1912.5
India ,Maize            ,2006 ,      19125 ,                         1083 ,         37423.0  ,   26.37 ,         1912.5
India ,Maize            ,2006 ,      19125 ,                         1083 ,         37423.0  ,   26.99 ,         1912.5
India ,Maize            ,2006 ,      19125 ,                         1083 ,         37423.0  ,   27.47 ,         1912.5
India ,Maize            ,2006 ,      19125 ,                         1083 ,         37423.0  ,   25.78 ,         1912.5
India ,Maize            ,2006 ,      19125 ,                         1083 ,         37423.0  ,   26.43 ,         1912.5
India ,Maize            ,2006 ,      19125 ,                         1083 ,         37423.0  ,   25.85 ,         1912.5
India ,Maize            ,2006 ,      19125 ,                         1083 ,         37423.0  ,   24.72 ,         1912.5
India ,Maize            ,2006 ,      19125 ,                         1083 ,         37423.0  ,   26.37 ,         1912.5
India ,Maize            ,2006 ,      19125 ,                         1083 ,         37423.0  ,   26.37 ,         1912.5
India ,Maize            ,2006 ,      19125 ,                         1083 ,         37423.0  ,   26.13 ,         1912.5
India ,Maize            ,2006 ,      19125 ,                         1083 ,         37423.0  ,   25.31 ,         1912.5
India ,Maize            ,2006 ,      19125 ,                         1083 ,         37423.0  ,   26.94 ,         1912.5
India ,Maize            ,2006 ,      19125 ,                         1083 ,         37423.0  ,   24.98 ,         1912.5
India ,Maize            ,2006 ,      19125 ,                         1083 ,         37423.0  ,   27.15 ,         1912.5
India ,Maize            ,2006 ,      19125 ,                         1083 ,         37423.0  ,   27.15 ,         1912.5
India ,Maize            ,2006 ,      19125 ,                         1083 ,         37423.0  ,   26.28 ,         1912.5
India ,Potatoes         ,2006 ,     185920 ,                         1083 ,         37423.0  ,   26.34 ,        18592.0
India ,Potatoes         ,2006 ,     185920 ,                         1083 ,         37423.0  ,   27.28 ,        18592.0
India ,Potatoes         ,2006 ,     185920 ,                         1083 ,         37423.0  ,   26.39 ,        18592.0
India ,Potatoes         ,2006 ,     185920 ,                         1083 ,         37423.0  ,   24.72 ,        18592.0
India ,Potatoes         ,2006 ,     185920 ,                         1083 ,         37423.0  ,   25.42 ,        18592.0
India ,Potatoes         ,2006 ,     185920 ,                         1083 ,         37423.0  ,   26.04 ,        18592.0
India ,Potatoes         ,2006 ,     185920 ,                         1083 ,         37423.0  ,   26.37 ,        18592.0
India ,Potatoes         ,2006 ,     185920 ,                         1083 ,         37423.0  ,   26.99 ,        18592.0
India ,Potatoes         ,2006 ,     185920 ,                         1083 ,         37423.0  ,   27.47 ,        18592.0
India ,Potatoes         ,2006 ,     185920 ,                         1083 ,         37423.0  ,   25.78 ,        18592.0
India ,Potatoes         ,2006 ,     185920 ,                         1083 ,         37423.0  ,   26.43 ,        18592.0
India ,Potatoes         ,2006 ,     185920 ,                         1083 ,         37423.0  ,   25.85 ,        18592.0
India ,Potatoes         ,2006 ,     185920 ,                         1083 ,         37423.0  ,   24.72 ,        18592.0
India ,Potatoes         ,2006 ,     185920 ,                         1083 ,         37423.0  ,   26.37 ,        18592.0
India ,Potatoes         ,2006 ,     185920 ,                         1083 ,         37423.0  ,   26.37 ,        18592.0
India ,Potatoes         ,2006 ,     185920 ,                         1083 ,         37423.0  ,   26.13 ,        18592.0
India ,Potatoes         ,2006 ,     185920 ,                         1083 ,         37423.0  ,   25.31 ,        18592.0
India ,Potatoes         ,2006 ,     185920 ,                         1083 ,         37423.0  ,   26.94 ,        18592.0
India ,Potatoes         ,2006 ,     185920 ,                         1083 ,         37423.0  ,   24.98 ,        18592.0
India ,Potatoes         ,2006 ,     185920 ,                         1083 ,         37423.0  ,   27.15 ,        18592.0
India ,Potatoes         ,2006 ,     185920 ,                         1083 ,         37423.0  ,   27.15 ,        18592.0
India ,Potatoes         ,2006 ,     185920 ,                         1083 ,         37423.0  ,   26.28 ,        18592.0
India ,"""Rice Paddy""" ,2006 ,      31759 ,                         1083 ,         37423.0  ,   26.34 ,         3175.9
India ,"""Rice Paddy""" ,2006 ,      31759 ,                         1083 ,         37423.0  ,   27.28 ,         3175.9
India ,"""Rice Paddy""" ,2006 ,      31759 ,                         1083 ,         37423.0  ,   26.39 ,         3175.9
India ,"""Rice Paddy""" ,2006 ,      31759 ,                         1083 ,         37423.0  ,   24.72 ,         3175.9
India ,"""Rice Paddy""" ,2006 ,      31759 ,                         1083 ,         37423.0  ,   25.42 ,         3175.9
India ,"""Rice Paddy""" ,2006 ,      31759 ,                         1083 ,         37423.0  ,   26.04 ,         3175.9
India ,"""Rice Paddy""" ,2006 ,      31759 ,                         1083 ,         37423.0  ,   26.37 ,         3175.9
India ,"""Rice Paddy""" ,2006 ,      31759 ,                         1083 ,         37423.0  ,   26.99 ,         3175.9
India ,"""Rice Paddy""" ,2006 ,      31759 ,                         1083 ,         37423.0  ,   27.47 ,         3175.9
India ,"""Rice Paddy""" ,2006 ,      31759 ,                         1083 ,         37423.0  ,   25.78 ,         3175.9
India ,"""Rice Paddy""" ,2006 ,      31759 ,                         1083 ,         37423.0  ,   26.43 ,         3175.9
India ,"""Rice Paddy""" ,2006 ,      31759 ,                         1083 ,         37423.0  ,   25.85 ,         3175.9
India ,"""Rice Paddy""" ,2006 ,      31759 ,                         1083 ,         37423.0  ,   24.72 ,         3175.9
India ,"""Rice Paddy""" ,2006 ,      31759 ,                         1083 ,         37423.0  ,   26.37 ,         3175.9
India ,"""Rice Paddy""" ,2006 ,      31759 ,                         1083 ,         37423.0  ,   26.37 ,         3175.9
India ,"""Rice Paddy""" ,2006 ,      31759 ,                         1083 ,         37423.0  ,   26.13 ,         3175.9
India ,"""Rice Paddy""" ,2006 ,      31759 ,                         1083 ,         37423.0  ,   25.31 ,         3175.9
India ,"""Rice Paddy""" ,2006 ,      31759 ,                         1083 ,         37423.0  ,   26.94 ,         3175.9
India ,"""Rice Paddy""" ,2006 ,      31759 ,                         1083 ,         37423.0  ,   24.98 ,         3175.9
India ,"""Rice Paddy""" ,2006 ,      31759 ,                         1083 ,         37423.0  ,   27.15 ,         3175.9
India ,"""Rice Paddy""" ,2006 ,      31759 ,                         1083 ,         37423.0  ,   27.15 ,         3175.9
India ,"""Rice Paddy""" ,2006 ,      31759 ,                         1083 ,         37423.0  ,   26.28 ,         3175.9
India ,Sorghum          ,2006 ,       8803 ,                         1083 ,         37423.0  ,   26.34 ,          880.3
India ,Sorghum          ,2006 ,       8803 ,                         1083 ,         37423.0  ,   27.28 ,          880.3
India ,Sorghum          ,2006 ,       8803 ,                         1083 ,         37423.0  ,   26.39 ,          880.3
India ,Sorghum          ,2006 ,       8803 ,                         1083 ,         37423.0  ,   24.72 ,          880.3
India ,Sorghum          ,2006 ,       8803 ,                         1083 ,         37423.0  ,   25.42 ,          880.3
India ,Sorghum          ,2006 ,       8803 ,                         1083 ,         37423.0  ,   26.04 ,          880.3
India ,Sorghum          ,2006 ,       8803 ,                         1083 ,         37423.0  ,   26.37 ,          880.3
India ,Sorghum          ,2006 ,       8803 ,                         1083 ,         37423.0  ,   26.99 ,          880.3
India ,Sorghum          ,2006 ,       8803 ,                         1083 ,         37423.0  ,   27.47 ,          880.3
India ,Sorghum          ,2006 ,       8803 ,                         1083 ,         37423.0  ,   25.78 ,          880.3
India ,Sorghum          ,2006 ,       8803 ,                         1083 ,         37423.0  ,   26.43 ,          880.3
India ,Sorghum          ,2006 ,       8803 ,                         1083 ,         37423.0  ,   25.85 ,          880.3
India ,Sorghum          ,2006 ,       8803 ,                         1083 ,         37423.0  ,   24.72 ,          880.3
India ,Sorghum          ,2006 ,       8803 ,                         1083 ,         37423.0  ,   26.37 ,          880.3
India ,Sorghum          ,2006 ,       8803 ,                         1083 ,         37423.0  ,   26.37 ,          880.3
India ,Sorghum          ,2006 ,       8803 ,                         1083 ,         37423.0  ,   26.13 ,          880.3
India ,Sorghum          ,2006 ,       8803 ,                         1083 ,         37423.0  ,   25.31 ,          880.3
India ,Sorghum          ,2006 ,       8803 ,                         1083 ,         37423.0  ,   26.94 ,          880.3
India ,Sorghum          ,2006 ,       8803 ,                         1083 ,         37423.0  ,   24.98 ,          880.3
India ,Sorghum          ,2006 ,       8803 ,                         1083 ,         37423.0  ,   27.15 ,          880.3
India ,Sorghum          ,2006 ,       8803 ,                         1083 ,         37423.0  ,   27.15 ,          880.3
India ,Sorghum          ,2006 ,       8803 ,                         1083 ,         37423.0  ,   26.28 ,          880.3
India ,Soybeans         ,2006 ,      10628 ,                         1083 ,         37423.0  ,   26.34 ,         1062.8
India ,Soybeans         ,2006 ,      10628 ,                         1083 ,         37423.0  ,   27.28 ,         1062.8
India ,Soybeans         ,2006 ,      10628 ,                         1083 ,         37423.0  ,   26.39 ,         1062.8
India ,Soybeans         ,2006 ,      10628 ,                         1083 ,         37423.0  ,   24.72 ,         1062.8
India ,Soybeans         ,2006 ,      10628 ,                         1083 ,         37423.0  ,   25.42 ,         1062.8
India ,Soybeans         ,2006 ,      10628 ,                         1083 ,         37423.0  ,   26.04 ,         1062.8
India ,Soybeans         ,2006 ,      10628 ,                         1083 ,         37423.0  ,   26.37 ,         1062.8
India ,Soybeans         ,2006 ,      10628 ,                         1083 ,         37423.0  ,   26.99 ,         1062.8
India ,Soybeans         ,2006 ,      10628 ,                         1083 ,         37423.0  ,   27.47 ,         1062.8
India ,Soybeans         ,2006 ,      10628 ,                         1083 ,         37423.0  ,   25.78 ,         1062.8
India ,Soybeans         ,2006 ,      10628 ,                         1083 ,         37423.0  ,   26.43 ,         1062.8
India ,Soybeans         ,2006 ,      10628 ,                         1083 ,         37423.0  ,   25.85 ,         1062.8
India ,Soybeans         ,2006 ,      10628 ,                         1083 ,         37423.0  ,   24.72 ,         1062.8
India ,Soybeans         ,2006 ,      10628 ,                         1083 ,         37423.0  ,   26.37 ,         1062.8
India ,Soybeans         ,2006 ,      10628 ,                         1083 ,         37423.0  ,   26.37 ,         1062.8
India ,Soybeans         ,2006 ,      10628 ,                         1083 ,         37423.0  ,   26.13 ,         1062.8
India ,Soybeans         ,2006 ,      10628 ,                         1083 ,         37423.0  ,   25.31 ,         1062.8
India ,Soybeans         ,2006 ,      10628 ,                         1083 ,         37423.0  ,   26.94 ,         1062.8
India ,Soybeans         ,2006 ,      10628 ,                         1083 ,         37423.0  ,   24.98 ,         1062.8
India ,Soybeans         ,2006 ,      10628 ,                         1083 ,         37423.0  ,   27.15 ,         1062.8
India ,Soybeans         ,2006 ,      10628 ,                         1083 ,         37423.0  ,   27.15 ,         1062.8
India ,Soybeans         ,2006 ,      10628 ,                         1083 ,         37423.0  ,   26.28 ,         1062.8
India ,Sweet Potatoes   ,2006 ,      86849 ,                         1083 ,         37423.0  ,   26.34 ,         8684.9
India ,Sweet Potatoes   ,2006 ,      86849 ,                         1083 ,         37423.0  ,   27.28 ,         8684.9
India ,Sweet Potatoes   ,2006 ,      86849 ,                         1083 ,         37423.0  ,   26.39 ,         8684.9
India ,Sweet Potatoes   ,2006 ,      86849 ,                         1083 ,         37423.0  ,   24.72 ,         8684.9
India ,Sweet Potatoes   ,2006 ,      86849 ,                         1083 ,         37423.0  ,   25.42 ,         8684.9
India ,Sweet Potatoes   ,2006 ,      86849 ,                         1083 ,         37423.0  ,   26.04 ,         8684.9
India ,Sweet Potatoes   ,2006 ,      86849 ,                         1083 ,         37423.0  ,   26.37 ,         8684.9
India ,Sweet Potatoes   ,2006 ,      86849 ,                         1083 ,         37423.0  ,   26.99 ,         8684.9
India ,Sweet Potatoes   ,2006 ,      86849 ,                         1083 ,         37423.0  ,   27.47 ,         8684.9
India ,Sweet Potatoes   ,2006 ,      86849 ,                         1083 ,         37423.0  ,   25.78 ,         8684.9
India ,Sweet Potatoes   ,2006 ,      86849 ,                         1083 ,         37423.0  ,   26.43 ,         8684.9
India ,Sweet Potatoes   ,2006 ,      86849 ,                         1083 ,         37423.0  ,   25.85 ,         8684.9
India ,Sweet Potatoes   ,2006 ,      86849 ,                         1083 ,         37423.0  ,   24.72 ,         8684.9
India ,Sweet Potatoes   ,2006 ,      86849 ,                         1083 ,         37423.0  ,   26.37 ,         8684.9
India ,Sweet Potatoes   ,2006 ,      86849 ,                         1083 ,         37423.0  ,   26.37 ,         8684.9
India ,Sweet Potatoes   ,2006 ,      86849 ,                         1083 ,         37423.0  ,   26.13 ,         8684.9
India ,Sweet Potatoes   ,2006 ,      86849 ,                         1083 ,         37423.0  ,   25.31 ,         8684.9
India ,Sweet Potatoes   ,2006 ,      86849 ,                         1083 ,         37423.0  ,   26.94 ,         8684.9
India ,Sweet Potatoes   ,2006 ,      86849 ,                         1083 ,         37423.0  ,   24.98 ,         8684.9
India ,Sweet Potatoes   ,2006 ,      86849 ,                         1083 ,         37423.0  ,   27.15 ,         8684.9
India ,Sweet Potatoes   ,2006 ,      86849 ,                         1083 ,         37423.0  ,   27.15 ,         8684.9
India ,Sweet Potatoes   ,2006 ,      86849 ,                         1083 ,         37423.0  ,   26.28 ,         8684.9
India ,Wheat            ,2006 ,      26188 ,                         1083 ,         37423.0  ,   26.34 ,         2618.8
India ,Wheat            ,2006 ,      26188 ,                         1083 ,         37423.0  ,   27.28 ,         2618.8
India ,Wheat            ,2006 ,      26188 ,                         1083 ,         37423.0  ,   26.39 ,         2618.8
India ,Wheat            ,2006 ,      26188 ,                         1083 ,         37423.0  ,   24.72 ,         2618.8
India ,Wheat            ,2006 ,      26188 ,                         1083 ,         37423.0  ,   25.42 ,         2618.8
India ,Wheat            ,2006 ,      26188 ,                         1083 ,         37423.0  ,   26.04 ,         2618.8
India ,Wheat            ,2006 ,      26188 ,                         1083 ,         37423.0  ,   26.37 ,         2618.8
India ,Wheat            ,2006 ,      26188 ,                         1083 ,         37423.0  ,   26.99 ,         2618.8
India ,Wheat            ,2006 ,      26188 ,                         1083 ,         37423.0  ,   27.47 ,         2618.8
India ,Wheat            ,2006 ,      26188 ,                         1083 ,         37423.0  ,   25.78 ,         2618.8
India ,Wheat            ,2006 ,      26188 ,                         1083 ,         37423.0  ,   26.43 ,         2618.8
India ,Wheat            ,2006 ,      26188 ,                         1083 ,         37423.0  ,   25.85 ,         2618.8
India ,Wheat            ,2006 ,      26188 ,                         1083 ,         37423.0  ,   24.72 ,         2618.8
India ,Wheat            ,2006 ,      26188 ,                         1083 ,         37423.0  ,   26.37 ,         2618.8
India ,Wheat            ,2006 ,      26188 ,                         1083 ,         37423.0  ,   26.37 ,         2618.8
India ,Wheat            ,2006 ,      26188 ,                         1083 ,         37423.0  ,   26.13 ,         2618.8
India ,Wheat            ,2006 ,      26188 ,                         1083 ,         37423.0  ,   25.31 ,         2618.8
India ,Wheat            ,2006 ,      26188 ,                         1083 ,         37423.0  ,   26.94 ,         2618.8
India ,Wheat            ,2006 ,      26188 ,                         1083 ,         37423.0  ,   24.98 ,         2618.8
India ,Wheat            ,2006 ,      26188 ,                         1083 ,         37423.0  ,   27.15 ,         2618.8
India ,Wheat            ,2006 ,      26188 ,                         1083 ,         37423.0  ,   27.15 ,         2618.8
India ,Wheat            ,2006 ,      26188 ,                         1083 ,         37423.0  ,   26.28 ,         2618.8
India ,Cassava          ,2007 ,     322204 ,                         1083 ,         27422.77 ,   26.0  ,        32220.4
India ,Cassava          ,2007 ,     322204 ,                         1083 ,         27422.77 ,   27.51 ,        32220.4
India ,Cassava          ,2007 ,     322204 ,                         1083 ,         27422.77 ,   25.98 ,        32220.4
India ,Cassava          ,2007 ,     322204 ,                         1083 ,         27422.77 ,   24.6  ,        32220.4
India ,Cassava          ,2007 ,     322204 ,                         1083 ,         27422.77 ,   25.46 ,        32220.4
India ,Cassava          ,2007 ,     322204 ,                         1083 ,         27422.77 ,   25.95 ,        32220.4
India ,Cassava          ,2007 ,     322204 ,                         1083 ,         27422.77 ,   26.15 ,        32220.4
India ,Cassava          ,2007 ,     322204 ,                         1083 ,         27422.77 ,   26.58 ,        32220.4
India ,Cassava          ,2007 ,     322204 ,                         1083 ,         27422.77 ,   27.55 ,        32220.4
India ,Cassava          ,2007 ,     322204 ,                         1083 ,         27422.77 ,   25.66 ,        32220.4
India ,Cassava          ,2007 ,     322204 ,                         1083 ,         27422.77 ,   26.27 ,        32220.4
India ,Cassava          ,2007 ,     322204 ,                         1083 ,         27422.77 ,   25.44 ,        32220.4
India ,Cassava          ,2007 ,     322204 ,                         1083 ,         27422.77 ,   24.6  ,        32220.4
India ,Cassava          ,2007 ,     322204 ,                         1083 ,         27422.77 ,   26.39 ,        32220.4
India ,Cassava          ,2007 ,     322204 ,                         1083 ,         27422.77 ,   26.15 ,        32220.4
India ,Cassava          ,2007 ,     322204 ,                         1083 ,         27422.77 ,   25.59 ,        32220.4
India ,Cassava          ,2007 ,     322204 ,                         1083 ,         27422.77 ,   25.58 ,        32220.4
India ,Cassava          ,2007 ,     322204 ,                         1083 ,         27422.77 ,   27.23 ,        32220.4
India ,Cassava          ,2007 ,     322204 ,                         1083 ,         27422.77 ,   24.59 ,        32220.4
India ,Cassava          ,2007 ,     322204 ,                         1083 ,         27422.77 ,   27.31 ,        32220.4
India ,Cassava          ,2007 ,     322204 ,                         1083 ,         27422.77 ,   27.31 ,        32220.4
India ,Cassava          ,2007 ,     322204 ,                         1083 ,         27422.77 ,   25.82 ,        32220.4
India ,Maize            ,2007 ,      23352 ,                         1083 ,         27422.77 ,   26.0  ,         2335.2
India ,Maize            ,2007 ,      23352 ,                         1083 ,         27422.77 ,   27.51 ,         2335.2
India ,Maize            ,2007 ,      23352 ,                         1083 ,         27422.77 ,   25.98 ,         2335.2
India ,Maize            ,2007 ,      23352 ,                         1083 ,         27422.77 ,   24.6  ,         2335.2
India ,Maize            ,2007 ,      23352 ,                         1083 ,         27422.77 ,   25.46 ,         2335.2
India ,Maize            ,2007 ,      23352 ,                         1083 ,         27422.77 ,   25.95 ,         2335.2
India ,Maize            ,2007 ,      23352 ,                         1083 ,         27422.77 ,   26.15 ,         2335.2
India ,Maize            ,2007 ,      23352 ,                         1083 ,         27422.77 ,   26.58 ,         2335.2
India ,Maize            ,2007 ,      23352 ,                         1083 ,         27422.77 ,   27.55 ,         2335.2
India ,Maize            ,2007 ,      23352 ,                         1083 ,         27422.77 ,   25.66 ,         2335.2
India ,Maize            ,2007 ,      23352 ,                         1083 ,         27422.77 ,   26.27 ,         2335.2
India ,Maize            ,2007 ,      23352 ,                         1083 ,         27422.77 ,   25.44 ,         2335.2
India ,Maize            ,2007 ,      23352 ,                         1083 ,         27422.77 ,   24.6  ,         2335.2
India ,Maize            ,2007 ,      23352 ,                         1083 ,         27422.77 ,   26.39 ,         2335.2
India ,Maize            ,2007 ,      23352 ,                         1083 ,         27422.77 ,   26.15 ,         2335.2
India ,Maize            ,2007 ,      23352 ,                         1083 ,         27422.77 ,   25.59 ,         2335.2
India ,Maize            ,2007 ,      23352 ,                         1083 ,         27422.77 ,   25.58 ,         2335.2
India ,Maize            ,2007 ,      23352 ,                         1083 ,         27422.77 ,   27.23 ,         2335.2
India ,Maize            ,2007 ,      23352 ,                         1083 ,         27422.77 ,   24.59 ,         2335.2
India ,Maize            ,2007 ,      23352 ,                         1083 ,         27422.77 ,   27.31 ,         2335.2
India ,Maize            ,2007 ,      23352 ,                         1083 ,         27422.77 ,   27.31 ,         2335.2
India ,Maize            ,2007 ,      23352 ,                         1083 ,         27422.77 ,   25.82 ,         2335.2
India ,Potatoes         ,2007 ,     164101 ,                         1083 ,         27422.77 ,   26.0  ,        16410.1
India ,Potatoes         ,2007 ,     164101 ,                         1083 ,         27422.77 ,   27.51 ,        16410.1
India ,Potatoes         ,2007 ,     164101 ,                         1083 ,         27422.77 ,   25.98 ,        16410.1
India ,Potatoes         ,2007 ,     164101 ,                         1083 ,         27422.77 ,   24.6  ,        16410.1
India ,Potatoes         ,2007 ,     164101 ,                         1083 ,         27422.77 ,   25.46 ,        16410.1
India ,Potatoes         ,2007 ,     164101 ,                         1083 ,         27422.77 ,   25.95 ,        16410.1
India ,Potatoes         ,2007 ,     164101 ,                         1083 ,         27422.77 ,   26.15 ,        16410.1
India ,Potatoes         ,2007 ,     164101 ,                         1083 ,         27422.77 ,   26.58 ,        16410.1
India ,Potatoes         ,2007 ,     164101 ,                         1083 ,         27422.77 ,   27.55 ,        16410.1
India ,Potatoes         ,2007 ,     164101 ,                         1083 ,         27422.77 ,   25.66 ,        16410.1
India ,Potatoes         ,2007 ,     164101 ,                         1083 ,         27422.77 ,   26.27 ,        16410.1
India ,Potatoes         ,2007 ,     164101 ,                         1083 ,         27422.77 ,   25.44 ,        16410.1
India ,Potatoes         ,2007 ,     164101 ,                         1083 ,         27422.77 ,   24.6  ,        16410.1
India ,Potatoes         ,2007 ,     164101 ,                         1083 ,         27422.77 ,   26.39 ,        16410.1
India ,Potatoes         ,2007 ,     164101 ,                         1083 ,         27422.77 ,   26.15 ,        16410.1
India ,Potatoes         ,2007 ,     164101 ,                         1083 ,         27422.77 ,   25.59 ,        16410.1
India ,Potatoes         ,2007 ,     164101 ,                         1083 ,         27422.77 ,   25.58 ,        16410.1
India ,Potatoes         ,2007 ,     164101 ,                         1083 ,         27422.77 ,   27.23 ,        16410.1
India ,Potatoes         ,2007 ,     164101 ,                         1083 ,         27422.77 ,   24.59 ,        16410.1
India ,Potatoes         ,2007 ,     164101 ,                         1083 ,         27422.77 ,   27.31 ,        16410.1
India ,Potatoes         ,2007 ,     164101 ,                         1083 ,         27422.77 ,   27.31 ,        16410.1
India ,Potatoes         ,2007 ,     164101 ,                         1083 ,         27422.77 ,   25.82 ,        16410.1
India ,"""Rice Paddy""" ,2007 ,      32924 ,                         1083 ,         27422.77 ,   26.0  ,         3292.4
India ,"""Rice Paddy""" ,2007 ,      32924 ,                         1083 ,         27422.77 ,   27.51 ,         3292.4
India ,"""Rice Paddy""" ,2007 ,      32924 ,                         1083 ,         27422.77 ,   25.98 ,         3292.4
India ,"""Rice Paddy""" ,2007 ,      32924 ,                         1083 ,         27422.77 ,   24.6  ,         3292.4
India ,"""Rice Paddy""" ,2007 ,      32924 ,                         1083 ,         27422.77 ,   25.46 ,         3292.4
India ,"""Rice Paddy""" ,2007 ,      32924 ,                         1083 ,         27422.77 ,   25.95 ,         3292.4
India ,"""Rice Paddy""" ,2007 ,      32924 ,                         1083 ,         27422.77 ,   26.15 ,         3292.4
India ,"""Rice Paddy""" ,2007 ,      32924 ,                         1083 ,         27422.77 ,   26.58 ,         3292.4
India ,"""Rice Paddy""" ,2007 ,      32924 ,                         1083 ,         27422.77 ,   27.55 ,         3292.4
India ,"""Rice Paddy""" ,2007 ,      32924 ,                         1083 ,         27422.77 ,   25.66 ,         3292.4
India ,"""Rice Paddy""" ,2007 ,      32924 ,                         1083 ,         27422.77 ,   26.27 ,         3292.4
India ,"""Rice Paddy""" ,2007 ,      32924 ,                         1083 ,         27422.77 ,   25.44 ,         3292.4
India ,"""Rice Paddy""" ,2007 ,      32924 ,                         1083 ,         27422.77 ,   24.6  ,         3292.4
India ,"""Rice Paddy""" ,2007 ,      32924 ,                         1083 ,         27422.77 ,   26.39 ,         3292.4
India ,"""Rice Paddy""" ,2007 ,      32924 ,                         1083 ,         27422.77 ,   26.15 ,         3292.4
India ,"""Rice Paddy""" ,2007 ,      32924 ,                         1083 ,         27422.77 ,   25.59 ,         3292.4
India ,"""Rice Paddy""" ,2007 ,      32924 ,                         1083 ,         27422.77 ,   25.58 ,         3292.4
India ,"""Rice Paddy""" ,2007 ,      32924 ,                         1083 ,         27422.77 ,   27.23 ,         3292.4
India ,"""Rice Paddy""" ,2007 ,      32924 ,                         1083 ,         27422.77 ,   24.59 ,         3292.4
India ,"""Rice Paddy""" ,2007 ,      32924 ,                         1083 ,         27422.77 ,   27.31 ,         3292.4
India ,"""Rice Paddy""" ,2007 ,      32924 ,                         1083 ,         27422.77 ,   27.31 ,         3292.4
India ,"""Rice Paddy""" ,2007 ,      32924 ,                         1083 ,         27422.77 ,   25.82 ,         3292.4
India ,Sorghum          ,2007 ,       8443 ,                         1083 ,         27422.77 ,   26.0  ,          844.3
India ,Sorghum          ,2007 ,       8443 ,                         1083 ,         27422.77 ,   27.51 ,          844.3
India ,Sorghum          ,2007 ,       8443 ,                         1083 ,         27422.77 ,   25.98 ,          844.3
India ,Sorghum          ,2007 ,       8443 ,                         1083 ,         27422.77 ,   24.6  ,          844.3
India ,Sorghum          ,2007 ,       8443 ,                         1083 ,         27422.77 ,   25.46 ,          844.3
India ,Sorghum          ,2007 ,       8443 ,                         1083 ,         27422.77 ,   25.95 ,          844.3
India ,Sorghum          ,2007 ,       8443 ,                         1083 ,         27422.77 ,   26.15 ,          844.3
India ,Sorghum          ,2007 ,       8443 ,                         1083 ,         27422.77 ,   26.58 ,          844.3
India ,Sorghum          ,2007 ,       8443 ,                         1083 ,         27422.77 ,   27.55 ,          844.3
India ,Sorghum          ,2007 ,       8443 ,                         1083 ,         27422.77 ,   25.66 ,          844.3
India ,Sorghum          ,2007 ,       8443 ,                         1083 ,         27422.77 ,   26.27 ,          844.3
India ,Sorghum          ,2007 ,       8443 ,                         1083 ,         27422.77 ,   25.44 ,          844.3
India ,Sorghum          ,2007 ,       8443 ,                         1083 ,         27422.77 ,   24.6  ,          844.3
India ,Sorghum          ,2007 ,       8443 ,                         1083 ,         27422.77 ,   26.39 ,          844.3
India ,Sorghum          ,2007 ,       8443 ,                         1083 ,         27422.77 ,   26.15 ,          844.3
India ,Sorghum          ,2007 ,       8443 ,                         1083 ,         27422.77 ,   25.59 ,          844.3
India ,Sorghum          ,2007 ,       8443 ,                         1083 ,         27422.77 ,   25.58 ,          844.3
India ,Sorghum          ,2007 ,       8443 ,                         1083 ,         27422.77 ,   27.23 ,          844.3
India ,Sorghum          ,2007 ,       8443 ,                         1083 ,         27422.77 ,   24.59 ,          844.3
India ,Sorghum          ,2007 ,       8443 ,                         1083 ,         27422.77 ,   27.31 ,          844.3
India ,Sorghum          ,2007 ,       8443 ,                         1083 ,         27422.77 ,   27.31 ,          844.3
India ,Sorghum          ,2007 ,       8443 ,                         1083 ,         27422.77 ,   25.82 ,          844.3
India ,Soybeans         ,2007 ,      12351 ,                         1083 ,         27422.77 ,   26.0  ,         1235.1
India ,Soybeans         ,2007 ,      12351 ,                         1083 ,         27422.77 ,   27.51 ,         1235.1
India ,Soybeans         ,2007 ,      12351 ,                         1083 ,         27422.77 ,   25.98 ,         1235.1
India ,Soybeans         ,2007 ,      12351 ,                         1083 ,         27422.77 ,   24.6  ,         1235.1
India ,Soybeans         ,2007 ,      12351 ,                         1083 ,         27422.77 ,   25.46 ,         1235.1
India ,Soybeans         ,2007 ,      12351 ,                         1083 ,         27422.77 ,   25.95 ,         1235.1
India ,Soybeans         ,2007 ,      12351 ,                         1083 ,         27422.77 ,   26.15 ,         1235.1
India ,Soybeans         ,2007 ,      12351 ,                         1083 ,         27422.77 ,   26.58 ,         1235.1
India ,Soybeans         ,2007 ,      12351 ,                         1083 ,         27422.77 ,   27.55 ,         1235.1
India ,Soybeans         ,2007 ,      12351 ,                         1083 ,         27422.77 ,   25.66 ,         1235.1
India ,Soybeans         ,2007 ,      12351 ,                         1083 ,         27422.77 ,   26.27 ,         1235.1
India ,Soybeans         ,2007 ,      12351 ,                         1083 ,         27422.77 ,   25.44 ,         1235.1
India ,Soybeans         ,2007 ,      12351 ,                         1083 ,         27422.77 ,   24.6  ,         1235.1
India ,Soybeans         ,2007 ,      12351 ,                         1083 ,         27422.77 ,   26.39 ,         1235.1
India ,Soybeans         ,2007 ,      12351 ,                         1083 ,         27422.77 ,   26.15 ,         1235.1
India ,Soybeans         ,2007 ,      12351 ,                         1083 ,         27422.77 ,   25.59 ,         1235.1
India ,Soybeans         ,2007 ,      12351 ,                         1083 ,         27422.77 ,   25.58 ,         1235.1
India ,Soybeans         ,2007 ,      12351 ,                         1083 ,         27422.77 ,   27.23 ,         1235.1
India ,Soybeans         ,2007 ,      12351 ,                         1083 ,         27422.77 ,   24.59 ,         1235.1
India ,Soybeans         ,2007 ,      12351 ,                         1083 ,         27422.77 ,   27.31 ,         1235.1
India ,Soybeans         ,2007 ,      12351 ,                         1083 ,         27422.77 ,   27.31 ,         1235.1
India ,Soybeans         ,2007 ,      12351 ,                         1083 ,         27422.77 ,   25.82 ,         1235.1
India ,Sweet Potatoes   ,2007 ,      86976 ,                         1083 ,         27422.77 ,   26.0  ,         8697.6
India ,Sweet Potatoes   ,2007 ,      86976 ,                         1083 ,         27422.77 ,   27.51 ,         8697.6
India ,Sweet Potatoes   ,2007 ,      86976 ,                         1083 ,         27422.77 ,   25.98 ,         8697.6
India ,Sweet Potatoes   ,2007 ,      86976 ,                         1083 ,         27422.77 ,   24.6  ,         8697.6
India ,Sweet Potatoes   ,2007 ,      86976 ,                         1083 ,         27422.77 ,   25.46 ,         8697.6
India ,Sweet Potatoes   ,2007 ,      86976 ,                         1083 ,         27422.77 ,   25.95 ,         8697.6
India ,Sweet Potatoes   ,2007 ,      86976 ,                         1083 ,         27422.77 ,   26.15 ,         8697.6
India ,Sweet Potatoes   ,2007 ,      86976 ,                         1083 ,         27422.77 ,   26.58 ,         8697.6
India ,Sweet Potatoes   ,2007 ,      86976 ,                         1083 ,         27422.77 ,   27.55 ,         8697.6
India ,Sweet Potatoes   ,2007 ,      86976 ,                         1083 ,         27422.77 ,   25.66 ,         8697.6
India ,Sweet Potatoes   ,2007 ,      86976 ,                         1083 ,         27422.77 ,   26.27 ,         8697.6
India ,Sweet Potatoes   ,2007 ,      86976 ,                         1083 ,         27422.77 ,   25.44 ,         8697.6
India ,Sweet Potatoes   ,2007 ,      86976 ,                         1083 ,         27422.77 ,   24.6  ,         8697.6
India ,Sweet Potatoes   ,2007 ,      86976 ,                         1083 ,         27422.77 ,   26.39 ,         8697.6
India ,Sweet Potatoes   ,2007 ,      86976 ,                         1083 ,         27422.77 ,   26.15 ,         8697.6
India ,Sweet Potatoes   ,2007 ,      86976 ,                         1083 ,         27422.77 ,   25.59 ,         8697.6
India ,Sweet Potatoes   ,2007 ,      86976 ,                         1083 ,         27422.77 ,   25.58 ,         8697.6
India ,Sweet Potatoes   ,2007 ,      86976 ,                         1083 ,         27422.77 ,   27.23 ,         8697.6
India ,Sweet Potatoes   ,2007 ,      86976 ,                         1083 ,         27422.77 ,   24.59 ,         8697.6
India ,Sweet Potatoes   ,2007 ,      86976 ,                         1083 ,         27422.77 ,   27.31 ,         8697.6
India ,Sweet Potatoes   ,2007 ,      86976 ,                         1083 ,         27422.77 ,   27.31 ,         8697.6
India ,Sweet Potatoes   ,2007 ,      86976 ,                         1083 ,         27422.77 ,   25.82 ,         8697.6
India ,Wheat            ,2007 ,      27079 ,                         1083 ,         27422.77 ,   26.0  ,         2707.9
India ,Wheat            ,2007 ,      27079 ,                         1083 ,         27422.77 ,   27.51 ,         2707.9
India ,Wheat            ,2007 ,      27079 ,                         1083 ,         27422.77 ,   25.98 ,         2707.9
India ,Wheat            ,2007 ,      27079 ,                         1083 ,         27422.77 ,   24.6  ,         2707.9
India ,Wheat            ,2007 ,      27079 ,                         1083 ,         27422.77 ,   25.46 ,         2707.9
India ,Wheat            ,2007 ,      27079 ,                         1083 ,         27422.77 ,   25.95 ,         2707.9
India ,Wheat            ,2007 ,      27079 ,                         1083 ,         27422.77 ,   26.15 ,         2707.9
India ,Wheat            ,2007 ,      27079 ,                         1083 ,         27422.77 ,   26.58 ,         2707.9
India ,Wheat            ,2007 ,      27079 ,                         1083 ,         27422.77 ,   27.55 ,         2707.9
India ,Wheat            ,2007 ,      27079 ,                         1083 ,         27422.77 ,   25.66 ,         2707.9
India ,Wheat            ,2007 ,      27079 ,                         1083 ,         27422.77 ,   26.27 ,         2707.9
India ,Wheat            ,2007 ,      27079 ,                         1083 ,         27422.77 ,   25.44 ,         2707.9
India ,Wheat            ,2007 ,      27079 ,                         1083 ,         27422.77 ,   24.6  ,         2707.9
India ,Wheat            ,2007 ,      27079 ,                         1083 ,         27422.77 ,   26.39 ,         2707.9
India ,Wheat            ,2007 ,      27079 ,                         1083 ,         27422.77 ,   26.15 ,         2707.9
India ,Wheat            ,2007 ,      27079 ,                         1083 ,         27422.77 ,   25.59 ,         2707.9
India ,Wheat            ,2007 ,      27079 ,                         1083 ,         27422.77 ,   25.58 ,         2707.9
India ,Wheat            ,2007 ,      27079 ,                         1083 ,         27422.77 ,   27.23 ,         2707.9
India ,Wheat            ,2007 ,      27079 ,                         1083 ,         27422.77 ,   24.59 ,         2707.9
India ,Wheat            ,2007 ,      27079 ,                         1083 ,         27422.77 ,   27.31 ,         2707.9
India ,Wheat            ,2007 ,      27079 ,                         1083 ,         27422.77 ,   27.31 ,         2707.9
India ,Wheat            ,2007 ,      27079 ,                         1083 ,         27422.77 ,   25.82 ,         2707.9
India ,Cassava          ,2008 ,     335407 ,                         1083 ,         14485.33 ,   25.57 ,        33540.7
India ,Cassava          ,2008 ,     335407 ,                         1083 ,         14485.33 ,   27.05 ,        33540.7
India ,Cassava          ,2008 ,     335407 ,                         1083 ,         14485.33 ,   25.78 ,        33540.7
India ,Cassava          ,2008 ,     335407 ,                         1083 ,         14485.33 ,   24.25 ,        33540.7
India ,Cassava          ,2008 ,     335407 ,                         1083 ,         14485.33 ,   25.35 ,        33540.7
India ,Cassava          ,2008 ,     335407 ,                         1083 ,         14485.33 ,   25.65 ,        33540.7
India ,Cassava          ,2008 ,     335407 ,                         1083 ,         14485.33 ,   25.68 ,        33540.7
India ,Cassava          ,2008 ,     335407 ,                         1083 ,         14485.33 ,   26.52 ,        33540.7
India ,Cassava          ,2008 ,     335407 ,                         1083 ,         14485.33 ,   27.45 ,        33540.7
India ,Cassava          ,2008 ,     335407 ,                         1083 ,         14485.33 ,   25.3  ,        33540.7
India ,Cassava          ,2008 ,     335407 ,                         1083 ,         14485.33 ,   25.88 ,        33540.7
India ,Cassava          ,2008 ,     335407 ,                         1083 ,         14485.33 ,   25.11 ,        33540.7
India ,Cassava          ,2008 ,     335407 ,                         1083 ,         14485.33 ,   24.25 ,        33540.7
India ,Cassava          ,2008 ,     335407 ,                         1083 ,         14485.33 ,   26.19 ,        33540.7
India ,Cassava          ,2008 ,     335407 ,                         1083 ,         14485.33 ,   25.68 ,        33540.7
India ,Cassava          ,2008 ,     335407 ,                         1083 ,         14485.33 ,   25.56 ,        33540.7
India ,Cassava          ,2008 ,     335407 ,                         1083 ,         14485.33 ,   25.23 ,        33540.7
India ,Cassava          ,2008 ,     335407 ,                         1083 ,         14485.33 ,   26.51 ,        33540.7
India ,Cassava          ,2008 ,     335407 ,                         1083 ,         14485.33 ,   24.51 ,        33540.7
India ,Cassava          ,2008 ,     335407 ,                         1083 ,         14485.33 ,   26.83 ,        33540.7
India ,Cassava          ,2008 ,     335407 ,                         1083 ,         14485.33 ,   26.83 ,        33540.7
India ,Cassava          ,2008 ,     335407 ,                         1083 ,         14485.33 ,   25.66 ,        33540.7
India ,Maize            ,2008 ,      24140 ,                         1083 ,         14485.33 ,   25.57 ,         2414.0
India ,Maize            ,2008 ,      24140 ,                         1083 ,         14485.33 ,   27.05 ,         2414.0
India ,Maize            ,2008 ,      24140 ,                         1083 ,         14485.33 ,   25.78 ,         2414.0
India ,Maize            ,2008 ,      24140 ,                         1083 ,         14485.33 ,   24.25 ,         2414.0
India ,Maize            ,2008 ,      24140 ,                         1083 ,         14485.33 ,   25.35 ,         2414.0
India ,Maize            ,2008 ,      24140 ,                         1083 ,         14485.33 ,   25.65 ,         2414.0
India ,Maize            ,2008 ,      24140 ,                         1083 ,         14485.33 ,   25.68 ,         2414.0
India ,Maize            ,2008 ,      24140 ,                         1083 ,         14485.33 ,   26.52 ,         2414.0
India ,Maize            ,2008 ,      24140 ,                         1083 ,         14485.33 ,   27.45 ,         2414.0
India ,Maize            ,2008 ,      24140 ,                         1083 ,         14485.33 ,   25.3  ,         2414.0
India ,Maize            ,2008 ,      24140 ,                         1083 ,         14485.33 ,   25.88 ,         2414.0
India ,Maize            ,2008 ,      24140 ,                         1083 ,         14485.33 ,   25.11 ,         2414.0
India ,Maize            ,2008 ,      24140 ,                         1083 ,         14485.33 ,   24.25 ,         2414.0
India ,Maize            ,2008 ,      24140 ,                         1083 ,         14485.33 ,   26.19 ,         2414.0
India ,Maize            ,2008 ,      24140 ,                         1083 ,         14485.33 ,   25.68 ,         2414.0
India ,Maize            ,2008 ,      24140 ,                         1083 ,         14485.33 ,   25.56 ,         2414.0
India ,Maize            ,2008 ,      24140 ,                         1083 ,         14485.33 ,   25.23 ,         2414.0
India ,Maize            ,2008 ,      24140 ,                         1083 ,         14485.33 ,   26.51 ,         2414.0
India ,Maize            ,2008 ,      24140 ,                         1083 ,         14485.33 ,   24.51 ,         2414.0
India ,Maize            ,2008 ,      24140 ,                         1083 ,         14485.33 ,   26.83 ,         2414.0
India ,Maize            ,2008 ,      24140 ,                         1083 ,         14485.33 ,   26.83 ,         2414.0
India ,Maize            ,2008 ,      24140 ,                         1083 ,         14485.33 ,   25.66 ,         2414.0
India ,Potatoes         ,2008 ,     192973 ,                         1083 ,         14485.33 ,   25.57 ,        19297.3
India ,Potatoes         ,2008 ,     192973 ,                         1083 ,         14485.33 ,   27.05 ,        19297.3
India ,Potatoes         ,2008 ,     192973 ,                         1083 ,         14485.33 ,   25.78 ,        19297.3
India ,Potatoes         ,2008 ,     192973 ,                         1083 ,         14485.33 ,   24.25 ,        19297.3
India ,Potatoes         ,2008 ,     192973 ,                         1083 ,         14485.33 ,   25.35 ,        19297.3
India ,Potatoes         ,2008 ,     192973 ,                         1083 ,         14485.33 ,   25.65 ,        19297.3
India ,Potatoes         ,2008 ,     192973 ,                         1083 ,         14485.33 ,   25.68 ,        19297.3
India ,Potatoes         ,2008 ,     192973 ,                         1083 ,         14485.33 ,   26.52 ,        19297.3
India ,Potatoes         ,2008 ,     192973 ,                         1083 ,         14485.33 ,   27.45 ,        19297.3
India ,Potatoes         ,2008 ,     192973 ,                         1083 ,         14485.33 ,   25.3  ,        19297.3
India ,Potatoes         ,2008 ,     192973 ,                         1083 ,         14485.33 ,   25.88 ,        19297.3
India ,Potatoes         ,2008 ,     192973 ,                         1083 ,         14485.33 ,   25.11 ,        19297.3
India ,Potatoes         ,2008 ,     192973 ,                         1083 ,         14485.33 ,   24.25 ,        19297.3
India ,Potatoes         ,2008 ,     192973 ,                         1083 ,         14485.33 ,   26.19 ,        19297.3
India ,Potatoes         ,2008 ,     192973 ,                         1083 ,         14485.33 ,   25.68 ,        19297.3
India ,Potatoes         ,2008 ,     192973 ,                         1083 ,         14485.33 ,   25.56 ,        19297.3
India ,Potatoes         ,2008 ,     192973 ,                         1083 ,         14485.33 ,   25.23 ,        19297.3
India ,Potatoes         ,2008 ,     192973 ,                         1083 ,         14485.33 ,   26.51 ,        19297.3
India ,Potatoes         ,2008 ,     192973 ,                         1083 ,         14485.33 ,   24.51 ,        19297.3
India ,Potatoes         ,2008 ,     192973 ,                         1083 ,         14485.33 ,   26.83 ,        19297.3
India ,Potatoes         ,2008 ,     192973 ,                         1083 ,         14485.33 ,   26.83 ,        19297.3
India ,Potatoes         ,2008 ,     192973 ,                         1083 ,         14485.33 ,   25.66 ,        19297.3
India ,"""Rice Paddy""" ,2008 ,      32509 ,                         1083 ,         14485.33 ,   25.57 ,         3250.9
India ,"""Rice Paddy""" ,2008 ,      32509 ,                         1083 ,         14485.33 ,   27.05 ,         3250.9
India ,"""Rice Paddy""" ,2008 ,      32509 ,                         1083 ,         14485.33 ,   25.78 ,         3250.9
India ,"""Rice Paddy""" ,2008 ,      32509 ,                         1083 ,         14485.33 ,   24.25 ,         3250.9
India ,"""Rice Paddy""" ,2008 ,      32509 ,                         1083 ,         14485.33 ,   25.35 ,         3250.9
India ,"""Rice Paddy""" ,2008 ,      32509 ,                         1083 ,         14485.33 ,   25.65 ,         3250.9
India ,"""Rice Paddy""" ,2008 ,      32509 ,                         1083 ,         14485.33 ,   25.68 ,         3250.9
India ,"""Rice Paddy""" ,2008 ,      32509 ,                         1083 ,         14485.33 ,   26.52 ,         3250.9
India ,"""Rice Paddy""" ,2008 ,      32509 ,                         1083 ,         14485.33 ,   27.45 ,         3250.9
India ,"""Rice Paddy""" ,2008 ,      32509 ,                         1083 ,         14485.33 ,   25.3  ,         3250.9
India ,"""Rice Paddy""" ,2008 ,      32509 ,                         1083 ,         14485.33 ,   25.88 ,         3250.9
India ,"""Rice Paddy""" ,2008 ,      32509 ,                         1083 ,         14485.33 ,   25.11 ,         3250.9
India ,"""Rice Paddy""" ,2008 ,      32509 ,                         1083 ,         14485.33 ,   24.25 ,         3250.9
India ,"""Rice Paddy""" ,2008 ,      32509 ,                         1083 ,         14485.33 ,   26.19 ,         3250.9
India ,"""Rice Paddy""" ,2008 ,      32509 ,                         1083 ,         14485.33 ,   25.68 ,         3250.9
India ,"""Rice Paddy""" ,2008 ,      32509 ,                         1083 ,         14485.33 ,   25.56 ,         3250.9
India ,"""Rice Paddy""" ,2008 ,      32509 ,                         1083 ,         14485.33 ,   25.23 ,         3250.9
India ,"""Rice Paddy""" ,2008 ,      32509 ,                         1083 ,         14485.33 ,   26.51 ,         3250.9
India ,"""Rice Paddy""" ,2008 ,      32509 ,                         1083 ,         14485.33 ,   24.51 ,         3250.9
India ,"""Rice Paddy""" ,2008 ,      32509 ,                         1083 ,         14485.33 ,   26.83 ,         3250.9
India ,"""Rice Paddy""" ,2008 ,      32509 ,                         1083 ,         14485.33 ,   26.83 ,         3250.9
India ,"""Rice Paddy""" ,2008 ,      32509 ,                         1083 ,         14485.33 ,   25.66 ,         3250.9
India ,Sorghum          ,2008 ,      10209 ,                         1083 ,         14485.33 ,   25.57 ,         1020.9
India ,Sorghum          ,2008 ,      10209 ,                         1083 ,         14485.33 ,   27.05 ,         1020.9
India ,Sorghum          ,2008 ,      10209 ,                         1083 ,         14485.33 ,   25.78 ,         1020.9
India ,Sorghum          ,2008 ,      10209 ,                         1083 ,         14485.33 ,   24.25 ,         1020.9
India ,Sorghum          ,2008 ,      10209 ,                         1083 ,         14485.33 ,   25.35 ,         1020.9
India ,Sorghum          ,2008 ,      10209 ,                         1083 ,         14485.33 ,   25.65 ,         1020.9
India ,Sorghum          ,2008 ,      10209 ,                         1083 ,         14485.33 ,   25.68 ,         1020.9
India ,Sorghum          ,2008 ,      10209 ,                         1083 ,         14485.33 ,   26.52 ,         1020.9
India ,Sorghum          ,2008 ,      10209 ,                         1083 ,         14485.33 ,   27.45 ,         1020.9
India ,Sorghum          ,2008 ,      10209 ,                         1083 ,         14485.33 ,   25.3  ,         1020.9
India ,Sorghum          ,2008 ,      10209 ,                         1083 ,         14485.33 ,   25.88 ,         1020.9
India ,Sorghum          ,2008 ,      10209 ,                         1083 ,         14485.33 ,   25.11 ,         1020.9
India ,Sorghum          ,2008 ,      10209 ,                         1083 ,         14485.33 ,   24.25 ,         1020.9
India ,Sorghum          ,2008 ,      10209 ,                         1083 ,         14485.33 ,   26.19 ,         1020.9
India ,Sorghum          ,2008 ,      10209 ,                         1083 ,         14485.33 ,   25.68 ,         1020.9
India ,Sorghum          ,2008 ,      10209 ,                         1083 ,         14485.33 ,   25.56 ,         1020.9
India ,Sorghum          ,2008 ,      10209 ,                         1083 ,         14485.33 ,   25.23 ,         1020.9
India ,Sorghum          ,2008 ,      10209 ,                         1083 ,         14485.33 ,   26.51 ,         1020.9
India ,Sorghum          ,2008 ,      10209 ,                         1083 ,         14485.33 ,   24.51 ,         1020.9
India ,Sorghum          ,2008 ,      10209 ,                         1083 ,         14485.33 ,   26.83 ,         1020.9
India ,Sorghum          ,2008 ,      10209 ,                         1083 ,         14485.33 ,   26.83 ,         1020.9
India ,Sorghum          ,2008 ,      10209 ,                         1083 ,         14485.33 ,   25.66 ,         1020.9
India ,Soybeans         ,2008 ,      10415 ,                         1083 ,         14485.33 ,   25.57 ,         1041.5
India ,Soybeans         ,2008 ,      10415 ,                         1083 ,         14485.33 ,   27.05 ,         1041.5
India ,Soybeans         ,2008 ,      10415 ,                         1083 ,         14485.33 ,   25.78 ,         1041.5
India ,Soybeans         ,2008 ,      10415 ,                         1083 ,         14485.33 ,   24.25 ,         1041.5
India ,Soybeans         ,2008 ,      10415 ,                         1083 ,         14485.33 ,   25.35 ,         1041.5
India ,Soybeans         ,2008 ,      10415 ,                         1083 ,         14485.33 ,   25.65 ,         1041.5
India ,Soybeans         ,2008 ,      10415 ,                         1083 ,         14485.33 ,   25.68 ,         1041.5
India ,Soybeans         ,2008 ,      10415 ,                         1083 ,         14485.33 ,   26.52 ,         1041.5
India ,Soybeans         ,2008 ,      10415 ,                         1083 ,         14485.33 ,   27.45 ,         1041.5
India ,Soybeans         ,2008 ,      10415 ,                         1083 ,         14485.33 ,   25.3  ,         1041.5
India ,Soybeans         ,2008 ,      10415 ,                         1083 ,         14485.33 ,   25.88 ,         1041.5
India ,Soybeans         ,2008 ,      10415 ,                         1083 ,         14485.33 ,   25.11 ,         1041.5
India ,Soybeans         ,2008 ,      10415 ,                         1083 ,         14485.33 ,   24.25 ,         1041.5
India ,Soybeans         ,2008 ,      10415 ,                         1083 ,         14485.33 ,   26.19 ,         1041.5
India ,Soybeans         ,2008 ,      10415 ,                         1083 ,         14485.33 ,   25.68 ,         1041.5
India ,Soybeans         ,2008 ,      10415 ,                         1083 ,         14485.33 ,   25.56 ,         1041.5
India ,Soybeans         ,2008 ,      10415 ,                         1083 ,         14485.33 ,   25.23 ,         1041.5
India ,Soybeans         ,2008 ,      10415 ,                         1083 ,         14485.33 ,   26.51 ,         1041.5
India ,Soybeans         ,2008 ,      10415 ,                         1083 ,         14485.33 ,   24.51 ,         1041.5
India ,Soybeans         ,2008 ,      10415 ,                         1083 ,         14485.33 ,   26.83 ,         1041.5
India ,Soybeans         ,2008 ,      10415 ,                         1083 ,         14485.33 ,   26.83 ,         1041.5
India ,Soybeans         ,2008 ,      10415 ,                         1083 ,         14485.33 ,   25.66 ,         1041.5
India ,Sweet Potatoes   ,2008 ,      88943 ,                         1083 ,         14485.33 ,   25.57 ,         8894.3
India ,Sweet Potatoes   ,2008 ,      88943 ,                         1083 ,         14485.33 ,   27.05 ,         8894.3
India ,Sweet Potatoes   ,2008 ,      88943 ,                         1083 ,         14485.33 ,   25.78 ,         8894.3
India ,Sweet Potatoes   ,2008 ,      88943 ,                         1083 ,         14485.33 ,   24.25 ,         8894.3
India ,Sweet Potatoes   ,2008 ,      88943 ,                         1083 ,         14485.33 ,   25.35 ,         8894.3
India ,Sweet Potatoes   ,2008 ,      88943 ,                         1083 ,         14485.33 ,   25.65 ,         8894.3
India ,Sweet Potatoes   ,2008 ,      88943 ,                         1083 ,         14485.33 ,   25.68 ,         8894.3
India ,Sweet Potatoes   ,2008 ,      88943 ,                         1083 ,         14485.33 ,   26.52 ,         8894.3
India ,Sweet Potatoes   ,2008 ,      88943 ,                         1083 ,         14485.33 ,   27.45 ,         8894.3
India ,Sweet Potatoes   ,2008 ,      88943 ,                         1083 ,         14485.33 ,   25.3  ,         8894.3
India ,Sweet Potatoes   ,2008 ,      88943 ,                         1083 ,         14485.33 ,   25.88 ,         8894.3
India ,Sweet Potatoes   ,2008 ,      88943 ,                         1083 ,         14485.33 ,   25.11 ,         8894.3
India ,Sweet Potatoes   ,2008 ,      88943 ,                         1083 ,         14485.33 ,   24.25 ,         8894.3
India ,Sweet Potatoes   ,2008 ,      88943 ,                         1083 ,         14485.33 ,   26.19 ,         8894.3
India ,Sweet Potatoes   ,2008 ,      88943 ,                         1083 ,         14485.33 ,   25.68 ,         8894.3
India ,Sweet Potatoes   ,2008 ,      88943 ,                         1083 ,         14485.33 ,   25.56 ,         8894.3
India ,Sweet Potatoes   ,2008 ,      88943 ,                         1083 ,         14485.33 ,   25.23 ,         8894.3
India ,Sweet Potatoes   ,2008 ,      88943 ,                         1083 ,         14485.33 ,   26.51 ,         8894.3
India ,Sweet Potatoes   ,2008 ,      88943 ,                         1083 ,         14485.33 ,   24.51 ,         8894.3
India ,Sweet Potatoes   ,2008 ,      88943 ,                         1083 ,         14485.33 ,   26.83 ,         8894.3
India ,Sweet Potatoes   ,2008 ,      88943 ,                         1083 ,         14485.33 ,   26.83 ,         8894.3
India ,Sweet Potatoes   ,2008 ,      88943 ,                         1083 ,         14485.33 ,   25.66 ,         8894.3
India ,Wheat            ,2008 ,      28022 ,                         1083 ,         14485.33 ,   25.57 ,         2802.2
India ,Wheat            ,2008 ,      28022 ,                         1083 ,         14485.33 ,   27.05 ,         2802.2
India ,Wheat            ,2008 ,      28022 ,                         1083 ,         14485.33 ,   25.78 ,         2802.2
India ,Wheat            ,2008 ,      28022 ,                         1083 ,         14485.33 ,   24.25 ,         2802.2
India ,Wheat            ,2008 ,      28022 ,                         1083 ,         14485.33 ,   25.35 ,         2802.2
India ,Wheat            ,2008 ,      28022 ,                         1083 ,         14485.33 ,   25.65 ,         2802.2
India ,Wheat            ,2008 ,      28022 ,                         1083 ,         14485.33 ,   25.68 ,         2802.2
India ,Wheat            ,2008 ,      28022 ,                         1083 ,         14485.33 ,   26.52 ,         2802.2
India ,Wheat            ,2008 ,      28022 ,                         1083 ,         14485.33 ,   27.45 ,         2802.2
India ,Wheat            ,2008 ,      28022 ,                         1083 ,         14485.33 ,   25.3  ,         2802.2
India ,Wheat            ,2008 ,      28022 ,                         1083 ,         14485.33 ,   25.88 ,         2802.2
India ,Wheat            ,2008 ,      28022 ,                         1083 ,         14485.33 ,   25.11 ,         2802.2
India ,Wheat            ,2008 ,      28022 ,                         1083 ,         14485.33 ,   24.25 ,         2802.2
India ,Wheat            ,2008 ,      28022 ,                         1083 ,         14485.33 ,   26.19 ,         2802.2
India ,Wheat            ,2008 ,      28022 ,                         1083 ,         14485.33 ,   25.68 ,         2802.2
India ,Wheat            ,2008 ,      28022 ,                         1083 ,         14485.33 ,   25.56 ,         2802.2
India ,Wheat            ,2008 ,      28022 ,                         1083 ,         14485.33 ,   25.23 ,         2802.2
India ,Wheat            ,2008 ,      28022 ,                         1083 ,         14485.33 ,   26.51 ,         2802.2
India ,Wheat            ,2008 ,      28022 ,                         1083 ,         14485.33 ,   24.51 ,         2802.2
India ,Wheat            ,2008 ,      28022 ,                         1083 ,         14485.33 ,   26.83 ,         2802.2
India ,Wheat            ,2008 ,      28022 ,                         1083 ,         14485.33 ,   26.83 ,         2802.2
India ,Wheat            ,2008 ,      28022 ,                         1083 ,         14485.33 ,   25.66 ,         2802.2
India ,Cassava          ,2009 ,     343433 ,                         1083 ,         28707.01 ,   26.55 ,        34343.3
India ,Cassava          ,2009 ,     343433 ,                         1083 ,         28707.01 ,   28.1  ,        34343.3
India ,Cassava          ,2009 ,     343433 ,                         1083 ,         28707.01 ,   26.76 ,        34343.3
India ,Cassava          ,2009 ,     343433 ,                         1083 ,         28707.01 ,   24.87 ,        34343.3
India ,Cassava          ,2009 ,     343433 ,                         1083 ,         28707.01 ,   25.73 ,        34343.3
India ,Cassava          ,2009 ,     343433 ,                         1083 ,         28707.01 ,   26.68 ,        34343.3
India ,Cassava          ,2009 ,     343433 ,                         1083 ,         28707.01 ,   26.55 ,        34343.3
India ,Cassava          ,2009 ,     343433 ,                         1083 ,         28707.01 ,   27.15 ,        34343.3
India ,Cassava          ,2009 ,     343433 ,                         1083 ,         28707.01 ,   28.03 ,        34343.3
India ,Cassava          ,2009 ,     343433 ,                         1083 ,         28707.01 ,   26.41 ,        34343.3
India ,Cassava          ,2009 ,     343433 ,                         1083 ,         28707.01 ,   26.92 ,        34343.3
India ,Cassava          ,2009 ,     343433 ,                         1083 ,         28707.01 ,   25.99 ,        34343.3
India ,Cassava          ,2009 ,     343433 ,                         1083 ,         28707.01 ,   24.87 ,        34343.3
India ,Cassava          ,2009 ,     343433 ,                         1083 ,         28707.01 ,   27.14 ,        34343.3
India ,Cassava          ,2009 ,     343433 ,                         1083 ,         28707.01 ,   26.55 ,        34343.3
India ,Cassava          ,2009 ,     343433 ,                         1083 ,         28707.01 ,   26.31 ,        34343.3
India ,Cassava          ,2009 ,     343433 ,                         1083 ,         28707.01 ,   25.87 ,        34343.3
India ,Cassava          ,2009 ,     343433 ,                         1083 ,         28707.01 ,   27.43 ,        34343.3
India ,Cassava          ,2009 ,     343433 ,                         1083 ,         28707.01 ,   25.38 ,        34343.3
India ,Cassava          ,2009 ,     343433 ,                         1083 ,         28707.01 ,   27.82 ,        34343.3
India ,Cassava          ,2009 ,     343433 ,                         1083 ,         28707.01 ,   27.82 ,        34343.3
India ,Cassava          ,2009 ,     343433 ,                         1083 ,         28707.01 ,   26.55 ,        34343.3
India ,Maize            ,2009 ,      20238 ,                         1083 ,         28707.01 ,   26.55 ,         2023.8
India ,Maize            ,2009 ,      20238 ,                         1083 ,         28707.01 ,   28.1  ,         2023.8
India ,Maize            ,2009 ,      20238 ,                         1083 ,         28707.01 ,   26.76 ,         2023.8
India ,Maize            ,2009 ,      20238 ,                         1083 ,         28707.01 ,   24.87 ,         2023.8
India ,Maize            ,2009 ,      20238 ,                         1083 ,         28707.01 ,   25.73 ,         2023.8
India ,Maize            ,2009 ,      20238 ,                         1083 ,         28707.01 ,   26.68 ,         2023.8
India ,Maize            ,2009 ,      20238 ,                         1083 ,         28707.01 ,   26.55 ,         2023.8
India ,Maize            ,2009 ,      20238 ,                         1083 ,         28707.01 ,   27.15 ,         2023.8
India ,Maize            ,2009 ,      20238 ,                         1083 ,         28707.01 ,   28.03 ,         2023.8
India ,Maize            ,2009 ,      20238 ,                         1083 ,         28707.01 ,   26.41 ,         2023.8
India ,Maize            ,2009 ,      20238 ,                         1083 ,         28707.01 ,   26.92 ,         2023.8
India ,Maize            ,2009 ,      20238 ,                         1083 ,         28707.01 ,   25.99 ,         2023.8
India ,Maize            ,2009 ,      20238 ,                         1083 ,         28707.01 ,   24.87 ,         2023.8
India ,Maize            ,2009 ,      20238 ,                         1083 ,         28707.01 ,   27.14 ,         2023.8
India ,Maize            ,2009 ,      20238 ,                         1083 ,         28707.01 ,   26.55 ,         2023.8
India ,Maize            ,2009 ,      20238 ,                         1083 ,         28707.01 ,   26.31 ,         2023.8
India ,Maize            ,2009 ,      20238 ,                         1083 ,         28707.01 ,   25.87 ,         2023.8
India ,Maize            ,2009 ,      20238 ,                         1083 ,         28707.01 ,   27.43 ,         2023.8
India ,Maize            ,2009 ,      20238 ,                         1083 ,         28707.01 ,   25.38 ,         2023.8
India ,Maize            ,2009 ,      20238 ,                         1083 ,         28707.01 ,   27.82 ,         2023.8
India ,Maize            ,2009 ,      20238 ,                         1083 ,         28707.01 ,   27.82 ,         2023.8
India ,Maize            ,2009 ,      20238 ,                         1083 ,         28707.01 ,   26.55 ,         2023.8
India ,Potatoes         ,2009 ,     188103 ,                         1083 ,         28707.01 ,   26.55 ,        18810.3
India ,Potatoes         ,2009 ,     188103 ,                         1083 ,         28707.01 ,   28.1  ,        18810.3
India ,Potatoes         ,2009 ,     188103 ,                         1083 ,         28707.01 ,   26.76 ,        18810.3
India ,Potatoes         ,2009 ,     188103 ,                         1083 ,         28707.01 ,   24.87 ,        18810.3
India ,Potatoes         ,2009 ,     188103 ,                         1083 ,         28707.01 ,   25.73 ,        18810.3
India ,Potatoes         ,2009 ,     188103 ,                         1083 ,         28707.01 ,   26.68 ,        18810.3
India ,Potatoes         ,2009 ,     188103 ,                         1083 ,         28707.01 ,   26.55 ,        18810.3
India ,Potatoes         ,2009 ,     188103 ,                         1083 ,         28707.01 ,   27.15 ,        18810.3
India ,Potatoes         ,2009 ,     188103 ,                         1083 ,         28707.01 ,   28.03 ,        18810.3
India ,Potatoes         ,2009 ,     188103 ,                         1083 ,         28707.01 ,   26.41 ,        18810.3
India ,Potatoes         ,2009 ,     188103 ,                         1083 ,         28707.01 ,   26.92 ,        18810.3
India ,Potatoes         ,2009 ,     188103 ,                         1083 ,         28707.01 ,   25.99 ,        18810.3
India ,Potatoes         ,2009 ,     188103 ,                         1083 ,         28707.01 ,   24.87 ,        18810.3
India ,Potatoes         ,2009 ,     188103 ,                         1083 ,         28707.01 ,   27.14 ,        18810.3
India ,Potatoes         ,2009 ,     188103 ,                         1083 ,         28707.01 ,   26.55 ,        18810.3
India ,Potatoes         ,2009 ,     188103 ,                         1083 ,         28707.01 ,   26.31 ,        18810.3
India ,Potatoes         ,2009 ,     188103 ,                         1083 ,         28707.01 ,   25.87 ,        18810.3
India ,Potatoes         ,2009 ,     188103 ,                         1083 ,         28707.01 ,   27.43 ,        18810.3
India ,Potatoes         ,2009 ,     188103 ,                         1083 ,         28707.01 ,   25.38 ,        18810.3
India ,Potatoes         ,2009 ,     188103 ,                         1083 ,         28707.01 ,   27.82 ,        18810.3
India ,Potatoes         ,2009 ,     188103 ,                         1083 ,         28707.01 ,   27.82 ,        18810.3
India ,Potatoes         ,2009 ,     188103 ,                         1083 ,         28707.01 ,   26.55 ,        18810.3
India ,"""Rice Paddy""" ,2009 ,      32366 ,                         1083 ,         28707.01 ,   26.55 ,         3236.6
India ,"""Rice Paddy""" ,2009 ,      32366 ,                         1083 ,         28707.01 ,   28.1  ,         3236.6
India ,"""Rice Paddy""" ,2009 ,      32366 ,                         1083 ,         28707.01 ,   26.76 ,         3236.6
India ,"""Rice Paddy""" ,2009 ,      32366 ,                         1083 ,         28707.01 ,   24.87 ,         3236.6
India ,"""Rice Paddy""" ,2009 ,      32366 ,                         1083 ,         28707.01 ,   25.73 ,         3236.6
India ,"""Rice Paddy""" ,2009 ,      32366 ,                         1083 ,         28707.01 ,   26.68 ,         3236.6
India ,"""Rice Paddy""" ,2009 ,      32366 ,                         1083 ,         28707.01 ,   26.55 ,         3236.6
India ,"""Rice Paddy""" ,2009 ,      32366 ,                         1083 ,         28707.01 ,   27.15 ,         3236.6
India ,"""Rice Paddy""" ,2009 ,      32366 ,                         1083 ,         28707.01 ,   28.03 ,         3236.6
India ,"""Rice Paddy""" ,2009 ,      32366 ,                         1083 ,         28707.01 ,   26.41 ,         3236.6
India ,"""Rice Paddy""" ,2009 ,      32366 ,                         1083 ,         28707.01 ,   26.92 ,         3236.6
India ,"""Rice Paddy""" ,2009 ,      32366 ,                         1083 ,         28707.01 ,   25.99 ,         3236.6
India ,"""Rice Paddy""" ,2009 ,      32366 ,                         1083 ,         28707.01 ,   24.87 ,         3236.6
India ,"""Rice Paddy""" ,2009 ,      32366 ,                         1083 ,         28707.01 ,   27.14 ,         3236.6
India ,"""Rice Paddy""" ,2009 ,      32366 ,                         1083 ,         28707.01 ,   26.55 ,         3236.6
India ,"""Rice Paddy""" ,2009 ,      32366 ,                         1083 ,         28707.01 ,   26.31 ,         3236.6
India ,"""Rice Paddy""" ,2009 ,      32366 ,                         1083 ,         28707.01 ,   25.87 ,         3236.6
India ,"""Rice Paddy""" ,2009 ,      32366 ,                         1083 ,         28707.01 ,   27.43 ,         3236.6
India ,"""Rice Paddy""" ,2009 ,      32366 ,                         1083 ,         28707.01 ,   25.38 ,         3236.6
India ,"""Rice Paddy""" ,2009 ,      32366 ,                         1083 ,         28707.01 ,   27.82 ,         3236.6
India ,"""Rice Paddy""" ,2009 ,      32366 ,                         1083 ,         28707.01 ,   27.82 ,         3236.6
India ,"""Rice Paddy""" ,2009 ,      32366 ,                         1083 ,         28707.01 ,   26.55 ,         3236.6
India ,Sorghum          ,2009 ,       9621 ,                         1083 ,         28707.01 ,   26.55 ,          962.1
India ,Sorghum          ,2009 ,       9621 ,                         1083 ,         28707.01 ,   28.1  ,          962.1
India ,Sorghum          ,2009 ,       9621 ,                         1083 ,         28707.01 ,   26.76 ,          962.1
India ,Sorghum          ,2009 ,       9621 ,                         1083 ,         28707.01 ,   24.87 ,          962.1
India ,Sorghum          ,2009 ,       9621 ,                         1083 ,         28707.01 ,   25.73 ,          962.1
India ,Sorghum          ,2009 ,       9621 ,                         1083 ,         28707.01 ,   26.68 ,          962.1
India ,Sorghum          ,2009 ,       9621 ,                         1083 ,         28707.01 ,   26.55 ,          962.1
India ,Sorghum          ,2009 ,       9621 ,                         1083 ,         28707.01 ,   27.15 ,          962.1
India ,Sorghum          ,2009 ,       9621 ,                         1083 ,         28707.01 ,   28.03 ,          962.1
India ,Sorghum          ,2009 ,       9621 ,                         1083 ,         28707.01 ,   26.41 ,          962.1
India ,Sorghum          ,2009 ,       9621 ,                         1083 ,         28707.01 ,   26.92 ,          962.1
India ,Sorghum          ,2009 ,       9621 ,                         1083 ,         28707.01 ,   25.99 ,          962.1
India ,Sorghum          ,2009 ,       9621 ,                         1083 ,         28707.01 ,   24.87 ,          962.1
India ,Sorghum          ,2009 ,       9621 ,                         1083 ,         28707.01 ,   27.14 ,          962.1
India ,Sorghum          ,2009 ,       9621 ,                         1083 ,         28707.01 ,   26.55 ,          962.1
India ,Sorghum          ,2009 ,       9621 ,                         1083 ,         28707.01 ,   26.31 ,          962.1
India ,Sorghum          ,2009 ,       9621 ,                         1083 ,         28707.01 ,   25.87 ,          962.1
India ,Sorghum          ,2009 ,       9621 ,                         1083 ,         28707.01 ,   27.43 ,          962.1
India ,Sorghum          ,2009 ,       9621 ,                         1083 ,         28707.01 ,   25.38 ,          962.1
India ,Sorghum          ,2009 ,       9621 ,                         1083 ,         28707.01 ,   27.82 ,          962.1
India ,Sorghum          ,2009 ,       9621 ,                         1083 ,         28707.01 ,   27.82 ,          962.1
India ,Sorghum          ,2009 ,       9621 ,                         1083 ,         28707.01 ,   26.55 ,          962.1
India ,Soybeans         ,2009 ,      10236 ,                         1083 ,         28707.01 ,   26.55 ,         1023.6
India ,Soybeans         ,2009 ,      10236 ,                         1083 ,         28707.01 ,   28.1  ,         1023.6
India ,Soybeans         ,2009 ,      10236 ,                         1083 ,         28707.01 ,   26.76 ,         1023.6
India ,Soybeans         ,2009 ,      10236 ,                         1083 ,         28707.01 ,   24.87 ,         1023.6
India ,Soybeans         ,2009 ,      10236 ,                         1083 ,         28707.01 ,   25.73 ,         1023.6
India ,Soybeans         ,2009 ,      10236 ,                         1083 ,         28707.01 ,   26.68 ,         1023.6
India ,Soybeans         ,2009 ,      10236 ,                         1083 ,         28707.01 ,   26.55 ,         1023.6
India ,Soybeans         ,2009 ,      10236 ,                         1083 ,         28707.01 ,   27.15 ,         1023.6
India ,Soybeans         ,2009 ,      10236 ,                         1083 ,         28707.01 ,   28.03 ,         1023.6
India ,Soybeans         ,2009 ,      10236 ,                         1083 ,         28707.01 ,   26.41 ,         1023.6
India ,Soybeans         ,2009 ,      10236 ,                         1083 ,         28707.01 ,   26.92 ,         1023.6
India ,Soybeans         ,2009 ,      10236 ,                         1083 ,         28707.01 ,   25.99 ,         1023.6
India ,Soybeans         ,2009 ,      10236 ,                         1083 ,         28707.01 ,   24.87 ,         1023.6
India ,Soybeans         ,2009 ,      10236 ,                         1083 ,         28707.01 ,   27.14 ,         1023.6
India ,Soybeans         ,2009 ,      10236 ,                         1083 ,         28707.01 ,   26.55 ,         1023.6
India ,Soybeans         ,2009 ,      10236 ,                         1083 ,         28707.01 ,   26.31 ,         1023.6
India ,Soybeans         ,2009 ,      10236 ,                         1083 ,         28707.01 ,   25.87 ,         1023.6
India ,Soybeans         ,2009 ,      10236 ,                         1083 ,         28707.01 ,   27.43 ,         1023.6
India ,Soybeans         ,2009 ,      10236 ,                         1083 ,         28707.01 ,   25.38 ,         1023.6
India ,Soybeans         ,2009 ,      10236 ,                         1083 ,         28707.01 ,   27.82 ,         1023.6
India ,Soybeans         ,2009 ,      10236 ,                         1083 ,         28707.01 ,   27.82 ,         1023.6
India ,Soybeans         ,2009 ,      10236 ,                         1083 ,         28707.01 ,   26.55 ,         1023.6
India ,Sweet Potatoes   ,2009 ,      90080 ,                         1083 ,         28707.01 ,   26.55 ,         9008.0
India ,Sweet Potatoes   ,2009 ,      90080 ,                         1083 ,         28707.01 ,   28.1  ,         9008.0
India ,Sweet Potatoes   ,2009 ,      90080 ,                         1083 ,         28707.01 ,   26.76 ,         9008.0
India ,Sweet Potatoes   ,2009 ,      90080 ,                         1083 ,         28707.01 ,   24.87 ,         9008.0
India ,Sweet Potatoes   ,2009 ,      90080 ,                         1083 ,         28707.01 ,   25.73 ,         9008.0
India ,Sweet Potatoes   ,2009 ,      90080 ,                         1083 ,         28707.01 ,   26.68 ,         9008.0
India ,Sweet Potatoes   ,2009 ,      90080 ,                         1083 ,         28707.01 ,   26.55 ,         9008.0
India ,Sweet Potatoes   ,2009 ,      90080 ,                         1083 ,         28707.01 ,   27.15 ,         9008.0
India ,Sweet Potatoes   ,2009 ,      90080 ,                         1083 ,         28707.01 ,   28.03 ,         9008.0
India ,Sweet Potatoes   ,2009 ,      90080 ,                         1083 ,         28707.01 ,   26.41 ,         9008.0
India ,Sweet Potatoes   ,2009 ,      90080 ,                         1083 ,         28707.01 ,   26.92 ,         9008.0
India ,Sweet Potatoes   ,2009 ,      90080 ,                         1083 ,         28707.01 ,   25.99 ,         9008.0
India ,Sweet Potatoes   ,2009 ,      90080 ,                         1083 ,         28707.01 ,   24.87 ,         9008.0
India ,Sweet Potatoes   ,2009 ,      90080 ,                         1083 ,         28707.01 ,   27.14 ,         9008.0
India ,Sweet Potatoes   ,2009 ,      90080 ,                         1083 ,         28707.01 ,   26.55 ,         9008.0
India ,Sweet Potatoes   ,2009 ,      90080 ,                         1083 ,         28707.01 ,   26.31 ,         9008.0
India ,Sweet Potatoes   ,2009 ,      90080 ,                         1083 ,         28707.01 ,   25.87 ,         9008.0
India ,Sweet Potatoes   ,2009 ,      90080 ,                         1083 ,         28707.01 ,   27.43 ,         9008.0
India ,Sweet Potatoes   ,2009 ,      90080 ,                         1083 ,         28707.01 ,   25.38 ,         9008.0
India ,Sweet Potatoes   ,2009 ,      90080 ,                         1083 ,         28707.01 ,   27.82 ,         9008.0
India ,Sweet Potatoes   ,2009 ,      90080 ,                         1083 ,         28707.01 ,   27.82 ,         9008.0
India ,Sweet Potatoes   ,2009 ,      90080 ,                         1083 ,         28707.01 ,   26.55 ,         9008.0
India ,Wheat            ,2009 ,      29071 ,                         1083 ,         28707.01 ,   26.55 ,         2907.1
India ,Wheat            ,2009 ,      29071 ,                         1083 ,         28707.01 ,   28.1  ,         2907.1
India ,Wheat            ,2009 ,      29071 ,                         1083 ,         28707.01 ,   26.76 ,         2907.1
India ,Wheat            ,2009 ,      29071 ,                         1083 ,         28707.01 ,   24.87 ,         2907.1
India ,Wheat            ,2009 ,      29071 ,                         1083 ,         28707.01 ,   25.73 ,         2907.1
India ,Wheat            ,2009 ,      29071 ,                         1083 ,         28707.01 ,   26.68 ,         2907.1
India ,Wheat            ,2009 ,      29071 ,                         1083 ,         28707.01 ,   26.55 ,         2907.1
India ,Wheat            ,2009 ,      29071 ,                         1083 ,         28707.01 ,   27.15 ,         2907.1
India ,Wheat            ,2009 ,      29071 ,                         1083 ,         28707.01 ,   28.03 ,         2907.1
India ,Wheat            ,2009 ,      29071 ,                         1083 ,         28707.01 ,   26.41 ,         2907.1
India ,Wheat            ,2009 ,      29071 ,                         1083 ,         28707.01 ,   26.92 ,         2907.1
India ,Wheat            ,2009 ,      29071 ,                         1083 ,         28707.01 ,   25.99 ,         2907.1
India ,Wheat            ,2009 ,      29071 ,                         1083 ,         28707.01 ,   24.87 ,         2907.1
India ,Wheat            ,2009 ,      29071 ,                         1083 ,         28707.01 ,   27.14 ,         2907.1
India ,Wheat            ,2009 ,      29071 ,                         1083 ,         28707.01 ,   26.55 ,         2907.1
India ,Wheat            ,2009 ,      29071 ,                         1083 ,         28707.01 ,   26.31 ,         2907.1
India ,Wheat            ,2009 ,      29071 ,                         1083 ,         28707.01 ,   25.87 ,         2907.1
India ,Wheat            ,2009 ,      29071 ,                         1083 ,         28707.01 ,   27.43 ,         2907.1
India ,Wheat            ,2009 ,      29071 ,                         1083 ,         28707.01 ,   25.38 ,         2907.1
India ,Wheat            ,2009 ,      29071 ,                         1083 ,         28707.01 ,   27.82 ,         2907.1
India ,Wheat            ,2009 ,      29071 ,                         1083 ,         28707.01 ,   27.82 ,         2907.1
India ,Wheat            ,2009 ,      29071 ,                         1083 ,         28707.01 ,   26.55 ,         2907.1
India ,Cassava          ,2010 ,     347555 ,                         1083 ,         40093.69 ,   26.51 ,        34755.5
India ,Cassava          ,2010 ,     347555 ,                         1083 ,         40093.69 ,   28.02 ,        34755.5
India ,Cassava          ,2010 ,     347555 ,                         1083 ,         40093.69 ,   26.81 ,        34755.5
India ,Cassava          ,2010 ,     347555 ,                         1083 ,         40093.69 ,   24.98 ,        34755.5
India ,Cassava          ,2010 ,     347555 ,                         1083 ,         40093.69 ,   25.71 ,        34755.5
India ,Cassava          ,2010 ,     347555 ,                         1083 ,         40093.69 ,   26.61 ,        34755.5
India ,Cassava          ,2010 ,     347555 ,                         1083 ,         40093.69 ,   26.52 ,        34755.5
India ,Cassava          ,2010 ,     347555 ,                         1083 ,         40093.69 ,   27.29 ,        34755.5
India ,Cassava          ,2010 ,     347555 ,                         1083 ,         40093.69 ,   27.69 ,        34755.5
India ,Cassava          ,2010 ,     347555 ,                         1083 ,         40093.69 ,   26.31 ,        34755.5
India ,Cassava          ,2010 ,     347555 ,                         1083 ,         40093.69 ,   26.82 ,        34755.5
India ,Cassava          ,2010 ,     347555 ,                         1083 ,         40093.69 ,   26.02 ,        34755.5
India ,Cassava          ,2010 ,     347555 ,                         1083 ,         40093.69 ,   24.98 ,        34755.5
India ,Cassava          ,2010 ,     347555 ,                         1083 ,         40093.69 ,   26.93 ,        34755.5
India ,Cassava          ,2010 ,     347555 ,                         1083 ,         40093.69 ,   26.52 ,        34755.5
India ,Cassava          ,2010 ,     347555 ,                         1083 ,         40093.69 ,   26.54 ,        34755.5
India ,Cassava          ,2010 ,     347555 ,                         1083 ,         40093.69 ,   25.75 ,        34755.5
India ,Cassava          ,2010 ,     347555 ,                         1083 ,         40093.69 ,   27.16 ,        34755.5
India ,Cassava          ,2010 ,     347555 ,                         1083 ,         40093.69 ,   25.54 ,        34755.5
India ,Cassava          ,2010 ,     347555 ,                         1083 ,         40093.69 ,   27.68 ,        34755.5
India ,Cassava          ,2010 ,     347555 ,                         1083 ,         40093.69 ,   27.68 ,        34755.5
India ,Cassava          ,2010 ,     347555 ,                         1083 ,         40093.69 ,   26.67 ,        34755.5
India ,Maize            ,2010 ,      25401 ,                         1083 ,         40093.69 ,   26.51 ,         2540.1
India ,Maize            ,2010 ,      25401 ,                         1083 ,         40093.69 ,   28.02 ,         2540.1
India ,Maize            ,2010 ,      25401 ,                         1083 ,         40093.69 ,   26.81 ,         2540.1
India ,Maize            ,2010 ,      25401 ,                         1083 ,         40093.69 ,   24.98 ,         2540.1
India ,Maize            ,2010 ,      25401 ,                         1083 ,         40093.69 ,   25.71 ,         2540.1
India ,Maize            ,2010 ,      25401 ,                         1083 ,         40093.69 ,   26.61 ,         2540.1
India ,Maize            ,2010 ,      25401 ,                         1083 ,         40093.69 ,   26.52 ,         2540.1
India ,Maize            ,2010 ,      25401 ,                         1083 ,         40093.69 ,   27.29 ,         2540.1
India ,Maize            ,2010 ,      25401 ,                         1083 ,         40093.69 ,   27.69 ,         2540.1
India ,Maize            ,2010 ,      25401 ,                         1083 ,         40093.69 ,   26.31 ,         2540.1
India ,Maize            ,2010 ,      25401 ,                         1083 ,         40093.69 ,   26.82 ,         2540.1
India ,Maize            ,2010 ,      25401 ,                         1083 ,         40093.69 ,   26.02 ,         2540.1
India ,Maize            ,2010 ,      25401 ,                         1083 ,         40093.69 ,   24.98 ,         2540.1
India ,Maize            ,2010 ,      25401 ,                         1083 ,         40093.69 ,   26.93 ,         2540.1
India ,Maize            ,2010 ,      25401 ,                         1083 ,         40093.69 ,   26.52 ,         2540.1
India ,Maize            ,2010 ,      25401 ,                         1083 ,         40093.69 ,   26.54 ,         2540.1
India ,Maize            ,2010 ,      25401 ,                         1083 ,         40093.69 ,   25.75 ,         2540.1
India ,Maize            ,2010 ,      25401 ,                         1083 ,         40093.69 ,   27.16 ,         2540.1
India ,Maize            ,2010 ,      25401 ,                         1083 ,         40093.69 ,   25.54 ,         2540.1
India ,Maize            ,2010 ,      25401 ,                         1083 ,         40093.69 ,   27.68 ,         2540.1
India ,Maize            ,2010 ,      25401 ,                         1083 ,         40093.69 ,   27.68 ,         2540.1
India ,Maize            ,2010 ,      25401 ,                         1083 ,         40093.69 ,   26.67 ,         2540.1
India ,Potatoes         ,2010 ,     199299 ,                         1083 ,         40093.69 ,   26.51 ,        19929.9
India ,Potatoes         ,2010 ,     199299 ,                         1083 ,         40093.69 ,   28.02 ,        19929.9
India ,Potatoes         ,2010 ,     199299 ,                         1083 ,         40093.69 ,   26.81 ,        19929.9
India ,Potatoes         ,2010 ,     199299 ,                         1083 ,         40093.69 ,   24.98 ,        19929.9
India ,Potatoes         ,2010 ,     199299 ,                         1083 ,         40093.69 ,   25.71 ,        19929.9
India ,Potatoes         ,2010 ,     199299 ,                         1083 ,         40093.69 ,   26.61 ,        19929.9
India ,Potatoes         ,2010 ,     199299 ,                         1083 ,         40093.69 ,   26.52 ,        19929.9
India ,Potatoes         ,2010 ,     199299 ,                         1083 ,         40093.69 ,   27.29 ,        19929.9
India ,Potatoes         ,2010 ,     199299 ,                         1083 ,         40093.69 ,   27.69 ,        19929.9
India ,Potatoes         ,2010 ,     199299 ,                         1083 ,         40093.69 ,   26.31 ,        19929.9
India ,Potatoes         ,2010 ,     199299 ,                         1083 ,         40093.69 ,   26.82 ,        19929.9
India ,Potatoes         ,2010 ,     199299 ,                         1083 ,         40093.69 ,   26.02 ,        19929.9
India ,Potatoes         ,2010 ,     199299 ,                         1083 ,         40093.69 ,   24.98 ,        19929.9
India ,Potatoes         ,2010 ,     199299 ,                         1083 ,         40093.69 ,   26.93 ,        19929.9
India ,Potatoes         ,2010 ,     199299 ,                         1083 ,         40093.69 ,   26.52 ,        19929.9
India ,Potatoes         ,2010 ,     199299 ,                         1083 ,         40093.69 ,   26.54 ,        19929.9
India ,Potatoes         ,2010 ,     199299 ,                         1083 ,         40093.69 ,   25.75 ,        19929.9
India ,Potatoes         ,2010 ,     199299 ,                         1083 ,         40093.69 ,   27.16 ,        19929.9
India ,Potatoes         ,2010 ,     199299 ,                         1083 ,         40093.69 ,   25.54 ,        19929.9
India ,Potatoes         ,2010 ,     199299 ,                         1083 ,         40093.69 ,   27.68 ,        19929.9
India ,Potatoes         ,2010 ,     199299 ,                         1083 ,         40093.69 ,   27.68 ,        19929.9
India ,Potatoes         ,2010 ,     199299 ,                         1083 ,         40093.69 ,   26.67 ,        19929.9
India ,"""Rice Paddy""" ,2010 ,      33587 ,                         1083 ,         40093.69 ,   26.51 ,         3358.7
India ,"""Rice Paddy""" ,2010 ,      33587 ,                         1083 ,         40093.69 ,   28.02 ,         3358.7
India ,"""Rice Paddy""" ,2010 ,      33587 ,                         1083 ,         40093.69 ,   26.81 ,         3358.7
India ,"""Rice Paddy""" ,2010 ,      33587 ,                         1083 ,         40093.69 ,   24.98 ,         3358.7
India ,"""Rice Paddy""" ,2010 ,      33587 ,                         1083 ,         40093.69 ,   25.71 ,         3358.7
India ,"""Rice Paddy""" ,2010 ,      33587 ,                         1083 ,         40093.69 ,   26.61 ,         3358.7
India ,"""Rice Paddy""" ,2010 ,      33587 ,                         1083 ,         40093.69 ,   26.52 ,         3358.7
India ,"""Rice Paddy""" ,2010 ,      33587 ,                         1083 ,         40093.69 ,   27.29 ,         3358.7
India ,"""Rice Paddy""" ,2010 ,      33587 ,                         1083 ,         40093.69 ,   27.69 ,         3358.7
India ,"""Rice Paddy""" ,2010 ,      33587 ,                         1083 ,         40093.69 ,   26.31 ,         3358.7
India ,"""Rice Paddy""" ,2010 ,      33587 ,                         1083 ,         40093.69 ,   26.82 ,         3358.7
India ,"""Rice Paddy""" ,2010 ,      33587 ,                         1083 ,         40093.69 ,   26.02 ,         3358.7
India ,"""Rice Paddy""" ,2010 ,      33587 ,                         1083 ,         40093.69 ,   24.98 ,         3358.7
India ,"""Rice Paddy""" ,2010 ,      33587 ,                         1083 ,         40093.69 ,   26.93 ,         3358.7
India ,"""Rice Paddy""" ,2010 ,      33587 ,                         1083 ,         40093.69 ,   26.52 ,         3358.7
India ,"""Rice Paddy""" ,2010 ,      33587 ,                         1083 ,         40093.69 ,   26.54 ,         3358.7
India ,"""Rice Paddy""" ,2010 ,      33587 ,                         1083 ,         40093.69 ,   25.75 ,         3358.7
India ,"""Rice Paddy""" ,2010 ,      33587 ,                         1083 ,         40093.69 ,   27.16 ,         3358.7
India ,"""Rice Paddy""" ,2010 ,      33587 ,                         1083 ,         40093.69 ,   25.54 ,         3358.7
India ,"""Rice Paddy""" ,2010 ,      33587 ,                         1083 ,         40093.69 ,   27.68 ,         3358.7
India ,"""Rice Paddy""" ,2010 ,      33587 ,                         1083 ,         40093.69 ,   27.68 ,         3358.7
India ,"""Rice Paddy""" ,2010 ,      33587 ,                         1083 ,         40093.69 ,   26.67 ,         3358.7
India ,Sorghum          ,2010 ,       8602 ,                         1083 ,         40093.69 ,   26.51 ,          860.2
India ,Sorghum          ,2010 ,       8602 ,                         1083 ,         40093.69 ,   28.02 ,          860.2
India ,Sorghum          ,2010 ,       8602 ,                         1083 ,         40093.69 ,   26.81 ,          860.2
India ,Sorghum          ,2010 ,       8602 ,                         1083 ,         40093.69 ,   24.98 ,          860.2
India ,Sorghum          ,2010 ,       8602 ,                         1083 ,         40093.69 ,   25.71 ,          860.2
India ,Sorghum          ,2010 ,       8602 ,                         1083 ,         40093.69 ,   26.61 ,          860.2
India ,Sorghum          ,2010 ,       8602 ,                         1083 ,         40093.69 ,   26.52 ,          860.2
India ,Sorghum          ,2010 ,       8602 ,                         1083 ,         40093.69 ,   27.29 ,          860.2
India ,Sorghum          ,2010 ,       8602 ,                         1083 ,         40093.69 ,   27.69 ,          860.2
India ,Sorghum          ,2010 ,       8602 ,                         1083 ,         40093.69 ,   26.31 ,          860.2
India ,Sorghum          ,2010 ,       8602 ,                         1083 ,         40093.69 ,   26.82 ,          860.2
India ,Sorghum          ,2010 ,       8602 ,                         1083 ,         40093.69 ,   26.02 ,          860.2
India ,Sorghum          ,2010 ,       8602 ,                         1083 ,         40093.69 ,   24.98 ,          860.2
India ,Sorghum          ,2010 ,       8602 ,                         1083 ,         40093.69 ,   26.93 ,          860.2
India ,Sorghum          ,2010 ,       8602 ,                         1083 ,         40093.69 ,   26.52 ,          860.2
India ,Sorghum          ,2010 ,       8602 ,                         1083 ,         40093.69 ,   26.54 ,          860.2
India ,Sorghum          ,2010 ,       8602 ,                         1083 ,         40093.69 ,   25.75 ,          860.2
India ,Sorghum          ,2010 ,       8602 ,                         1083 ,         40093.69 ,   27.16 ,          860.2
India ,Sorghum          ,2010 ,       8602 ,                         1083 ,         40093.69 ,   25.54 ,          860.2
India ,Sorghum          ,2010 ,       8602 ,                         1083 ,         40093.69 ,   27.68 ,          860.2
India ,Sorghum          ,2010 ,       8602 ,                         1083 ,         40093.69 ,   27.68 ,          860.2
India ,Sorghum          ,2010 ,       8602 ,                         1083 ,         40093.69 ,   26.67 ,          860.2
India ,Soybeans         ,2010 ,      13330 ,                         1083 ,         40093.69 ,   26.51 ,         1333.0
India ,Soybeans         ,2010 ,      13330 ,                         1083 ,         40093.69 ,   28.02 ,         1333.0
India ,Soybeans         ,2010 ,      13330 ,                         1083 ,         40093.69 ,   26.81 ,         1333.0
India ,Soybeans         ,2010 ,      13330 ,                         1083 ,         40093.69 ,   24.98 ,         1333.0
India ,Soybeans         ,2010 ,      13330 ,                         1083 ,         40093.69 ,   25.71 ,         1333.0
India ,Soybeans         ,2010 ,      13330 ,                         1083 ,         40093.69 ,   26.61 ,         1333.0
India ,Soybeans         ,2010 ,      13330 ,                         1083 ,         40093.69 ,   26.52 ,         1333.0
India ,Soybeans         ,2010 ,      13330 ,                         1083 ,         40093.69 ,   27.29 ,         1333.0
India ,Soybeans         ,2010 ,      13330 ,                         1083 ,         40093.69 ,   27.69 ,         1333.0
India ,Soybeans         ,2010 ,      13330 ,                         1083 ,         40093.69 ,   26.31 ,         1333.0
India ,Soybeans         ,2010 ,      13330 ,                         1083 ,         40093.69 ,   26.82 ,         1333.0
India ,Soybeans         ,2010 ,      13330 ,                         1083 ,         40093.69 ,   26.02 ,         1333.0
India ,Soybeans         ,2010 ,      13330 ,                         1083 ,         40093.69 ,   24.98 ,         1333.0
India ,Soybeans         ,2010 ,      13330 ,                         1083 ,         40093.69 ,   26.93 ,         1333.0
India ,Soybeans         ,2010 ,      13330 ,                         1083 ,         40093.69 ,   26.52 ,         1333.0
India ,Soybeans         ,2010 ,      13330 ,                         1083 ,         40093.69 ,   26.54 ,         1333.0
India ,Soybeans         ,2010 ,      13330 ,                         1083 ,         40093.69 ,   25.75 ,         1333.0
India ,Soybeans         ,2010 ,      13330 ,                         1083 ,         40093.69 ,   27.16 ,         1333.0
India ,Soybeans         ,2010 ,      13330 ,                         1083 ,         40093.69 ,   25.54 ,         1333.0
India ,Soybeans         ,2010 ,      13330 ,                         1083 ,         40093.69 ,   27.68 ,         1333.0
India ,Soybeans         ,2010 ,      13330 ,                         1083 ,         40093.69 ,   27.68 ,         1333.0
India ,Soybeans         ,2010 ,      13330 ,                         1083 ,         40093.69 ,   26.67 ,         1333.0
India ,Sweet Potatoes   ,2010 ,      92069 ,                         1083 ,         40093.69 ,   26.51 ,         9206.9
India ,Sweet Potatoes   ,2010 ,      92069 ,                         1083 ,         40093.69 ,   28.02 ,         9206.9
India ,Sweet Potatoes   ,2010 ,      92069 ,                         1083 ,         40093.69 ,   26.81 ,         9206.9
India ,Sweet Potatoes   ,2010 ,      92069 ,                         1083 ,         40093.69 ,   24.98 ,         9206.9
India ,Sweet Potatoes   ,2010 ,      92069 ,                         1083 ,         40093.69 ,   25.71 ,         9206.9
India ,Sweet Potatoes   ,2010 ,      92069 ,                         1083 ,         40093.69 ,   26.61 ,         9206.9
India ,Sweet Potatoes   ,2010 ,      92069 ,                         1083 ,         40093.69 ,   26.52 ,         9206.9
India ,Sweet Potatoes   ,2010 ,      92069 ,                         1083 ,         40093.69 ,   27.29 ,         9206.9
India ,Sweet Potatoes   ,2010 ,      92069 ,                         1083 ,         40093.69 ,   27.69 ,         9206.9
India ,Sweet Potatoes   ,2010 ,      92069 ,                         1083 ,         40093.69 ,   26.31 ,         9206.9
India ,Sweet Potatoes   ,2010 ,      92069 ,                         1083 ,         40093.69 ,   26.82 ,         9206.9
India ,Sweet Potatoes   ,2010 ,      92069 ,                         1083 ,         40093.69 ,   26.02 ,         9206.9
India ,Sweet Potatoes   ,2010 ,      92069 ,                         1083 ,         40093.69 ,   24.98 ,         9206.9
India ,Sweet Potatoes   ,2010 ,      92069 ,                         1083 ,         40093.69 ,   26.93 ,         9206.9
India ,Sweet Potatoes   ,2010 ,      92069 ,                         1083 ,         40093.69 ,   26.52 ,         9206.9
India ,Sweet Potatoes   ,2010 ,      92069 ,                         1083 ,         40093.69 ,   26.54 ,         9206.9
India ,Sweet Potatoes   ,2010 ,      92069 ,                         1083 ,         40093.69 ,   25.75 ,         9206.9
India ,Sweet Potatoes   ,2010 ,      92069 ,                         1083 ,         40093.69 ,   27.16 ,         9206.9
India ,Sweet Potatoes   ,2010 ,      92069 ,                         1083 ,         40093.69 ,   25.54 ,         9206.9
India ,Sweet Potatoes   ,2010 ,      92069 ,                         1083 ,         40093.69 ,   27.68 ,         9206.9
India ,Sweet Potatoes   ,2010 ,      92069 ,                         1083 ,         40093.69 ,   27.68 ,         9206.9
India ,Sweet Potatoes   ,2010 ,      92069 ,                         1083 ,         40093.69 ,   26.67 ,         9206.9
India ,Wheat            ,2010 ,      28395 ,                         1083 ,         40093.69 ,   26.51 ,         2839.5
India ,Wheat            ,2010 ,      28395 ,                         1083 ,         40093.69 ,   28.02 ,         2839.5
India ,Wheat            ,2010 ,      28395 ,                         1083 ,         40093.69 ,   26.81 ,         2839.5
India ,Wheat            ,2010 ,      28395 ,                         1083 ,         40093.69 ,   24.98 ,         2839.5
India ,Wheat            ,2010 ,      28395 ,                         1083 ,         40093.69 ,   25.71 ,         2839.5
India ,Wheat            ,2010 ,      28395 ,                         1083 ,         40093.69 ,   26.61 ,         2839.5
India ,Wheat            ,2010 ,      28395 ,                         1083 ,         40093.69 ,   26.52 ,         2839.5
India ,Wheat            ,2010 ,      28395 ,                         1083 ,         40093.69 ,   27.29 ,         2839.5
India ,Wheat            ,2010 ,      28395 ,                         1083 ,         40093.69 ,   27.69 ,         2839.5
India ,Wheat            ,2010 ,      28395 ,                         1083 ,         40093.69 ,   26.31 ,         2839.5
India ,Wheat            ,2010 ,      28395 ,                         1083 ,         40093.69 ,   26.82 ,         2839.5
India ,Wheat            ,2010 ,      28395 ,                         1083 ,         40093.69 ,   26.02 ,         2839.5
India ,Wheat            ,2010 ,      28395 ,                         1083 ,         40093.69 ,   24.98 ,         2839.5
India ,Wheat            ,2010 ,      28395 ,                         1083 ,         40093.69 ,   26.93 ,         2839.5
India ,Wheat            ,2010 ,      28395 ,                         1083 ,         40093.69 ,   26.52 ,         2839.5
India ,Wheat            ,2010 ,      28395 ,                         1083 ,         40093.69 ,   26.54 ,         2839.5
India ,Wheat            ,2010 ,      28395 ,                         1083 ,         40093.69 ,   25.75 ,         2839.5
India ,Wheat            ,2010 ,      28395 ,                         1083 ,         40093.69 ,   27.16 ,         2839.5
India ,Wheat            ,2010 ,      28395 ,                         1083 ,         40093.69 ,   25.54 ,         2839.5
India ,Wheat            ,2010 ,      28395 ,                         1083 ,         40093.69 ,   27.68 ,         2839.5
India ,Wheat            ,2010 ,      28395 ,                         1083 ,         40093.69 ,   27.68 ,         2839.5
India ,Wheat            ,2010 ,      28395 ,                         1083 ,         40093.69 ,   26.67 ,         2839.5
India ,Cassava          ,2011 ,     364770 ,                         1083 ,         55540.0  ,   25.53 ,        36477.0
India ,Cassava          ,2011 ,     364770 ,                         1083 ,         55540.0  ,   27.29 ,        36477.0
India ,Cassava          ,2011 ,     364770 ,                         1083 ,         55540.0  ,   25.81 ,        36477.0
India ,Cassava          ,2011 ,     364770 ,                         1083 ,         55540.0  ,   24.35 ,        36477.0
India ,Cassava          ,2011 ,     364770 ,                         1083 ,         55540.0  ,   25.36 ,        36477.0
India ,Cassava          ,2011 ,     364770 ,                         1083 ,         55540.0  ,   25.72 ,        36477.0
India ,Cassava          ,2011 ,     364770 ,                         1083 ,         55540.0  ,   25.63 ,        36477.0
India ,Cassava          ,2011 ,     364770 ,                         1083 ,         55540.0  ,   26.41 ,        36477.0
India ,Cassava          ,2011 ,     364770 ,                         1083 ,         55540.0  ,   27.41 ,        36477.0
India ,Cassava          ,2011 ,     364770 ,                         1083 ,         55540.0  ,   25.45 ,        36477.0
India ,Cassava          ,2011 ,     364770 ,                         1083 ,         55540.0  ,   25.92 ,        36477.0
India ,Cassava          ,2011 ,     364770 ,                         1083 ,         55540.0  ,   25.06 ,        36477.0
India ,Cassava          ,2011 ,     364770 ,                         1083 ,         55540.0  ,   24.35 ,        36477.0
India ,Cassava          ,2011 ,     364770 ,                         1083 ,         55540.0  ,   26.0  ,        36477.0
India ,Cassava          ,2011 ,     364770 ,                         1083 ,         55540.0  ,   25.63 ,        36477.0
India ,Cassava          ,2011 ,     364770 ,                         1083 ,         55540.0  ,   25.48 ,        36477.0
India ,Cassava          ,2011 ,     364770 ,                         1083 ,         55540.0  ,   25.16 ,        36477.0
India ,Cassava          ,2011 ,     364770 ,                         1083 ,         55540.0  ,   26.84 ,        36477.0
India ,Cassava          ,2011 ,     364770 ,                         1083 ,         55540.0  ,   24.5  ,        36477.0
India ,Cassava          ,2011 ,     364770 ,                         1083 ,         55540.0  ,   27.02 ,        36477.0
India ,Cassava          ,2011 ,     364770 ,                         1083 ,         55540.0  ,   27.02 ,        36477.0
India ,Cassava          ,2011 ,     364770 ,                         1083 ,         55540.0  ,   25.64 ,        36477.0
India ,Maize            ,2011 ,      24784 ,                         1083 ,         55540.0  ,   25.53 ,         2478.4
India ,Maize            ,2011 ,      24784 ,                         1083 ,         55540.0  ,   27.29 ,         2478.4
India ,Maize            ,2011 ,      24784 ,                         1083 ,         55540.0  ,   25.81 ,         2478.4
India ,Maize            ,2011 ,      24784 ,                         1083 ,         55540.0  ,   24.35 ,         2478.4
India ,Maize            ,2011 ,      24784 ,                         1083 ,         55540.0  ,   25.36 ,         2478.4
India ,Maize            ,2011 ,      24784 ,                         1083 ,         55540.0  ,   25.72 ,         2478.4
India ,Maize            ,2011 ,      24784 ,                         1083 ,         55540.0  ,   25.63 ,         2478.4
India ,Maize            ,2011 ,      24784 ,                         1083 ,         55540.0  ,   26.41 ,         2478.4
India ,Maize            ,2011 ,      24784 ,                         1083 ,         55540.0  ,   27.41 ,         2478.4
India ,Maize            ,2011 ,      24784 ,                         1083 ,         55540.0  ,   25.45 ,         2478.4
India ,Maize            ,2011 ,      24784 ,                         1083 ,         55540.0  ,   25.92 ,         2478.4
India ,Maize            ,2011 ,      24784 ,                         1083 ,         55540.0  ,   25.06 ,         2478.4
India ,Maize            ,2011 ,      24784 ,                         1083 ,         55540.0  ,   24.35 ,         2478.4
India ,Maize            ,2011 ,      24784 ,                         1083 ,         55540.0  ,   26.0  ,         2478.4
India ,Maize            ,2011 ,      24784 ,                         1083 ,         55540.0  ,   25.63 ,         2478.4
India ,Maize            ,2011 ,      24784 ,                         1083 ,         55540.0  ,   25.48 ,         2478.4
India ,Maize            ,2011 ,      24784 ,                         1083 ,         55540.0  ,   25.16 ,         2478.4
India ,Maize            ,2011 ,      24784 ,                         1083 ,         55540.0  ,   26.84 ,         2478.4
India ,Maize            ,2011 ,      24784 ,                         1083 ,         55540.0  ,   24.5  ,         2478.4
India ,Maize            ,2011 ,      24784 ,                         1083 ,         55540.0  ,   27.02 ,         2478.4
India ,Maize            ,2011 ,      24784 ,                         1083 ,         55540.0  ,   27.02 ,         2478.4
India ,Maize            ,2011 ,      24784 ,                         1083 ,         55540.0  ,   25.64 ,         2478.4
India ,Potatoes         ,2011 ,     227240 ,                         1083 ,         55540.0  ,   25.53 ,        22724.0
India ,Potatoes         ,2011 ,     227240 ,                         1083 ,         55540.0  ,   27.29 ,        22724.0
India ,Potatoes         ,2011 ,     227240 ,                         1083 ,         55540.0  ,   25.81 ,        22724.0
India ,Potatoes         ,2011 ,     227240 ,                         1083 ,         55540.0  ,   24.35 ,        22724.0
India ,Potatoes         ,2011 ,     227240 ,                         1083 ,         55540.0  ,   25.36 ,        22724.0
India ,Potatoes         ,2011 ,     227240 ,                         1083 ,         55540.0  ,   25.72 ,        22724.0
India ,Potatoes         ,2011 ,     227240 ,                         1083 ,         55540.0  ,   25.63 ,        22724.0
India ,Potatoes         ,2011 ,     227240 ,                         1083 ,         55540.0  ,   26.41 ,        22724.0
India ,Potatoes         ,2011 ,     227240 ,                         1083 ,         55540.0  ,   27.41 ,        22724.0
India ,Potatoes         ,2011 ,     227240 ,                         1083 ,         55540.0  ,   25.45 ,        22724.0
India ,Potatoes         ,2011 ,     227240 ,                         1083 ,         55540.0  ,   25.92 ,        22724.0
India ,Potatoes         ,2011 ,     227240 ,                         1083 ,         55540.0  ,   25.06 ,        22724.0
India ,Potatoes         ,2011 ,     227240 ,                         1083 ,         55540.0  ,   24.35 ,        22724.0
India ,Potatoes         ,2011 ,     227240 ,                         1083 ,         55540.0  ,   26.0  ,        22724.0
India ,Potatoes         ,2011 ,     227240 ,                         1083 ,         55540.0  ,   25.63 ,        22724.0
India ,Potatoes         ,2011 ,     227240 ,                         1083 ,         55540.0  ,   25.48 ,        22724.0
India ,Potatoes         ,2011 ,     227240 ,                         1083 ,         55540.0  ,   25.16 ,        22724.0
India ,Potatoes         ,2011 ,     227240 ,                         1083 ,         55540.0  ,   26.84 ,        22724.0
India ,Potatoes         ,2011 ,     227240 ,                         1083 ,         55540.0  ,   24.5  ,        22724.0
India ,Potatoes         ,2011 ,     227240 ,                         1083 ,         55540.0  ,   27.02 ,        22724.0
India ,Potatoes         ,2011 ,     227240 ,                         1083 ,         55540.0  ,   27.02 ,        22724.0
India ,Potatoes         ,2011 ,     227240 ,                         1083 ,         55540.0  ,   25.64 ,        22724.0
India ,"""Rice Paddy""" ,2011 ,      35878 ,                         1083 ,         55540.0  ,   25.53 ,         3587.8
India ,"""Rice Paddy""" ,2011 ,      35878 ,                         1083 ,         55540.0  ,   27.29 ,         3587.8
India ,"""Rice Paddy""" ,2011 ,      35878 ,                         1083 ,         55540.0  ,   25.81 ,         3587.8
India ,"""Rice Paddy""" ,2011 ,      35878 ,                         1083 ,         55540.0  ,   24.35 ,         3587.8
India ,"""Rice Paddy""" ,2011 ,      35878 ,                         1083 ,         55540.0  ,   25.36 ,         3587.8
India ,"""Rice Paddy""" ,2011 ,      35878 ,                         1083 ,         55540.0  ,   25.72 ,         3587.8
India ,"""Rice Paddy""" ,2011 ,      35878 ,                         1083 ,         55540.0  ,   25.63 ,         3587.8
India ,"""Rice Paddy""" ,2011 ,      35878 ,                         1083 ,         55540.0  ,   26.41 ,         3587.8
India ,"""Rice Paddy""" ,2011 ,      35878 ,                         1083 ,         55540.0  ,   27.41 ,         3587.8
India ,"""Rice Paddy""" ,2011 ,      35878 ,                         1083 ,         55540.0  ,   25.45 ,         3587.8
India ,"""Rice Paddy""" ,2011 ,      35878 ,                         1083 ,         55540.0  ,   25.92 ,         3587.8
India ,"""Rice Paddy""" ,2011 ,      35878 ,                         1083 ,         55540.0  ,   25.06 ,         3587.8
India ,"""Rice Paddy""" ,2011 ,      35878 ,                         1083 ,         55540.0  ,   24.35 ,         3587.8
India ,"""Rice Paddy""" ,2011 ,      35878 ,                         1083 ,         55540.0  ,   26.0  ,         3587.8
India ,"""Rice Paddy""" ,2011 ,      35878 ,                         1083 ,         55540.0  ,   25.63 ,         3587.8
India ,"""Rice Paddy""" ,2011 ,      35878 ,                         1083 ,         55540.0  ,   25.48 ,         3587.8
India ,"""Rice Paddy""" ,2011 ,      35878 ,                         1083 ,         55540.0  ,   25.16 ,         3587.8
India ,"""Rice Paddy""" ,2011 ,      35878 ,                         1083 ,         55540.0  ,   26.84 ,         3587.8
India ,"""Rice Paddy""" ,2011 ,      35878 ,                         1083 ,         55540.0  ,   24.5  ,         3587.8
India ,"""Rice Paddy""" ,2011 ,      35878 ,                         1083 ,         55540.0  ,   27.02 ,         3587.8
India ,"""Rice Paddy""" ,2011 ,      35878 ,                         1083 ,         55540.0  ,   27.02 ,         3587.8
India ,"""Rice Paddy""" ,2011 ,      35878 ,                         1083 ,         55540.0  ,   25.64 ,         3587.8
India ,Sorghum          ,2011 ,       9487 ,                         1083 ,         55540.0  ,   25.53 ,          948.7
India ,Sorghum          ,2011 ,       9487 ,                         1083 ,         55540.0  ,   27.29 ,          948.7
India ,Sorghum          ,2011 ,       9487 ,                         1083 ,         55540.0  ,   25.81 ,          948.7
India ,Sorghum          ,2011 ,       9487 ,                         1083 ,         55540.0  ,   24.35 ,          948.7
India ,Sorghum          ,2011 ,       9487 ,                         1083 ,         55540.0  ,   25.36 ,          948.7
India ,Sorghum          ,2011 ,       9487 ,                         1083 ,         55540.0  ,   25.72 ,          948.7
India ,Sorghum          ,2011 ,       9487 ,                         1083 ,         55540.0  ,   25.63 ,          948.7
India ,Sorghum          ,2011 ,       9487 ,                         1083 ,         55540.0  ,   26.41 ,          948.7
India ,Sorghum          ,2011 ,       9487 ,                         1083 ,         55540.0  ,   27.41 ,          948.7
India ,Sorghum          ,2011 ,       9487 ,                         1083 ,         55540.0  ,   25.45 ,          948.7
India ,Sorghum          ,2011 ,       9487 ,                         1083 ,         55540.0  ,   25.92 ,          948.7
India ,Sorghum          ,2011 ,       9487 ,                         1083 ,         55540.0  ,   25.06 ,          948.7
India ,Sorghum          ,2011 ,       9487 ,                         1083 ,         55540.0  ,   24.35 ,          948.7
India ,Sorghum          ,2011 ,       9487 ,                         1083 ,         55540.0  ,   26.0  ,          948.7
India ,Sorghum          ,2011 ,       9487 ,                         1083 ,         55540.0  ,   25.63 ,          948.7
India ,Sorghum          ,2011 ,       9487 ,                         1083 ,         55540.0  ,   25.48 ,          948.7
India ,Sorghum          ,2011 ,       9487 ,                         1083 ,         55540.0  ,   25.16 ,          948.7
India ,Sorghum          ,2011 ,       9487 ,                         1083 ,         55540.0  ,   26.84 ,          948.7
India ,Sorghum          ,2011 ,       9487 ,                         1083 ,         55540.0  ,   24.5  ,          948.7
India ,Sorghum          ,2011 ,       9487 ,                         1083 ,         55540.0  ,   27.02 ,          948.7
India ,Sorghum          ,2011 ,       9487 ,                         1083 ,         55540.0  ,   27.02 ,          948.7
India ,Sorghum          ,2011 ,       9487 ,                         1083 ,         55540.0  ,   25.64 ,          948.7
India ,Soybeans         ,2011 ,      11998 ,                         1083 ,         55540.0  ,   25.53 ,         1199.8
India ,Soybeans         ,2011 ,      11998 ,                         1083 ,         55540.0  ,   27.29 ,         1199.8
India ,Soybeans         ,2011 ,      11998 ,                         1083 ,         55540.0  ,   25.81 ,         1199.8
India ,Soybeans         ,2011 ,      11998 ,                         1083 ,         55540.0  ,   24.35 ,         1199.8
India ,Soybeans         ,2011 ,      11998 ,                         1083 ,         55540.0  ,   25.36 ,         1199.8
India ,Soybeans         ,2011 ,      11998 ,                         1083 ,         55540.0  ,   25.72 ,         1199.8
India ,Soybeans         ,2011 ,      11998 ,                         1083 ,         55540.0  ,   25.63 ,         1199.8
India ,Soybeans         ,2011 ,      11998 ,                         1083 ,         55540.0  ,   26.41 ,         1199.8
India ,Soybeans         ,2011 ,      11998 ,                         1083 ,         55540.0  ,   27.41 ,         1199.8
India ,Soybeans         ,2011 ,      11998 ,                         1083 ,         55540.0  ,   25.45 ,         1199.8
India ,Soybeans         ,2011 ,      11998 ,                         1083 ,         55540.0  ,   25.92 ,         1199.8
India ,Soybeans         ,2011 ,      11998 ,                         1083 ,         55540.0  ,   25.06 ,         1199.8
India ,Soybeans         ,2011 ,      11998 ,                         1083 ,         55540.0  ,   24.35 ,         1199.8
India ,Soybeans         ,2011 ,      11998 ,                         1083 ,         55540.0  ,   26.0  ,         1199.8
India ,Soybeans         ,2011 ,      11998 ,                         1083 ,         55540.0  ,   25.63 ,         1199.8
India ,Soybeans         ,2011 ,      11998 ,                         1083 ,         55540.0  ,   25.48 ,         1199.8
India ,Soybeans         ,2011 ,      11998 ,                         1083 ,         55540.0  ,   25.16 ,         1199.8
India ,Soybeans         ,2011 ,      11998 ,                         1083 ,         55540.0  ,   26.84 ,         1199.8
India ,Soybeans         ,2011 ,      11998 ,                         1083 ,         55540.0  ,   24.5  ,         1199.8
India ,Soybeans         ,2011 ,      11998 ,                         1083 ,         55540.0  ,   27.02 ,         1199.8
India ,Soybeans         ,2011 ,      11998 ,                         1083 ,         55540.0  ,   27.02 ,         1199.8
India ,Soybeans         ,2011 ,      11998 ,                         1083 ,         55540.0  ,   25.64 ,         1199.8
India ,Sweet Potatoes   ,2011 ,      92456 ,                         1083 ,         55540.0  ,   25.53 ,         9245.6
India ,Sweet Potatoes   ,2011 ,      92456 ,                         1083 ,         55540.0  ,   27.29 ,         9245.6
India ,Sweet Potatoes   ,2011 ,      92456 ,                         1083 ,         55540.0  ,   25.81 ,         9245.6
India ,Sweet Potatoes   ,2011 ,      92456 ,                         1083 ,         55540.0  ,   24.35 ,         9245.6
India ,Sweet Potatoes   ,2011 ,      92456 ,                         1083 ,         55540.0  ,   25.36 ,         9245.6
India ,Sweet Potatoes   ,2011 ,      92456 ,                         1083 ,         55540.0  ,   25.72 ,         9245.6
India ,Sweet Potatoes   ,2011 ,      92456 ,                         1083 ,         55540.0  ,   25.63 ,         9245.6
India ,Sweet Potatoes   ,2011 ,      92456 ,                         1083 ,         55540.0  ,   26.41 ,         9245.6
India ,Sweet Potatoes   ,2011 ,      92456 ,                         1083 ,         55540.0  ,   27.41 ,         9245.6
India ,Sweet Potatoes   ,2011 ,      92456 ,                         1083 ,         55540.0  ,   25.45 ,         9245.6
India ,Sweet Potatoes   ,2011 ,      92456 ,                         1083 ,         55540.0  ,   25.92 ,         9245.6
India ,Sweet Potatoes   ,2011 ,      92456 ,                         1083 ,         55540.0  ,   25.06 ,         9245.6
India ,Sweet Potatoes   ,2011 ,      92456 ,                         1083 ,         55540.0  ,   24.35 ,         9245.6
India ,Sweet Potatoes   ,2011 ,      92456 ,                         1083 ,         55540.0  ,   26.0  ,         9245.6
India ,Sweet Potatoes   ,2011 ,      92456 ,                         1083 ,         55540.0  ,   25.63 ,         9245.6
India ,Sweet Potatoes   ,2011 ,      92456 ,                         1083 ,         55540.0  ,   25.48 ,         9245.6
India ,Sweet Potatoes   ,2011 ,      92456 ,                         1083 ,         55540.0  ,   25.16 ,         9245.6
India ,Sweet Potatoes   ,2011 ,      92456 ,                         1083 ,         55540.0  ,   26.84 ,         9245.6
India ,Sweet Potatoes   ,2011 ,      92456 ,                         1083 ,         55540.0  ,   24.5  ,         9245.6
India ,Sweet Potatoes   ,2011 ,      92456 ,                         1083 ,         55540.0  ,   27.02 ,         9245.6
India ,Sweet Potatoes   ,2011 ,      92456 ,                         1083 ,         55540.0  ,   27.02 ,         9245.6
India ,Sweet Potatoes   ,2011 ,      92456 ,                         1083 ,         55540.0  ,   25.64 ,         9245.6
India ,Wheat            ,2011 ,      29886 ,                         1083 ,         55540.0  ,   25.53 ,         2988.6
India ,Wheat            ,2011 ,      29886 ,                         1083 ,         55540.0  ,   27.29 ,         2988.6
India ,Wheat            ,2011 ,      29886 ,                         1083 ,         55540.0  ,   25.81 ,         2988.6
India ,Wheat            ,2011 ,      29886 ,                         1083 ,         55540.0  ,   24.35 ,         2988.6
India ,Wheat            ,2011 ,      29886 ,                         1083 ,         55540.0  ,   25.36 ,         2988.6
India ,Wheat            ,2011 ,      29886 ,                         1083 ,         55540.0  ,   25.72 ,         2988.6
India ,Wheat            ,2011 ,      29886 ,                         1083 ,         55540.0  ,   25.63 ,         2988.6
India ,Wheat            ,2011 ,      29886 ,                         1083 ,         55540.0  ,   26.41 ,         2988.6
India ,Wheat            ,2011 ,      29886 ,                         1083 ,         55540.0  ,   27.41 ,         2988.6
India ,Wheat            ,2011 ,      29886 ,                         1083 ,         55540.0  ,   25.45 ,         2988.6
India ,Wheat            ,2011 ,      29886 ,                         1083 ,         55540.0  ,   25.92 ,         2988.6
India ,Wheat            ,2011 ,      29886 ,                         1083 ,         55540.0  ,   25.06 ,         2988.6
India ,Wheat            ,2011 ,      29886 ,                         1083 ,         55540.0  ,   24.35 ,         2988.6
India ,Wheat            ,2011 ,      29886 ,                         1083 ,         55540.0  ,   26.0  ,         2988.6
India ,Wheat            ,2011 ,      29886 ,                         1083 ,         55540.0  ,   25.63 ,         2988.6
India ,Wheat            ,2011 ,      29886 ,                         1083 ,         55540.0  ,   25.48 ,         2988.6
India ,Wheat            ,2011 ,      29886 ,                         1083 ,         55540.0  ,   25.16 ,         2988.6
India ,Wheat            ,2011 ,      29886 ,                         1083 ,         55540.0  ,   26.84 ,         2988.6
India ,Wheat            ,2011 ,      29886 ,                         1083 ,         55540.0  ,   24.5  ,         2988.6
India ,Wheat            ,2011 ,      29886 ,                         1083 ,         55540.0  ,   27.02 ,         2988.6
India ,Wheat            ,2011 ,      29886 ,                         1083 ,         55540.0  ,   27.02 ,         2988.6
India ,Wheat            ,2011 ,      29886 ,                         1083 ,         55540.0  ,   25.64 ,         2988.6
India ,Cassava          ,2012 ,     385818 ,                         1083 ,         52980.0  ,   25.86 ,        38581.8
India ,Cassava          ,2012 ,     385818 ,                         1083 ,         52980.0  ,   27.03 ,        38581.8
India ,Cassava          ,2012 ,     385818 ,                         1083 ,         52980.0  ,   26.21 ,        38581.8
India ,Cassava          ,2012 ,     385818 ,                         1083 ,         52980.0  ,   24.37 ,        38581.8
India ,Cassava          ,2012 ,     385818 ,                         1083 ,         52980.0  ,   26.04 ,        38581.8
India ,Cassava          ,2012 ,     385818 ,                         1083 ,         52980.0  ,   25.82 ,        38581.8
India ,Cassava          ,2012 ,     385818 ,                         1083 ,         52980.0  ,   25.89 ,        38581.8
India ,Cassava          ,2012 ,     385818 ,                         1083 ,         52980.0  ,   26.94 ,        38581.8
India ,Cassava          ,2012 ,     385818 ,                         1083 ,         52980.0  ,   28.02 ,        38581.8
India ,Cassava          ,2012 ,     385818 ,                         1083 ,         52980.0  ,   25.39 ,        38581.8
India ,Cassava          ,2012 ,     385818 ,                         1083 ,         52980.0  ,   25.88 ,        38581.8
India ,Cassava          ,2012 ,     385818 ,                         1083 ,         52980.0  ,   25.45 ,        38581.8
India ,Cassava          ,2012 ,     385818 ,                         1083 ,         52980.0  ,   24.37 ,        38581.8
India ,Cassava          ,2012 ,     385818 ,                         1083 ,         52980.0  ,   26.33 ,        38581.8
India ,Cassava          ,2012 ,     385818 ,                         1083 ,         52980.0  ,   25.89 ,        38581.8
India ,Cassava          ,2012 ,     385818 ,                         1083 ,         52980.0  ,   25.98 ,        38581.8
India ,Cassava          ,2012 ,     385818 ,                         1083 ,         52980.0  ,   25.3  ,        38581.8
India ,Cassava          ,2012 ,     385818 ,                         1083 ,         52980.0  ,   26.65 ,        38581.8
India ,Cassava          ,2012 ,     385818 ,                         1083 ,         52980.0  ,   25.09 ,        38581.8
India ,Cassava          ,2012 ,     385818 ,                         1083 ,         52980.0  ,   26.89 ,        38581.8
India ,Cassava          ,2012 ,     385818 ,                         1083 ,         52980.0  ,   26.89 ,        38581.8
India ,Cassava          ,2012 ,     385818 ,                         1083 ,         52980.0  ,   26.09 ,        38581.8
India ,Maize            ,2012 ,      25557 ,                         1083 ,         52980.0  ,   25.86 ,         2555.7
India ,Maize            ,2012 ,      25557 ,                         1083 ,         52980.0  ,   27.03 ,         2555.7
India ,Maize            ,2012 ,      25557 ,                         1083 ,         52980.0  ,   26.21 ,         2555.7
India ,Maize            ,2012 ,      25557 ,                         1083 ,         52980.0  ,   24.37 ,         2555.7
India ,Maize            ,2012 ,      25557 ,                         1083 ,         52980.0  ,   26.04 ,         2555.7
India ,Maize            ,2012 ,      25557 ,                         1083 ,         52980.0  ,   25.82 ,         2555.7
India ,Maize            ,2012 ,      25557 ,                         1083 ,         52980.0  ,   25.89 ,         2555.7
India ,Maize            ,2012 ,      25557 ,                         1083 ,         52980.0  ,   26.94 ,         2555.7
India ,Maize            ,2012 ,      25557 ,                         1083 ,         52980.0  ,   28.02 ,         2555.7
India ,Maize            ,2012 ,      25557 ,                         1083 ,         52980.0  ,   25.39 ,         2555.7
India ,Maize            ,2012 ,      25557 ,                         1083 ,         52980.0  ,   25.88 ,         2555.7
India ,Maize            ,2012 ,      25557 ,                         1083 ,         52980.0  ,   25.45 ,         2555.7
India ,Maize            ,2012 ,      25557 ,                         1083 ,         52980.0  ,   24.37 ,         2555.7
India ,Maize            ,2012 ,      25557 ,                         1083 ,         52980.0  ,   26.33 ,         2555.7
India ,Maize            ,2012 ,      25557 ,                         1083 ,         52980.0  ,   25.89 ,         2555.7
India ,Maize            ,2012 ,      25557 ,                         1083 ,         52980.0  ,   25.98 ,         2555.7
India ,Maize            ,2012 ,      25557 ,                         1083 ,         52980.0  ,   25.3  ,         2555.7
India ,Maize            ,2012 ,      25557 ,                         1083 ,         52980.0  ,   26.65 ,         2555.7
India ,Maize            ,2012 ,      25557 ,                         1083 ,         52980.0  ,   25.09 ,         2555.7
India ,Maize            ,2012 ,      25557 ,                         1083 ,         52980.0  ,   26.89 ,         2555.7
India ,Maize            ,2012 ,      25557 ,                         1083 ,         52980.0  ,   26.89 ,         2555.7
India ,Maize            ,2012 ,      25557 ,                         1083 ,         52980.0  ,   26.09 ,         2555.7
India ,Potatoes         ,2012 ,     217530 ,                         1083 ,         52980.0  ,   25.86 ,        21753.0
India ,Potatoes         ,2012 ,     217530 ,                         1083 ,         52980.0  ,   27.03 ,        21753.0
India ,Potatoes         ,2012 ,     217530 ,                         1083 ,         52980.0  ,   26.21 ,        21753.0
India ,Potatoes         ,2012 ,     217530 ,                         1083 ,         52980.0  ,   24.37 ,        21753.0
India ,Potatoes         ,2012 ,     217530 ,                         1083 ,         52980.0  ,   26.04 ,        21753.0
India ,Potatoes         ,2012 ,     217530 ,                         1083 ,         52980.0  ,   25.82 ,        21753.0
India ,Potatoes         ,2012 ,     217530 ,                         1083 ,         52980.0  ,   25.89 ,        21753.0
India ,Potatoes         ,2012 ,     217530 ,                         1083 ,         52980.0  ,   26.94 ,        21753.0
India ,Potatoes         ,2012 ,     217530 ,                         1083 ,         52980.0  ,   28.02 ,        21753.0
India ,Potatoes         ,2012 ,     217530 ,                         1083 ,         52980.0  ,   25.39 ,        21753.0
India ,Potatoes         ,2012 ,     217530 ,                         1083 ,         52980.0  ,   25.88 ,        21753.0
India ,Potatoes         ,2012 ,     217530 ,                         1083 ,         52980.0  ,   25.45 ,        21753.0
India ,Potatoes         ,2012 ,     217530 ,                         1083 ,         52980.0  ,   24.37 ,        21753.0
India ,Potatoes         ,2012 ,     217530 ,                         1083 ,         52980.0  ,   26.33 ,        21753.0
India ,Potatoes         ,2012 ,     217530 ,                         1083 ,         52980.0  ,   25.89 ,        21753.0
India ,Potatoes         ,2012 ,     217530 ,                         1083 ,         52980.0  ,   25.98 ,        21753.0
India ,Potatoes         ,2012 ,     217530 ,                         1083 ,         52980.0  ,   25.3  ,        21753.0
India ,Potatoes         ,2012 ,     217530 ,                         1083 ,         52980.0  ,   26.65 ,        21753.0
India ,Potatoes         ,2012 ,     217530 ,                         1083 ,         52980.0  ,   25.09 ,        21753.0
India ,Potatoes         ,2012 ,     217530 ,                         1083 ,         52980.0  ,   26.89 ,        21753.0
India ,Potatoes         ,2012 ,     217530 ,                         1083 ,         52980.0  ,   26.89 ,        21753.0
India ,Potatoes         ,2012 ,     217530 ,                         1083 ,         52980.0  ,   26.09 ,        21753.0
India ,"""Rice Paddy""" ,2012 ,      36909 ,                         1083 ,         52980.0  ,   25.86 ,         3690.9
India ,"""Rice Paddy""" ,2012 ,      36909 ,                         1083 ,         52980.0  ,   27.03 ,         3690.9
India ,"""Rice Paddy""" ,2012 ,      36909 ,                         1083 ,         52980.0  ,   26.21 ,         3690.9
India ,"""Rice Paddy""" ,2012 ,      36909 ,                         1083 ,         52980.0  ,   24.37 ,         3690.9
India ,"""Rice Paddy""" ,2012 ,      36909 ,                         1083 ,         52980.0  ,   26.04 ,         3690.9
India ,"""Rice Paddy""" ,2012 ,      36909 ,                         1083 ,         52980.0  ,   25.82 ,         3690.9
India ,"""Rice Paddy""" ,2012 ,      36909 ,                         1083 ,         52980.0  ,   25.89 ,         3690.9
India ,"""Rice Paddy""" ,2012 ,      36909 ,                         1083 ,         52980.0  ,   26.94 ,         3690.9
India ,"""Rice Paddy""" ,2012 ,      36909 ,                         1083 ,         52980.0  ,   28.02 ,         3690.9
India ,"""Rice Paddy""" ,2012 ,      36909 ,                         1083 ,         52980.0  ,   25.39 ,         3690.9
India ,"""Rice Paddy""" ,2012 ,      36909 ,                         1083 ,         52980.0  ,   25.88 ,         3690.9
India ,"""Rice Paddy""" ,2012 ,      36909 ,                         1083 ,         52980.0  ,   25.45 ,         3690.9
India ,"""Rice Paddy""" ,2012 ,      36909 ,                         1083 ,         52980.0  ,   24.37 ,         3690.9
India ,"""Rice Paddy""" ,2012 ,      36909 ,                         1083 ,         52980.0  ,   26.33 ,         3690.9
India ,"""Rice Paddy""" ,2012 ,      36909 ,                         1083 ,         52980.0  ,   25.89 ,         3690.9
India ,"""Rice Paddy""" ,2012 ,      36909 ,                         1083 ,         52980.0  ,   25.98 ,         3690.9
India ,"""Rice Paddy""" ,2012 ,      36909 ,                         1083 ,         52980.0  ,   25.3  ,         3690.9
India ,"""Rice Paddy""" ,2012 ,      36909 ,                         1083 ,         52980.0  ,   26.65 ,         3690.9
India ,"""Rice Paddy""" ,2012 ,      36909 ,                         1083 ,         52980.0  ,   25.09 ,         3690.9
India ,"""Rice Paddy""" ,2012 ,      36909 ,                         1083 ,         52980.0  ,   26.89 ,         3690.9
India ,"""Rice Paddy""" ,2012 ,      36909 ,                         1083 ,         52980.0  ,   26.89 ,         3690.9
India ,"""Rice Paddy""" ,2012 ,      36909 ,                         1083 ,         52980.0  ,   26.09 ,         3690.9
India ,Sorghum          ,2012 ,       9568 ,                         1083 ,         52980.0  ,   25.86 ,          956.8
India ,Sorghum          ,2012 ,       9568 ,                         1083 ,         52980.0  ,   27.03 ,          956.8
India ,Sorghum          ,2012 ,       9568 ,                         1083 ,         52980.0  ,   26.21 ,          956.8
India ,Sorghum          ,2012 ,       9568 ,                         1083 ,         52980.0  ,   24.37 ,          956.8
India ,Sorghum          ,2012 ,       9568 ,                         1083 ,         52980.0  ,   26.04 ,          956.8
India ,Sorghum          ,2012 ,       9568 ,                         1083 ,         52980.0  ,   25.82 ,          956.8
India ,Sorghum          ,2012 ,       9568 ,                         1083 ,         52980.0  ,   25.89 ,          956.8
India ,Sorghum          ,2012 ,       9568 ,                         1083 ,         52980.0  ,   26.94 ,          956.8
India ,Sorghum          ,2012 ,       9568 ,                         1083 ,         52980.0  ,   28.02 ,          956.8
India ,Sorghum          ,2012 ,       9568 ,                         1083 ,         52980.0  ,   25.39 ,          956.8
India ,Sorghum          ,2012 ,       9568 ,                         1083 ,         52980.0  ,   25.88 ,          956.8
India ,Sorghum          ,2012 ,       9568 ,                         1083 ,         52980.0  ,   25.45 ,          956.8
India ,Sorghum          ,2012 ,       9568 ,                         1083 ,         52980.0  ,   24.37 ,          956.8
India ,Sorghum          ,2012 ,       9568 ,                         1083 ,         52980.0  ,   26.33 ,          956.8
India ,Sorghum          ,2012 ,       9568 ,                         1083 ,         52980.0  ,   25.89 ,          956.8
India ,Sorghum          ,2012 ,       9568 ,                         1083 ,         52980.0  ,   25.98 ,          956.8
India ,Sorghum          ,2012 ,       9568 ,                         1083 ,         52980.0  ,   25.3  ,          956.8
India ,Sorghum          ,2012 ,       9568 ,                         1083 ,         52980.0  ,   26.65 ,          956.8
India ,Sorghum          ,2012 ,       9568 ,                         1083 ,         52980.0  ,   25.09 ,          956.8
India ,Sorghum          ,2012 ,       9568 ,                         1083 ,         52980.0  ,   26.89 ,          956.8
India ,Sorghum          ,2012 ,       9568 ,                         1083 ,         52980.0  ,   26.89 ,          956.8
India ,Sorghum          ,2012 ,       9568 ,                         1083 ,         52980.0  ,   26.09 ,          956.8
India ,Soybeans         ,2012 ,      13530 ,                         1083 ,         52980.0  ,   25.86 ,         1353.0
India ,Soybeans         ,2012 ,      13530 ,                         1083 ,         52980.0  ,   27.03 ,         1353.0
India ,Soybeans         ,2012 ,      13530 ,                         1083 ,         52980.0  ,   26.21 ,         1353.0
India ,Soybeans         ,2012 ,      13530 ,                         1083 ,         52980.0  ,   24.37 ,         1353.0
India ,Soybeans         ,2012 ,      13530 ,                         1083 ,         52980.0  ,   26.04 ,         1353.0
India ,Soybeans         ,2012 ,      13530 ,                         1083 ,         52980.0  ,   25.82 ,         1353.0
India ,Soybeans         ,2012 ,      13530 ,                         1083 ,         52980.0  ,   25.89 ,         1353.0
India ,Soybeans         ,2012 ,      13530 ,                         1083 ,         52980.0  ,   26.94 ,         1353.0
India ,Soybeans         ,2012 ,      13530 ,                         1083 ,         52980.0  ,   28.02 ,         1353.0
India ,Soybeans         ,2012 ,      13530 ,                         1083 ,         52980.0  ,   25.39 ,         1353.0
India ,Soybeans         ,2012 ,      13530 ,                         1083 ,         52980.0  ,   25.88 ,         1353.0
India ,Soybeans         ,2012 ,      13530 ,                         1083 ,         52980.0  ,   25.45 ,         1353.0
India ,Soybeans         ,2012 ,      13530 ,                         1083 ,         52980.0  ,   24.37 ,         1353.0
India ,Soybeans         ,2012 ,      13530 ,                         1083 ,         52980.0  ,   26.33 ,         1353.0
India ,Soybeans         ,2012 ,      13530 ,                         1083 ,         52980.0  ,   25.89 ,         1353.0
India ,Soybeans         ,2012 ,      13530 ,                         1083 ,         52980.0  ,   25.98 ,         1353.0
India ,Soybeans         ,2012 ,      13530 ,                         1083 ,         52980.0  ,   25.3  ,         1353.0
India ,Soybeans         ,2012 ,      13530 ,                         1083 ,         52980.0  ,   26.65 ,         1353.0
India ,Soybeans         ,2012 ,      13530 ,                         1083 ,         52980.0  ,   25.09 ,         1353.0
India ,Soybeans         ,2012 ,      13530 ,                         1083 ,         52980.0  ,   26.89 ,         1353.0
India ,Soybeans         ,2012 ,      13530 ,                         1083 ,         52980.0  ,   26.89 ,         1353.0
India ,Soybeans         ,2012 ,      13530 ,                         1083 ,         52980.0  ,   26.09 ,         1353.0
India ,Sweet Potatoes   ,2012 ,      97174 ,                         1083 ,         52980.0  ,   25.86 ,         9717.4
India ,Sweet Potatoes   ,2012 ,      97174 ,                         1083 ,         52980.0  ,   27.03 ,         9717.4
India ,Sweet Potatoes   ,2012 ,      97174 ,                         1083 ,         52980.0  ,   26.21 ,         9717.4
India ,Sweet Potatoes   ,2012 ,      97174 ,                         1083 ,         52980.0  ,   24.37 ,         9717.4
India ,Sweet Potatoes   ,2012 ,      97174 ,                         1083 ,         52980.0  ,   26.04 ,         9717.4
India ,Sweet Potatoes   ,2012 ,      97174 ,                         1083 ,         52980.0  ,   25.82 ,         9717.4
India ,Sweet Potatoes   ,2012 ,      97174 ,                         1083 ,         52980.0  ,   25.89 ,         9717.4
India ,Sweet Potatoes   ,2012 ,      97174 ,                         1083 ,         52980.0  ,   26.94 ,         9717.4
India ,Sweet Potatoes   ,2012 ,      97174 ,                         1083 ,         52980.0  ,   28.02 ,         9717.4
India ,Sweet Potatoes   ,2012 ,      97174 ,                         1083 ,         52980.0  ,   25.39 ,         9717.4
India ,Sweet Potatoes   ,2012 ,      97174 ,                         1083 ,         52980.0  ,   25.88 ,         9717.4
India ,Sweet Potatoes   ,2012 ,      97174 ,                         1083 ,         52980.0  ,   25.45 ,         9717.4
India ,Sweet Potatoes   ,2012 ,      97174 ,                         1083 ,         52980.0  ,   24.37 ,         9717.4
India ,Sweet Potatoes   ,2012 ,      97174 ,                         1083 ,         52980.0  ,   26.33 ,         9717.4
India ,Sweet Potatoes   ,2012 ,      97174 ,                         1083 ,         52980.0  ,   25.89 ,         9717.4
India ,Sweet Potatoes   ,2012 ,      97174 ,                         1083 ,         52980.0  ,   25.98 ,         9717.4
India ,Sweet Potatoes   ,2012 ,      97174 ,                         1083 ,         52980.0  ,   25.3  ,         9717.4
India ,Sweet Potatoes   ,2012 ,      97174 ,                         1083 ,         52980.0  ,   26.65 ,         9717.4
India ,Sweet Potatoes   ,2012 ,      97174 ,                         1083 ,         52980.0  ,   25.09 ,         9717.4
India ,Sweet Potatoes   ,2012 ,      97174 ,                         1083 ,         52980.0  ,   26.89 ,         9717.4
India ,Sweet Potatoes   ,2012 ,      97174 ,                         1083 ,         52980.0  ,   26.89 ,         9717.4
India ,Sweet Potatoes   ,2012 ,      97174 ,                         1083 ,         52980.0  ,   26.09 ,         9717.4
India ,Wheat            ,2012 ,      31775 ,                         1083 ,         52980.0  ,   25.86 ,         3177.5
India ,Wheat            ,2012 ,      31775 ,                         1083 ,         52980.0  ,   27.03 ,         3177.5
India ,Wheat            ,2012 ,      31775 ,                         1083 ,         52980.0  ,   26.21 ,         3177.5
India ,Wheat            ,2012 ,      31775 ,                         1083 ,         52980.0  ,   24.37 ,         3177.5
India ,Wheat            ,2012 ,      31775 ,                         1083 ,         52980.0  ,   26.04 ,         3177.5
India ,Wheat            ,2012 ,      31775 ,                         1083 ,         52980.0  ,   25.82 ,         3177.5
India ,Wheat            ,2012 ,      31775 ,                         1083 ,         52980.0  ,   25.89 ,         3177.5
India ,Wheat            ,2012 ,      31775 ,                         1083 ,         52980.0  ,   26.94 ,         3177.5
India ,Wheat            ,2012 ,      31775 ,                         1083 ,         52980.0  ,   28.02 ,         3177.5
India ,Wheat            ,2012 ,      31775 ,                         1083 ,         52980.0  ,   25.39 ,         3177.5
India ,Wheat            ,2012 ,      31775 ,                         1083 ,         52980.0  ,   25.88 ,         3177.5
India ,Wheat            ,2012 ,      31775 ,                         1083 ,         52980.0  ,   25.45 ,         3177.5
India ,Wheat            ,2012 ,      31775 ,                         1083 ,         52980.0  ,   24.37 ,         3177.5
India ,Wheat            ,2012 ,      31775 ,                         1083 ,         52980.0  ,   26.33 ,         3177.5
India ,Wheat            ,2012 ,      31775 ,                         1083 ,         52980.0  ,   25.89 ,         3177.5
India ,Wheat            ,2012 ,      31775 ,                         1083 ,         52980.0  ,   25.98 ,         3177.5
India ,Wheat            ,2012 ,      31775 ,                         1083 ,         52980.0  ,   25.3  ,         3177.5
India ,Wheat            ,2012 ,      31775 ,                         1083 ,         52980.0  ,   26.65 ,         3177.5
India ,Wheat            ,2012 ,      31775 ,                         1083 ,         52980.0  ,   25.09 ,         3177.5
India ,Wheat            ,2012 ,      31775 ,                         1083 ,         52980.0  ,   26.89 ,         3177.5
India ,Wheat            ,2012 ,      31775 ,                         1083 ,         52980.0  ,   26.89 ,         3177.5
India ,Wheat            ,2012 ,      31775 ,                         1083 ,         52980.0  ,   26.09 ,         3177.5
India ,Cassava          ,2013 ,     349594 ,                         1083 ,         45620.0  ,   26.69 ,        34959.4
India ,Cassava          ,2013 ,     349594 ,                         1083 ,         45620.0  ,   27.61 ,        34959.4
India ,Cassava          ,2013 ,     349594 ,                         1083 ,         45620.0  ,   27.1  ,        34959.4
India ,Cassava          ,2013 ,     349594 ,                         1083 ,         45620.0  ,   25.44 ,        34959.4
India ,Cassava          ,2013 ,     349594 ,                         1083 ,         45620.0  ,   26.61 ,        34959.4
India ,Cassava          ,2013 ,     349594 ,                         1083 ,         45620.0  ,   26.37 ,        34959.4
India ,Cassava          ,2013 ,     349594 ,                         1083 ,         45620.0  ,   26.71 ,        34959.4
India ,Cassava          ,2013 ,     349594 ,                         1083 ,         45620.0  ,   27.37 ,        34959.4
India ,Cassava          ,2013 ,     349594 ,                         1083 ,         45620.0  ,   28.85 ,        34959.4
India ,Cassava          ,2013 ,     349594 ,                         1083 ,         45620.0  ,   25.94 ,        34959.4
India ,Cassava          ,2013 ,     349594 ,                         1083 ,         45620.0  ,   26.84 ,        34959.4
India ,Cassava          ,2013 ,     349594 ,                         1083 ,         45620.0  ,   26.12 ,        34959.4
India ,Cassava          ,2013 ,     349594 ,                         1083 ,         45620.0  ,   25.44 ,        34959.4
India ,Cassava          ,2013 ,     349594 ,                         1083 ,         45620.0  ,   27.11 ,        34959.4
India ,Cassava          ,2013 ,     349594 ,                         1083 ,         45620.0  ,   26.71 ,        34959.4
India ,Cassava          ,2013 ,     349594 ,                         1083 ,         45620.0  ,   26.79 ,        34959.4
India ,Cassava          ,2013 ,     349594 ,                         1083 ,         45620.0  ,   25.85 ,        34959.4
India ,Cassava          ,2013 ,     349594 ,                         1083 ,         45620.0  ,   27.14 ,        34959.4
India ,Cassava          ,2013 ,     349594 ,                         1083 ,         45620.0  ,   25.98 ,        34959.4
India ,Cassava          ,2013 ,     349594 ,                         1083 ,         45620.0  ,   27.44 ,        34959.4
India ,Cassava          ,2013 ,     349594 ,                         1083 ,         45620.0  ,   27.44 ,        34959.4
India ,Cassava          ,2013 ,     349594 ,                         1083 ,         45620.0  ,   26.99 ,        34959.4
India ,Maize            ,2013 ,      25726 ,                         1083 ,         45620.0  ,   26.69 ,         2572.6
India ,Maize            ,2013 ,      25726 ,                         1083 ,         45620.0  ,   27.61 ,         2572.6
India ,Maize            ,2013 ,      25726 ,                         1083 ,         45620.0  ,   27.1  ,         2572.6
India ,Maize            ,2013 ,      25726 ,                         1083 ,         45620.0  ,   25.44 ,         2572.6
India ,Maize            ,2013 ,      25726 ,                         1083 ,         45620.0  ,   26.61 ,         2572.6
India ,Maize            ,2013 ,      25726 ,                         1083 ,         45620.0  ,   26.37 ,         2572.6
India ,Maize            ,2013 ,      25726 ,                         1083 ,         45620.0  ,   26.71 ,         2572.6
India ,Maize            ,2013 ,      25726 ,                         1083 ,         45620.0  ,   27.37 ,         2572.6
India ,Maize            ,2013 ,      25726 ,                         1083 ,         45620.0  ,   28.85 ,         2572.6
India ,Maize            ,2013 ,      25726 ,                         1083 ,         45620.0  ,   25.94 ,         2572.6
India ,Maize            ,2013 ,      25726 ,                         1083 ,         45620.0  ,   26.84 ,         2572.6
India ,Maize            ,2013 ,      25726 ,                         1083 ,         45620.0  ,   26.12 ,         2572.6
India ,Maize            ,2013 ,      25726 ,                         1083 ,         45620.0  ,   25.44 ,         2572.6
India ,Maize            ,2013 ,      25726 ,                         1083 ,         45620.0  ,   27.11 ,         2572.6
India ,Maize            ,2013 ,      25726 ,                         1083 ,         45620.0  ,   26.71 ,         2572.6
India ,Maize            ,2013 ,      25726 ,                         1083 ,         45620.0  ,   26.79 ,         2572.6
India ,Maize            ,2013 ,      25726 ,                         1083 ,         45620.0  ,   25.85 ,         2572.6
India ,Maize            ,2013 ,      25726 ,                         1083 ,         45620.0  ,   27.14 ,         2572.6
India ,Maize            ,2013 ,      25726 ,                         1083 ,         45620.0  ,   25.98 ,         2572.6
India ,Maize            ,2013 ,      25726 ,                         1083 ,         45620.0  ,   27.44 ,         2572.6
India ,Maize            ,2013 ,      25726 ,                         1083 ,         45620.0  ,   27.44 ,         2572.6
India ,Maize            ,2013 ,      25726 ,                         1083 ,         45620.0  ,   26.99 ,         2572.6
India ,Potatoes         ,2013 ,     227606 ,                         1083 ,         45620.0  ,   26.69 ,        22760.6
India ,Potatoes         ,2013 ,     227606 ,                         1083 ,         45620.0  ,   27.61 ,        22760.6
India ,Potatoes         ,2013 ,     227606 ,                         1083 ,         45620.0  ,   27.1  ,        22760.6
India ,Potatoes         ,2013 ,     227606 ,                         1083 ,         45620.0  ,   25.44 ,        22760.6
India ,Potatoes         ,2013 ,     227606 ,                         1083 ,         45620.0  ,   26.61 ,        22760.6
India ,Potatoes         ,2013 ,     227606 ,                         1083 ,         45620.0  ,   26.37 ,        22760.6
India ,Potatoes         ,2013 ,     227606 ,                         1083 ,         45620.0  ,   26.71 ,        22760.6
India ,Potatoes         ,2013 ,     227606 ,                         1083 ,         45620.0  ,   27.37 ,        22760.6
India ,Potatoes         ,2013 ,     227606 ,                         1083 ,         45620.0  ,   28.85 ,        22760.6
India ,Potatoes         ,2013 ,     227606 ,                         1083 ,         45620.0  ,   25.94 ,        22760.6
India ,Potatoes         ,2013 ,     227606 ,                         1083 ,         45620.0  ,   26.84 ,        22760.6
India ,Potatoes         ,2013 ,     227606 ,                         1083 ,         45620.0  ,   26.12 ,        22760.6
India ,Potatoes         ,2013 ,     227606 ,                         1083 ,         45620.0  ,   25.44 ,        22760.6
India ,Potatoes         ,2013 ,     227606 ,                         1083 ,         45620.0  ,   27.11 ,        22760.6
India ,Potatoes         ,2013 ,     227606 ,                         1083 ,         45620.0  ,   26.71 ,        22760.6
India ,Potatoes         ,2013 ,     227606 ,                         1083 ,         45620.0  ,   26.79 ,        22760.6
India ,Potatoes         ,2013 ,     227606 ,                         1083 ,         45620.0  ,   25.85 ,        22760.6
India ,Potatoes         ,2013 ,     227606 ,                         1083 ,         45620.0  ,   27.14 ,        22760.6
India ,Potatoes         ,2013 ,     227606 ,                         1083 ,         45620.0  ,   25.98 ,        22760.6
India ,Potatoes         ,2013 ,     227606 ,                         1083 ,         45620.0  ,   27.44 ,        22760.6
India ,Potatoes         ,2013 ,     227606 ,                         1083 ,         45620.0  ,   27.44 ,        22760.6
India ,Potatoes         ,2013 ,     227606 ,                         1083 ,         45620.0  ,   26.99 ,        22760.6
India ,"""Rice Paddy""" ,2013 ,      36070 ,                         1083 ,         45620.0  ,   26.69 ,         3607.0
India ,"""Rice Paddy""" ,2013 ,      36070 ,                         1083 ,         45620.0  ,   27.61 ,         3607.0
India ,"""Rice Paddy""" ,2013 ,      36070 ,                         1083 ,         45620.0  ,   27.1  ,         3607.0
India ,"""Rice Paddy""" ,2013 ,      36070 ,                         1083 ,         45620.0  ,   25.44 ,         3607.0
India ,"""Rice Paddy""" ,2013 ,      36070 ,                         1083 ,         45620.0  ,   26.61 ,         3607.0
India ,"""Rice Paddy""" ,2013 ,      36070 ,                         1083 ,         45620.0  ,   26.37 ,         3607.0
India ,"""Rice Paddy""" ,2013 ,      36070 ,                         1083 ,         45620.0  ,   26.71 ,         3607.0
India ,"""Rice Paddy""" ,2013 ,      36070 ,                         1083 ,         45620.0  ,   27.37 ,         3607.0
India ,"""Rice Paddy""" ,2013 ,      36070 ,                         1083 ,         45620.0  ,   28.85 ,         3607.0
India ,"""Rice Paddy""" ,2013 ,      36070 ,                         1083 ,         45620.0  ,   25.94 ,         3607.0
India ,"""Rice Paddy""" ,2013 ,      36070 ,                         1083 ,         45620.0  ,   26.84 ,         3607.0
India ,"""Rice Paddy""" ,2013 ,      36070 ,                         1083 ,         45620.0  ,   26.12 ,         3607.0
India ,"""Rice Paddy""" ,2013 ,      36070 ,                         1083 ,         45620.0  ,   25.44 ,         3607.0
India ,"""Rice Paddy""" ,2013 ,      36070 ,                         1083 ,         45620.0  ,   27.11 ,         3607.0
India ,"""Rice Paddy""" ,2013 ,      36070 ,                         1083 ,         45620.0  ,   26.71 ,         3607.0
India ,"""Rice Paddy""" ,2013 ,      36070 ,                         1083 ,         45620.0  ,   26.79 ,         3607.0
India ,"""Rice Paddy""" ,2013 ,      36070 ,                         1083 ,         45620.0  ,   25.85 ,         3607.0
India ,"""Rice Paddy""" ,2013 ,      36070 ,                         1083 ,         45620.0  ,   27.14 ,         3607.0
India ,"""Rice Paddy""" ,2013 ,      36070 ,                         1083 ,         45620.0  ,   25.98 ,         3607.0
India ,"""Rice Paddy""" ,2013 ,      36070 ,                         1083 ,         45620.0  ,   27.44 ,         3607.0
India ,"""Rice Paddy""" ,2013 ,      36070 ,                         1083 ,         45620.0  ,   27.44 ,         3607.0
India ,"""Rice Paddy""" ,2013 ,      36070 ,                         1083 ,         45620.0  ,   26.99 ,         3607.0
India ,Sorghum          ,2013 ,       8502 ,                         1083 ,         45620.0  ,   26.69 ,          850.2
India ,Sorghum          ,2013 ,       8502 ,                         1083 ,         45620.0  ,   27.61 ,          850.2
India ,Sorghum          ,2013 ,       8502 ,                         1083 ,         45620.0  ,   27.1  ,          850.2
India ,Sorghum          ,2013 ,       8502 ,                         1083 ,         45620.0  ,   25.44 ,          850.2
India ,Sorghum          ,2013 ,       8502 ,                         1083 ,         45620.0  ,   26.61 ,          850.2
India ,Sorghum          ,2013 ,       8502 ,                         1083 ,         45620.0  ,   26.37 ,          850.2
India ,Sorghum          ,2013 ,       8502 ,                         1083 ,         45620.0  ,   26.71 ,          850.2
India ,Sorghum          ,2013 ,       8502 ,                         1083 ,         45620.0  ,   27.37 ,          850.2
India ,Sorghum          ,2013 ,       8502 ,                         1083 ,         45620.0  ,   28.85 ,          850.2
India ,Sorghum          ,2013 ,       8502 ,                         1083 ,         45620.0  ,   25.94 ,          850.2
India ,Sorghum          ,2013 ,       8502 ,                         1083 ,         45620.0  ,   26.84 ,          850.2
India ,Sorghum          ,2013 ,       8502 ,                         1083 ,         45620.0  ,   26.12 ,          850.2
India ,Sorghum          ,2013 ,       8502 ,                         1083 ,         45620.0  ,   25.44 ,          850.2
India ,Sorghum          ,2013 ,       8502 ,                         1083 ,         45620.0  ,   27.11 ,          850.2
India ,Sorghum          ,2013 ,       8502 ,                         1083 ,         45620.0  ,   26.71 ,          850.2
India ,Sorghum          ,2013 ,       8502 ,                         1083 ,         45620.0  ,   26.79 ,          850.2
India ,Sorghum          ,2013 ,       8502 ,                         1083 ,         45620.0  ,   25.85 ,          850.2
India ,Sorghum          ,2013 ,       8502 ,                         1083 ,         45620.0  ,   27.14 ,          850.2
India ,Sorghum          ,2013 ,       8502 ,                         1083 ,         45620.0  ,   25.98 ,          850.2
India ,Sorghum          ,2013 ,       8502 ,                         1083 ,         45620.0  ,   27.44 ,          850.2
India ,Sorghum          ,2013 ,       8502 ,                         1083 ,         45620.0  ,   27.44 ,          850.2
India ,Sorghum          ,2013 ,       8502 ,                         1083 ,         45620.0  ,   26.99 ,          850.2
India ,Soybeans         ,2013 ,      10123 ,                         1083 ,         45620.0  ,   26.69 ,         1012.3
India ,Soybeans         ,2013 ,      10123 ,                         1083 ,         45620.0  ,   27.61 ,         1012.3
India ,Soybeans         ,2013 ,      10123 ,                         1083 ,         45620.0  ,   27.1  ,         1012.3
India ,Soybeans         ,2013 ,      10123 ,                         1083 ,         45620.0  ,   25.44 ,         1012.3
India ,Soybeans         ,2013 ,      10123 ,                         1083 ,         45620.0  ,   26.61 ,         1012.3
India ,Soybeans         ,2013 ,      10123 ,                         1083 ,         45620.0  ,   26.37 ,         1012.3
India ,Soybeans         ,2013 ,      10123 ,                         1083 ,         45620.0  ,   26.71 ,         1012.3
India ,Soybeans         ,2013 ,      10123 ,                         1083 ,         45620.0  ,   27.37 ,         1012.3
India ,Soybeans         ,2013 ,      10123 ,                         1083 ,         45620.0  ,   28.85 ,         1012.3
India ,Soybeans         ,2013 ,      10123 ,                         1083 ,         45620.0  ,   25.94 ,         1012.3
India ,Soybeans         ,2013 ,      10123 ,                         1083 ,         45620.0  ,   26.84 ,         1012.3
India ,Soybeans         ,2013 ,      10123 ,                         1083 ,         45620.0  ,   26.12 ,         1012.3
India ,Soybeans         ,2013 ,      10123 ,                         1083 ,         45620.0  ,   25.44 ,         1012.3
India ,Soybeans         ,2013 ,      10123 ,                         1083 ,         45620.0  ,   27.11 ,         1012.3
India ,Soybeans         ,2013 ,      10123 ,                         1083 ,         45620.0  ,   26.71 ,         1012.3
India ,Soybeans         ,2013 ,      10123 ,                         1083 ,         45620.0  ,   26.79 ,         1012.3
India ,Soybeans         ,2013 ,      10123 ,                         1083 ,         45620.0  ,   25.85 ,         1012.3
India ,Soybeans         ,2013 ,      10123 ,                         1083 ,         45620.0  ,   27.14 ,         1012.3
India ,Soybeans         ,2013 ,      10123 ,                         1083 ,         45620.0  ,   25.98 ,         1012.3
India ,Soybeans         ,2013 ,      10123 ,                         1083 ,         45620.0  ,   27.44 ,         1012.3
India ,Soybeans         ,2013 ,      10123 ,                         1083 ,         45620.0  ,   27.44 ,         1012.3
India ,Soybeans         ,2013 ,      10123 ,                         1083 ,         45620.0  ,   26.99 ,         1012.3
India ,Sweet Potatoes   ,2013 ,     101288 ,                         1083 ,         45620.0  ,   26.69 ,        10128.8
India ,Sweet Potatoes   ,2013 ,     101288 ,                         1083 ,         45620.0  ,   27.61 ,        10128.8
India ,Sweet Potatoes   ,2013 ,     101288 ,                         1083 ,         45620.0  ,   27.1  ,        10128.8
India ,Sweet Potatoes   ,2013 ,     101288 ,                         1083 ,         45620.0  ,   25.44 ,        10128.8
India ,Sweet Potatoes   ,2013 ,     101288 ,                         1083 ,         45620.0  ,   26.61 ,        10128.8
India ,Sweet Potatoes   ,2013 ,     101288 ,                         1083 ,         45620.0  ,   26.37 ,        10128.8
India ,Sweet Potatoes   ,2013 ,     101288 ,                         1083 ,         45620.0  ,   26.71 ,        10128.8
India ,Sweet Potatoes   ,2013 ,     101288 ,                         1083 ,         45620.0  ,   27.37 ,        10128.8
India ,Sweet Potatoes   ,2013 ,     101288 ,                         1083 ,         45620.0  ,   28.85 ,        10128.8
India ,Sweet Potatoes   ,2013 ,     101288 ,                         1083 ,         45620.0  ,   25.94 ,        10128.8
India ,Sweet Potatoes   ,2013 ,     101288 ,                         1083 ,         45620.0  ,   26.84 ,        10128.8
India ,Sweet Potatoes   ,2013 ,     101288 ,                         1083 ,         45620.0  ,   26.12 ,        10128.8
India ,Sweet Potatoes   ,2013 ,     101288 ,                         1083 ,         45620.0  ,   25.44 ,        10128.8
India ,Sweet Potatoes   ,2013 ,     101288 ,                         1083 ,         45620.0  ,   27.11 ,        10128.8
India ,Sweet Potatoes   ,2013 ,     101288 ,                         1083 ,         45620.0  ,   26.71 ,        10128.8
India ,Sweet Potatoes   ,2013 ,     101288 ,                         1083 ,         45620.0  ,   26.79 ,        10128.8
India ,Sweet Potatoes   ,2013 ,     101288 ,                         1083 ,         45620.0  ,   25.85 ,        10128.8
India ,Sweet Potatoes   ,2013 ,     101288 ,                         1083 ,         45620.0  ,   27.14 ,        10128.8
India ,Sweet Potatoes   ,2013 ,     101288 ,                         1083 ,         45620.0  ,   25.98 ,        10128.8
India ,Sweet Potatoes   ,2013 ,     101288 ,                         1083 ,         45620.0  ,   27.44 ,        10128.8
India ,Sweet Potatoes   ,2013 ,     101288 ,                         1083 ,         45620.0  ,   27.44 ,        10128.8
India ,Sweet Potatoes   ,2013 ,     101288 ,                         1083 ,         45620.0  ,   26.99 ,        10128.8
India ,Wheat            ,2013 ,      31538 ,                         1083 ,         45620.0  ,   26.69 ,         3153.8
India ,Wheat            ,2013 ,      31538 ,                         1083 ,         45620.0  ,   27.61 ,         3153.8
India ,Wheat            ,2013 ,      31538 ,                         1083 ,         45620.0  ,   27.1  ,         3153.8
India ,Wheat            ,2013 ,      31538 ,                         1083 ,         45620.0  ,   25.44 ,         3153.8
India ,Wheat            ,2013 ,      31538 ,                         1083 ,         45620.0  ,   26.61 ,         3153.8
India ,Wheat            ,2013 ,      31538 ,                         1083 ,         45620.0  ,   26.37 ,         3153.8
India ,Wheat            ,2013 ,      31538 ,                         1083 ,         45620.0  ,   26.71 ,         3153.8
India ,Wheat            ,2013 ,      31538 ,                         1083 ,         45620.0  ,   27.37 ,         3153.8
India ,Wheat            ,2013 ,      31538 ,                         1083 ,         45620.0  ,   28.85 ,         3153.8
India ,Wheat            ,2013 ,      31538 ,                         1083 ,         45620.0  ,   25.94 ,         3153.8
India ,Wheat            ,2013 ,      31538 ,                         1083 ,         45620.0  ,   26.84 ,         3153.8
India ,Wheat            ,2013 ,      31538 ,                         1083 ,         45620.0  ,   26.12 ,         3153.8
India ,Wheat            ,2013 ,      31538 ,                         1083 ,         45620.0  ,   25.44 ,         3153.8
India ,Wheat            ,2013 ,      31538 ,                         1083 ,         45620.0  ,   27.11 ,         3153.8
India ,Wheat            ,2013 ,      31538 ,                         1083 ,         45620.0  ,   26.71 ,         3153.8
India ,Wheat            ,2013 ,      31538 ,                         1083 ,         45620.0  ,   26.79 ,         3153.8
India ,Wheat            ,2013 ,      31538 ,                         1083 ,         45620.0  ,   25.85 ,         3153.8
India ,Wheat            ,2013 ,      31538 ,                         1083 ,         45620.0  ,   27.14 ,         3153.8
India ,Wheat            ,2013 ,      31538 ,                         1083 ,         45620.0  ,   25.98 ,         3153.8
India ,Wheat            ,2013 ,      31538 ,                         1083 ,         45620.0  ,   27.44 ,         3153.8
India ,Wheat            ,2013 ,      31538 ,                         1083 ,         45620.0  ,   27.44 ,         3153.8
India ,Wheat            ,2013 ,      31538 ,                         1083 ,         45620.0  ,   26.99 ,         3153.8
