Unnamed: 0,Area,Item,Year,hg/ha_yield,average_rain_fall_mm_per_year,pesticides_tonnes,avg_temp,kg_per_ha_yield,temp_rainfall_interaction,rainfall_deviation,rainfall_squared,temp_squared,pesticide_per_rainfall
10502,India,Cassava,1990,205381,1083.0,75000.0,25.58,20538.1,27703.14,0.0,1172889.0,654.3363999999999,69.18819188191883
10503,India,Cassava,1990,205381,1083.0,75000.0,26.88,20538.1,29111.039999999997,0.0,1172889.0,722.5343999999999,69.18819188191883
10504,India,Cassava,1990,205381,1083.0,75000.0,25.79,20538.1,27930.57,0.0,1172889.0,665.1241,69.18819188191883
10505,India,Cassava,1990,205381,1083.0,75000.0,24.1,20538.1,26100.300000000003,0.0,1172889.0,580.8100000000001,69.18819188191883
10506,India,Cassava,1990,205381,1083.0,75000.0,25.25,20538.1,27345.75,0.0,1172889.0,637.5625,69.18819188191883
10507,India,Cassava,1990,205381,1083.0,75000.0,25.44,20538.1,27551.52,0.0,1172889.0,647.1936000000001,69.18819188191883
10508,India,Cassava,1990,205381,1083.0,75000.0,25.54,20538.1,27659.82,0.0,1172889.0,652.2915999999999,69.18819188191883
10509,India,Cassava,1990,205381,1083.0,75000.0,26.36,20538.1,28547.88,0.0,1172889.0,694.8496,69.18819188191883
10510,India,Cassava,1990,205381,1083.0,75000.0,26.91,20538.1,29143.53,0.0,1172889.0,724.1481,69.18819188191883
10511,India,Cassava,1990,205381,1083.0,75000.0,25.16,20538.1,27248.28,0.0,1172889.0,633.0256,69.18819188191883
10512,India,Cassava,1990,205381,1083.0,75000.0,25.77,20538.1,27908.91,0.0,1172889.0,664.0929,69.18819188191883
10513,India,Cassava,1990,205381,1083.0,75000.0,25.12,20538.1,27204.960000000003,0.0,1172889.0,631.0144,69.18819188191883
10514,India,Cassava,1990,205381,1083.0,75000.0,24.1,20538.1,26100.300000000003,0.0,1172889.0,580.8100000000001,69.18819188191883
10515,India,Cassava,1990,205381,1083.0,75000.0,25.68,20538.1,27811.44,0.0,1172889.0,659.4624,69.18819188191883
10516,India,Cassava,1990,205381,1083.0,75000.0,25.54,20538.1,27659.82,0.0,1172889.0,652.2915999999999,69.18819188191883
10517,India,Cassava,1990,205381,1083.0,75000.0,25.44,20538.1,27551.52,0.0,1172889.0,647.1936000000001,69.18819188191883
10518,India,Cassava,1990,205381,1083.0,75000.0,24.78,20538.1,26836.74,0.0,1172889.0,614.0484,69.18819188191883
10519,India,Cassava,1990,205381,1083.0,75000.0,26.59,20538.1,28796.97,0.0,1172889.0,707.0281,69.18819188191883
10520,India,Cassava,1990,205381,1083.0,75000.0,24.37,20538.1,26392.710000000003,0.0,1172889.0,593.8969000000001,69.18819188191883
10521,India,Cassava,1990,205381,1083.0,75000.0,26.63,20538.1,28840.289999999997,0.0,1172889.0,709.1569,69.18819188191883
10522,India,Cassava,1990,205381,1083.0,75000.0,26.63,20538.1,28840.289999999997,0.0,1172889.0,709.1569,69.18819188191883
10523,India,Cassava,1990,205381,1083.0,75000.0,25.64,20538.1,27768.12,0.0,1172889.0,657.4096000000001,69.18819188191883
10524,India,Maize,1990,15178,1083.0,75000.0,25.58,1517.8,27703.14,0.0,1172889.0,654.3363999999999,69.18819188191883
10525,India,Maize,1990,15178,1083.0,75000.0,26.88,1517.8,29111.039999999997,0.0,1172889.0,722.5343999999999,69.18819188191883
10526,India,Maize,1990,15178,1083.0,75000.0,25.79,1517.8,27930.57,0.0,1172889.0,665.1241,69.18819188191883
10527,India,Maize,1990,15178,1083.0,75000.0,24.1,1517.8,26100.300000000003,0.0,1172889.0,580.8100000000001,69.18819188191883
10528,India,Maize,1990,15178,1083.0,75000.0,25.25,1517.8,27345.75,0.0,1172889.0,637.5625,69.18819188191883
10529,India,Maize,1990,15178,1083.0,75000.0,25.44,1517.8,27551.52,0.0,1172889.0,647.1936000000001,69.18819188191883
10530,India,Maize,1990,15178,1083.0,75000.0,25.54,1517.8,27659.82,0.0,1172889.0,652.2915999999999,69.18819188191883
10531,India,Maize,1990,15178,1083.0,75000.0,26.36,1517.8,28547.88,0.0,1172889.0,694.8496,69.18819188191883
10532,India,Maize,1990,15178,1083.0,75000.0,26.91,1517.8,29143.53,0.0,1172889.0,724.1481,69.18819188191883
10533,India,Maize,1990,15178,1083.0,75000.0,25.16,1517.8,27248.28,0.0,1172889.0,633.0256,69.18819188191883
10534,India,Maize,1990,15178,1083.0,75000.0,25.77,1517.8,27908.91,0.0,1172889.0,664.0929,69.18819188191883
10535,India,Maize,1990,15178,1083.0,75000.0,25.12,1517.8,27204.960000000003,0.0,1172889.0,631.0144,69.18819188191883
10536,India,Maize,1990,15178,1083.0,75000.0,24.1,1517.8,26100.300000000003,0.0,1172889.0,580.8100000000001,69.18819188191883
10537,India,Maize,1990,15178,1083.0,75000.0,25.68,1517.8,27811.44,0.0,1172889.0,659.4624,69.18819188191883
10538,India,Maize,1990,15178,1083.0,75000.0,25.54,1517.8,27659.82,0.0,1172889.0,652.2915999999999,69.18819188191883
10539,India,Maize,1990,15178,1083.0,75000.0,25.44,1517.8,27551.52,0.0,1172889.0,647.1936000000001,69.18819188191883
10540,India,Maize,1990,15178,1083.0,75000.0,24.78,1517.8,26836.74,0.0,1172889.0,614.0484,69.18819188191883
10541,India,Maize,1990,15178,1083.0,75000.0,26.59,1517.8,28796.97,0.0,1172889.0,707.0281,69.18819188191883
10542,India,Maize,1990,15178,1083.0,75000.0,24.37,1517.8,26392.710000000003,0.0,1172889.0,593.8969000000001,69.18819188191883
10543,India,Maize,1990,15178,1083.0,75000.0,26.63,1517.8,28840.289999999997,0.0,1172889.0,709.1569,69.18819188191883
10544,India,Maize,1990,15178,1083.0,75000.0,26.63,1517.8,28840.289999999997,0.0,1172889.0,709.1569,69.18819188191883
10545,India,Maize,1990,15178,1083.0,75000.0,25.64,1517.8,27768.12,0.0,1172889.0,657.4096000000001,69.18819188191883
10546,India,Potatoes,1990,157136,1083.0,75000.0,25.58,15713.6,27703.14,0.0,1172889.0,654.3363999999999,69.18819188191883
10547,India,Potatoes,1990,157136,1083.0,75000.0,26.88,15713.6,29111.039999999997,0.0,1172889.0,722.5343999999999,69.18819188191883
10548,India,Potatoes,1990,157136,1083.0,75000.0,25.79,15713.6,27930.57,0.0,1172889.0,665.1241,69.18819188191883
10549,India,Potatoes,1990,157136,1083.0,75000.0,24.1,15713.6,26100.300000000003,0.0,1172889.0,580.8100000000001,69.18819188191883
10550,India,Potatoes,1990,157136,1083.0,75000.0,25.25,15713.6,27345.75,0.0,1172889.0,637.5625,69.18819188191883
10551,India,Potatoes,1990,157136,1083.0,75000.0,25.44,15713.6,27551.52,0.0,1172889.0,647.1936000000001,69.18819188191883
10552,India,Potatoes,1990,157136,1083.0,75000.0,25.54,15713.6,27659.82,0.0,1172889.0,652.2915999999999,69.18819188191883
10553,India,Potatoes,1990,157136,1083.0,75000.0,26.36,15713.6,28547.88,0.0,1172889.0,694.8496,69.18819188191883
10554,India,Potatoes,1990,157136,1083.0,75000.0,26.91,15713.6,29143.53,0.0,1172889.0,724.1481,69.18819188191883
10555,India,Potatoes,1990,157136,1083.0,75000.0,25.16,15713.6,27248.28,0.0,1172889.0,633.0256,69.18819188191883
10556,India,Potatoes,1990,157136,1083.0,75000.0,25.77,15713.6,27908.91,0.0,1172889.0,664.0929,69.18819188191883
10557,India,Potatoes,1990,157136,1083.0,75000.0,25.12,15713.6,27204.960000000003,0.0,1172889.0,631.0144,69.18819188191883
10558,India,Potatoes,1990,157136,1083.0,75000.0,24.1,15713.6,26100.300000000003,0.0,1172889.0,580.8100000000001,69.18819188191883
10559,India,Potatoes,1990,157136,1083.0,75000.0,25.68,15713.6,27811.44,0.0,1172889.0,659.4624,69.18819188191883
10560,India,Potatoes,1990,157136,1083.0,75000.0,25.54,15713.6,27659.82,0.0,1172889.0,652.2915999999999,69.18819188191883
10561,India,Potatoes,1990,157136,1083.0,75000.0,25.44,15713.6,27551.52,0.0,1172889.0,647.1936000000001,69.18819188191883
10562,India,Potatoes,1990,157136,1083.0,75000.0,24.78,15713.6,26836.74,0.0,1172889.0,614.0484,69.18819188191883
10563,India,Potatoes,1990,157136,1083.0,75000.0,26.59,15713.6,28796.97,0.0,1172889.0,707.0281,69.18819188191883
10564,India,Potatoes,1990,157136,1083.0,75000.0,24.37,15713.6,26392.710000000003,0.0,1172889.0,593.8969000000001,69.18819188191883
10565,India,Potatoes,1990,157136,1083.0,75000.0,26.63,15713.6,28840.289999999997,0.0,1172889.0,709.1569,69.18819188191883
10566,India,Potatoes,1990,157136,1083.0,75000.0,26.63,15713.6,28840.289999999997,0.0,1172889.0,709.1569,69.18819188191883
10567,India,Potatoes,1990,157136,1083.0,75000.0,25.64,15713.6,27768.12,0.0,1172889.0,657.4096000000001,69.18819188191883
10568,India,"Rice, paddy",1990,26125,1083.0,75000.0,25.58,2612.5,27703.14,0.0,1172889.0,654.3363999999999,69.18819188191883
10569,India,"Rice, paddy",1990,26125,1083.0,75000.0,26.88,2612.5,29111.039999999997,0.0,1172889.0,722.5343999999999,69.18819188191883
10570,India,"Rice, paddy",1990,26125,1083.0,75000.0,25.79,2612.5,27930.57,0.0,1172889.0,665.1241,69.18819188191883
10571,India,"Rice, paddy",1990,26125,1083.0,75000.0,24.1,2612.5,26100.300000000003,0.0,1172889.0,580.8100000000001,69.18819188191883
10572,India,"Rice, paddy",1990,26125,1083.0,75000.0,25.25,2612.5,27345.75,0.0,1172889.0,637.5625,69.18819188191883
10573,India,"Rice, paddy",1990,26125,1083.0,75000.0,25.44,2612.5,27551.52,0.0,1172889.0,647.1936000000001,69.18819188191883
10574,India,"Rice, paddy",1990,26125,1083.0,75000.0,25.54,2612.5,27659.82,0.0,1172889.0,652.2915999999999,69.18819188191883
10575,India,"Rice, paddy",1990,26125,1083.0,75000.0,26.36,2612.5,28547.88,0.0,1172889.0,694.8496,69.18819188191883
10576,India,"Rice, paddy",1990,26125,1083.0,75000.0,26.91,2612.5,29143.53,0.0,1172889.0,724.1481,69.18819188191883
10577,India,"Rice, paddy",1990,26125,1083.0,75000.0,25.16,2612.5,27248.28,0.0,1172889.0,633.0256,69.18819188191883
10578,India,"Rice, paddy",1990,26125,1083.0,75000.0,25.77,2612.5,27908.91,0.0,1172889.0,664.0929,69.18819188191883
10579,India,"Rice, paddy",1990,26125,1083.0,75000.0,25.12,2612.5,27204.960000000003,0.0,1172889.0,631.0144,69.18819188191883
10580,India,"Rice, paddy",1990,26125,1083.0,75000.0,24.1,2612.5,26100.300000000003,0.0,1172889.0,580.8100000000001,69.18819188191883
10581,India,"Rice, paddy",1990,26125,1083.0,75000.0,25.68,2612.5,27811.44,0.0,1172889.0,659.4624,69.18819188191883
10582,India,"Rice, paddy",1990,26125,1083.0,75000.0,25.54,2612.5,27659.82,0.0,1172889.0,652.2915999999999,69.18819188191883
10583,India,"Rice, paddy",1990,26125,1083.0,75000.0,25.44,2612.5,27551.52,0.0,1172889.0,647.1936000000001,69.18819188191883
10584,India,"Rice, paddy",1990,26125,1083.0,75000.0,24.78,2612.5,26836.74,0.0,1172889.0,614.0484,69.18819188191883
10585,India,"Rice, paddy",1990,26125,1083.0,75000.0,26.59,2612.5,28796.97,0.0,1172889.0,707.0281,69.18819188191883
10586,India,"Rice, paddy",1990,26125,1083.0,75000.0,24.37,2612.5,26392.710000000003,0.0,1172889.0,593.8969000000001,69.18819188191883
10587,India,"Rice, paddy",1990,26125,1083.0,75000.0,26.63,2612.5,28840.289999999997,0.0,1172889.0,709.1569,69.18819188191883
10588,India,"Rice, paddy",1990,26125,1083.0,75000.0,26.63,2612.5,28840.289999999997,0.0,1172889.0,709.1569,69.18819188191883
10589,India,"Rice, paddy",1990,26125,1083.0,75000.0,25.64,2612.5,27768.12,0.0,1172889.0,657.4096000000001,69.18819188191883
10590,India,Sorghum,1990,8136,1083.0,75000.0,25.58,813.6,27703.14,0.0,1172889.0,654.3363999999999,69.18819188191883
10591,India,Sorghum,1990,8136,1083.0,75000.0,26.88,813.6,29111.039999999997,0.0,1172889.0,722.5343999999999,69.18819188191883
10592,India,Sorghum,1990,8136,1083.0,75000.0,25.79,813.6,27930.57,0.0,1172889.0,665.1241,69.18819188191883
10593,India,Sorghum,1990,8136,1083.0,75000.0,24.1,813.6,26100.300000000003,0.0,1172889.0,580.8100000000001,69.18819188191883
10594,India,Sorghum,1990,8136,1083.0,75000.0,25.25,813.6,27345.75,0.0,1172889.0,637.5625,69.18819188191883
10595,India,Sorghum,1990,8136,1083.0,75000.0,25.44,813.6,27551.52,0.0,1172889.0,647.1936000000001,69.18819188191883
10596,India,Sorghum,1990,8136,1083.0,75000.0,25.54,813.6,27659.82,0.0,1172889.0,652.2915999999999,69.18819188191883
10597,India,Sorghum,1990,8136,1083.0,75000.0,26.36,813.6,28547.88,0.0,1172889.0,694.8496,69.18819188191883
10598,India,Sorghum,1990,8136,1083.0,75000.0,26.91,813.6,29143.53,0.0,1172889.0,724.1481,69.18819188191883
10599,India,Sorghum,1990,8136,1083.0,75000.0,25.16,813.6,27248.28,0.0,1172889.0,633.0256,69.18819188191883
10600,India,Sorghum,1990,8136,1083.0,75000.0,25.77,813.6,27908.91,0.0,1172889.0,664.0929,69.18819188191883
10601,India,Sorghum,1990,8136,1083.0,75000.0,25.12,813.6,27204.960000000003,0.0,1172889.0,631.0144,69.18819188191883
10602,India,Sorghum,1990,8136,1083.0,75000.0,24.1,813.6,26100.300000000003,0.0,1172889.0,580.8100000000001,69.18819188191883
10603,India,Sorghum,1990,8136,1083.0,75000.0,25.68,813.6,27811.44,0.0,1172889.0,659.4624,69.18819188191883
10604,India,Sorghum,1990,8136,1083.0,75000.0,25.54,813.6,27659.82,0.0,1172889.0,652.2915999999999,69.18819188191883
10605,India,Sorghum,1990,8136,1083.0,75000.0,25.44,813.6,27551.52,0.0,1172889.0,647.1936000000001,69.18819188191883
10606,India,Sorghum,1990,8136,1083.0,75000.0,24.78,813.6,26836.74,0.0,1172889.0,614.0484,69.18819188191883
10607,India,Sorghum,1990,8136,1083.0,75000.0,26.59,813.6,28796.97,0.0,1172889.0,707.0281,69.18819188191883
10608,India,Sorghum,1990,8136,1083.0,75000.0,24.37,813.6,26392.710000000003,0.0,1172889.0,593.8969000000001,69.18819188191883
10609,India,Sorghum,1990,8136,1083.0,75000.0,26.63,813.6,28840.289999999997,0.0,1172889.0,709.1569,69.18819188191883
10610,India,Sorghum,1990,8136,1083.0,75000.0,26.63,813.6,28840.289999999997,0.0,1172889.0,709.1569,69.18819188191883
10611,India,Sorghum,1990,8136,1083.0,75000.0,25.64,813.6,27768.12,0.0,1172889.0,657.4096000000001,69.18819188191883
10612,India,Soybeans,1990,10145,1083.0,75000.0,25.58,1014.5,27703.14,0.0,1172889.0,654.3363999999999,69.18819188191883
10613,India,Soybeans,1990,10145,1083.0,75000.0,26.88,1014.5,29111.039999999997,0.0,1172889.0,722.5343999999999,69.18819188191883
10614,India,Soybeans,1990,10145,1083.0,75000.0,25.79,1014.5,27930.57,0.0,1172889.0,665.1241,69.18819188191883
10615,India,Soybeans,1990,10145,1083.0,75000.0,24.1,1014.5,26100.300000000003,0.0,1172889.0,580.8100000000001,69.18819188191883
10616,India,Soybeans,1990,10145,1083.0,75000.0,25.25,1014.5,27345.75,0.0,1172889.0,637.5625,69.18819188191883
10617,India,Soybeans,1990,10145,1083.0,75000.0,25.44,1014.5,27551.52,0.0,1172889.0,647.1936000000001,69.18819188191883
10618,India,Soybeans,1990,10145,1083.0,75000.0,25.54,1014.5,27659.82,0.0,1172889.0,652.2915999999999,69.18819188191883
10619,India,Soybeans,1990,10145,1083.0,75000.0,26.36,1014.5,28547.88,0.0,1172889.0,694.8496,69.18819188191883
10620,India,Soybeans,1990,10145,1083.0,75000.0,26.91,1014.5,29143.53,0.0,1172889.0,724.1481,69.18819188191883
10621,India,Soybeans,1990,10145,1083.0,75000.0,25.16,1014.5,27248.28,0.0,1172889.0,633.0256,69.18819188191883
10622,India,Soybeans,1990,10145,1083.0,75000.0,25.77,1014.5,27908.91,0.0,1172889.0,664.0929,69.18819188191883
10623,India,Soybeans,1990,10145,1083.0,75000.0,25.12,1014.5,27204.960000000003,0.0,1172889.0,631.0144,69.18819188191883
10624,India,Soybeans,1990,10145,1083.0,75000.0,24.1,1014.5,26100.300000000003,0.0,1172889.0,580.8100000000001,69.18819188191883
10625,India,Soybeans,1990,10145,1083.0,75000.0,25.68,1014.5,27811.44,0.0,1172889.0,659.4624,69.18819188191883
10626,India,Soybeans,1990,10145,1083.0,75000.0,25.54,1014.5,27659.82,0.0,1172889.0,652.2915999999999,69.18819188191883
10627,India,Soybeans,1990,10145,1083.0,75000.0,25.44,1014.5,27551.52,0.0,1172889.0,647.1936000000001,69.18819188191883
10628,India,Soybeans,1990,10145,1083.0,75000.0,24.78,1014.5,26836.74,0.0,1172889.0,614.0484,69.18819188191883
10629,India,Soybeans,1990,10145,1083.0,75000.0,26.59,1014.5,28796.97,0.0,1172889.0,707.0281,69.18819188191883
10630,India,Soybeans,1990,10145,1083.0,75000.0,24.37,1014.5,26392.710000000003,0.0,1172889.0,593.8969000000001,69.18819188191883
10631,India,Soybeans,1990,10145,1083.0,75000.0,26.63,1014.5,28840.289999999997,0.0,1172889.0,709.1569,69.18819188191883
10632,India,Soybeans,1990,10145,1083.0,75000.0,26.63,1014.5,28840.289999999997,0.0,1172889.0,709.1569,69.18819188191883
10633,India,Soybeans,1990,10145,1083.0,75000.0,25.64,1014.5,27768.12,0.0,1172889.0,657.4096000000001,69.18819188191883
10634,India,Sweet potatoes,1990,79663,1083.0,75000.0,25.58,7966.3,27703.14,0.0,1172889.0,654.3363999999999,69.18819188191883
10635,India,Sweet potatoes,1990,79663,1083.0,75000.0,26.88,7966.3,29111.039999999997,0.0,1172889.0,722.5343999999999,69.18819188191883
10636,India,Sweet potatoes,1990,79663,1083.0,75000.0,25.79,7966.3,27930.57,0.0,1172889.0,665.1241,69.18819188191883
10637,India,Sweet potatoes,1990,79663,1083.0,75000.0,24.1,7966.3,26100.300000000003,0.0,1172889.0,580.8100000000001,69.18819188191883
10638,India,Sweet potatoes,1990,79663,1083.0,75000.0,25.25,7966.3,27345.75,0.0,1172889.0,637.5625,69.18819188191883
10639,India,Sweet potatoes,1990,79663,1083.0,75000.0,25.44,7966.3,27551.52,0.0,1172889.0,647.1936000000001,69.18819188191883
10640,India,Sweet potatoes,1990,79663,1083.0,75000.0,25.54,7966.3,27659.82,0.0,1172889.0,652.2915999999999,69.18819188191883
10641,India,Sweet potatoes,1990,79663,1083.0,75000.0,26.36,7966.3,28547.88,0.0,1172889.0,694.8496,69.18819188191883
10642,India,Sweet potatoes,1990,79663,1083.0,75000.0,26.91,7966.3,29143.53,0.0,1172889.0,724.1481,69.18819188191883
10643,India,Sweet potatoes,1990,79663,1083.0,75000.0,25.16,7966.3,27248.28,0.0,1172889.0,633.0256,69.18819188191883
10644,India,Sweet potatoes,1990,79663,1083.0,75000.0,25.77,7966.3,27908.91,0.0,1172889.0,664.0929,69.18819188191883
10645,India,Sweet potatoes,1990,79663,1083.0,75000.0,25.12,7966.3,27204.960000000003,0.0,1172889.0,631.0144,69.18819188191883
10646,India,Sweet potatoes,1990,79663,1083.0,75000.0,24.1,7966.3,26100.300000000003,0.0,1172889.0,580.8100000000001,69.18819188191883
10647,India,Sweet potatoes,1990,79663,1083.0,75000.0,25.68,7966.3,27811.44,0.0,1172889.0,659.4624,69.18819188191883
10648,India,Sweet potatoes,1990,79663,1083.0,75000.0,25.54,7966.3,27659.82,0.0,1172889.0,652.2915999999999,69.18819188191883
10649,India,Sweet potatoes,1990,79663,1083.0,75000.0,25.44,7966.3,27551.52,0.0,1172889.0,647.1936000000001,69.18819188191883
10650,India,Sweet potatoes,1990,79663,1083.0,75000.0,24.78,7966.3,26836.74,0.0,1172889.0,614.0484,69.18819188191883
10651,India,Sweet potatoes,1990,79663,1083.0,75000.0,26.59,7966.3,28796.97,0.0,1172889.0,707.0281,69.18819188191883
10652,India,Sweet potatoes,1990,79663,1083.0,75000.0,24.37,7966.3,26392.710000000003,0.0,1172889.0,593.8969000000001,69.18819188191883
10653,India,Sweet potatoes,1990,79663,1083.0,75000.0,26.63,7966.3,28840.289999999997,0.0,1172889.0,709.1569,69.18819188191883
10654,India,Sweet potatoes,1990,79663,1083.0,75000.0,26.63,7966.3,28840.289999999997,0.0,1172889.0,709.1569,69.18819188191883
10655,India,Sweet potatoes,1990,79663,1083.0,75000.0,25.64,7966.3,27768.12,0.0,1172889.0,657.4096000000001,69.18819188191883
10656,India,Wheat,1990,21211,1083.0,75000.0,25.58,2121.1,27703.14,0.0,1172889.0,654.3363999999999,69.18819188191883
10657,India,Wheat,1990,21211,1083.0,75000.0,26.88,2121.1,29111.039999999997,0.0,1172889.0,722.5343999999999,69.18819188191883
10658,India,Wheat,1990,21211,1083.0,75000.0,25.79,2121.1,27930.57,0.0,1172889.0,665.1241,69.18819188191883
10659,India,Wheat,1990,21211,1083.0,75000.0,24.1,2121.1,26100.300000000003,0.0,1172889.0,580.8100000000001,69.18819188191883
10660,India,Wheat,1990,21211,1083.0,75000.0,25.25,2121.1,27345.75,0.0,1172889.0,637.5625,69.18819188191883
10661,India,Wheat,1990,21211,1083.0,75000.0,25.44,2121.1,27551.52,0.0,1172889.0,647.1936000000001,69.18819188191883
10662,India,Wheat,1990,21211,1083.0,75000.0,25.54,2121.1,27659.82,0.0,1172889.0,652.2915999999999,69.18819188191883
10663,India,Wheat,1990,21211,1083.0,75000.0,26.36,2121.1,28547.88,0.0,1172889.0,694.8496,69.18819188191883
10664,India,Wheat,1990,21211,1083.0,75000.0,26.91,2121.1,29143.53,0.0,1172889.0,724.1481,69.18819188191883
10665,India,Wheat,1990,21211,1083.0,75000.0,25.16,2121.1,27248.28,0.0,1172889.0,633.0256,69.18819188191883
10666,India,Wheat,1990,21211,1083.0,75000.0,25.77,2121.1,27908.91,0.0,1172889.0,664.0929,69.18819188191883
10667,India,Wheat,1990,21211,1083.0,75000.0,25.12,2121.1,27204.960000000003,0.0,1172889.0,631.0144,69.18819188191883
10668,India,Wheat,1990,21211,1083.0,75000.0,24.1,2121.1,26100.300000000003,0.0,1172889.0,580.8100000000001,69.18819188191883
10669,India,Wheat,1990,21211,1083.0,75000.0,25.68,2121.1,27811.44,0.0,1172889.0,659.4624,69.18819188191883
10670,India,Wheat,1990,21211,1083.0,75000.0,25.54,2121.1,27659.82,0.0,1172889.0,652.2915999999999,69.18819188191883
10671,India,Wheat,1990,21211,1083.0,75000.0,25.44,2121.1,27551.52,0.0,1172889.0,647.1936000000001,69.18819188191883
10672,India,Wheat,1990,21211,1083.0,75000.0,24.78,2121.1,26836.74,0.0,1172889.0,614.0484,69.18819188191883
10673,India,Wheat,1990,21211,1083.0,75000.0,26.59,2121.1,28796.97,0.0,1172889.0,707.0281,69.18819188191883
10674,India,Wheat,1990,21211,1083.0,75000.0,24.37,2121.1,26392.710000000003,0.0,1172889.0,593.8969000000001,69.18819188191883
10675,India,Wheat,1990,21211,1083.0,75000.0,26.63,2121.1,28840.289999999997,0.0,1172889.0,709.1569,69.18819188191883
10676,India,Wheat,1990,21211,1083.0,75000.0,26.63,2121.1,28840.289999999997,0.0,1172889.0,709.1569,69.18819188191883
10677,India,Wheat,1990,21211,1083.0,75000.0,25.64,2121.1,27768.12,0.0,1172889.0,657.4096000000001,69.18819188191883
10678,India,Cassava,1991,218925,1083.0,72133.0,25.85,21892.5,27995.550000000003,0.0,1172889.0,668.2225000000001,66.54335793357933
10679,India,Cassava,1991,218925,1083.0,72133.0,26.9,21892.5,29132.699999999997,0.0,1172889.0,723.6099999999999,66.54335793357933
10680,India,Cassava,1991,218925,1083.0,72133.0,25.96,21892.5,28114.68,0.0,1172889.0,673.9216,66.54335793357933
10681,India,Cassava,1991,218925,1083.0,72133.0,23.77,21892.5,25742.91,0.0,1172889.0,565.0129,66.54335793357933
10682,India,Cassava,1991,218925,1083.0,72133.0,25.49,21892.5,27605.67,0.0,1172889.0,649.7400999999999,66.54335793357933
10683,India,Cassava,1991,218925,1083.0,72133.0,25.82,21892.5,27963.06,0.0,1172889.0,666.6724,66.54335793357933
10684,India,Cassava,1991,218925,1083.0,72133.0,25.74,21892.5,27876.42,0.0,1172889.0,662.5475999999999,66.54335793357933
10685,India,Cassava,1991,218925,1083.0,72133.0,26.54,21892.5,28742.82,0.0,1172889.0,704.3716,66.54335793357933
10686,India,Cassava,1991,218925,1083.0,72133.0,27.35,21892.5,29620.050000000003,0.0,1172889.0,748.0225,66.54335793357933
10687,India,Cassava,1991,218925,1083.0,72133.0,25.4,21892.5,27508.199999999997,0.0,1172889.0,645.16,66.54335793357933
10688,India,Cassava,1991,218925,1083.0,72133.0,25.99,21892.5,28147.17,0.0,1172889.0,675.4800999999999,66.54335793357933
10689,India,Cassava,1991,218925,1083.0,72133.0,25.32,21892.5,27421.56,0.0,1172889.0,641.1024,66.54335793357933
10690,India,Cassava,1991,218925,1083.0,72133.0,23.77,21892.5,25742.91,0.0,1172889.0,565.0129,66.54335793357933
10691,India,Cassava,1991,218925,1083.0,72133.0,26.2,21892.5,28374.6,0.0,1172889.0,686.4399999999999,66.54335793357933
10692,India,Cassava,1991,218925,1083.0,72133.0,25.74,21892.5,27876.42,0.0,1172889.0,662.5475999999999,66.54335793357933
10693,India,Cassava,1991,218925,1083.0,72133.0,25.55,21892.5,27670.65,0.0,1172889.0,652.8025,66.54335793357933
10694,India,Cassava,1991,218925,1083.0,72133.0,25.06,21892.5,27139.98,0.0,1172889.0,628.0035999999999,66.54335793357933
10695,India,Cassava,1991,218925,1083.0,72133.0,26.34,21892.5,28526.22,0.0,1172889.0,693.7956,66.54335793357933
10696,India,Cassava,1991,218925,1083.0,72133.0,24.62,21892.5,26663.460000000003,0.0,1172889.0,606.1444,66.54335793357933
10697,India,Cassava,1991,218925,1083.0,72133.0,26.7,21892.5,28916.1,0.0,1172889.0,712.89,66.54335793357933
10698,India,Cassava,1991,218925,1083.0,72133.0,26.7,21892.5,28916.1,0.0,1172889.0,712.89,66.54335793357933
10699,India,Cassava,1991,218925,1083.0,72133.0,25.74,21892.5,27876.42,0.0,1172889.0,662.5475999999999,66.54335793357933
10700,India,Maize,1991,13763,1083.0,72133.0,25.85,1376.3,27995.550000000003,0.0,1172889.0,668.2225000000001,66.54335793357933
10701,India,Maize,1991,13763,1083.0,72133.0,26.9,1376.3,29132.699999999997,0.0,1172889.0,723.6099999999999,66.54335793357933
10702,India,Maize,1991,13763,1083.0,72133.0,25.96,1376.3,28114.68,0.0,1172889.0,673.9216,66.54335793357933
10703,India,Maize,1991,13763,1083.0,72133.0,23.77,1376.3,25742.91,0.0,1172889.0,565.0129,66.54335793357933
10704,India,Maize,1991,13763,1083.0,72133.0,25.49,1376.3,27605.67,0.0,1172889.0,649.7400999999999,66.54335793357933
10705,India,Maize,1991,13763,1083.0,72133.0,25.82,1376.3,27963.06,0.0,1172889.0,666.6724,66.54335793357933
10706,India,Maize,1991,13763,1083.0,72133.0,25.74,1376.3,27876.42,0.0,1172889.0,662.5475999999999,66.54335793357933
10707,India,Maize,1991,13763,1083.0,72133.0,26.54,1376.3,28742.82,0.0,1172889.0,704.3716,66.54335793357933
10708,India,Maize,1991,13763,1083.0,72133.0,27.35,1376.3,29620.050000000003,0.0,1172889.0,748.0225,66.54335793357933
10709,India,Maize,1991,13763,1083.0,72133.0,25.4,1376.3,27508.199999999997,0.0,1172889.0,645.16,66.54335793357933
10710,India,Maize,1991,13763,1083.0,72133.0,25.99,1376.3,28147.17,0.0,1172889.0,675.4800999999999,66.54335793357933
10711,India,Maize,1991,13763,1083.0,72133.0,25.32,1376.3,27421.56,0.0,1172889.0,641.1024,66.54335793357933
10712,India,Maize,1991,13763,1083.0,72133.0,23.77,1376.3,25742.91,0.0,1172889.0,565.0129,66.54335793357933
10713,India,Maize,1991,13763,1083.0,72133.0,26.2,1376.3,28374.6,0.0,1172889.0,686.4399999999999,66.54335793357933
10714,India,Maize,1991,13763,1083.0,72133.0,25.74,1376.3,27876.42,0.0,1172889.0,662.5475999999999,66.54335793357933
10715,India,Maize,1991,13763,1083.0,72133.0,25.55,1376.3,27670.65,0.0,1172889.0,652.8025,66.54335793357933
10716,India,Maize,1991,13763,1083.0,72133.0,25.06,1376.3,27139.98,0.0,1172889.0,628.0035999999999,66.54335793357933
10717,India,Maize,1991,13763,1083.0,72133.0,26.34,1376.3,28526.22,0.0,1172889.0,693.7956,66.54335793357933
10718,India,Maize,1991,13763,1083.0,72133.0,24.62,1376.3,26663.460000000003,0.0,1172889.0,606.1444,66.54335793357933
10719,India,Maize,1991,13763,1083.0,72133.0,26.7,1376.3,28916.1,0.0,1172889.0,712.89,66.54335793357933
10720,India,Maize,1991,13763,1083.0,72133.0,26.7,1376.3,28916.1,0.0,1172889.0,712.89,66.54335793357933
10721,India,Maize,1991,13763,1083.0,72133.0,25.74,1376.3,27876.42,0.0,1172889.0,662.5475999999999,66.54335793357933
10722,India,Potatoes,1991,162540,1083.0,72133.0,25.85,16254.0,27995.550000000003,0.0,1172889.0,668.2225000000001,66.54335793357933
10723,India,Potatoes,1991,162540,1083.0,72133.0,26.9,16254.0,29132.699999999997,0.0,1172889.0,723.6099999999999,66.54335793357933
10724,India,Potatoes,1991,162540,1083.0,72133.0,25.96,16254.0,28114.68,0.0,1172889.0,673.9216,66.54335793357933
10725,India,Potatoes,1991,162540,1083.0,72133.0,23.77,16254.0,25742.91,0.0,1172889.0,565.0129,66.54335793357933
10726,India,Potatoes,1991,162540,1083.0,72133.0,25.49,16254.0,27605.67,0.0,1172889.0,649.7400999999999,66.54335793357933
10727,India,Potatoes,1991,162540,1083.0,72133.0,25.82,16254.0,27963.06,0.0,1172889.0,666.6724,66.54335793357933
10728,India,Potatoes,1991,162540,1083.0,72133.0,25.74,16254.0,27876.42,0.0,1172889.0,662.5475999999999,66.54335793357933
10729,India,Potatoes,1991,162540,1083.0,72133.0,26.54,16254.0,28742.82,0.0,1172889.0,704.3716,66.54335793357933
10730,India,Potatoes,1991,162540,1083.0,72133.0,27.35,16254.0,29620.050000000003,0.0,1172889.0,748.0225,66.54335793357933
10731,India,Potatoes,1991,162540,1083.0,72133.0,25.4,16254.0,27508.199999999997,0.0,1172889.0,645.16,66.54335793357933
10732,India,Potatoes,1991,162540,1083.0,72133.0,25.99,16254.0,28147.17,0.0,1172889.0,675.4800999999999,66.54335793357933
10733,India,Potatoes,1991,162540,1083.0,72133.0,25.32,16254.0,27421.56,0.0,1172889.0,641.1024,66.54335793357933
10734,India,Potatoes,1991,162540,1083.0,72133.0,23.77,16254.0,25742.91,0.0,1172889.0,565.0129,66.54335793357933
10735,India,Potatoes,1991,162540,1083.0,72133.0,26.2,16254.0,28374.6,0.0,1172889.0,686.4399999999999,66.54335793357933
10736,India,Potatoes,1991,162540,1083.0,72133.0,25.74,16254.0,27876.42,0.0,1172889.0,662.5475999999999,66.54335793357933
10737,India,Potatoes,1991,162540,1083.0,72133.0,25.55,16254.0,27670.65,0.0,1172889.0,652.8025,66.54335793357933
10738,India,Potatoes,1991,162540,1083.0,72133.0,25.06,16254.0,27139.98,0.0,1172889.0,628.0035999999999,66.54335793357933
10739,India,Potatoes,1991,162540,1083.0,72133.0,26.34,16254.0,28526.22,0.0,1172889.0,693.7956,66.54335793357933
10740,India,Potatoes,1991,162540,1083.0,72133.0,24.62,16254.0,26663.460000000003,0.0,1172889.0,606.1444,66.54335793357933
10741,India,Potatoes,1991,162540,1083.0,72133.0,26.7,16254.0,28916.1,0.0,1172889.0,712.89,66.54335793357933
10742,India,Potatoes,1991,162540,1083.0,72133.0,26.7,16254.0,28916.1,0.0,1172889.0,712.89,66.54335793357933
10743,India,Potatoes,1991,162540,1083.0,72133.0,25.74,16254.0,27876.42,0.0,1172889.0,662.5475999999999,66.54335793357933
10744,India,"Rice, paddy",1991,26271,1083.0,72133.0,25.85,2627.1,27995.550000000003,0.0,1172889.0,668.2225000000001,66.54335793357933
10745,India,"Rice, paddy",1991,26271,1083.0,72133.0,26.9,2627.1,29132.699999999997,0.0,1172889.0,723.6099999999999,66.54335793357933
10746,India,"Rice, paddy",1991,26271,1083.0,72133.0,25.96,2627.1,28114.68,0.0,1172889.0,673.9216,66.54335793357933
10747,India,"Rice, paddy",1991,26271,1083.0,72133.0,23.77,2627.1,25742.91,0.0,1172889.0,565.0129,66.54335793357933
10748,India,"Rice, paddy",1991,26271,1083.0,72133.0,25.49,2627.1,27605.67,0.0,1172889.0,649.7400999999999,66.54335793357933
10749,India,"Rice, paddy",1991,26271,1083.0,72133.0,25.82,2627.1,27963.06,0.0,1172889.0,666.6724,66.54335793357933
10750,India,"Rice, paddy",1991,26271,1083.0,72133.0,25.74,2627.1,27876.42,0.0,1172889.0,662.5475999999999,66.54335793357933
10751,India,"Rice, paddy",1991,26271,1083.0,72133.0,26.54,2627.1,28742.82,0.0,1172889.0,704.3716,66.54335793357933
10752,India,"Rice, paddy",1991,26271,1083.0,72133.0,27.35,2627.1,29620.050000000003,0.0,1172889.0,748.0225,66.54335793357933
10753,India,"Rice, paddy",1991,26271,1083.0,72133.0,25.4,2627.1,27508.199999999997,0.0,1172889.0,645.16,66.54335793357933
10754,India,"Rice, paddy",1991,26271,1083.0,72133.0,25.99,2627.1,28147.17,0.0,1172889.0,675.4800999999999,66.54335793357933
10755,India,"Rice, paddy",1991,26271,1083.0,72133.0,25.32,2627.1,27421.56,0.0,1172889.0,641.1024,66.54335793357933
10756,India,"Rice, paddy",1991,26271,1083.0,72133.0,23.77,2627.1,25742.91,0.0,1172889.0,565.0129,66.54335793357933
10757,India,"Rice, paddy",1991,26271,1083.0,72133.0,26.2,2627.1,28374.6,0.0,1172889.0,686.4399999999999,66.54335793357933
10758,India,"Rice, paddy",1991,26271,1083.0,72133.0,25.74,2627.1,27876.42,0.0,1172889.0,662.5475999999999,66.54335793357933
10759,India,"Rice, paddy",1991,26271,1083.0,72133.0,25.55,2627.1,27670.65,0.0,1172889.0,652.8025,66.54335793357933
10760,India,"Rice, paddy",1991,26271,1083.0,72133.0,25.06,2627.1,27139.98,0.0,1172889.0,628.0035999999999,66.54335793357933
10761,India,"Rice, paddy",1991,26271,1083.0,72133.0,26.34,2627.1,28526.22,0.0,1172889.0,693.7956,66.54335793357933
10762,India,"Rice, paddy",1991,26271,1083.0,72133.0,24.62,2627.1,26663.460000000003,0.0,1172889.0,606.1444,66.54335793357933
10763,India,"Rice, paddy",1991,26271,1083.0,72133.0,26.7,2627.1,28916.1,0.0,1172889.0,712.89,66.54335793357933
10764,India,"Rice, paddy",1991,26271,1083.0,72133.0,26.7,2627.1,28916.1,0.0,1172889.0,712.89,66.54335793357933
10765,India,"Rice, paddy",1991,26271,1083.0,72133.0,25.74,2627.1,27876.42,0.0,1172889.0,662.5475999999999,66.54335793357933
10766,India,Sorghum,1991,6553,1083.0,72133.0,25.85,655.3,27995.550000000003,0.0,1172889.0,668.2225000000001,66.54335793357933
10767,India,Sorghum,1991,6553,1083.0,72133.0,26.9,655.3,29132.699999999997,0.0,1172889.0,723.6099999999999,66.54335793357933
10768,India,Sorghum,1991,6553,1083.0,72133.0,25.96,655.3,28114.68,0.0,1172889.0,673.9216,66.54335793357933
10769,India,Sorghum,1991,6553,1083.0,72133.0,23.77,655.3,25742.91,0.0,1172889.0,565.0129,66.54335793357933
10770,India,Sorghum,1991,6553,1083.0,72133.0,25.49,655.3,27605.67,0.0,1172889.0,649.7400999999999,66.54335793357933
10771,India,Sorghum,1991,6553,1083.0,72133.0,25.82,655.3,27963.06,0.0,1172889.0,666.6724,66.54335793357933
10772,India,Sorghum,1991,6553,1083.0,72133.0,25.74,655.3,27876.42,0.0,1172889.0,662.5475999999999,66.54335793357933
10773,India,Sorghum,1991,6553,1083.0,72133.0,26.54,655.3,28742.82,0.0,1172889.0,704.3716,66.54335793357933
10774,India,Sorghum,1991,6553,1083.0,72133.0,27.35,655.3,29620.050000000003,0.0,1172889.0,748.0225,66.54335793357933
10775,India,Sorghum,1991,6553,1083.0,72133.0,25.4,655.3,27508.199999999997,0.0,1172889.0,645.16,66.54335793357933
10776,India,Sorghum,1991,6553,1083.0,72133.0,25.99,655.3,28147.17,0.0,1172889.0,675.4800999999999,66.54335793357933
10777,India,Sorghum,1991,6553,1083.0,72133.0,25.32,655.3,27421.56,0.0,1172889.0,641.1024,66.54335793357933
10778,India,Sorghum,1991,6553,1083.0,72133.0,23.77,655.3,25742.91,0.0,1172889.0,565.0129,66.54335793357933
10779,India,Sorghum,1991,6553,1083.0,72133.0,26.2,655.3,28374.6,0.0,1172889.0,686.4399999999999,66.54335793357933
10780,India,Sorghum,1991,6553,1083.0,72133.0,25.74,655.3,27876.42,0.0,1172889.0,662.5475999999999,66.54335793357933
10781,India,Sorghum,1991,6553,1083.0,72133.0,25.55,655.3,27670.65,0.0,1172889.0,652.8025,66.54335793357933
10782,India,Sorghum,1991,6553,1083.0,72133.0,25.06,655.3,27139.98,0.0,1172889.0,628.0035999999999,66.54335793357933
10783,India,Sorghum,1991,6553,1083.0,72133.0,26.34,655.3,28526.22,0.0,1172889.0,693.7956,66.54335793357933
10784,India,Sorghum,1991,6553,1083.0,72133.0,24.62,655.3,26663.460000000003,0.0,1172889.0,606.1444,66.54335793357933
10785,India,Sorghum,1991,6553,1083.0,72133.0,26.7,655.3,28916.1,0.0,1172889.0,712.89,66.54335793357933
10786,India,Sorghum,1991,6553,1083.0,72133.0,26.7,655.3,28916.1,0.0,1172889.0,712.89,66.54335793357933
10787,India,Sorghum,1991,6553,1083.0,72133.0,25.74,655.3,27876.42,0.0,1172889.0,662.5475999999999,66.54335793357933
10788,India,Soybeans,1991,7825,1083.0,72133.0,25.85,782.5,27995.550000000003,0.0,1172889.0,668.2225000000001,66.54335793357933
10789,India,Soybeans,1991,7825,1083.0,72133.0,26.9,782.5,29132.699999999997,0.0,1172889.0,723.6099999999999,66.54335793357933
10790,India,Soybeans,1991,7825,1083.0,72133.0,25.96,782.5,28114.68,0.0,1172889.0,673.9216,66.54335793357933
10791,India,Soybeans,1991,7825,1083.0,72133.0,23.77,782.5,25742.91,0.0,1172889.0,565.0129,66.54335793357933
10792,India,Soybeans,1991,7825,1083.0,72133.0,25.49,782.5,27605.67,0.0,1172889.0,649.7400999999999,66.54335793357933
10793,India,Soybeans,1991,7825,1083.0,72133.0,25.82,782.5,27963.06,0.0,1172889.0,666.6724,66.54335793357933
10794,India,Soybeans,1991,7825,1083.0,72133.0,25.74,782.5,27876.42,0.0,1172889.0,662.5475999999999,66.54335793357933
10795,India,Soybeans,1991,7825,1083.0,72133.0,26.54,782.5,28742.82,0.0,1172889.0,704.3716,66.54335793357933
10796,India,Soybeans,1991,7825,1083.0,72133.0,27.35,782.5,29620.050000000003,0.0,1172889.0,748.0225,66.54335793357933
10797,India,Soybeans,1991,7825,1083.0,72133.0,25.4,782.5,27508.199999999997,0.0,1172889.0,645.16,66.54335793357933
10798,India,Soybeans,1991,7825,1083.0,72133.0,25.99,782.5,28147.17,0.0,1172889.0,675.4800999999999,66.54335793357933
10799,India,Soybeans,1991,7825,1083.0,72133.0,25.32,782.5,27421.56,0.0,1172889.0,641.1024,66.54335793357933
10800,India,Soybeans,1991,7825,1083.0,72133.0,23.77,782.5,25742.91,0.0,1172889.0,565.0129,66.54335793357933
10801,India,Soybeans,1991,7825,1083.0,72133.0,26.2,782.5,28374.6,0.0,1172889.0,686.4399999999999,66.54335793357933
10802,India,Soybeans,1991,7825,1083.0,72133.0,25.74,782.5,27876.42,0.0,1172889.0,662.5475999999999,66.54335793357933
10803,India,Soybeans,1991,7825,1083.0,72133.0,25.55,782.5,27670.65,0.0,1172889.0,652.8025,66.54335793357933
10804,India,Soybeans,1991,7825,1083.0,72133.0,25.06,782.5,27139.98,0.0,1172889.0,628.0035999999999,66.54335793357933
10805,India,Soybeans,1991,7825,1083.0,72133.0,26.34,782.5,28526.22,0.0,1172889.0,693.7956,66.54335793357933
10806,India,Soybeans,1991,7825,1083.0,72133.0,24.62,782.5,26663.460000000003,0.0,1172889.0,606.1444,66.54335793357933
10807,India,Soybeans,1991,7825,1083.0,72133.0,26.7,782.5,28916.1,0.0,1172889.0,712.89,66.54335793357933
10808,India,Soybeans,1991,7825,1083.0,72133.0,26.7,782.5,28916.1,0.0,1172889.0,712.89,66.54335793357933
10809,India,Soybeans,1991,7825,1083.0,72133.0,25.74,782.5,27876.42,0.0,1172889.0,662.5475999999999,66.54335793357933
10810,India,Sweet potatoes,1991,83453,1083.0,72133.0,25.85,8345.3,27995.550000000003,0.0,1172889.0,668.2225000000001,66.54335793357933
10811,India,Sweet potatoes,1991,83453,1083.0,72133.0,26.9,8345.3,29132.699999999997,0.0,1172889.0,723.6099999999999,66.54335793357933
10812,India,Sweet potatoes,1991,83453,1083.0,72133.0,25.96,8345.3,28114.68,0.0,1172889.0,673.9216,66.54335793357933
10813,India,Sweet potatoes,1991,83453,1083.0,72133.0,23.77,8345.3,25742.91,0.0,1172889.0,565.0129,66.54335793357933
10814,India,Sweet potatoes,1991,83453,1083.0,72133.0,25.49,8345.3,27605.67,0.0,1172889.0,649.7400999999999,66.54335793357933
10815,India,Sweet potatoes,1991,83453,1083.0,72133.0,25.82,8345.3,27963.06,0.0,1172889.0,666.6724,66.54335793357933
10816,India,Sweet potatoes,1991,83453,1083.0,72133.0,25.74,8345.3,27876.42,0.0,1172889.0,662.5475999999999,66.54335793357933
10817,India,Sweet potatoes,1991,83453,1083.0,72133.0,26.54,8345.3,28742.82,0.0,1172889.0,704.3716,66.54335793357933
10818,India,Sweet potatoes,1991,83453,1083.0,72133.0,27.35,8345.3,29620.050000000003,0.0,1172889.0,748.0225,66.54335793357933
10819,India,Sweet potatoes,1991,83453,1083.0,72133.0,25.4,8345.3,27508.199999999997,0.0,1172889.0,645.16,66.54335793357933
10820,India,Sweet potatoes,1991,83453,1083.0,72133.0,25.99,8345.3,28147.17,0.0,1172889.0,675.4800999999999,66.54335793357933
10821,India,Sweet potatoes,1991,83453,1083.0,72133.0,25.32,8345.3,27421.56,0.0,1172889.0,641.1024,66.54335793357933
10822,India,Sweet potatoes,1991,83453,1083.0,72133.0,23.77,8345.3,25742.91,0.0,1172889.0,565.0129,66.54335793357933
10823,India,Sweet potatoes,1991,83453,1083.0,72133.0,26.2,8345.3,28374.6,0.0,1172889.0,686.4399999999999,66.54335793357933
10824,India,Sweet potatoes,1991,83453,1083.0,72133.0,25.74,8345.3,27876.42,0.0,1172889.0,662.5475999999999,66.54335793357933
10825,India,Sweet potatoes,1991,83453,1083.0,72133.0,25.55,8345.3,27670.65,0.0,1172889.0,652.8025,66.54335793357933
10826,India,Sweet potatoes,1991,83453,1083.0,72133.0,25.06,8345.3,27139.98,0.0,1172889.0,628.0035999999999,66.54335793357933
10827,India,Sweet potatoes,1991,83453,1083.0,72133.0,26.34,8345.3,28526.22,0.0,1172889.0,693.7956,66.54335793357933
10828,India,Sweet potatoes,1991,83453,1083.0,72133.0,24.62,8345.3,26663.460000000003,0.0,1172889.0,606.1444,66.54335793357933
10829,India,Sweet potatoes,1991,83453,1083.0,72133.0,26.7,8345.3,28916.1,0.0,1172889.0,712.89,66.54335793357933
10830,India,Sweet potatoes,1991,83453,1083.0,72133.0,26.7,8345.3,28916.1,0.0,1172889.0,712.89,66.54335793357933
10831,India,Sweet potatoes,1991,83453,1083.0,72133.0,25.74,8345.3,27876.42,0.0,1172889.0,662.5475999999999,66.54335793357933
10832,India,Wheat,1991,22814,1083.0,72133.0,25.85,2281.4,27995.550000000003,0.0,1172889.0,668.2225000000001,66.54335793357933
10833,India,Wheat,1991,22814,1083.0,72133.0,26.9,2281.4,29132.699999999997,0.0,1172889.0,723.6099999999999,66.54335793357933
10834,India,Wheat,1991,22814,1083.0,72133.0,25.96,2281.4,28114.68,0.0,1172889.0,673.9216,66.54335793357933
10835,India,Wheat,1991,22814,1083.0,72133.0,23.77,2281.4,25742.91,0.0,1172889.0,565.0129,66.54335793357933
10836,India,Wheat,1991,22814,1083.0,72133.0,25.49,2281.4,27605.67,0.0,1172889.0,649.7400999999999,66.54335793357933
10837,India,Wheat,1991,22814,1083.0,72133.0,25.82,2281.4,27963.06,0.0,1172889.0,666.6724,66.54335793357933
10838,India,Wheat,1991,22814,1083.0,72133.0,25.74,2281.4,27876.42,0.0,1172889.0,662.5475999999999,66.54335793357933
10839,India,Wheat,1991,22814,1083.0,72133.0,26.54,2281.4,28742.82,0.0,1172889.0,704.3716,66.54335793357933
10840,India,Wheat,1991,22814,1083.0,72133.0,27.35,2281.4,29620.050000000003,0.0,1172889.0,748.0225,66.54335793357933
10841,India,Wheat,1991,22814,1083.0,72133.0,25.4,2281.4,27508.199999999997,0.0,1172889.0,645.16,66.54335793357933
10842,India,Wheat,1991,22814,1083.0,72133.0,25.99,2281.4,28147.17,0.0,1172889.0,675.4800999999999,66.54335793357933
10843,India,Wheat,1991,22814,1083.0,72133.0,25.32,2281.4,27421.56,0.0,1172889.0,641.1024,66.54335793357933
10844,India,Wheat,1991,22814,1083.0,72133.0,23.77,2281.4,25742.91,0.0,1172889.0,565.0129,66.54335793357933
10845,India,Wheat,1991,22814,1083.0,72133.0,26.2,2281.4,28374.6,0.0,1172889.0,686.4399999999999,66.54335793357933
10846,India,Wheat,1991,22814,1083.0,72133.0,25.74,2281.4,27876.42,0.0,1172889.0,662.5475999999999,66.54335793357933
10847,India,Wheat,1991,22814,1083.0,72133.0,25.55,2281.4,27670.65,0.0,1172889.0,652.8025,66.54335793357933
10848,India,Wheat,1991,22814,1083.0,72133.0,25.06,2281.4,27139.98,0.0,1172889.0,628.0035999999999,66.54335793357933
10849,India,Wheat,1991,22814,1083.0,72133.0,26.34,2281.4,28526.22,0.0,1172889.0,693.7956,66.54335793357933
10850,India,Wheat,1991,22814,1083.0,72133.0,24.62,2281.4,26663.460000000003,0.0,1172889.0,606.1444,66.54335793357933
10851,India,Wheat,1991,22814,1083.0,72133.0,26.7,2281.4,28916.1,0.0,1172889.0,712.89,66.54335793357933
10852,India,Wheat,1991,22814,1083.0,72133.0,26.7,2281.4,28916.1,0.0,1172889.0,712.89,66.54335793357933
10853,India,Wheat,1991,22814,1083.0,72133.0,25.74,2281.4,27876.42,0.0,1172889.0,662.5475999999999,66.54335793357933
10854,India,Cassava,1992,232463,1083.0,70791.0,25.69,23246.3,27822.27,0.0,1172889.0,659.9761000000001,65.30535055350553
10855,India,Cassava,1992,232463,1083.0,70791.0,26.82,23246.3,29046.06,0.0,1172889.0,719.3124,65.30535055350553
10856,India,Cassava,1992,232463,1083.0,70791.0,26.09,23246.3,28255.47,0.0,1172889.0,680.6881,65.30535055350553
10857,India,Cassava,1992,232463,1083.0,70791.0,23.79,23246.3,25764.57,0.0,1172889.0,565.9640999999999,65.30535055350553
10858,India,Cassava,1992,232463,1083.0,70791.0,25.16,23246.3,27248.28,0.0,1172889.0,633.0256,65.30535055350553
10859,India,Cassava,1992,232463,1083.0,70791.0,25.91,23246.3,28060.53,0.0,1172889.0,671.3281000000001,65.30535055350553
10860,India,Cassava,1992,232463,1083.0,70791.0,25.52,23246.3,27638.16,0.0,1172889.0,651.2704,65.30535055350553
10861,India,Cassava,1992,232463,1083.0,70791.0,26.41,23246.3,28602.03,0.0,1172889.0,697.4881,65.30535055350553
10862,India,Cassava,1992,232463,1083.0,70791.0,27.24,23246.3,29500.92,0.0,1172889.0,742.0175999999999,65.30535055350553
10863,India,Cassava,1992,232463,1083.0,70791.0,25.41,23246.3,27519.03,0.0,1172889.0,645.6681,65.30535055350553
10864,India,Cassava,1992,232463,1083.0,70791.0,25.73,23246.3,27865.59,0.0,1172889.0,662.0329,65.30535055350553
10865,India,Cassava,1992,232463,1083.0,70791.0,25.27,23246.3,27367.41,0.0,1172889.0,638.5729,65.30535055350553
10866,India,Cassava,1992,232463,1083.0,70791.0,23.79,23246.3,25764.57,0.0,1172889.0,565.9640999999999,65.30535055350553
10867,India,Cassava,1992,232463,1083.0,70791.0,26.32,23246.3,28504.56,0.0,1172889.0,692.7424,65.30535055350553
10868,India,Cassava,1992,232463,1083.0,70791.0,25.52,23246.3,27638.16,0.0,1172889.0,651.2704,65.30535055350553
10869,India,Cassava,1992,232463,1083.0,70791.0,25.58,23246.3,27703.14,0.0,1172889.0,654.3363999999999,65.30535055350553
10870,India,Cassava,1992,232463,1083.0,70791.0,25.14,23246.3,27226.62,0.0,1172889.0,632.0196000000001,65.30535055350553
10871,India,Cassava,1992,232463,1083.0,70791.0,26.37,23246.3,28558.710000000003,0.0,1172889.0,695.3769000000001,65.30535055350553
10872,India,Cassava,1992,232463,1083.0,70791.0,24.62,23246.3,26663.460000000003,0.0,1172889.0,606.1444,65.30535055350553
10873,India,Cassava,1992,232463,1083.0,70791.0,26.78,23246.3,29002.74,0.0,1172889.0,717.1684,65.30535055350553
10874,India,Cassava,1992,232463,1083.0,70791.0,26.78,23246.3,29002.74,0.0,1172889.0,717.1684,65.30535055350553
10875,India,Cassava,1992,232463,1083.0,70791.0,25.89,23246.3,28038.87,0.0,1172889.0,670.2921,65.30535055350553
10876,India,Maize,1992,16758,1083.0,70791.0,25.69,1675.8,27822.27,0.0,1172889.0,659.9761000000001,65.30535055350553
10877,India,Maize,1992,16758,1083.0,70791.0,26.82,1675.8,29046.06,0.0,1172889.0,719.3124,65.30535055350553
10878,India,Maize,1992,16758,1083.0,70791.0,26.09,1675.8,28255.47,0.0,1172889.0,680.6881,65.30535055350553
10879,India,Maize,1992,16758,1083.0,70791.0,23.79,1675.8,25764.57,0.0,1172889.0,565.9640999999999,65.30535055350553
10880,India,Maize,1992,16758,1083.0,70791.0,25.16,1675.8,27248.28,0.0,1172889.0,633.0256,65.30535055350553
10881,India,Maize,1992,16758,1083.0,70791.0,25.91,1675.8,28060.53,0.0,1172889.0,671.3281000000001,65.30535055350553
10882,India,Maize,1992,16758,1083.0,70791.0,25.52,1675.8,27638.16,0.0,1172889.0,651.2704,65.30535055350553
10883,India,Maize,1992,16758,1083.0,70791.0,26.41,1675.8,28602.03,0.0,1172889.0,697.4881,65.30535055350553
10884,India,Maize,1992,16758,1083.0,70791.0,27.24,1675.8,29500.92,0.0,1172889.0,742.0175999999999,65.30535055350553
10885,India,Maize,1992,16758,1083.0,70791.0,25.41,1675.8,27519.03,0.0,1172889.0,645.6681,65.30535055350553
10886,India,Maize,1992,16758,1083.0,70791.0,25.73,1675.8,27865.59,0.0,1172889.0,662.0329,65.30535055350553
10887,India,Maize,1992,16758,1083.0,70791.0,25.27,1675.8,27367.41,0.0,1172889.0,638.5729,65.30535055350553
10888,India,Maize,1992,16758,1083.0,70791.0,23.79,1675.8,25764.57,0.0,1172889.0,565.9640999999999,65.30535055350553
10889,India,Maize,1992,16758,1083.0,70791.0,26.32,1675.8,28504.56,0.0,1172889.0,692.7424,65.30535055350553
10890,India,Maize,1992,16758,1083.0,70791.0,25.52,1675.8,27638.16,0.0,1172889.0,651.2704,65.30535055350553
10891,India,Maize,1992,16758,1083.0,70791.0,25.58,1675.8,27703.14,0.0,1172889.0,654.3363999999999,65.30535055350553
10892,India,Maize,1992,16758,1083.0,70791.0,25.14,1675.8,27226.62,0.0,1172889.0,632.0196000000001,65.30535055350553
10893,India,Maize,1992,16758,1083.0,70791.0,26.37,1675.8,28558.710000000003,0.0,1172889.0,695.3769000000001,65.30535055350553
10894,India,Maize,1992,16758,1083.0,70791.0,24.62,1675.8,26663.460000000003,0.0,1172889.0,606.1444,65.30535055350553
10895,India,Maize,1992,16758,1083.0,70791.0,26.78,1675.8,29002.74,0.0,1172889.0,717.1684,65.30535055350553
10896,India,Maize,1992,16758,1083.0,70791.0,26.78,1675.8,29002.74,0.0,1172889.0,717.1684,65.30535055350553
10897,India,Maize,1992,16758,1083.0,70791.0,25.89,1675.8,28038.87,0.0,1172889.0,670.2921,65.30535055350553
10898,India,Potatoes,1992,160294,1083.0,70791.0,25.69,16029.4,27822.27,0.0,1172889.0,659.9761000000001,65.30535055350553
10899,India,Potatoes,1992,160294,1083.0,70791.0,26.82,16029.4,29046.06,0.0,1172889.0,719.3124,65.30535055350553
10900,India,Potatoes,1992,160294,1083.0,70791.0,26.09,16029.4,28255.47,0.0,1172889.0,680.6881,65.30535055350553
10901,India,Potatoes,1992,160294,1083.0,70791.0,23.79,16029.4,25764.57,0.0,1172889.0,565.9640999999999,65.30535055350553
10902,India,Potatoes,1992,160294,1083.0,70791.0,25.16,16029.4,27248.28,0.0,1172889.0,633.0256,65.30535055350553
10903,India,Potatoes,1992,160294,1083.0,70791.0,25.91,16029.4,28060.53,0.0,1172889.0,671.3281000000001,65.30535055350553
10904,India,Potatoes,1992,160294,1083.0,70791.0,25.52,16029.4,27638.16,0.0,1172889.0,651.2704,65.30535055350553
10905,India,Potatoes,1992,160294,1083.0,70791.0,26.41,16029.4,28602.03,0.0,1172889.0,697.4881,65.30535055350553
10906,India,Potatoes,1992,160294,1083.0,70791.0,27.24,16029.4,29500.92,0.0,1172889.0,742.0175999999999,65.30535055350553
10907,India,Potatoes,1992,160294,1083.0,70791.0,25.41,16029.4,27519.03,0.0,1172889.0,645.6681,65.30535055350553
10908,India,Potatoes,1992,160294,1083.0,70791.0,25.73,16029.4,27865.59,0.0,1172889.0,662.0329,65.30535055350553
10909,India,Potatoes,1992,160294,1083.0,70791.0,25.27,16029.4,27367.41,0.0,1172889.0,638.5729,65.30535055350553
10910,India,Potatoes,1992,160294,1083.0,70791.0,23.79,16029.4,25764.57,0.0,1172889.0,565.9640999999999,65.30535055350553
10911,India,Potatoes,1992,160294,1083.0,70791.0,26.32,16029.4,28504.56,0.0,1172889.0,692.7424,65.30535055350553
10912,India,Potatoes,1992,160294,1083.0,70791.0,25.52,16029.4,27638.16,0.0,1172889.0,651.2704,65.30535055350553
10913,India,Potatoes,1992,160294,1083.0,70791.0,25.58,16029.4,27703.14,0.0,1172889.0,654.3363999999999,65.30535055350553
10914,India,Potatoes,1992,160294,1083.0,70791.0,25.14,16029.4,27226.62,0.0,1172889.0,632.0196000000001,65.30535055350553
10915,India,Potatoes,1992,160294,1083.0,70791.0,26.37,16029.4,28558.710000000003,0.0,1172889.0,695.3769000000001,65.30535055350553
10916,India,Potatoes,1992,160294,1083.0,70791.0,24.62,16029.4,26663.460000000003,0.0,1172889.0,606.1444,65.30535055350553
10917,India,Potatoes,1992,160294,1083.0,70791.0,26.78,16029.4,29002.74,0.0,1172889.0,717.1684,65.30535055350553
10918,India,Potatoes,1992,160294,1083.0,70791.0,26.78,16029.4,29002.74,0.0,1172889.0,717.1684,65.30535055350553
10919,India,Potatoes,1992,160294,1083.0,70791.0,25.89,16029.4,28038.87,0.0,1172889.0,670.2921,65.30535055350553
10920,India,"Rice, paddy",1992,26092,1083.0,70791.0,25.69,2609.2,27822.27,0.0,1172889.0,659.9761000000001,65.30535055350553
10921,India,"Rice, paddy",1992,26092,1083.0,70791.0,26.82,2609.2,29046.06,0.0,1172889.0,719.3124,65.30535055350553
10922,India,"Rice, paddy",1992,26092,1083.0,70791.0,26.09,2609.2,28255.47,0.0,1172889.0,680.6881,65.30535055350553
10923,India,"Rice, paddy",1992,26092,1083.0,70791.0,23.79,2609.2,25764.57,0.0,1172889.0,565.9640999999999,65.30535055350553
10924,India,"Rice, paddy",1992,26092,1083.0,70791.0,25.16,2609.2,27248.28,0.0,1172889.0,633.0256,65.30535055350553
10925,India,"Rice, paddy",1992,26092,1083.0,70791.0,25.91,2609.2,28060.53,0.0,1172889.0,671.3281000000001,65.30535055350553
10926,India,"Rice, paddy",1992,26092,1083.0,70791.0,25.52,2609.2,27638.16,0.0,1172889.0,651.2704,65.30535055350553
10927,India,"Rice, paddy",1992,26092,1083.0,70791.0,26.41,2609.2,28602.03,0.0,1172889.0,697.4881,65.30535055350553
10928,India,"Rice, paddy",1992,26092,1083.0,70791.0,27.24,2609.2,29500.92,0.0,1172889.0,742.0175999999999,65.30535055350553
10929,India,"Rice, paddy",1992,26092,1083.0,70791.0,25.41,2609.2,27519.03,0.0,1172889.0,645.6681,65.30535055350553
10930,India,"Rice, paddy",1992,26092,1083.0,70791.0,25.73,2609.2,27865.59,0.0,1172889.0,662.0329,65.30535055350553
10931,India,"Rice, paddy",1992,26092,1083.0,70791.0,25.27,2609.2,27367.41,0.0,1172889.0,638.5729,65.30535055350553
10932,India,"Rice, paddy",1992,26092,1083.0,70791.0,23.79,2609.2,25764.57,0.0,1172889.0,565.9640999999999,65.30535055350553
10933,India,"Rice, paddy",1992,26092,1083.0,70791.0,26.32,2609.2,28504.56,0.0,1172889.0,692.7424,65.30535055350553
10934,India,"Rice, paddy",1992,26092,1083.0,70791.0,25.52,2609.2,27638.16,0.0,1172889.0,651.2704,65.30535055350553
10935,India,"Rice, paddy",1992,26092,1083.0,70791.0,25.58,2609.2,27703.14,0.0,1172889.0,654.3363999999999,65.30535055350553
10936,India,"Rice, paddy",1992,26092,1083.0,70791.0,25.14,2609.2,27226.62,0.0,1172889.0,632.0196000000001,65.30535055350553
10937,India,"Rice, paddy",1992,26092,1083.0,70791.0,26.37,2609.2,28558.710000000003,0.0,1172889.0,695.3769000000001,65.30535055350553
10938,India,"Rice, paddy",1992,26092,1083.0,70791.0,24.62,2609.2,26663.460000000003,0.0,1172889.0,606.1444,65.30535055350553
10939,India,"Rice, paddy",1992,26092,1083.0,70791.0,26.78,2609.2,29002.74,0.0,1172889.0,717.1684,65.30535055350553
10940,India,"Rice, paddy",1992,26092,1083.0,70791.0,26.78,2609.2,29002.74,0.0,1172889.0,717.1684,65.30535055350553
10941,India,"Rice, paddy",1992,26092,1083.0,70791.0,25.89,2609.2,28038.87,0.0,1172889.0,670.2921,65.30535055350553
10942,India,Sorghum,1992,9820,1083.0,70791.0,25.69,982.0,27822.27,0.0,1172889.0,659.9761000000001,65.30535055350553
10943,India,Sorghum,1992,9820,1083.0,70791.0,26.82,982.0,29046.06,0.0,1172889.0,719.3124,65.30535055350553
10944,India,Sorghum,1992,9820,1083.0,70791.0,26.09,982.0,28255.47,0.0,1172889.0,680.6881,65.30535055350553
10945,India,Sorghum,1992,9820,1083.0,70791.0,23.79,982.0,25764.57,0.0,1172889.0,565.9640999999999,65.30535055350553
10946,India,Sorghum,1992,9820,1083.0,70791.0,25.16,982.0,27248.28,0.0,1172889.0,633.0256,65.30535055350553
10947,India,Sorghum,1992,9820,1083.0,70791.0,25.91,982.0,28060.53,0.0,1172889.0,671.3281000000001,65.30535055350553
10948,India,Sorghum,1992,9820,1083.0,70791.0,25.52,982.0,27638.16,0.0,1172889.0,651.2704,65.30535055350553
10949,India,Sorghum,1992,9820,1083.0,70791.0,26.41,982.0,28602.03,0.0,1172889.0,697.4881,65.30535055350553
10950,India,Sorghum,1992,9820,1083.0,70791.0,27.24,982.0,29500.92,0.0,1172889.0,742.0175999999999,65.30535055350553
10951,India,Sorghum,1992,9820,1083.0,70791.0,25.41,982.0,27519.03,0.0,1172889.0,645.6681,65.30535055350553
10952,India,Sorghum,1992,9820,1083.0,70791.0,25.73,982.0,27865.59,0.0,1172889.0,662.0329,65.30535055350553
10953,India,Sorghum,1992,9820,1083.0,70791.0,25.27,982.0,27367.41,0.0,1172889.0,638.5729,65.30535055350553
10954,India,Sorghum,1992,9820,1083.0,70791.0,23.79,982.0,25764.57,0.0,1172889.0,565.9640999999999,65.30535055350553
10955,India,Sorghum,1992,9820,1083.0,70791.0,26.32,982.0,28504.56,0.0,1172889.0,692.7424,65.30535055350553
10956,India,Sorghum,1992,9820,1083.0,70791.0,25.52,982.0,27638.16,0.0,1172889.0,651.2704,65.30535055350553
10957,India,Sorghum,1992,9820,1083.0,70791.0,25.58,982.0,27703.14,0.0,1172889.0,654.3363999999999,65.30535055350553
10958,India,Sorghum,1992,9820,1083.0,70791.0,25.14,982.0,27226.62,0.0,1172889.0,632.0196000000001,65.30535055350553
10959,India,Sorghum,1992,9820,1083.0,70791.0,26.37,982.0,28558.710000000003,0.0,1172889.0,695.3769000000001,65.30535055350553
10960,India,Sorghum,1992,9820,1083.0,70791.0,24.62,982.0,26663.460000000003,0.0,1172889.0,606.1444,65.30535055350553
10961,India,Sorghum,1992,9820,1083.0,70791.0,26.78,982.0,29002.74,0.0,1172889.0,717.1684,65.30535055350553
10962,India,Sorghum,1992,9820,1083.0,70791.0,26.78,982.0,29002.74,0.0,1172889.0,717.1684,65.30535055350553
10963,India,Sorghum,1992,9820,1083.0,70791.0,25.89,982.0,28038.87,0.0,1172889.0,670.2921,65.30535055350553
10964,India,Soybeans,1992,8947,1083.0,70791.0,25.69,894.7,27822.27,0.0,1172889.0,659.9761000000001,65.30535055350553
10965,India,Soybeans,1992,8947,1083.0,70791.0,26.82,894.7,29046.06,0.0,1172889.0,719.3124,65.30535055350553
10966,India,Soybeans,1992,8947,1083.0,70791.0,26.09,894.7,28255.47,0.0,1172889.0,680.6881,65.30535055350553
10967,India,Soybeans,1992,8947,1083.0,70791.0,23.79,894.7,25764.57,0.0,1172889.0,565.9640999999999,65.30535055350553
10968,India,Soybeans,1992,8947,1083.0,70791.0,25.16,894.7,27248.28,0.0,1172889.0,633.0256,65.30535055350553
10969,India,Soybeans,1992,8947,1083.0,70791.0,25.91,894.7,28060.53,0.0,1172889.0,671.3281000000001,65.30535055350553
10970,India,Soybeans,1992,8947,1083.0,70791.0,25.52,894.7,27638.16,0.0,1172889.0,651.2704,65.30535055350553
10971,India,Soybeans,1992,8947,1083.0,70791.0,26.41,894.7,28602.03,0.0,1172889.0,697.4881,65.30535055350553
10972,India,Soybeans,1992,8947,1083.0,70791.0,27.24,894.7,29500.92,0.0,1172889.0,742.0175999999999,65.30535055350553
10973,India,Soybeans,1992,8947,1083.0,70791.0,25.41,894.7,27519.03,0.0,1172889.0,645.6681,65.30535055350553
10974,India,Soybeans,1992,8947,1083.0,70791.0,25.73,894.7,27865.59,0.0,1172889.0,662.0329,65.30535055350553
10975,India,Soybeans,1992,8947,1083.0,70791.0,25.27,894.7,27367.41,0.0,1172889.0,638.5729,65.30535055350553
10976,India,Soybeans,1992,8947,1083.0,70791.0,23.79,894.7,25764.57,0.0,1172889.0,565.9640999999999,65.30535055350553
10977,India,Soybeans,1992,8947,1083.0,70791.0,26.32,894.7,28504.56,0.0,1172889.0,692.7424,65.30535055350553
10978,India,Soybeans,1992,8947,1083.0,70791.0,25.52,894.7,27638.16,0.0,1172889.0,651.2704,65.30535055350553
10979,India,Soybeans,1992,8947,1083.0,70791.0,25.58,894.7,27703.14,0.0,1172889.0,654.3363999999999,65.30535055350553
10980,India,Soybeans,1992,8947,1083.0,70791.0,25.14,894.7,27226.62,0.0,1172889.0,632.0196000000001,65.30535055350553
10981,India,Soybeans,1992,8947,1083.0,70791.0,26.37,894.7,28558.710000000003,0.0,1172889.0,695.3769000000001,65.30535055350553
10982,India,Soybeans,1992,8947,1083.0,70791.0,24.62,894.7,26663.460000000003,0.0,1172889.0,606.1444,65.30535055350553
10983,India,Soybeans,1992,8947,1083.0,70791.0,26.78,894.7,29002.74,0.0,1172889.0,717.1684,65.30535055350553
10984,India,Soybeans,1992,8947,1083.0,70791.0,26.78,894.7,29002.74,0.0,1172889.0,717.1684,65.30535055350553
10985,India,Soybeans,1992,8947,1083.0,70791.0,25.89,894.7,28038.87,0.0,1172889.0,670.2921,65.30535055350553
10986,India,Sweet potatoes,1992,82835,1083.0,70791.0,25.69,8283.5,27822.27,0.0,1172889.0,659.9761000000001,65.30535055350553
10987,India,Sweet potatoes,1992,82835,1083.0,70791.0,26.82,8283.5,29046.06,0.0,1172889.0,719.3124,65.30535055350553
10988,India,Sweet potatoes,1992,82835,1083.0,70791.0,26.09,8283.5,28255.47,0.0,1172889.0,680.6881,65.30535055350553
10989,India,Sweet potatoes,1992,82835,1083.0,70791.0,23.79,8283.5,25764.57,0.0,1172889.0,565.9640999999999,65.30535055350553
10990,India,Sweet potatoes,1992,82835,1083.0,70791.0,25.16,8283.5,27248.28,0.0,1172889.0,633.0256,65.30535055350553
10991,India,Sweet potatoes,1992,82835,1083.0,70791.0,25.91,8283.5,28060.53,0.0,1172889.0,671.3281000000001,65.30535055350553
10992,India,Sweet potatoes,1992,82835,1083.0,70791.0,25.52,8283.5,27638.16,0.0,1172889.0,651.2704,65.30535055350553
10993,India,Sweet potatoes,1992,82835,1083.0,70791.0,26.41,8283.5,28602.03,0.0,1172889.0,697.4881,65.30535055350553
10994,India,Sweet potatoes,1992,82835,1083.0,70791.0,27.24,8283.5,29500.92,0.0,1172889.0,742.0175999999999,65.30535055350553
10995,India,Sweet potatoes,1992,82835,1083.0,70791.0,25.41,8283.5,27519.03,0.0,1172889.0,645.6681,65.30535055350553
10996,India,Sweet potatoes,1992,82835,1083.0,70791.0,25.73,8283.5,27865.59,0.0,1172889.0,662.0329,65.30535055350553
10997,India,Sweet potatoes,1992,82835,1083.0,70791.0,25.27,8283.5,27367.41,0.0,1172889.0,638.5729,65.30535055350553
10998,India,Sweet potatoes,1992,82835,1083.0,70791.0,23.79,8283.5,25764.57,0.0,1172889.0,565.9640999999999,65.30535055350553
10999,India,Sweet potatoes,1992,82835,1083.0,70791.0,26.32,8283.5,28504.56,0.0,1172889.0,692.7424,65.30535055350553
11000,India,Sweet potatoes,1992,82835,1083.0,70791.0,25.52,8283.5,27638.16,0.0,1172889.0,651.2704,65.30535055350553
11001,India,Sweet potatoes,1992,82835,1083.0,70791.0,25.58,8283.5,27703.14,0.0,1172889.0,654.3363999999999,65.30535055350553
11002,India,Sweet potatoes,1992,82835,1083.0,70791.0,25.14,8283.5,27226.62,0.0,1172889.0,632.0196000000001,65.30535055350553
11003,India,Sweet potatoes,1992,82835,1083.0,70791.0,26.37,8283.5,28558.710000000003,0.0,1172889.0,695.3769000000001,65.30535055350553
11004,India,Sweet potatoes,1992,82835,1083.0,70791.0,24.62,8283.5,26663.460000000003,0.0,1172889.0,606.1444,65.30535055350553
11005,India,Sweet potatoes,1992,82835,1083.0,70791.0,26.78,8283.5,29002.74,0.0,1172889.0,717.1684,65.30535055350553
11006,India,Sweet potatoes,1992,82835,1083.0,70791.0,26.78,8283.5,29002.74,0.0,1172889.0,717.1684,65.30535055350553
11007,India,Sweet potatoes,1992,82835,1083.0,70791.0,25.89,8283.5,28038.87,0.0,1172889.0,670.2921,65.30535055350553
11008,India,Wheat,1992,23940,1083.0,70791.0,25.69,2394.0,27822.27,0.0,1172889.0,659.9761000000001,65.30535055350553
11009,India,Wheat,1992,23940,1083.0,70791.0,26.82,2394.0,29046.06,0.0,1172889.0,719.3124,65.30535055350553
11010,India,Wheat,1992,23940,1083.0,70791.0,26.09,2394.0,28255.47,0.0,1172889.0,680.6881,65.30535055350553
11011,India,Wheat,1992,23940,1083.0,70791.0,23.79,2394.0,25764.57,0.0,1172889.0,565.9640999999999,65.30535055350553
11012,India,Wheat,1992,23940,1083.0,70791.0,25.16,2394.0,27248.28,0.0,1172889.0,633.0256,65.30535055350553
11013,India,Wheat,1992,23940,1083.0,70791.0,25.91,2394.0,28060.53,0.0,1172889.0,671.3281000000001,65.30535055350553
11014,India,Wheat,1992,23940,1083.0,70791.0,25.52,2394.0,27638.16,0.0,1172889.0,651.2704,65.30535055350553
11015,India,Wheat,1992,23940,1083.0,70791.0,26.41,2394.0,28602.03,0.0,1172889.0,697.4881,65.30535055350553
11016,India,Wheat,1992,23940,1083.0,70791.0,27.24,2394.0,29500.92,0.0,1172889.0,742.0175999999999,65.30535055350553
11017,India,Wheat,1992,23940,1083.0,70791.0,25.41,2394.0,27519.03,0.0,1172889.0,645.6681,65.30535055350553
11018,India,Wheat,1992,23940,1083.0,70791.0,25.73,2394.0,27865.59,0.0,1172889.0,662.0329,65.30535055350553
11019,India,Wheat,1992,23940,1083.0,70791.0,25.27,2394.0,27367.41,0.0,1172889.0,638.5729,65.30535055350553
11020,India,Wheat,1992,23940,1083.0,70791.0,23.79,2394.0,25764.57,0.0,1172889.0,565.9640999999999,65.30535055350553
11021,India,Wheat,1992,23940,1083.0,70791.0,26.32,2394.0,28504.56,0.0,1172889.0,692.7424,65.30535055350553
11022,India,Wheat,1992,23940,1083.0,70791.0,25.52,2394.0,27638.16,0.0,1172889.0,651.2704,65.30535055350553
11023,India,Wheat,1992,23940,1083.0,70791.0,25.58,2394.0,27703.14,0.0,1172889.0,654.3363999999999,65.30535055350553
11024,India,Wheat,1992,23940,1083.0,70791.0,25.14,2394.0,27226.62,0.0,1172889.0,632.0196000000001,65.30535055350553
11025,India,Wheat,1992,23940,1083.0,70791.0,26.37,2394.0,28558.710000000003,0.0,1172889.0,695.3769000000001,65.30535055350553
11026,India,Wheat,1992,23940,1083.0,70791.0,24.62,2394.0,26663.460000000003,0.0,1172889.0,606.1444,65.30535055350553
11027,India,Wheat,1992,23940,1083.0,70791.0,26.78,2394.0,29002.74,0.0,1172889.0,717.1684,65.30535055350553
11028,India,Wheat,1992,23940,1083.0,70791.0,26.78,2394.0,29002.74,0.0,1172889.0,717.1684,65.30535055350553
11029,India,Wheat,1992,23940,1083.0,70791.0,25.89,2394.0,28038.87,0.0,1172889.0,670.2921,65.30535055350553
11030,India,Cassava,1993,230430,1083.0,66388.0,25.88,23043.0,28028.039999999997,0.0,1172889.0,669.7743999999999,61.24354243542435
11031,India,Cassava,1993,230430,1083.0,66388.0,27.46,23043.0,29739.18,0.0,1172889.0,754.0516,61.24354243542435
11032,India,Cassava,1993,230430,1083.0,66388.0,26.1,23043.0,28266.300000000003,0.0,1172889.0,681.21,61.24354243542435
11033,India,Cassava,1993,230430,1083.0,66388.0,24.34,23043.0,26360.22,0.0,1172889.0,592.4356,61.24354243542435
11034,India,Cassava,1993,230430,1083.0,66388.0,25.22,23043.0,27313.26,0.0,1172889.0,636.0483999999999,61.24354243542435
11035,India,Cassava,1993,230430,1083.0,66388.0,25.75,23043.0,27887.25,0.0,1172889.0,663.0625,61.24354243542435
11036,India,Cassava,1993,230430,1083.0,66388.0,25.92,23043.0,28071.36,0.0,1172889.0,671.8464000000001,61.24354243542435
11037,India,Cassava,1993,230430,1083.0,66388.0,26.34,23043.0,28526.22,0.0,1172889.0,693.7956,61.24354243542435
11038,India,Cassava,1993,230430,1083.0,66388.0,27.24,23043.0,29500.92,0.0,1172889.0,742.0175999999999,61.24354243542435
11039,India,Cassava,1993,230430,1083.0,66388.0,25.5,23043.0,27616.5,0.0,1172889.0,650.25,61.24354243542435
11040,India,Cassava,1993,230430,1083.0,66388.0,26.32,23043.0,28504.56,0.0,1172889.0,692.7424,61.24354243542435
11041,India,Cassava,1993,230430,1083.0,66388.0,25.27,23043.0,27367.41,0.0,1172889.0,638.5729,61.24354243542435
11042,India,Cassava,1993,230430,1083.0,66388.0,24.34,23043.0,26360.22,0.0,1172889.0,592.4356,61.24354243542435
11043,India,Cassava,1993,230430,1083.0,66388.0,26.07,23043.0,28233.81,0.0,1172889.0,679.6449,61.24354243542435
11044,India,Cassava,1993,230430,1083.0,66388.0,25.92,23043.0,28071.36,0.0,1172889.0,671.8464000000001,61.24354243542435
11045,India,Cassava,1993,230430,1083.0,66388.0,25.66,23043.0,27789.78,0.0,1172889.0,658.4356,61.24354243542435
11046,India,Cassava,1993,230430,1083.0,66388.0,25.06,23043.0,27139.98,0.0,1172889.0,628.0035999999999,61.24354243542435
11047,India,Cassava,1993,230430,1083.0,66388.0,27.07,23043.0,29316.81,0.0,1172889.0,732.7849,61.24354243542435
11048,India,Cassava,1993,230430,1083.0,66388.0,24.74,23043.0,26793.42,0.0,1172889.0,612.0676,61.24354243542435
11049,India,Cassava,1993,230430,1083.0,66388.0,27.04,23043.0,29284.32,0.0,1172889.0,731.1615999999999,61.24354243542435
11050,India,Cassava,1993,230430,1083.0,66388.0,27.04,23043.0,29284.32,0.0,1172889.0,731.1615999999999,61.24354243542435
11051,India,Cassava,1993,230430,1083.0,66388.0,25.97,23043.0,28125.51,0.0,1172889.0,674.4408999999999,61.24354243542435
11052,India,Maize,1993,16015,1083.0,66388.0,25.88,1601.5,28028.039999999997,0.0,1172889.0,669.7743999999999,61.24354243542435
11053,India,Maize,1993,16015,1083.0,66388.0,27.46,1601.5,29739.18,0.0,1172889.0,754.0516,61.24354243542435
11054,India,Maize,1993,16015,1083.0,66388.0,26.1,1601.5,28266.300000000003,0.0,1172889.0,681.21,61.24354243542435
11055,India,Maize,1993,16015,1083.0,66388.0,24.34,1601.5,26360.22,0.0,1172889.0,592.4356,61.24354243542435
11056,India,Maize,1993,16015,1083.0,66388.0,25.22,1601.5,27313.26,0.0,1172889.0,636.0483999999999,61.24354243542435
11057,India,Maize,1993,16015,1083.0,66388.0,25.75,1601.5,27887.25,0.0,1172889.0,663.0625,61.24354243542435
11058,India,Maize,1993,16015,1083.0,66388.0,25.92,1601.5,28071.36,0.0,1172889.0,671.8464000000001,61.24354243542435
11059,India,Maize,1993,16015,1083.0,66388.0,26.34,1601.5,28526.22,0.0,1172889.0,693.7956,61.24354243542435
11060,India,Maize,1993,16015,1083.0,66388.0,27.24,1601.5,29500.92,0.0,1172889.0,742.0175999999999,61.24354243542435
11061,India,Maize,1993,16015,1083.0,66388.0,25.5,1601.5,27616.5,0.0,1172889.0,650.25,61.24354243542435
11062,India,Maize,1993,16015,1083.0,66388.0,26.32,1601.5,28504.56,0.0,1172889.0,692.7424,61.24354243542435
11063,India,Maize,1993,16015,1083.0,66388.0,25.27,1601.5,27367.41,0.0,1172889.0,638.5729,61.24354243542435
11064,India,Maize,1993,16015,1083.0,66388.0,24.34,1601.5,26360.22,0.0,1172889.0,592.4356,61.24354243542435
11065,India,Maize,1993,16015,1083.0,66388.0,26.07,1601.5,28233.81,0.0,1172889.0,679.6449,61.24354243542435
11066,India,Maize,1993,16015,1083.0,66388.0,25.92,1601.5,28071.36,0.0,1172889.0,671.8464000000001,61.24354243542435
11067,India,Maize,1993,16015,1083.0,66388.0,25.66,1601.5,27789.78,0.0,1172889.0,658.4356,61.24354243542435
11068,India,Maize,1993,16015,1083.0,66388.0,25.06,1601.5,27139.98,0.0,1172889.0,628.0035999999999,61.24354243542435
11069,India,Maize,1993,16015,1083.0,66388.0,27.07,1601.5,29316.81,0.0,1172889.0,732.7849,61.24354243542435
11070,India,Maize,1993,16015,1083.0,66388.0,24.74,1601.5,26793.42,0.0,1172889.0,612.0676,61.24354243542435
11071,India,Maize,1993,16015,1083.0,66388.0,27.04,1601.5,29284.32,0.0,1172889.0,731.1615999999999,61.24354243542435
11072,India,Maize,1993,16015,1083.0,66388.0,27.04,1601.5,29284.32,0.0,1172889.0,731.1615999999999,61.24354243542435
11073,India,Maize,1993,16015,1083.0,66388.0,25.97,1601.5,28125.51,0.0,1172889.0,674.4408999999999,61.24354243542435
11074,India,Potatoes,1993,149024,1083.0,66388.0,25.88,14902.4,28028.039999999997,0.0,1172889.0,669.7743999999999,61.24354243542435
11075,India,Potatoes,1993,149024,1083.0,66388.0,27.46,14902.4,29739.18,0.0,1172889.0,754.0516,61.24354243542435
11076,India,Potatoes,1993,149024,1083.0,66388.0,26.1,14902.4,28266.300000000003,0.0,1172889.0,681.21,61.24354243542435
11077,India,Potatoes,1993,149024,1083.0,66388.0,24.34,14902.4,26360.22,0.0,1172889.0,592.4356,61.24354243542435
11078,India,Potatoes,1993,149024,1083.0,66388.0,25.22,14902.4,27313.26,0.0,1172889.0,636.0483999999999,61.24354243542435
11079,India,Potatoes,1993,149024,1083.0,66388.0,25.75,14902.4,27887.25,0.0,1172889.0,663.0625,61.24354243542435
11080,India,Potatoes,1993,149024,1083.0,66388.0,25.92,14902.4,28071.36,0.0,1172889.0,671.8464000000001,61.24354243542435
11081,India,Potatoes,1993,149024,1083.0,66388.0,26.34,14902.4,28526.22,0.0,1172889.0,693.7956,61.24354243542435
11082,India,Potatoes,1993,149024,1083.0,66388.0,27.24,14902.4,29500.92,0.0,1172889.0,742.0175999999999,61.24354243542435
11083,India,Potatoes,1993,149024,1083.0,66388.0,25.5,14902.4,27616.5,0.0,1172889.0,650.25,61.24354243542435
11084,India,Potatoes,1993,149024,1083.0,66388.0,26.32,14902.4,28504.56,0.0,1172889.0,692.7424,61.24354243542435
11085,India,Potatoes,1993,149024,1083.0,66388.0,25.27,14902.4,27367.41,0.0,1172889.0,638.5729,61.24354243542435
11086,India,Potatoes,1993,149024,1083.0,66388.0,24.34,14902.4,26360.22,0.0,1172889.0,592.4356,61.24354243542435
11087,India,Potatoes,1993,149024,1083.0,66388.0,26.07,14902.4,28233.81,0.0,1172889.0,679.6449,61.24354243542435
11088,India,Potatoes,1993,149024,1083.0,66388.0,25.92,14902.4,28071.36,0.0,1172889.0,671.8464000000001,61.24354243542435
11089,India,Potatoes,1993,149024,1083.0,66388.0,25.66,14902.4,27789.78,0.0,1172889.0,658.4356,61.24354243542435
11090,India,Potatoes,1993,149024,1083.0,66388.0,25.06,14902.4,27139.98,0.0,1172889.0,628.0035999999999,61.24354243542435
11091,India,Potatoes,1993,149024,1083.0,66388.0,27.07,14902.4,29316.81,0.0,1172889.0,732.7849,61.24354243542435
11092,India,Potatoes,1993,149024,1083.0,66388.0,24.74,14902.4,26793.42,0.0,1172889.0,612.0676,61.24354243542435
11093,India,Potatoes,1993,149024,1083.0,66388.0,27.04,14902.4,29284.32,0.0,1172889.0,731.1615999999999,61.24354243542435
11094,India,Potatoes,1993,149024,1083.0,66388.0,27.04,14902.4,29284.32,0.0,1172889.0,731.1615999999999,61.24354243542435
11095,India,Potatoes,1993,149024,1083.0,66388.0,25.97,14902.4,28125.51,0.0,1172889.0,674.4408999999999,61.24354243542435
11096,India,"Rice, paddy",1993,28303,1083.0,66388.0,25.88,2830.3,28028.039999999997,0.0,1172889.0,669.7743999999999,61.24354243542435
11097,India,"Rice, paddy",1993,28303,1083.0,66388.0,27.46,2830.3,29739.18,0.0,1172889.0,754.0516,61.24354243542435
11098,India,"Rice, paddy",1993,28303,1083.0,66388.0,26.1,2830.3,28266.300000000003,0.0,1172889.0,681.21,61.24354243542435
11099,India,"Rice, paddy",1993,28303,1083.0,66388.0,24.34,2830.3,26360.22,0.0,1172889.0,592.4356,61.24354243542435
11100,India,"Rice, paddy",1993,28303,1083.0,66388.0,25.22,2830.3,27313.26,0.0,1172889.0,636.0483999999999,61.24354243542435
11101,India,"Rice, paddy",1993,28303,1083.0,66388.0,25.75,2830.3,27887.25,0.0,1172889.0,663.0625,61.24354243542435
11102,India,"Rice, paddy",1993,28303,1083.0,66388.0,25.92,2830.3,28071.36,0.0,1172889.0,671.8464000000001,61.24354243542435
11103,India,"Rice, paddy",1993,28303,1083.0,66388.0,26.34,2830.3,28526.22,0.0,1172889.0,693.7956,61.24354243542435
11104,India,"Rice, paddy",1993,28303,1083.0,66388.0,27.24,2830.3,29500.92,0.0,1172889.0,742.0175999999999,61.24354243542435
11105,India,"Rice, paddy",1993,28303,1083.0,66388.0,25.5,2830.3,27616.5,0.0,1172889.0,650.25,61.24354243542435
11106,India,"Rice, paddy",1993,28303,1083.0,66388.0,26.32,2830.3,28504.56,0.0,1172889.0,692.7424,61.24354243542435
11107,India,"Rice, paddy",1993,28303,1083.0,66388.0,25.27,2830.3,27367.41,0.0,1172889.0,638.5729,61.24354243542435
11108,India,"Rice, paddy",1993,28303,1083.0,66388.0,24.34,2830.3,26360.22,0.0,1172889.0,592.4356,61.24354243542435
11109,India,"Rice, paddy",1993,28303,1083.0,66388.0,26.07,2830.3,28233.81,0.0,1172889.0,679.6449,61.24354243542435
11110,India,"Rice, paddy",1993,28303,1083.0,66388.0,25.92,2830.3,28071.36,0.0,1172889.0,671.8464000000001,61.24354243542435
11111,India,"Rice, paddy",1993,28303,1083.0,66388.0,25.66,2830.3,27789.78,0.0,1172889.0,658.4356,61.24354243542435
11112,India,"Rice, paddy",1993,28303,1083.0,66388.0,25.06,2830.3,27139.98,0.0,1172889.0,628.0035999999999,61.24354243542435
11113,India,"Rice, paddy",1993,28303,1083.0,66388.0,27.07,2830.3,29316.81,0.0,1172889.0,732.7849,61.24354243542435
11114,India,"Rice, paddy",1993,28303,1083.0,66388.0,24.74,2830.3,26793.42,0.0,1172889.0,612.0676,61.24354243542435
11115,India,"Rice, paddy",1993,28303,1083.0,66388.0,27.04,2830.3,29284.32,0.0,1172889.0,731.1615999999999,61.24354243542435
11116,India,"Rice, paddy",1993,28303,1083.0,66388.0,27.04,2830.3,29284.32,0.0,1172889.0,731.1615999999999,61.24354243542435
11117,India,"Rice, paddy",1993,28303,1083.0,66388.0,25.97,2830.3,28125.51,0.0,1172889.0,674.4408999999999,61.24354243542435
11118,India,Sorghum,1993,8981,1083.0,66388.0,25.88,898.1,28028.039999999997,0.0,1172889.0,669.7743999999999,61.24354243542435
11119,India,Sorghum,1993,8981,1083.0,66388.0,27.46,898.1,29739.18,0.0,1172889.0,754.0516,61.24354243542435
11120,India,Sorghum,1993,8981,1083.0,66388.0,26.1,898.1,28266.300000000003,0.0,1172889.0,681.21,61.24354243542435
11121,India,Sorghum,1993,8981,1083.0,66388.0,24.34,898.1,26360.22,0.0,1172889.0,592.4356,61.24354243542435
11122,India,Sorghum,1993,8981,1083.0,66388.0,25.22,898.1,27313.26,0.0,1172889.0,636.0483999999999,61.24354243542435
11123,India,Sorghum,1993,8981,1083.0,66388.0,25.75,898.1,27887.25,0.0,1172889.0,663.0625,61.24354243542435
11124,India,Sorghum,1993,8981,1083.0,66388.0,25.92,898.1,28071.36,0.0,1172889.0,671.8464000000001,61.24354243542435
11125,India,Sorghum,1993,8981,1083.0,66388.0,26.34,898.1,28526.22,0.0,1172889.0,693.7956,61.24354243542435
11126,India,Sorghum,1993,8981,1083.0,66388.0,27.24,898.1,29500.92,0.0,1172889.0,742.0175999999999,61.24354243542435
11127,India,Sorghum,1993,8981,1083.0,66388.0,25.5,898.1,27616.5,0.0,1172889.0,650.25,61.24354243542435
11128,India,Sorghum,1993,8981,1083.0,66388.0,26.32,898.1,28504.56,0.0,1172889.0,692.7424,61.24354243542435
11129,India,Sorghum,1993,8981,1083.0,66388.0,25.27,898.1,27367.41,0.0,1172889.0,638.5729,61.24354243542435
11130,India,Sorghum,1993,8981,1083.0,66388.0,24.34,898.1,26360.22,0.0,1172889.0,592.4356,61.24354243542435
11131,India,Sorghum,1993,8981,1083.0,66388.0,26.07,898.1,28233.81,0.0,1172889.0,679.6449,61.24354243542435
11132,India,Sorghum,1993,8981,1083.0,66388.0,25.92,898.1,28071.36,0.0,1172889.0,671.8464000000001,61.24354243542435
11133,India,Sorghum,1993,8981,1083.0,66388.0,25.66,898.1,27789.78,0.0,1172889.0,658.4356,61.24354243542435
11134,India,Sorghum,1993,8981,1083.0,66388.0,25.06,898.1,27139.98,0.0,1172889.0,628.0035999999999,61.24354243542435
11135,India,Sorghum,1993,8981,1083.0,66388.0,27.07,898.1,29316.81,0.0,1172889.0,732.7849,61.24354243542435
11136,India,Sorghum,1993,8981,1083.0,66388.0,24.74,898.1,26793.42,0.0,1172889.0,612.0676,61.24354243542435
11137,India,Sorghum,1993,8981,1083.0,66388.0,27.04,898.1,29284.32,0.0,1172889.0,731.1615999999999,61.24354243542435
11138,India,Sorghum,1993,8981,1083.0,66388.0,27.04,898.1,29284.32,0.0,1172889.0,731.1615999999999,61.24354243542435
11139,India,Sorghum,1993,8981,1083.0,66388.0,25.97,898.1,28125.51,0.0,1172889.0,674.4408999999999,61.24354243542435
11140,India,Soybeans,1993,10857,1083.0,66388.0,25.88,1085.7,28028.039999999997,0.0,1172889.0,669.7743999999999,61.24354243542435
11141,India,Soybeans,1993,10857,1083.0,66388.0,27.46,1085.7,29739.18,0.0,1172889.0,754.0516,61.24354243542435
11142,India,Soybeans,1993,10857,1083.0,66388.0,26.1,1085.7,28266.300000000003,0.0,1172889.0,681.21,61.24354243542435
11143,India,Soybeans,1993,10857,1083.0,66388.0,24.34,1085.7,26360.22,0.0,1172889.0,592.4356,61.24354243542435
11144,India,Soybeans,1993,10857,1083.0,66388.0,25.22,1085.7,27313.26,0.0,1172889.0,636.0483999999999,61.24354243542435
11145,India,Soybeans,1993,10857,1083.0,66388.0,25.75,1085.7,27887.25,0.0,1172889.0,663.0625,61.24354243542435
11146,India,Soybeans,1993,10857,1083.0,66388.0,25.92,1085.7,28071.36,0.0,1172889.0,671.8464000000001,61.24354243542435
11147,India,Soybeans,1993,10857,1083.0,66388.0,26.34,1085.7,28526.22,0.0,1172889.0,693.7956,61.24354243542435
11148,India,Soybeans,1993,10857,1083.0,66388.0,27.24,1085.7,29500.92,0.0,1172889.0,742.0175999999999,61.24354243542435
11149,India,Soybeans,1993,10857,1083.0,66388.0,25.5,1085.7,27616.5,0.0,1172889.0,650.25,61.24354243542435
11150,India,Soybeans,1993,10857,1083.0,66388.0,26.32,1085.7,28504.56,0.0,1172889.0,692.7424,61.24354243542435
11151,India,Soybeans,1993,10857,1083.0,66388.0,25.27,1085.7,27367.41,0.0,1172889.0,638.5729,61.24354243542435
11152,India,Soybeans,1993,10857,1083.0,66388.0,24.34,1085.7,26360.22,0.0,1172889.0,592.4356,61.24354243542435
11153,India,Soybeans,1993,10857,1083.0,66388.0,26.07,1085.7,28233.81,0.0,1172889.0,679.6449,61.24354243542435
11154,India,Soybeans,1993,10857,1083.0,66388.0,25.92,1085.7,28071.36,0.0,1172889.0,671.8464000000001,61.24354243542435
11155,India,Soybeans,1993,10857,1083.0,66388.0,25.66,1085.7,27789.78,0.0,1172889.0,658.4356,61.24354243542435
11156,India,Soybeans,1993,10857,1083.0,66388.0,25.06,1085.7,27139.98,0.0,1172889.0,628.0035999999999,61.24354243542435
11157,India,Soybeans,1993,10857,1083.0,66388.0,27.07,1085.7,29316.81,0.0,1172889.0,732.7849,61.24354243542435
11158,India,Soybeans,1993,10857,1083.0,66388.0,24.74,1085.7,26793.42,0.0,1172889.0,612.0676,61.24354243542435
11159,India,Soybeans,1993,10857,1083.0,66388.0,27.04,1085.7,29284.32,0.0,1172889.0,731.1615999999999,61.24354243542435
11160,India,Soybeans,1993,10857,1083.0,66388.0,27.04,1085.7,29284.32,0.0,1172889.0,731.1615999999999,61.24354243542435
11161,India,Soybeans,1993,10857,1083.0,66388.0,25.97,1085.7,28125.51,0.0,1172889.0,674.4408999999999,61.24354243542435
11162,India,Sweet potatoes,1993,85962,1083.0,66388.0,25.88,8596.2,28028.039999999997,0.0,1172889.0,669.7743999999999,61.24354243542435
11163,India,Sweet potatoes,1993,85962,1083.0,66388.0,27.46,8596.2,29739.18,0.0,1172889.0,754.0516,61.24354243542435
11164,India,Sweet potatoes,1993,85962,1083.0,66388.0,26.1,8596.2,28266.300000000003,0.0,1172889.0,681.21,61.24354243542435
11165,India,Sweet potatoes,1993,85962,1083.0,66388.0,24.34,8596.2,26360.22,0.0,1172889.0,592.4356,61.24354243542435
11166,India,Sweet potatoes,1993,85962,1083.0,66388.0,25.22,8596.2,27313.26,0.0,1172889.0,636.0483999999999,61.24354243542435
11167,India,Sweet potatoes,1993,85962,1083.0,66388.0,25.75,8596.2,27887.25,0.0,1172889.0,663.0625,61.24354243542435
11168,India,Sweet potatoes,1993,85962,1083.0,66388.0,25.92,8596.2,28071.36,0.0,1172889.0,671.8464000000001,61.24354243542435
11169,India,Sweet potatoes,1993,85962,1083.0,66388.0,26.34,8596.2,28526.22,0.0,1172889.0,693.7956,61.24354243542435
11170,India,Sweet potatoes,1993,85962,1083.0,66388.0,27.24,8596.2,29500.92,0.0,1172889.0,742.0175999999999,61.24354243542435
11171,India,Sweet potatoes,1993,85962,1083.0,66388.0,25.5,8596.2,27616.5,0.0,1172889.0,650.25,61.24354243542435
11172,India,Sweet potatoes,1993,85962,1083.0,66388.0,26.32,8596.2,28504.56,0.0,1172889.0,692.7424,61.24354243542435
11173,India,Sweet potatoes,1993,85962,1083.0,66388.0,25.27,8596.2,27367.41,0.0,1172889.0,638.5729,61.24354243542435
11174,India,Sweet potatoes,1993,85962,1083.0,66388.0,24.34,8596.2,26360.22,0.0,1172889.0,592.4356,61.24354243542435
11175,India,Sweet potatoes,1993,85962,1083.0,66388.0,26.07,8596.2,28233.81,0.0,1172889.0,679.6449,61.24354243542435
11176,India,Sweet potatoes,1993,85962,1083.0,66388.0,25.92,8596.2,28071.36,0.0,1172889.0,671.8464000000001,61.24354243542435
11177,India,Sweet potatoes,1993,85962,1083.0,66388.0,25.66,8596.2,27789.78,0.0,1172889.0,658.4356,61.24354243542435
11178,India,Sweet potatoes,1993,85962,1083.0,66388.0,25.06,8596.2,27139.98,0.0,1172889.0,628.0035999999999,61.24354243542435
11179,India,Sweet potatoes,1993,85962,1083.0,66388.0,27.07,8596.2,29316.81,0.0,1172889.0,732.7849,61.24354243542435
11180,India,Sweet potatoes,1993,85962,1083.0,66388.0,24.74,8596.2,26793.42,0.0,1172889.0,612.0676,61.24354243542435
11181,India,Sweet potatoes,1993,85962,1083.0,66388.0,27.04,8596.2,29284.32,0.0,1172889.0,731.1615999999999,61.24354243542435
11182,India,Sweet potatoes,1993,85962,1083.0,66388.0,27.04,8596.2,29284.32,0.0,1172889.0,731.1615999999999,61.24354243542435
11183,India,Sweet potatoes,1993,85962,1083.0,66388.0,25.97,8596.2,28125.51,0.0,1172889.0,674.4408999999999,61.24354243542435
11184,India,Wheat,1993,23267,1083.0,66388.0,25.88,2326.7,28028.039999999997,0.0,1172889.0,669.7743999999999,61.24354243542435
11185,India,Wheat,1993,23267,1083.0,66388.0,27.46,2326.7,29739.18,0.0,1172889.0,754.0516,61.24354243542435
11186,India,Wheat,1993,23267,1083.0,66388.0,26.1,2326.7,28266.300000000003,0.0,1172889.0,681.21,61.24354243542435
11187,India,Wheat,1993,23267,1083.0,66388.0,24.34,2326.7,26360.22,0.0,1172889.0,592.4356,61.24354243542435
11188,India,Wheat,1993,23267,1083.0,66388.0,25.22,2326.7,27313.26,0.0,1172889.0,636.0483999999999,61.24354243542435
11189,India,Wheat,1993,23267,1083.0,66388.0,25.75,2326.7,27887.25,0.0,1172889.0,663.0625,61.24354243542435
11190,India,Wheat,1993,23267,1083.0,66388.0,25.92,2326.7,28071.36,0.0,1172889.0,671.8464000000001,61.24354243542435
11191,India,Wheat,1993,23267,1083.0,66388.0,26.34,2326.7,28526.22,0.0,1172889.0,693.7956,61.24354243542435
11192,India,Wheat,1993,23267,1083.0,66388.0,27.24,2326.7,29500.92,0.0,1172889.0,742.0175999999999,61.24354243542435
11193,India,Wheat,1993,23267,1083.0,66388.0,25.5,2326.7,27616.5,0.0,1172889.0,650.25,61.24354243542435
11194,India,Wheat,1993,23267,1083.0,66388.0,26.32,2326.7,28504.56,0.0,1172889.0,692.7424,61.24354243542435
11195,India,Wheat,1993,23267,1083.0,66388.0,25.27,2326.7,27367.41,0.0,1172889.0,638.5729,61.24354243542435
11196,India,Wheat,1993,23267,1083.0,66388.0,24.34,2326.7,26360.22,0.0,1172889.0,592.4356,61.24354243542435
11197,India,Wheat,1993,23267,1083.0,66388.0,26.07,2326.7,28233.81,0.0,1172889.0,679.6449,61.24354243542435
11198,India,Wheat,1993,23267,1083.0,66388.0,25.92,2326.7,28071.36,0.0,1172889.0,671.8464000000001,61.24354243542435
11199,India,Wheat,1993,23267,1083.0,66388.0,25.66,2326.7,27789.78,0.0,1172889.0,658.4356,61.24354243542435
11200,India,Wheat,1993,23267,1083.0,66388.0,25.06,2326.7,27139.98,0.0,1172889.0,628.0035999999999,61.24354243542435
11201,India,Wheat,1993,23267,1083.0,66388.0,27.07,2326.7,29316.81,0.0,1172889.0,732.7849,61.24354243542435
11202,India,Wheat,1993,23267,1083.0,66388.0,24.74,2326.7,26793.42,0.0,1172889.0,612.0676,61.24354243542435
11203,India,Wheat,1993,23267,1083.0,66388.0,27.04,2326.7,29284.32,0.0,1172889.0,731.1615999999999,61.24354243542435
11204,India,Wheat,1993,23267,1083.0,66388.0,27.04,2326.7,29284.32,0.0,1172889.0,731.1615999999999,61.24354243542435
11205,India,Wheat,1993,23267,1083.0,66388.0,25.97,2326.7,28125.51,0.0,1172889.0,674.4408999999999,61.24354243542435
11206,India,Cassava,1994,245277,1083.0,61357.0,25.75,24527.7,27887.25,0.0,1172889.0,663.0625,56.60239852398524
11207,India,Cassava,1994,245277,1083.0,61357.0,26.74,24527.7,28959.42,0.0,1172889.0,715.0275999999999,56.60239852398524
11208,India,Cassava,1994,245277,1083.0,61357.0,26.03,24527.7,28190.49,0.0,1172889.0,677.5609000000001,56.60239852398524
11209,India,Cassava,1994,245277,1083.0,61357.0,24.29,24527.7,26306.07,0.0,1172889.0,590.0041,56.60239852398524
11210,India,Cassava,1994,245277,1083.0,61357.0,25.22,24527.7,27313.26,0.0,1172889.0,636.0483999999999,56.60239852398524
11211,India,Cassava,1994,245277,1083.0,61357.0,25.33,24527.7,27432.39,0.0,1172889.0,641.6089,56.60239852398524
11212,India,Cassava,1994,245277,1083.0,61357.0,25.87,24527.7,28017.210000000003,0.0,1172889.0,669.2569000000001,56.60239852398524
11213,India,Cassava,1994,245277,1083.0,61357.0,26.54,24527.7,28742.82,0.0,1172889.0,704.3716,56.60239852398524
11214,India,Cassava,1994,245277,1083.0,61357.0,27.07,24527.7,29316.81,0.0,1172889.0,732.7849,56.60239852398524
11215,India,Cassava,1994,245277,1083.0,61357.0,25.01,24527.7,27085.83,0.0,1172889.0,625.5001000000001,56.60239852398524
11216,India,Cassava,1994,245277,1083.0,61357.0,25.92,24527.7,28071.36,0.0,1172889.0,671.8464000000001,56.60239852398524
11217,India,Cassava,1994,245277,1083.0,61357.0,25.33,24527.7,27432.39,0.0,1172889.0,641.6089,56.60239852398524
11218,India,Cassava,1994,245277,1083.0,61357.0,24.29,24527.7,26306.07,0.0,1172889.0,590.0041,56.60239852398524
11219,India,Cassava,1994,245277,1083.0,61357.0,25.75,24527.7,27887.25,0.0,1172889.0,663.0625,56.60239852398524
11220,India,Cassava,1994,245277,1083.0,61357.0,25.87,24527.7,28017.210000000003,0.0,1172889.0,669.2569000000001,56.60239852398524
11221,India,Cassava,1994,245277,1083.0,61357.0,25.71,24527.7,27843.93,0.0,1172889.0,661.0041,56.60239852398524
11222,India,Cassava,1994,245277,1083.0,61357.0,24.84,24527.7,26901.72,0.0,1172889.0,617.0255999999999,56.60239852398524
11223,India,Cassava,1994,245277,1083.0,61357.0,26.46,24527.7,28656.18,0.0,1172889.0,700.1316,56.60239852398524
11224,India,Cassava,1994,245277,1083.0,61357.0,24.71,24527.7,26760.93,0.0,1172889.0,610.5841,56.60239852398524
11225,India,Cassava,1994,245277,1083.0,61357.0,26.55,24527.7,28753.65,0.0,1172889.0,704.9025,56.60239852398524
11226,India,Cassava,1994,245277,1083.0,61357.0,26.55,24527.7,28753.65,0.0,1172889.0,704.9025,56.60239852398524
11227,India,Cassava,1994,245277,1083.0,61357.0,25.95,24527.7,28103.85,0.0,1172889.0,673.4024999999999,56.60239852398524
11228,India,Maize,1994,14480,1083.0,61357.0,25.75,1448.0,27887.25,0.0,1172889.0,663.0625,56.60239852398524
11229,India,Maize,1994,14480,1083.0,61357.0,26.74,1448.0,28959.42,0.0,1172889.0,715.0275999999999,56.60239852398524
11230,India,Maize,1994,14480,1083.0,61357.0,26.03,1448.0,28190.49,0.0,1172889.0,677.5609000000001,56.60239852398524
11231,India,Maize,1994,14480,1083.0,61357.0,24.29,1448.0,26306.07,0.0,1172889.0,590.0041,56.60239852398524
11232,India,Maize,1994,14480,1083.0,61357.0,25.22,1448.0,27313.26,0.0,1172889.0,636.0483999999999,56.60239852398524
11233,India,Maize,1994,14480,1083.0,61357.0,25.33,1448.0,27432.39,0.0,1172889.0,641.6089,56.60239852398524
11234,India,Maize,1994,14480,1083.0,61357.0,25.87,1448.0,28017.210000000003,0.0,1172889.0,669.2569000000001,56.60239852398524
11235,India,Maize,1994,14480,1083.0,61357.0,26.54,1448.0,28742.82,0.0,1172889.0,704.3716,56.60239852398524
11236,India,Maize,1994,14480,1083.0,61357.0,27.07,1448.0,29316.81,0.0,1172889.0,732.7849,56.60239852398524
11237,India,Maize,1994,14480,1083.0,61357.0,25.01,1448.0,27085.83,0.0,1172889.0,625.5001000000001,56.60239852398524
11238,India,Maize,1994,14480,1083.0,61357.0,25.92,1448.0,28071.36,0.0,1172889.0,671.8464000000001,56.60239852398524
11239,India,Maize,1994,14480,1083.0,61357.0,25.33,1448.0,27432.39,0.0,1172889.0,641.6089,56.60239852398524
11240,India,Maize,1994,14480,1083.0,61357.0,24.29,1448.0,26306.07,0.0,1172889.0,590.0041,56.60239852398524
11241,India,Maize,1994,14480,1083.0,61357.0,25.75,1448.0,27887.25,0.0,1172889.0,663.0625,56.60239852398524
11242,India,Maize,1994,14480,1083.0,61357.0,25.87,1448.0,28017.210000000003,0.0,1172889.0,669.2569000000001,56.60239852398524
11243,India,Maize,1994,14480,1083.0,61357.0,25.71,1448.0,27843.93,0.0,1172889.0,661.0041,56.60239852398524
11244,India,Maize,1994,14480,1083.0,61357.0,24.84,1448.0,26901.72,0.0,1172889.0,617.0255999999999,56.60239852398524
11245,India,Maize,1994,14480,1083.0,61357.0,26.46,1448.0,28656.18,0.0,1172889.0,700.1316,56.60239852398524
11246,India,Maize,1994,14480,1083.0,61357.0,24.71,1448.0,26760.93,0.0,1172889.0,610.5841,56.60239852398524
11247,India,Maize,1994,14480,1083.0,61357.0,26.55,1448.0,28753.65,0.0,1172889.0,704.9025,56.60239852398524
11248,India,Maize,1994,14480,1083.0,61357.0,26.55,1448.0,28753.65,0.0,1172889.0,704.9025,56.60239852398524
11249,India,Maize,1994,14480,1083.0,61357.0,25.95,1448.0,28103.85,0.0,1172889.0,673.4024999999999,56.60239852398524
11250,India,Potatoes,1994,166101,1083.0,61357.0,25.75,16610.1,27887.25,0.0,1172889.0,663.0625,56.60239852398524
11251,India,Potatoes,1994,166101,1083.0,61357.0,26.74,16610.1,28959.42,0.0,1172889.0,715.0275999999999,56.60239852398524
11252,India,Potatoes,1994,166101,1083.0,61357.0,26.03,16610.1,28190.49,0.0,1172889.0,677.5609000000001,56.60239852398524
11253,India,Potatoes,1994,166101,1083.0,61357.0,24.29,16610.1,26306.07,0.0,1172889.0,590.0041,56.60239852398524
11254,India,Potatoes,1994,166101,1083.0,61357.0,25.22,16610.1,27313.26,0.0,1172889.0,636.0483999999999,56.60239852398524
11255,India,Potatoes,1994,166101,1083.0,61357.0,25.33,16610.1,27432.39,0.0,1172889.0,641.6089,56.60239852398524
11256,India,Potatoes,1994,166101,1083.0,61357.0,25.87,16610.1,28017.210000000003,0.0,1172889.0,669.2569000000001,56.60239852398524
11257,India,Potatoes,1994,166101,1083.0,61357.0,26.54,16610.1,28742.82,0.0,1172889.0,704.3716,56.60239852398524
11258,India,Potatoes,1994,166101,1083.0,61357.0,27.07,16610.1,29316.81,0.0,1172889.0,732.7849,56.60239852398524
11259,India,Potatoes,1994,166101,1083.0,61357.0,25.01,16610.1,27085.83,0.0,1172889.0,625.5001000000001,56.60239852398524
11260,India,Potatoes,1994,166101,1083.0,61357.0,25.92,16610.1,28071.36,0.0,1172889.0,671.8464000000001,56.60239852398524
11261,India,Potatoes,1994,166101,1083.0,61357.0,25.33,16610.1,27432.39,0.0,1172889.0,641.6089,56.60239852398524
11262,India,Potatoes,1994,166101,1083.0,61357.0,24.29,16610.1,26306.07,0.0,1172889.0,590.0041,56.60239852398524
11263,India,Potatoes,1994,166101,1083.0,61357.0,25.75,16610.1,27887.25,0.0,1172889.0,663.0625,56.60239852398524
11264,India,Potatoes,1994,166101,1083.0,61357.0,25.87,16610.1,28017.210000000003,0.0,1172889.0,669.2569000000001,56.60239852398524
11265,India,Potatoes,1994,166101,1083.0,61357.0,25.71,16610.1,27843.93,0.0,1172889.0,661.0041,56.60239852398524
11266,India,Potatoes,1994,166101,1083.0,61357.0,24.84,16610.1,26901.72,0.0,1172889.0,617.0255999999999,56.60239852398524
11267,India,Potatoes,1994,166101,1083.0,61357.0,26.46,16610.1,28656.18,0.0,1172889.0,700.1316,56.60239852398524
11268,India,Potatoes,1994,166101,1083.0,61357.0,24.71,16610.1,26760.93,0.0,1172889.0,610.5841,56.60239852398524
11269,India,Potatoes,1994,166101,1083.0,61357.0,26.55,16610.1,28753.65,0.0,1172889.0,704.9025,56.60239852398524
11270,India,Potatoes,1994,166101,1083.0,61357.0,26.55,16610.1,28753.65,0.0,1172889.0,704.9025,56.60239852398524
11271,India,Potatoes,1994,166101,1083.0,61357.0,25.95,16610.1,28103.85,0.0,1172889.0,673.4024999999999,56.60239852398524
11272,India,"Rice, paddy",1994,28645,1083.0,61357.0,25.75,2864.5,27887.25,0.0,1172889.0,663.0625,56.60239852398524
11273,India,"Rice, paddy",1994,28645,1083.0,61357.0,26.74,2864.5,28959.42,0.0,1172889.0,715.0275999999999,56.60239852398524
11274,India,"Rice, paddy",1994,28645,1083.0,61357.0,26.03,2864.5,28190.49,0.0,1172889.0,677.5609000000001,56.60239852398524
11275,India,"Rice, paddy",1994,28645,1083.0,61357.0,24.29,2864.5,26306.07,0.0,1172889.0,590.0041,56.60239852398524
11276,India,"Rice, paddy",1994,28645,1083.0,61357.0,25.22,2864.5,27313.26,0.0,1172889.0,636.0483999999999,56.60239852398524
11277,India,"Rice, paddy",1994,28645,1083.0,61357.0,25.33,2864.5,27432.39,0.0,1172889.0,641.6089,56.60239852398524
11278,India,"Rice, paddy",1994,28645,1083.0,61357.0,25.87,2864.5,28017.210000000003,0.0,1172889.0,669.2569000000001,56.60239852398524
11279,India,"Rice, paddy",1994,28645,1083.0,61357.0,26.54,2864.5,28742.82,0.0,1172889.0,704.3716,56.60239852398524
11280,India,"Rice, paddy",1994,28645,1083.0,61357.0,27.07,2864.5,29316.81,0.0,1172889.0,732.7849,56.60239852398524
11281,India,"Rice, paddy",1994,28645,1083.0,61357.0,25.01,2864.5,27085.83,0.0,1172889.0,625.5001000000001,56.60239852398524
11282,India,"Rice, paddy",1994,28645,1083.0,61357.0,25.92,2864.5,28071.36,0.0,1172889.0,671.8464000000001,56.60239852398524
11283,India,"Rice, paddy",1994,28645,1083.0,61357.0,25.33,2864.5,27432.39,0.0,1172889.0,641.6089,56.60239852398524
11284,India,"Rice, paddy",1994,28645,1083.0,61357.0,24.29,2864.5,26306.07,0.0,1172889.0,590.0041,56.60239852398524
11285,India,"Rice, paddy",1994,28645,1083.0,61357.0,25.75,2864.5,27887.25,0.0,1172889.0,663.0625,56.60239852398524
11286,India,"Rice, paddy",1994,28645,1083.0,61357.0,25.87,2864.5,28017.210000000003,0.0,1172889.0,669.2569000000001,56.60239852398524
11287,India,"Rice, paddy",1994,28645,1083.0,61357.0,25.71,2864.5,27843.93,0.0,1172889.0,661.0041,56.60239852398524
11288,India,"Rice, paddy",1994,28645,1083.0,61357.0,24.84,2864.5,26901.72,0.0,1172889.0,617.0255999999999,56.60239852398524
11289,India,"Rice, paddy",1994,28645,1083.0,61357.0,26.46,2864.5,28656.18,0.0,1172889.0,700.1316,56.60239852398524
11290,India,"Rice, paddy",1994,28645,1083.0,61357.0,24.71,2864.5,26760.93,0.0,1172889.0,610.5841,56.60239852398524
11291,India,"Rice, paddy",1994,28645,1083.0,61357.0,26.55,2864.5,28753.65,0.0,1172889.0,704.9025,56.60239852398524
11292,India,"Rice, paddy",1994,28645,1083.0,61357.0,26.55,2864.5,28753.65,0.0,1172889.0,704.9025,56.60239852398524
11293,India,"Rice, paddy",1994,28645,1083.0,61357.0,25.95,2864.5,28103.85,0.0,1172889.0,673.4024999999999,56.60239852398524
11294,India,Sorghum,1994,7786,1083.0,61357.0,25.75,778.6,27887.25,0.0,1172889.0,663.0625,56.60239852398524
11295,India,Sorghum,1994,7786,1083.0,61357.0,26.74,778.6,28959.42,0.0,1172889.0,715.0275999999999,56.60239852398524
11296,India,Sorghum,1994,7786,1083.0,61357.0,26.03,778.6,28190.49,0.0,1172889.0,677.5609000000001,56.60239852398524
11297,India,Sorghum,1994,7786,1083.0,61357.0,24.29,778.6,26306.07,0.0,1172889.0,590.0041,56.60239852398524
11298,India,Sorghum,1994,7786,1083.0,61357.0,25.22,778.6,27313.26,0.0,1172889.0,636.0483999999999,56.60239852398524
11299,India,Sorghum,1994,7786,1083.0,61357.0,25.33,778.6,27432.39,0.0,1172889.0,641.6089,56.60239852398524
11300,India,Sorghum,1994,7786,1083.0,61357.0,25.87,778.6,28017.210000000003,0.0,1172889.0,669.2569000000001,56.60239852398524
11301,India,Sorghum,1994,7786,1083.0,61357.0,26.54,778.6,28742.82,0.0,1172889.0,704.3716,56.60239852398524
11302,India,Sorghum,1994,7786,1083.0,61357.0,27.07,778.6,29316.81,0.0,1172889.0,732.7849,56.60239852398524
11303,India,Sorghum,1994,7786,1083.0,61357.0,25.01,778.6,27085.83,0.0,1172889.0,625.5001000000001,56.60239852398524
11304,India,Sorghum,1994,7786,1083.0,61357.0,25.92,778.6,28071.36,0.0,1172889.0,671.8464000000001,56.60239852398524
11305,India,Sorghum,1994,7786,1083.0,61357.0,25.33,778.6,27432.39,0.0,1172889.0,641.6089,56.60239852398524
11306,India,Sorghum,1994,7786,1083.0,61357.0,24.29,778.6,26306.07,0.0,1172889.0,590.0041,56.60239852398524
11307,India,Sorghum,1994,7786,1083.0,61357.0,25.75,778.6,27887.25,0.0,1172889.0,663.0625,56.60239852398524
11308,India,Sorghum,1994,7786,1083.0,61357.0,25.87,778.6,28017.210000000003,0.0,1172889.0,669.2569000000001,56.60239852398524
11309,India,Sorghum,1994,7786,1083.0,61357.0,25.71,778.6,27843.93,0.0,1172889.0,661.0041,56.60239852398524
11310,India,Sorghum,1994,7786,1083.0,61357.0,24.84,778.6,26901.72,0.0,1172889.0,617.0255999999999,56.60239852398524
11311,India,Sorghum,1994,7786,1083.0,61357.0,26.46,778.6,28656.18,0.0,1172889.0,700.1316,56.60239852398524
11312,India,Sorghum,1994,7786,1083.0,61357.0,24.71,778.6,26760.93,0.0,1172889.0,610.5841,56.60239852398524
11313,India,Sorghum,1994,7786,1083.0,61357.0,26.55,778.6,28753.65,0.0,1172889.0,704.9025,56.60239852398524
11314,India,Sorghum,1994,7786,1083.0,61357.0,26.55,778.6,28753.65,0.0,1172889.0,704.9025,56.60239852398524
11315,India,Sorghum,1994,7786,1083.0,61357.0,25.95,778.6,28103.85,0.0,1172889.0,673.4024999999999,56.60239852398524
11316,India,Soybeans,1994,9106,1083.0,61357.0,25.75,910.6,27887.25,0.0,1172889.0,663.0625,56.60239852398524
11317,India,Soybeans,1994,9106,1083.0,61357.0,26.74,910.6,28959.42,0.0,1172889.0,715.0275999999999,56.60239852398524
11318,India,Soybeans,1994,9106,1083.0,61357.0,26.03,910.6,28190.49,0.0,1172889.0,677.5609000000001,56.60239852398524
11319,India,Soybeans,1994,9106,1083.0,61357.0,24.29,910.6,26306.07,0.0,1172889.0,590.0041,56.60239852398524
11320,India,Soybeans,1994,9106,1083.0,61357.0,25.22,910.6,27313.26,0.0,1172889.0,636.0483999999999,56.60239852398524
11321,India,Soybeans,1994,9106,1083.0,61357.0,25.33,910.6,27432.39,0.0,1172889.0,641.6089,56.60239852398524
11322,India,Soybeans,1994,9106,1083.0,61357.0,25.87,910.6,28017.210000000003,0.0,1172889.0,669.2569000000001,56.60239852398524
11323,India,Soybeans,1994,9106,1083.0,61357.0,26.54,910.6,28742.82,0.0,1172889.0,704.3716,56.60239852398524
11324,India,Soybeans,1994,9106,1083.0,61357.0,27.07,910.6,29316.81,0.0,1172889.0,732.7849,56.60239852398524
11325,India,Soybeans,1994,9106,1083.0,61357.0,25.01,910.6,27085.83,0.0,1172889.0,625.5001000000001,56.60239852398524
11326,India,Soybeans,1994,9106,1083.0,61357.0,25.92,910.6,28071.36,0.0,1172889.0,671.8464000000001,56.60239852398524
11327,India,Soybeans,1994,9106,1083.0,61357.0,25.33,910.6,27432.39,0.0,1172889.0,641.6089,56.60239852398524
11328,India,Soybeans,1994,9106,1083.0,61357.0,24.29,910.6,26306.07,0.0,1172889.0,590.0041,56.60239852398524
11329,India,Soybeans,1994,9106,1083.0,61357.0,25.75,910.6,27887.25,0.0,1172889.0,663.0625,56.60239852398524
11330,India,Soybeans,1994,9106,1083.0,61357.0,25.87,910.6,28017.210000000003,0.0,1172889.0,669.2569000000001,56.60239852398524
11331,India,Soybeans,1994,9106,1083.0,61357.0,25.71,910.6,27843.93,0.0,1172889.0,661.0041,56.60239852398524
11332,India,Soybeans,1994,9106,1083.0,61357.0,24.84,910.6,26901.72,0.0,1172889.0,617.0255999999999,56.60239852398524
11333,India,Soybeans,1994,9106,1083.0,61357.0,26.46,910.6,28656.18,0.0,1172889.0,700.1316,56.60239852398524
11334,India,Soybeans,1994,9106,1083.0,61357.0,24.71,910.6,26760.93,0.0,1172889.0,610.5841,56.60239852398524
11335,India,Soybeans,1994,9106,1083.0,61357.0,26.55,910.6,28753.65,0.0,1172889.0,704.9025,56.60239852398524
11336,India,Soybeans,1994,9106,1083.0,61357.0,26.55,910.6,28753.65,0.0,1172889.0,704.9025,56.60239852398524
11337,India,Soybeans,1994,9106,1083.0,61357.0,25.95,910.6,28103.85,0.0,1172889.0,673.4024999999999,56.60239852398524
11338,India,Sweet potatoes,1994,84823,1083.0,61357.0,25.75,8482.3,27887.25,0.0,1172889.0,663.0625,56.60239852398524
11339,India,Sweet potatoes,1994,84823,1083.0,61357.0,26.74,8482.3,28959.42,0.0,1172889.0,715.0275999999999,56.60239852398524
11340,India,Sweet potatoes,1994,84823,1083.0,61357.0,26.03,8482.3,28190.49,0.0,1172889.0,677.5609000000001,56.60239852398524
11341,India,Sweet potatoes,1994,84823,1083.0,61357.0,24.29,8482.3,26306.07,0.0,1172889.0,590.0041,56.60239852398524
11342,India,Sweet potatoes,1994,84823,1083.0,61357.0,25.22,8482.3,27313.26,0.0,1172889.0,636.0483999999999,56.60239852398524
11343,India,Sweet potatoes,1994,84823,1083.0,61357.0,25.33,8482.3,27432.39,0.0,1172889.0,641.6089,56.60239852398524
11344,India,Sweet potatoes,1994,84823,1083.0,61357.0,25.87,8482.3,28017.210000000003,0.0,1172889.0,669.2569000000001,56.60239852398524
11345,India,Sweet potatoes,1994,84823,1083.0,61357.0,26.54,8482.3,28742.82,0.0,1172889.0,704.3716,56.60239852398524
11346,India,Sweet potatoes,1994,84823,1083.0,61357.0,27.07,8482.3,29316.81,0.0,1172889.0,732.7849,56.60239852398524
11347,India,Sweet potatoes,1994,84823,1083.0,61357.0,25.01,8482.3,27085.83,0.0,1172889.0,625.5001000000001,56.60239852398524
11348,India,Sweet potatoes,1994,84823,1083.0,61357.0,25.92,8482.3,28071.36,0.0,1172889.0,671.8464000000001,56.60239852398524
11349,India,Sweet potatoes,1994,84823,1083.0,61357.0,25.33,8482.3,27432.39,0.0,1172889.0,641.6089,56.60239852398524
11350,India,Sweet potatoes,1994,84823,1083.0,61357.0,24.29,8482.3,26306.07,0.0,1172889.0,590.0041,56.60239852398524
11351,India,Sweet potatoes,1994,84823,1083.0,61357.0,25.75,8482.3,27887.25,0.0,1172889.0,663.0625,56.60239852398524
11352,India,Sweet potatoes,1994,84823,1083.0,61357.0,25.87,8482.3,28017.210000000003,0.0,1172889.0,669.2569000000001,56.60239852398524
11353,India,Sweet potatoes,1994,84823,1083.0,61357.0,25.71,8482.3,27843.93,0.0,1172889.0,661.0041,56.60239852398524
11354,India,Sweet potatoes,1994,84823,1083.0,61357.0,24.84,8482.3,26901.72,0.0,1172889.0,617.0255999999999,56.60239852398524
11355,India,Sweet potatoes,1994,84823,1083.0,61357.0,26.46,8482.3,28656.18,0.0,1172889.0,700.1316,56.60239852398524
11356,India,Sweet potatoes,1994,84823,1083.0,61357.0,24.71,8482.3,26760.93,0.0,1172889.0,610.5841,56.60239852398524
11357,India,Sweet potatoes,1994,84823,1083.0,61357.0,26.55,8482.3,28753.65,0.0,1172889.0,704.9025,56.60239852398524
11358,India,Sweet potatoes,1994,84823,1083.0,61357.0,26.55,8482.3,28753.65,0.0,1172889.0,704.9025,56.60239852398524
11359,India,Sweet potatoes,1994,84823,1083.0,61357.0,25.95,8482.3,28103.85,0.0,1172889.0,673.4024999999999,56.60239852398524
11360,India,Wheat,1994,23796,1083.0,61357.0,25.75,2379.6,27887.25,0.0,1172889.0,663.0625,56.60239852398524
11361,India,Wheat,1994,23796,1083.0,61357.0,26.74,2379.6,28959.42,0.0,1172889.0,715.0275999999999,56.60239852398524
11362,India,Wheat,1994,23796,1083.0,61357.0,26.03,2379.6,28190.49,0.0,1172889.0,677.5609000000001,56.60239852398524
11363,India,Wheat,1994,23796,1083.0,61357.0,24.29,2379.6,26306.07,0.0,1172889.0,590.0041,56.60239852398524
11364,India,Wheat,1994,23796,1083.0,61357.0,25.22,2379.6,27313.26,0.0,1172889.0,636.0483999999999,56.60239852398524
11365,India,Wheat,1994,23796,1083.0,61357.0,25.33,2379.6,27432.39,0.0,1172889.0,641.6089,56.60239852398524
11366,India,Wheat,1994,23796,1083.0,61357.0,25.87,2379.6,28017.210000000003,0.0,1172889.0,669.2569000000001,56.60239852398524
11367,India,Wheat,1994,23796,1083.0,61357.0,26.54,2379.6,28742.82,0.0,1172889.0,704.3716,56.60239852398524
11368,India,Wheat,1994,23796,1083.0,61357.0,27.07,2379.6,29316.81,0.0,1172889.0,732.7849,56.60239852398524
11369,India,Wheat,1994,23796,1083.0,61357.0,25.01,2379.6,27085.83,0.0,1172889.0,625.5001000000001,56.60239852398524
11370,India,Wheat,1994,23796,1083.0,61357.0,25.92,2379.6,28071.36,0.0,1172889.0,671.8464000000001,56.60239852398524
11371,India,Wheat,1994,23796,1083.0,61357.0,25.33,2379.6,27432.39,0.0,1172889.0,641.6089,56.60239852398524
11372,India,Wheat,1994,23796,1083.0,61357.0,24.29,2379.6,26306.07,0.0,1172889.0,590.0041,56.60239852398524
11373,India,Wheat,1994,23796,1083.0,61357.0,25.75,2379.6,27887.25,0.0,1172889.0,663.0625,56.60239852398524
11374,India,Wheat,1994,23796,1083.0,61357.0,25.87,2379.6,28017.210000000003,0.0,1172889.0,669.2569000000001,56.60239852398524
11375,India,Wheat,1994,23796,1083.0,61357.0,25.71,2379.6,27843.93,0.0,1172889.0,661.0041,56.60239852398524
11376,India,Wheat,1994,23796,1083.0,61357.0,24.84,2379.6,26901.72,0.0,1172889.0,617.0255999999999,56.60239852398524
11377,India,Wheat,1994,23796,1083.0,61357.0,26.46,2379.6,28656.18,0.0,1172889.0,700.1316,56.60239852398524
11378,India,Wheat,1994,23796,1083.0,61357.0,24.71,2379.6,26760.93,0.0,1172889.0,610.5841,56.60239852398524
11379,India,Wheat,1994,23796,1083.0,61357.0,26.55,2379.6,28753.65,0.0,1172889.0,704.9025,56.60239852398524
11380,India,Wheat,1994,23796,1083.0,61357.0,26.55,2379.6,28753.65,0.0,1172889.0,704.9025,56.60239852398524
11381,India,Wheat,1994,23796,1083.0,61357.0,25.95,2379.6,28103.85,0.0,1172889.0,673.4024999999999,56.60239852398524
11382,India,Cassava,1995,252775,1083.0,61257.0,25.86,25277.5,28006.38,0.0,1172889.0,668.7396,56.510147601476014
11383,India,Cassava,1995,252775,1083.0,61257.0,27.2,25277.5,29457.6,0.0,1172889.0,739.8399999999999,56.510147601476014
11384,India,Cassava,1995,252775,1083.0,61257.0,26.15,25277.5,28320.449999999997,0.0,1172889.0,683.8224999999999,56.510147601476014
11385,India,Cassava,1995,252775,1083.0,61257.0,24.04,25277.5,26035.32,0.0,1172889.0,577.9216,56.510147601476014
11386,India,Cassava,1995,252775,1083.0,61257.0,25.44,25277.5,27551.52,0.0,1172889.0,647.1936000000001,56.510147601476014
11387,India,Cassava,1995,252775,1083.0,61257.0,25.73,25277.5,27865.59,0.0,1172889.0,662.0329,56.510147601476014
11388,India,Cassava,1995,252775,1083.0,61257.0,25.92,25277.5,28071.36,0.0,1172889.0,671.8464000000001,56.510147601476014
11389,India,Cassava,1995,252775,1083.0,61257.0,26.62,25277.5,28829.460000000003,0.0,1172889.0,708.6244,56.510147601476014
11390,India,Cassava,1995,252775,1083.0,61257.0,27.24,25277.5,29500.92,0.0,1172889.0,742.0175999999999,56.510147601476014
11391,India,Cassava,1995,252775,1083.0,61257.0,25.5,25277.5,27616.5,0.0,1172889.0,650.25,56.510147601476014
11392,India,Cassava,1995,252775,1083.0,61257.0,26.13,25277.5,28298.789999999997,0.0,1172889.0,682.7769,56.510147601476014
11393,India,Cassava,1995,252775,1083.0,61257.0,25.55,25277.5,27670.65,0.0,1172889.0,652.8025,56.510147601476014
11394,India,Cassava,1995,252775,1083.0,61257.0,24.04,25277.5,26035.32,0.0,1172889.0,577.9216,56.510147601476014
11395,India,Cassava,1995,252775,1083.0,61257.0,26.04,25277.5,28201.32,0.0,1172889.0,678.0816,56.510147601476014
11396,India,Cassava,1995,252775,1083.0,61257.0,25.92,25277.5,28071.36,0.0,1172889.0,671.8464000000001,56.510147601476014
11397,India,Cassava,1995,252775,1083.0,61257.0,25.76,25277.5,27898.08,0.0,1172889.0,663.5776000000001,56.510147601476014
11398,India,Cassava,1995,252775,1083.0,61257.0,25.24,25277.5,27334.92,0.0,1172889.0,637.0575999999999,56.510147601476014
11399,India,Cassava,1995,252775,1083.0,61257.0,26.72,25277.5,28937.76,0.0,1172889.0,713.9584,56.510147601476014
11400,India,Cassava,1995,252775,1083.0,61257.0,24.64,25277.5,26685.12,0.0,1172889.0,607.1296,56.510147601476014
11401,India,Cassava,1995,252775,1083.0,61257.0,27.03,25277.5,29273.49,0.0,1172889.0,730.6209,56.510147601476014
11402,India,Cassava,1995,252775,1083.0,61257.0,27.03,25277.5,29273.49,0.0,1172889.0,730.6209,56.510147601476014
11403,India,Cassava,1995,252775,1083.0,61257.0,26.01,25277.5,28168.83,0.0,1172889.0,676.5201000000001,56.510147601476014
11404,India,Maize,1995,15946,1083.0,61257.0,25.86,1594.6,28006.38,0.0,1172889.0,668.7396,56.510147601476014
11405,India,Maize,1995,15946,1083.0,61257.0,27.2,1594.6,29457.6,0.0,1172889.0,739.8399999999999,56.510147601476014
11406,India,Maize,1995,15946,1083.0,61257.0,26.15,1594.6,28320.449999999997,0.0,1172889.0,683.8224999999999,56.510147601476014
11407,India,Maize,1995,15946,1083.0,61257.0,24.04,1594.6,26035.32,0.0,1172889.0,577.9216,56.510147601476014
11408,India,Maize,1995,15946,1083.0,61257.0,25.44,1594.6,27551.52,0.0,1172889.0,647.1936000000001,56.510147601476014
11409,India,Maize,1995,15946,1083.0,61257.0,25.73,1594.6,27865.59,0.0,1172889.0,662.0329,56.510147601476014
11410,India,Maize,1995,15946,1083.0,61257.0,25.92,1594.6,28071.36,0.0,1172889.0,671.8464000000001,56.510147601476014
11411,India,Maize,1995,15946,1083.0,61257.0,26.62,1594.6,28829.460000000003,0.0,1172889.0,708.6244,56.510147601476014
11412,India,Maize,1995,15946,1083.0,61257.0,27.24,1594.6,29500.92,0.0,1172889.0,742.0175999999999,56.510147601476014
11413,India,Maize,1995,15946,1083.0,61257.0,25.5,1594.6,27616.5,0.0,1172889.0,650.25,56.510147601476014
11414,India,Maize,1995,15946,1083.0,61257.0,26.13,1594.6,28298.789999999997,0.0,1172889.0,682.7769,56.510147601476014
11415,India,Maize,1995,15946,1083.0,61257.0,25.55,1594.6,27670.65,0.0,1172889.0,652.8025,56.510147601476014
11416,India,Maize,1995,15946,1083.0,61257.0,24.04,1594.6,26035.32,0.0,1172889.0,577.9216,56.510147601476014
11417,India,Maize,1995,15946,1083.0,61257.0,26.04,1594.6,28201.32,0.0,1172889.0,678.0816,56.510147601476014
11418,India,Maize,1995,15946,1083.0,61257.0,25.92,1594.6,28071.36,0.0,1172889.0,671.8464000000001,56.510147601476014
11419,India,Maize,1995,15946,1083.0,61257.0,25.76,1594.6,27898.08,0.0,1172889.0,663.5776000000001,56.510147601476014
11420,India,Maize,1995,15946,1083.0,61257.0,25.24,1594.6,27334.92,0.0,1172889.0,637.0575999999999,56.510147601476014
11421,India,Maize,1995,15946,1083.0,61257.0,26.72,1594.6,28937.76,0.0,1172889.0,713.9584,56.510147601476014
11422,India,Maize,1995,15946,1083.0,61257.0,24.64,1594.6,26685.12,0.0,1172889.0,607.1296,56.510147601476014
11423,India,Maize,1995,15946,1083.0,61257.0,27.03,1594.6,29273.49,0.0,1172889.0,730.6209,56.510147601476014
11424,India,Maize,1995,15946,1083.0,61257.0,27.03,1594.6,29273.49,0.0,1172889.0,730.6209,56.510147601476014
11425,India,Maize,1995,15946,1083.0,61257.0,26.01,1594.6,28168.83,0.0,1172889.0,676.5201000000001,56.510147601476014
11426,India,Potatoes,1995,162720,1083.0,61257.0,25.86,16272.0,28006.38,0.0,1172889.0,668.7396,56.510147601476014
11427,India,Potatoes,1995,162720,1083.0,61257.0,27.2,16272.0,29457.6,0.0,1172889.0,739.8399999999999,56.510147601476014
11428,India,Potatoes,1995,162720,1083.0,61257.0,26.15,16272.0,28320.449999999997,0.0,1172889.0,683.8224999999999,56.510147601476014
11429,India,Potatoes,1995,162720,1083.0,61257.0,24.04,16272.0,26035.32,0.0,1172889.0,577.9216,56.510147601476014
11430,India,Potatoes,1995,162720,1083.0,61257.0,25.44,16272.0,27551.52,0.0,1172889.0,647.1936000000001,56.510147601476014
11431,India,Potatoes,1995,162720,1083.0,61257.0,25.73,16272.0,27865.59,0.0,1172889.0,662.0329,56.510147601476014
11432,India,Potatoes,1995,162720,1083.0,61257.0,25.92,16272.0,28071.36,0.0,1172889.0,671.8464000000001,56.510147601476014
11433,India,Potatoes,1995,162720,1083.0,61257.0,26.62,16272.0,28829.460000000003,0.0,1172889.0,708.6244,56.510147601476014
11434,India,Potatoes,1995,162720,1083.0,61257.0,27.24,16272.0,29500.92,0.0,1172889.0,742.0175999999999,56.510147601476014
11435,India,Potatoes,1995,162720,1083.0,61257.0,25.5,16272.0,27616.5,0.0,1172889.0,650.25,56.510147601476014
11436,India,Potatoes,1995,162720,1083.0,61257.0,26.13,16272.0,28298.789999999997,0.0,1172889.0,682.7769,56.510147601476014
11437,India,Potatoes,1995,162720,1083.0,61257.0,25.55,16272.0,27670.65,0.0,1172889.0,652.8025,56.510147601476014
11438,India,Potatoes,1995,162720,1083.0,61257.0,24.04,16272.0,26035.32,0.0,1172889.0,577.9216,56.510147601476014
11439,India,Potatoes,1995,162720,1083.0,61257.0,26.04,16272.0,28201.32,0.0,1172889.0,678.0816,56.510147601476014
11440,India,Potatoes,1995,162720,1083.0,61257.0,25.92,16272.0,28071.36,0.0,1172889.0,671.8464000000001,56.510147601476014
11441,India,Potatoes,1995,162720,1083.0,61257.0,25.76,16272.0,27898.08,0.0,1172889.0,663.5776000000001,56.510147601476014
11442,India,Potatoes,1995,162720,1083.0,61257.0,25.24,16272.0,27334.92,0.0,1172889.0,637.0575999999999,56.510147601476014
11443,India,Potatoes,1995,162720,1083.0,61257.0,26.72,16272.0,28937.76,0.0,1172889.0,713.9584,56.510147601476014
11444,India,Potatoes,1995,162720,1083.0,61257.0,24.64,16272.0,26685.12,0.0,1172889.0,607.1296,56.510147601476014
11445,India,Potatoes,1995,162720,1083.0,61257.0,27.03,16272.0,29273.49,0.0,1172889.0,730.6209,56.510147601476014
11446,India,Potatoes,1995,162720,1083.0,61257.0,27.03,16272.0,29273.49,0.0,1172889.0,730.6209,56.510147601476014
11447,India,Potatoes,1995,162720,1083.0,61257.0,26.01,16272.0,28168.83,0.0,1172889.0,676.5201000000001,56.510147601476014
11448,India,"Rice, paddy",1995,26972,1083.0,61257.0,25.86,2697.2,28006.38,0.0,1172889.0,668.7396,56.510147601476014
11449,India,"Rice, paddy",1995,26972,1083.0,61257.0,27.2,2697.2,29457.6,0.0,1172889.0,739.8399999999999,56.510147601476014
11450,India,"Rice, paddy",1995,26972,1083.0,61257.0,26.15,2697.2,28320.449999999997,0.0,1172889.0,683.8224999999999,56.510147601476014
11451,India,"Rice, paddy",1995,26972,1083.0,61257.0,24.04,2697.2,26035.32,0.0,1172889.0,577.9216,56.510147601476014
11452,India,"Rice, paddy",1995,26972,1083.0,61257.0,25.44,2697.2,27551.52,0.0,1172889.0,647.1936000000001,56.510147601476014
11453,India,"Rice, paddy",1995,26972,1083.0,61257.0,25.73,2697.2,27865.59,0.0,1172889.0,662.0329,56.510147601476014
11454,India,"Rice, paddy",1995,26972,1083.0,61257.0,25.92,2697.2,28071.36,0.0,1172889.0,671.8464000000001,56.510147601476014
11455,India,"Rice, paddy",1995,26972,1083.0,61257.0,26.62,2697.2,28829.460000000003,0.0,1172889.0,708.6244,56.510147601476014
11456,India,"Rice, paddy",1995,26972,1083.0,61257.0,27.24,2697.2,29500.92,0.0,1172889.0,742.0175999999999,56.510147601476014
11457,India,"Rice, paddy",1995,26972,1083.0,61257.0,25.5,2697.2,27616.5,0.0,1172889.0,650.25,56.510147601476014
11458,India,"Rice, paddy",1995,26972,1083.0,61257.0,26.13,2697.2,28298.789999999997,0.0,1172889.0,682.7769,56.510147601476014
11459,India,"Rice, paddy",1995,26972,1083.0,61257.0,25.55,2697.2,27670.65,0.0,1172889.0,652.8025,56.510147601476014
11460,India,"Rice, paddy",1995,26972,1083.0,61257.0,24.04,2697.2,26035.32,0.0,1172889.0,577.9216,56.510147601476014
11461,India,"Rice, paddy",1995,26972,1083.0,61257.0,26.04,2697.2,28201.32,0.0,1172889.0,678.0816,56.510147601476014
11462,India,"Rice, paddy",1995,26972,1083.0,61257.0,25.92,2697.2,28071.36,0.0,1172889.0,671.8464000000001,56.510147601476014
11463,India,"Rice, paddy",1995,26972,1083.0,61257.0,25.76,2697.2,27898.08,0.0,1172889.0,663.5776000000001,56.510147601476014
11464,India,"Rice, paddy",1995,26972,1083.0,61257.0,25.24,2697.2,27334.92,0.0,1172889.0,637.0575999999999,56.510147601476014
11465,India,"Rice, paddy",1995,26972,1083.0,61257.0,26.72,2697.2,28937.76,0.0,1172889.0,713.9584,56.510147601476014
11466,India,"Rice, paddy",1995,26972,1083.0,61257.0,24.64,2697.2,26685.12,0.0,1172889.0,607.1296,56.510147601476014
11467,India,"Rice, paddy",1995,26972,1083.0,61257.0,27.03,2697.2,29273.49,0.0,1172889.0,730.6209,56.510147601476014
11468,India,"Rice, paddy",1995,26972,1083.0,61257.0,27.03,2697.2,29273.49,0.0,1172889.0,730.6209,56.510147601476014
11469,India,"Rice, paddy",1995,26972,1083.0,61257.0,26.01,2697.2,28168.83,0.0,1172889.0,676.5201000000001,56.510147601476014
11470,India,Sorghum,1995,8235,1083.0,61257.0,25.86,823.5,28006.38,0.0,1172889.0,668.7396,56.510147601476014
11471,India,Sorghum,1995,8235,1083.0,61257.0,27.2,823.5,29457.6,0.0,1172889.0,739.8399999999999,56.510147601476014
11472,India,Sorghum,1995,8235,1083.0,61257.0,26.15,823.5,28320.449999999997,0.0,1172889.0,683.8224999999999,56.510147601476014
11473,India,Sorghum,1995,8235,1083.0,61257.0,24.04,823.5,26035.32,0.0,1172889.0,577.9216,56.510147601476014
11474,India,Sorghum,1995,8235,1083.0,61257.0,25.44,823.5,27551.52,0.0,1172889.0,647.1936000000001,56.510147601476014
11475,India,Sorghum,1995,8235,1083.0,61257.0,25.73,823.5,27865.59,0.0,1172889.0,662.0329,56.510147601476014
11476,India,Sorghum,1995,8235,1083.0,61257.0,25.92,823.5,28071.36,0.0,1172889.0,671.8464000000001,56.510147601476014
11477,India,Sorghum,1995,8235,1083.0,61257.0,26.62,823.5,28829.460000000003,0.0,1172889.0,708.6244,56.510147601476014
11478,India,Sorghum,1995,8235,1083.0,61257.0,27.24,823.5,29500.92,0.0,1172889.0,742.0175999999999,56.510147601476014
11479,India,Sorghum,1995,8235,1083.0,61257.0,25.5,823.5,27616.5,0.0,1172889.0,650.25,56.510147601476014
11480,India,Sorghum,1995,8235,1083.0,61257.0,26.13,823.5,28298.789999999997,0.0,1172889.0,682.7769,56.510147601476014
11481,India,Sorghum,1995,8235,1083.0,61257.0,25.55,823.5,27670.65,0.0,1172889.0,652.8025,56.510147601476014
11482,India,Sorghum,1995,8235,1083.0,61257.0,24.04,823.5,26035.32,0.0,1172889.0,577.9216,56.510147601476014
11483,India,Sorghum,1995,8235,1083.0,61257.0,26.04,823.5,28201.32,0.0,1172889.0,678.0816,56.510147601476014
11484,India,Sorghum,1995,8235,1083.0,61257.0,25.92,823.5,28071.36,0.0,1172889.0,671.8464000000001,56.510147601476014
11485,India,Sorghum,1995,8235,1083.0,61257.0,25.76,823.5,27898.08,0.0,1172889.0,663.5776000000001,56.510147601476014
11486,India,Sorghum,1995,8235,1083.0,61257.0,25.24,823.5,27334.92,0.0,1172889.0,637.0575999999999,56.510147601476014
11487,India,Sorghum,1995,8235,1083.0,61257.0,26.72,823.5,28937.76,0.0,1172889.0,713.9584,56.510147601476014
11488,India,Sorghum,1995,8235,1083.0,61257.0,24.64,823.5,26685.12,0.0,1172889.0,607.1296,56.510147601476014
11489,India,Sorghum,1995,8235,1083.0,61257.0,27.03,823.5,29273.49,0.0,1172889.0,730.6209,56.510147601476014
11490,India,Sorghum,1995,8235,1083.0,61257.0,27.03,823.5,29273.49,0.0,1172889.0,730.6209,56.510147601476014
11491,India,Sorghum,1995,8235,1083.0,61257.0,26.01,823.5,28168.83,0.0,1172889.0,676.5201000000001,56.510147601476014
11492,India,Soybeans,1995,10121,1083.0,61257.0,25.86,1012.1,28006.38,0.0,1172889.0,668.7396,56.510147601476014
11493,India,Soybeans,1995,10121,1083.0,61257.0,27.2,1012.1,29457.6,0.0,1172889.0,739.8399999999999,56.510147601476014
11494,India,Soybeans,1995,10121,1083.0,61257.0,26.15,1012.1,28320.449999999997,0.0,1172889.0,683.8224999999999,56.510147601476014
11495,India,Soybeans,1995,10121,1083.0,61257.0,24.04,1012.1,26035.32,0.0,1172889.0,577.9216,56.510147601476014
11496,India,Soybeans,1995,10121,1083.0,61257.0,25.44,1012.1,27551.52,0.0,1172889.0,647.1936000000001,56.510147601476014
11497,India,Soybeans,1995,10121,1083.0,61257.0,25.73,1012.1,27865.59,0.0,1172889.0,662.0329,56.510147601476014
11498,India,Soybeans,1995,10121,1083.0,61257.0,25.92,1012.1,28071.36,0.0,1172889.0,671.8464000000001,56.510147601476014
11499,India,Soybeans,1995,10121,1083.0,61257.0,26.62,1012.1,28829.460000000003,0.0,1172889.0,708.6244,56.510147601476014
11500,India,Soybeans,1995,10121,1083.0,61257.0,27.24,1012.1,29500.92,0.0,1172889.0,742.0175999999999,56.510147601476014
11501,India,Soybeans,1995,10121,1083.0,61257.0,25.5,1012.1,27616.5,0.0,1172889.0,650.25,56.510147601476014
11502,India,Soybeans,1995,10121,1083.0,61257.0,26.13,1012.1,28298.789999999997,0.0,1172889.0,682.7769,56.510147601476014
11503,India,Soybeans,1995,10121,1083.0,61257.0,25.55,1012.1,27670.65,0.0,1172889.0,652.8025,56.510147601476014
11504,India,Soybeans,1995,10121,1083.0,61257.0,24.04,1012.1,26035.32,0.0,1172889.0,577.9216,56.510147601476014
11505,India,Soybeans,1995,10121,1083.0,61257.0,26.04,1012.1,28201.32,0.0,1172889.0,678.0816,56.510147601476014
11506,India,Soybeans,1995,10121,1083.0,61257.0,25.92,1012.1,28071.36,0.0,1172889.0,671.8464000000001,56.510147601476014
11507,India,Soybeans,1995,10121,1083.0,61257.0,25.76,1012.1,27898.08,0.0,1172889.0,663.5776000000001,56.510147601476014
11508,India,Soybeans,1995,10121,1083.0,61257.0,25.24,1012.1,27334.92,0.0,1172889.0,637.0575999999999,56.510147601476014
11509,India,Soybeans,1995,10121,1083.0,61257.0,26.72,1012.1,28937.76,0.0,1172889.0,713.9584,56.510147601476014
11510,India,Soybeans,1995,10121,1083.0,61257.0,24.64,1012.1,26685.12,0.0,1172889.0,607.1296,56.510147601476014
11511,India,Soybeans,1995,10121,1083.0,61257.0,27.03,1012.1,29273.49,0.0,1172889.0,730.6209,56.510147601476014
11512,India,Soybeans,1995,10121,1083.0,61257.0,27.03,1012.1,29273.49,0.0,1172889.0,730.6209,56.510147601476014
11513,India,Soybeans,1995,10121,1083.0,61257.0,26.01,1012.1,28168.83,0.0,1172889.0,676.5201000000001,56.510147601476014
11514,India,Sweet potatoes,1995,80643,1083.0,61257.0,25.86,8064.3,28006.38,0.0,1172889.0,668.7396,56.510147601476014
11515,India,Sweet potatoes,1995,80643,1083.0,61257.0,27.2,8064.3,29457.6,0.0,1172889.0,739.8399999999999,56.510147601476014
11516,India,Sweet potatoes,1995,80643,1083.0,61257.0,26.15,8064.3,28320.449999999997,0.0,1172889.0,683.8224999999999,56.510147601476014
11517,India,Sweet potatoes,1995,80643,1083.0,61257.0,24.04,8064.3,26035.32,0.0,1172889.0,577.9216,56.510147601476014
11518,India,Sweet potatoes,1995,80643,1083.0,61257.0,25.44,8064.3,27551.52,0.0,1172889.0,647.1936000000001,56.510147601476014
11519,India,Sweet potatoes,1995,80643,1083.0,61257.0,25.73,8064.3,27865.59,0.0,1172889.0,662.0329,56.510147601476014
11520,India,Sweet potatoes,1995,80643,1083.0,61257.0,25.92,8064.3,28071.36,0.0,1172889.0,671.8464000000001,56.510147601476014
11521,India,Sweet potatoes,1995,80643,1083.0,61257.0,26.62,8064.3,28829.460000000003,0.0,1172889.0,708.6244,56.510147601476014
11522,India,Sweet potatoes,1995,80643,1083.0,61257.0,27.24,8064.3,29500.92,0.0,1172889.0,742.0175999999999,56.510147601476014
11523,India,Sweet potatoes,1995,80643,1083.0,61257.0,25.5,8064.3,27616.5,0.0,1172889.0,650.25,56.510147601476014
11524,India,Sweet potatoes,1995,80643,1083.0,61257.0,26.13,8064.3,28298.789999999997,0.0,1172889.0,682.7769,56.510147601476014
11525,India,Sweet potatoes,1995,80643,1083.0,61257.0,25.55,8064.3,27670.65,0.0,1172889.0,652.8025,56.510147601476014
11526,India,Sweet potatoes,1995,80643,1083.0,61257.0,24.04,8064.3,26035.32,0.0,1172889.0,577.9216,56.510147601476014
11527,India,Sweet potatoes,1995,80643,1083.0,61257.0,26.04,8064.3,28201.32,0.0,1172889.0,678.0816,56.510147601476014
11528,India,Sweet potatoes,1995,80643,1083.0,61257.0,25.92,8064.3,28071.36,0.0,1172889.0,671.8464000000001,56.510147601476014
11529,India,Sweet potatoes,1995,80643,1083.0,61257.0,25.76,8064.3,27898.08,0.0,1172889.0,663.5776000000001,56.510147601476014
11530,India,Sweet potatoes,1995,80643,1083.0,61257.0,25.24,8064.3,27334.92,0.0,1172889.0,637.0575999999999,56.510147601476014
11531,India,Sweet potatoes,1995,80643,1083.0,61257.0,26.72,8064.3,28937.76,0.0,1172889.0,713.9584,56.510147601476014
11532,India,Sweet potatoes,1995,80643,1083.0,61257.0,24.64,8064.3,26685.12,0.0,1172889.0,607.1296,56.510147601476014
11533,India,Sweet potatoes,1995,80643,1083.0,61257.0,27.03,8064.3,29273.49,0.0,1172889.0,730.6209,56.510147601476014
11534,India,Sweet potatoes,1995,80643,1083.0,61257.0,27.03,8064.3,29273.49,0.0,1172889.0,730.6209,56.510147601476014
11535,India,Sweet potatoes,1995,80643,1083.0,61257.0,26.01,8064.3,28168.83,0.0,1172889.0,676.5201000000001,56.510147601476014
11536,India,Wheat,1995,25590,1083.0,61257.0,25.86,2559.0,28006.38,0.0,1172889.0,668.7396,56.510147601476014
11537,India,Wheat,1995,25590,1083.0,61257.0,27.2,2559.0,29457.6,0.0,1172889.0,739.8399999999999,56.510147601476014
11538,India,Wheat,1995,25590,1083.0,61257.0,26.15,2559.0,28320.449999999997,0.0,1172889.0,683.8224999999999,56.510147601476014
11539,India,Wheat,1995,25590,1083.0,61257.0,24.04,2559.0,26035.32,0.0,1172889.0,577.9216,56.510147601476014
11540,India,Wheat,1995,25590,1083.0,61257.0,25.44,2559.0,27551.52,0.0,1172889.0,647.1936000000001,56.510147601476014
11541,India,Wheat,1995,25590,1083.0,61257.0,25.73,2559.0,27865.59,0.0,1172889.0,662.0329,56.510147601476014
11542,India,Wheat,1995,25590,1083.0,61257.0,25.92,2559.0,28071.36,0.0,1172889.0,671.8464000000001,56.510147601476014
11543,India,Wheat,1995,25590,1083.0,61257.0,26.62,2559.0,28829.460000000003,0.0,1172889.0,708.6244,56.510147601476014
11544,India,Wheat,1995,25590,1083.0,61257.0,27.24,2559.0,29500.92,0.0,1172889.0,742.0175999999999,56.510147601476014
11545,India,Wheat,1995,25590,1083.0,61257.0,25.5,2559.0,27616.5,0.0,1172889.0,650.25,56.510147601476014
11546,India,Wheat,1995,25590,1083.0,61257.0,26.13,2559.0,28298.789999999997,0.0,1172889.0,682.7769,56.510147601476014
11547,India,Wheat,1995,25590,1083.0,61257.0,25.55,2559.0,27670.65,0.0,1172889.0,652.8025,56.510147601476014
11548,India,Wheat,1995,25590,1083.0,61257.0,24.04,2559.0,26035.32,0.0,1172889.0,577.9216,56.510147601476014
11549,India,Wheat,1995,25590,1083.0,61257.0,26.04,2559.0,28201.32,0.0,1172889.0,678.0816,56.510147601476014
11550,India,Wheat,1995,25590,1083.0,61257.0,25.92,2559.0,28071.36,0.0,1172889.0,671.8464000000001,56.510147601476014
11551,India,Wheat,1995,25590,1083.0,61257.0,25.76,2559.0,27898.08,0.0,1172889.0,663.5776000000001,56.510147601476014
11552,India,Wheat,1995,25590,1083.0,61257.0,25.24,2559.0,27334.92,0.0,1172889.0,637.0575999999999,56.510147601476014
11553,India,Wheat,1995,25590,1083.0,61257.0,26.72,2559.0,28937.76,0.0,1172889.0,713.9584,56.510147601476014
11554,India,Wheat,1995,25590,1083.0,61257.0,24.64,2559.0,26685.12,0.0,1172889.0,607.1296,56.510147601476014
11555,India,Wheat,1995,25590,1083.0,61257.0,27.03,2559.0,29273.49,0.0,1172889.0,730.6209,56.510147601476014
11556,India,Wheat,1995,25590,1083.0,61257.0,27.03,2559.0,29273.49,0.0,1172889.0,730.6209,56.510147601476014
11557,India,Wheat,1995,25590,1083.0,61257.0,26.01,2559.0,28168.83,0.0,1172889.0,676.5201000000001,56.510147601476014
11558,India,Cassava,1996,238528,1083.0,56114.0,25.63,23852.8,27757.289999999997,0.0,1172889.0,656.8969,51.76568265682657
11559,India,Cassava,1996,238528,1083.0,56114.0,27.06,23852.8,29305.98,0.0,1172889.0,732.2435999999999,51.76568265682657
11560,India,Cassava,1996,238528,1083.0,56114.0,26.1,23852.8,28266.300000000003,0.0,1172889.0,681.21,51.76568265682657
11561,India,Cassava,1996,238528,1083.0,56114.0,23.81,23852.8,25786.23,0.0,1172889.0,566.9160999999999,51.76568265682657
11562,India,Cassava,1996,238528,1083.0,56114.0,25.41,23852.8,27519.03,0.0,1172889.0,645.6681,51.76568265682657
11563,India,Cassava,1996,238528,1083.0,56114.0,25.9,23852.8,28049.699999999997,0.0,1172889.0,670.81,51.76568265682657
11564,India,Cassava,1996,238528,1083.0,56114.0,25.55,23852.8,27670.65,0.0,1172889.0,652.8025,51.76568265682657
11565,India,Cassava,1996,238528,1083.0,56114.0,26.65,23852.8,28861.949999999997,0.0,1172889.0,710.2225,51.76568265682657
11566,India,Cassava,1996,238528,1083.0,56114.0,27.37,23852.8,29641.710000000003,0.0,1172889.0,749.1169000000001,51.76568265682657
11567,India,Cassava,1996,238528,1083.0,56114.0,25.55,23852.8,27670.65,0.0,1172889.0,652.8025,51.76568265682657
11568,India,Cassava,1996,238528,1083.0,56114.0,25.79,23852.8,27930.57,0.0,1172889.0,665.1241,51.76568265682657
11569,India,Cassava,1996,238528,1083.0,56114.0,25.31,23852.8,27410.73,0.0,1172889.0,640.5961,51.76568265682657
11570,India,Cassava,1996,238528,1083.0,56114.0,23.81,23852.8,25786.23,0.0,1172889.0,566.9160999999999,51.76568265682657
11571,India,Cassava,1996,238528,1083.0,56114.0,26.46,23852.8,28656.18,0.0,1172889.0,700.1316,51.76568265682657
11572,India,Cassava,1996,238528,1083.0,56114.0,25.55,23852.8,27670.65,0.0,1172889.0,652.8025,51.76568265682657
11573,India,Cassava,1996,238528,1083.0,56114.0,25.75,23852.8,27887.25,0.0,1172889.0,663.0625,51.76568265682657
11574,India,Cassava,1996,238528,1083.0,56114.0,25.34,23852.8,27443.22,0.0,1172889.0,642.1156,51.76568265682657
11575,India,Cassava,1996,238528,1083.0,56114.0,26.64,23852.8,28851.12,0.0,1172889.0,709.6896,51.76568265682657
11576,India,Cassava,1996,238528,1083.0,56114.0,24.78,23852.8,26836.74,0.0,1172889.0,614.0484,51.76568265682657
11577,India,Cassava,1996,238528,1083.0,56114.0,27.01,23852.8,29251.83,0.0,1172889.0,729.5401,51.76568265682657
11578,India,Cassava,1996,238528,1083.0,56114.0,27.01,23852.8,29251.83,0.0,1172889.0,729.5401,51.76568265682657
11579,India,Cassava,1996,238528,1083.0,56114.0,25.99,23852.8,28147.17,0.0,1172889.0,675.4800999999999,51.76568265682657
11580,India,Maize,1996,17094,1083.0,56114.0,25.63,1709.4,27757.289999999997,0.0,1172889.0,656.8969,51.76568265682657
11581,India,Maize,1996,17094,1083.0,56114.0,27.06,1709.4,29305.98,0.0,1172889.0,732.2435999999999,51.76568265682657
11582,India,Maize,1996,17094,1083.0,56114.0,26.1,1709.4,28266.300000000003,0.0,1172889.0,681.21,51.76568265682657
11583,India,Maize,1996,17094,1083.0,56114.0,23.81,1709.4,25786.23,0.0,1172889.0,566.9160999999999,51.76568265682657
11584,India,Maize,1996,17094,1083.0,56114.0,25.41,1709.4,27519.03,0.0,1172889.0,645.6681,51.76568265682657
11585,India,Maize,1996,17094,1083.0,56114.0,25.9,1709.4,28049.699999999997,0.0,1172889.0,670.81,51.76568265682657
11586,India,Maize,1996,17094,1083.0,56114.0,25.55,1709.4,27670.65,0.0,1172889.0,652.8025,51.76568265682657
11587,India,Maize,1996,17094,1083.0,56114.0,26.65,1709.4,28861.949999999997,0.0,1172889.0,710.2225,51.76568265682657
11588,India,Maize,1996,17094,1083.0,56114.0,27.37,1709.4,29641.710000000003,0.0,1172889.0,749.1169000000001,51.76568265682657
11589,India,Maize,1996,17094,1083.0,56114.0,25.55,1709.4,27670.65,0.0,1172889.0,652.8025,51.76568265682657
11590,India,Maize,1996,17094,1083.0,56114.0,25.79,1709.4,27930.57,0.0,1172889.0,665.1241,51.76568265682657
11591,India,Maize,1996,17094,1083.0,56114.0,25.31,1709.4,27410.73,0.0,1172889.0,640.5961,51.76568265682657
11592,India,Maize,1996,17094,1083.0,56114.0,23.81,1709.4,25786.23,0.0,1172889.0,566.9160999999999,51.76568265682657
11593,India,Maize,1996,17094,1083.0,56114.0,26.46,1709.4,28656.18,0.0,1172889.0,700.1316,51.76568265682657
11594,India,Maize,1996,17094,1083.0,56114.0,25.55,1709.4,27670.65,0.0,1172889.0,652.8025,51.76568265682657
11595,India,Maize,1996,17094,1083.0,56114.0,25.75,1709.4,27887.25,0.0,1172889.0,663.0625,51.76568265682657
11596,India,Maize,1996,17094,1083.0,56114.0,25.34,1709.4,27443.22,0.0,1172889.0,642.1156,51.76568265682657
11597,India,Maize,1996,17094,1083.0,56114.0,26.64,1709.4,28851.12,0.0,1172889.0,709.6896,51.76568265682657
11598,India,Maize,1996,17094,1083.0,56114.0,24.78,1709.4,26836.74,0.0,1172889.0,614.0484,51.76568265682657
11599,India,Maize,1996,17094,1083.0,56114.0,27.01,1709.4,29251.83,0.0,1172889.0,729.5401,51.76568265682657
11600,India,Maize,1996,17094,1083.0,56114.0,27.01,1709.4,29251.83,0.0,1172889.0,729.5401,51.76568265682657
11601,India,Maize,1996,17094,1083.0,56114.0,25.99,1709.4,28147.17,0.0,1172889.0,675.4800999999999,51.76568265682657
11602,India,Potatoes,1996,169913,1083.0,56114.0,25.63,16991.3,27757.289999999997,0.0,1172889.0,656.8969,51.76568265682657
11603,India,Potatoes,1996,169913,1083.0,56114.0,27.06,16991.3,29305.98,0.0,1172889.0,732.2435999999999,51.76568265682657
11604,India,Potatoes,1996,169913,1083.0,56114.0,26.1,16991.3,28266.300000000003,0.0,1172889.0,681.21,51.76568265682657
11605,India,Potatoes,1996,169913,1083.0,56114.0,23.81,16991.3,25786.23,0.0,1172889.0,566.9160999999999,51.76568265682657
11606,India,Potatoes,1996,169913,1083.0,56114.0,25.41,16991.3,27519.03,0.0,1172889.0,645.6681,51.76568265682657
11607,India,Potatoes,1996,169913,1083.0,56114.0,25.9,16991.3,28049.699999999997,0.0,1172889.0,670.81,51.76568265682657
11608,India,Potatoes,1996,169913,1083.0,56114.0,25.55,16991.3,27670.65,0.0,1172889.0,652.8025,51.76568265682657
11609,India,Potatoes,1996,169913,1083.0,56114.0,26.65,16991.3,28861.949999999997,0.0,1172889.0,710.2225,51.76568265682657
11610,India,Potatoes,1996,169913,1083.0,56114.0,27.37,16991.3,29641.710000000003,0.0,1172889.0,749.1169000000001,51.76568265682657
11611,India,Potatoes,1996,169913,1083.0,56114.0,25.55,16991.3,27670.65,0.0,1172889.0,652.8025,51.76568265682657
11612,India,Potatoes,1996,169913,1083.0,56114.0,25.79,16991.3,27930.57,0.0,1172889.0,665.1241,51.76568265682657
11613,India,Potatoes,1996,169913,1083.0,56114.0,25.31,16991.3,27410.73,0.0,1172889.0,640.5961,51.76568265682657
11614,India,Potatoes,1996,169913,1083.0,56114.0,23.81,16991.3,25786.23,0.0,1172889.0,566.9160999999999,51.76568265682657
11615,India,Potatoes,1996,169913,1083.0,56114.0,26.46,16991.3,28656.18,0.0,1172889.0,700.1316,51.76568265682657
11616,India,Potatoes,1996,169913,1083.0,56114.0,25.55,16991.3,27670.65,0.0,1172889.0,652.8025,51.76568265682657
11617,India,Potatoes,1996,169913,1083.0,56114.0,25.75,16991.3,27887.25,0.0,1172889.0,663.0625,51.76568265682657
11618,India,Potatoes,1996,169913,1083.0,56114.0,25.34,16991.3,27443.22,0.0,1172889.0,642.1156,51.76568265682657
11619,India,Potatoes,1996,169913,1083.0,56114.0,26.64,16991.3,28851.12,0.0,1172889.0,709.6896,51.76568265682657
11620,India,Potatoes,1996,169913,1083.0,56114.0,24.78,16991.3,26836.74,0.0,1172889.0,614.0484,51.76568265682657
11621,India,Potatoes,1996,169913,1083.0,56114.0,27.01,16991.3,29251.83,0.0,1172889.0,729.5401,51.76568265682657
11622,India,Potatoes,1996,169913,1083.0,56114.0,27.01,16991.3,29251.83,0.0,1172889.0,729.5401,51.76568265682657
11623,India,Potatoes,1996,169913,1083.0,56114.0,25.99,16991.3,28147.17,0.0,1172889.0,675.4800999999999,51.76568265682657
11624,India,"Rice, paddy",1996,28226,1083.0,56114.0,25.63,2822.6,27757.289999999997,0.0,1172889.0,656.8969,51.76568265682657
11625,India,"Rice, paddy",1996,28226,1083.0,56114.0,27.06,2822.6,29305.98,0.0,1172889.0,732.2435999999999,51.76568265682657
11626,India,"Rice, paddy",1996,28226,1083.0,56114.0,26.1,2822.6,28266.300000000003,0.0,1172889.0,681.21,51.76568265682657
11627,India,"Rice, paddy",1996,28226,1083.0,56114.0,23.81,2822.6,25786.23,0.0,1172889.0,566.9160999999999,51.76568265682657
11628,India,"Rice, paddy",1996,28226,1083.0,56114.0,25.41,2822.6,27519.03,0.0,1172889.0,645.6681,51.76568265682657
11629,India,"Rice, paddy",1996,28226,1083.0,56114.0,25.9,2822.6,28049.699999999997,0.0,1172889.0,670.81,51.76568265682657
11630,India,"Rice, paddy",1996,28226,1083.0,56114.0,25.55,2822.6,27670.65,0.0,1172889.0,652.8025,51.76568265682657
11631,India,"Rice, paddy",1996,28226,1083.0,56114.0,26.65,2822.6,28861.949999999997,0.0,1172889.0,710.2225,51.76568265682657
11632,India,"Rice, paddy",1996,28226,1083.0,56114.0,27.37,2822.6,29641.710000000003,0.0,1172889.0,749.1169000000001,51.76568265682657
11633,India,"Rice, paddy",1996,28226,1083.0,56114.0,25.55,2822.6,27670.65,0.0,1172889.0,652.8025,51.76568265682657
11634,India,"Rice, paddy",1996,28226,1083.0,56114.0,25.79,2822.6,27930.57,0.0,1172889.0,665.1241,51.76568265682657
11635,India,"Rice, paddy",1996,28226,1083.0,56114.0,25.31,2822.6,27410.73,0.0,1172889.0,640.5961,51.76568265682657
11636,India,"Rice, paddy",1996,28226,1083.0,56114.0,23.81,2822.6,25786.23,0.0,1172889.0,566.9160999999999,51.76568265682657
11637,India,"Rice, paddy",1996,28226,1083.0,56114.0,26.46,2822.6,28656.18,0.0,1172889.0,700.1316,51.76568265682657
11638,India,"Rice, paddy",1996,28226,1083.0,56114.0,25.55,2822.6,27670.65,0.0,1172889.0,652.8025,51.76568265682657
11639,India,"Rice, paddy",1996,28226,1083.0,56114.0,25.75,2822.6,27887.25,0.0,1172889.0,663.0625,51.76568265682657
11640,India,"Rice, paddy",1996,28226,1083.0,56114.0,25.34,2822.6,27443.22,0.0,1172889.0,642.1156,51.76568265682657
11641,India,"Rice, paddy",1996,28226,1083.0,56114.0,26.64,2822.6,28851.12,0.0,1172889.0,709.6896,51.76568265682657
11642,India,"Rice, paddy",1996,28226,1083.0,56114.0,24.78,2822.6,26836.74,0.0,1172889.0,614.0484,51.76568265682657
11643,India,"Rice, paddy",1996,28226,1083.0,56114.0,27.01,2822.6,29251.83,0.0,1172889.0,729.5401,51.76568265682657
11644,India,"Rice, paddy",1996,28226,1083.0,56114.0,27.01,2822.6,29251.83,0.0,1172889.0,729.5401,51.76568265682657
11645,India,"Rice, paddy",1996,28226,1083.0,56114.0,25.99,2822.6,28147.17,0.0,1172889.0,675.4800999999999,51.76568265682657
11646,India,Sorghum,1996,9591,1083.0,56114.0,25.63,959.1,27757.289999999997,0.0,1172889.0,656.8969,51.76568265682657
11647,India,Sorghum,1996,9591,1083.0,56114.0,27.06,959.1,29305.98,0.0,1172889.0,732.2435999999999,51.76568265682657
11648,India,Sorghum,1996,9591,1083.0,56114.0,26.1,959.1,28266.300000000003,0.0,1172889.0,681.21,51.76568265682657
11649,India,Sorghum,1996,9591,1083.0,56114.0,23.81,959.1,25786.23,0.0,1172889.0,566.9160999999999,51.76568265682657
11650,India,Sorghum,1996,9591,1083.0,56114.0,25.41,959.1,27519.03,0.0,1172889.0,645.6681,51.76568265682657
11651,India,Sorghum,1996,9591,1083.0,56114.0,25.9,959.1,28049.699999999997,0.0,1172889.0,670.81,51.76568265682657
11652,India,Sorghum,1996,9591,1083.0,56114.0,25.55,959.1,27670.65,0.0,1172889.0,652.8025,51.76568265682657
11653,India,Sorghum,1996,9591,1083.0,56114.0,26.65,959.1,28861.949999999997,0.0,1172889.0,710.2225,51.76568265682657
11654,India,Sorghum,1996,9591,1083.0,56114.0,27.37,959.1,29641.710000000003,0.0,1172889.0,749.1169000000001,51.76568265682657
11655,India,Sorghum,1996,9591,1083.0,56114.0,25.55,959.1,27670.65,0.0,1172889.0,652.8025,51.76568265682657
11656,India,Sorghum,1996,9591,1083.0,56114.0,25.79,959.1,27930.57,0.0,1172889.0,665.1241,51.76568265682657
11657,India,Sorghum,1996,9591,1083.0,56114.0,25.31,959.1,27410.73,0.0,1172889.0,640.5961,51.76568265682657
11658,India,Sorghum,1996,9591,1083.0,56114.0,23.81,959.1,25786.23,0.0,1172889.0,566.9160999999999,51.76568265682657
11659,India,Sorghum,1996,9591,1083.0,56114.0,26.46,959.1,28656.18,0.0,1172889.0,700.1316,51.76568265682657
11660,India,Sorghum,1996,9591,1083.0,56114.0,25.55,959.1,27670.65,0.0,1172889.0,652.8025,51.76568265682657
11661,India,Sorghum,1996,9591,1083.0,56114.0,25.75,959.1,27887.25,0.0,1172889.0,663.0625,51.76568265682657
11662,India,Sorghum,1996,9591,1083.0,56114.0,25.34,959.1,27443.22,0.0,1172889.0,642.1156,51.76568265682657
11663,India,Sorghum,1996,9591,1083.0,56114.0,26.64,959.1,28851.12,0.0,1172889.0,709.6896,51.76568265682657
11664,India,Sorghum,1996,9591,1083.0,56114.0,24.78,959.1,26836.74,0.0,1172889.0,614.0484,51.76568265682657
11665,India,Sorghum,1996,9591,1083.0,56114.0,27.01,959.1,29251.83,0.0,1172889.0,729.5401,51.76568265682657
11666,India,Sorghum,1996,9591,1083.0,56114.0,27.01,959.1,29251.83,0.0,1172889.0,729.5401,51.76568265682657
11667,India,Sorghum,1996,9591,1083.0,56114.0,25.99,959.1,28147.17,0.0,1172889.0,675.4800999999999,51.76568265682657
11668,India,Soybeans,1996,10319,1083.0,56114.0,25.63,1031.9,27757.289999999997,0.0,1172889.0,656.8969,51.76568265682657
11669,India,Soybeans,1996,10319,1083.0,56114.0,27.06,1031.9,29305.98,0.0,1172889.0,732.2435999999999,51.76568265682657
11670,India,Soybeans,1996,10319,1083.0,56114.0,26.1,1031.9,28266.300000000003,0.0,1172889.0,681.21,51.76568265682657
11671,India,Soybeans,1996,10319,1083.0,56114.0,23.81,1031.9,25786.23,0.0,1172889.0,566.9160999999999,51.76568265682657
11672,India,Soybeans,1996,10319,1083.0,56114.0,25.41,1031.9,27519.03,0.0,1172889.0,645.6681,51.76568265682657
11673,India,Soybeans,1996,10319,1083.0,56114.0,25.9,1031.9,28049.699999999997,0.0,1172889.0,670.81,51.76568265682657
11674,India,Soybeans,1996,10319,1083.0,56114.0,25.55,1031.9,27670.65,0.0,1172889.0,652.8025,51.76568265682657
11675,India,Soybeans,1996,10319,1083.0,56114.0,26.65,1031.9,28861.949999999997,0.0,1172889.0,710.2225,51.76568265682657
11676,India,Soybeans,1996,10319,1083.0,56114.0,27.37,1031.9,29641.710000000003,0.0,1172889.0,749.1169000000001,51.76568265682657
11677,India,Soybeans,1996,10319,1083.0,56114.0,25.55,1031.9,27670.65,0.0,1172889.0,652.8025,51.76568265682657
11678,India,Soybeans,1996,10319,1083.0,56114.0,25.79,1031.9,27930.57,0.0,1172889.0,665.1241,51.76568265682657
11679,India,Soybeans,1996,10319,1083.0,56114.0,25.31,1031.9,27410.73,0.0,1172889.0,640.5961,51.76568265682657
11680,India,Soybeans,1996,10319,1083.0,56114.0,23.81,1031.9,25786.23,0.0,1172889.0,566.9160999999999,51.76568265682657
11681,India,Soybeans,1996,10319,1083.0,56114.0,26.46,1031.9,28656.18,0.0,1172889.0,700.1316,51.76568265682657
11682,India,Soybeans,1996,10319,1083.0,56114.0,25.55,1031.9,27670.65,0.0,1172889.0,652.8025,51.76568265682657
11683,India,Soybeans,1996,10319,1083.0,56114.0,25.75,1031.9,27887.25,0.0,1172889.0,663.0625,51.76568265682657
11684,India,Soybeans,1996,10319,1083.0,56114.0,25.34,1031.9,27443.22,0.0,1172889.0,642.1156,51.76568265682657
11685,India,Soybeans,1996,10319,1083.0,56114.0,26.64,1031.9,28851.12,0.0,1172889.0,709.6896,51.76568265682657
11686,India,Soybeans,1996,10319,1083.0,56114.0,24.78,1031.9,26836.74,0.0,1172889.0,614.0484,51.76568265682657
11687,India,Soybeans,1996,10319,1083.0,56114.0,27.01,1031.9,29251.83,0.0,1172889.0,729.5401,51.76568265682657
11688,India,Soybeans,1996,10319,1083.0,56114.0,27.01,1031.9,29251.83,0.0,1172889.0,729.5401,51.76568265682657
11689,India,Soybeans,1996,10319,1083.0,56114.0,25.99,1031.9,28147.17,0.0,1172889.0,675.4800999999999,51.76568265682657
11690,India,Sweet potatoes,1996,80716,1083.0,56114.0,25.63,8071.6,27757.289999999997,0.0,1172889.0,656.8969,51.76568265682657
11691,India,Sweet potatoes,1996,80716,1083.0,56114.0,27.06,8071.6,29305.98,0.0,1172889.0,732.2435999999999,51.76568265682657
11692,India,Sweet potatoes,1996,80716,1083.0,56114.0,26.1,8071.6,28266.300000000003,0.0,1172889.0,681.21,51.76568265682657
11693,India,Sweet potatoes,1996,80716,1083.0,56114.0,23.81,8071.6,25786.23,0.0,1172889.0,566.9160999999999,51.76568265682657
11694,India,Sweet potatoes,1996,80716,1083.0,56114.0,25.41,8071.6,27519.03,0.0,1172889.0,645.6681,51.76568265682657
11695,India,Sweet potatoes,1996,80716,1083.0,56114.0,25.9,8071.6,28049.699999999997,0.0,1172889.0,670.81,51.76568265682657
11696,India,Sweet potatoes,1996,80716,1083.0,56114.0,25.55,8071.6,27670.65,0.0,1172889.0,652.8025,51.76568265682657
11697,India,Sweet potatoes,1996,80716,1083.0,56114.0,26.65,8071.6,28861.949999999997,0.0,1172889.0,710.2225,51.76568265682657
11698,India,Sweet potatoes,1996,80716,1083.0,56114.0,27.37,8071.6,29641.710000000003,0.0,1172889.0,749.1169000000001,51.76568265682657
11699,India,Sweet potatoes,1996,80716,1083.0,56114.0,25.55,8071.6,27670.65,0.0,1172889.0,652.8025,51.76568265682657
11700,India,Sweet potatoes,1996,80716,1083.0,56114.0,25.79,8071.6,27930.57,0.0,1172889.0,665.1241,51.76568265682657
11701,India,Sweet potatoes,1996,80716,1083.0,56114.0,25.31,8071.6,27410.73,0.0,1172889.0,640.5961,51.76568265682657
11702,India,Sweet potatoes,1996,80716,1083.0,56114.0,23.81,8071.6,25786.23,0.0,1172889.0,566.9160999999999,51.76568265682657
11703,India,Sweet potatoes,1996,80716,1083.0,56114.0,26.46,8071.6,28656.18,0.0,1172889.0,700.1316,51.76568265682657
11704,India,Sweet potatoes,1996,80716,1083.0,56114.0,25.55,8071.6,27670.65,0.0,1172889.0,652.8025,51.76568265682657
11705,India,Sweet potatoes,1996,80716,1083.0,56114.0,25.75,8071.6,27887.25,0.0,1172889.0,663.0625,51.76568265682657
11706,India,Sweet potatoes,1996,80716,1083.0,56114.0,25.34,8071.6,27443.22,0.0,1172889.0,642.1156,51.76568265682657
11707,India,Sweet potatoes,1996,80716,1083.0,56114.0,26.64,8071.6,28851.12,0.0,1172889.0,709.6896,51.76568265682657
11708,India,Sweet potatoes,1996,80716,1083.0,56114.0,24.78,8071.6,26836.74,0.0,1172889.0,614.0484,51.76568265682657
11709,India,Sweet potatoes,1996,80716,1083.0,56114.0,27.01,8071.6,29251.83,0.0,1172889.0,729.5401,51.76568265682657
11710,India,Sweet potatoes,1996,80716,1083.0,56114.0,27.01,8071.6,29251.83,0.0,1172889.0,729.5401,51.76568265682657
11711,India,Sweet potatoes,1996,80716,1083.0,56114.0,25.99,8071.6,28147.17,0.0,1172889.0,675.4800999999999,51.76568265682657
11712,India,Wheat,1996,24828,1083.0,56114.0,25.63,2482.8,27757.289999999997,0.0,1172889.0,656.8969,51.76568265682657
11713,India,Wheat,1996,24828,1083.0,56114.0,27.06,2482.8,29305.98,0.0,1172889.0,732.2435999999999,51.76568265682657
11714,India,Wheat,1996,24828,1083.0,56114.0,26.1,2482.8,28266.300000000003,0.0,1172889.0,681.21,51.76568265682657
11715,India,Wheat,1996,24828,1083.0,56114.0,23.81,2482.8,25786.23,0.0,1172889.0,566.9160999999999,51.76568265682657
11716,India,Wheat,1996,24828,1083.0,56114.0,25.41,2482.8,27519.03,0.0,1172889.0,645.6681,51.76568265682657
11717,India,Wheat,1996,24828,1083.0,56114.0,25.9,2482.8,28049.699999999997,0.0,1172889.0,670.81,51.76568265682657
11718,India,Wheat,1996,24828,1083.0,56114.0,25.55,2482.8,27670.65,0.0,1172889.0,652.8025,51.76568265682657
11719,India,Wheat,1996,24828,1083.0,56114.0,26.65,2482.8,28861.949999999997,0.0,1172889.0,710.2225,51.76568265682657
11720,India,Wheat,1996,24828,1083.0,56114.0,27.37,2482.8,29641.710000000003,0.0,1172889.0,749.1169000000001,51.76568265682657
11721,India,Wheat,1996,24828,1083.0,56114.0,25.55,2482.8,27670.65,0.0,1172889.0,652.8025,51.76568265682657
11722,India,Wheat,1996,24828,1083.0,56114.0,25.79,2482.8,27930.57,0.0,1172889.0,665.1241,51.76568265682657
11723,India,Wheat,1996,24828,1083.0,56114.0,25.31,2482.8,27410.73,0.0,1172889.0,640.5961,51.76568265682657
11724,India,Wheat,1996,24828,1083.0,56114.0,23.81,2482.8,25786.23,0.0,1172889.0,566.9160999999999,51.76568265682657
11725,India,Wheat,1996,24828,1083.0,56114.0,26.46,2482.8,28656.18,0.0,1172889.0,700.1316,51.76568265682657
11726,India,Wheat,1996,24828,1083.0,56114.0,25.55,2482.8,27670.65,0.0,1172889.0,652.8025,51.76568265682657
11727,India,Wheat,1996,24828,1083.0,56114.0,25.75,2482.8,27887.25,0.0,1172889.0,663.0625,51.76568265682657
11728,India,Wheat,1996,24828,1083.0,56114.0,25.34,2482.8,27443.22,0.0,1172889.0,642.1156,51.76568265682657
11729,India,Wheat,1996,24828,1083.0,56114.0,26.64,2482.8,28851.12,0.0,1172889.0,709.6896,51.76568265682657
11730,India,Wheat,1996,24828,1083.0,56114.0,24.78,2482.8,26836.74,0.0,1172889.0,614.0484,51.76568265682657
11731,India,Wheat,1996,24828,1083.0,56114.0,27.01,2482.8,29251.83,0.0,1172889.0,729.5401,51.76568265682657
11732,India,Wheat,1996,24828,1083.0,56114.0,27.01,2482.8,29251.83,0.0,1172889.0,729.5401,51.76568265682657
11733,India,Wheat,1996,24828,1083.0,56114.0,25.99,2482.8,28147.17,0.0,1172889.0,675.4800999999999,51.76568265682657
11734,India,Cassava,1997,221117,1083.0,52279.0,24.92,22111.7,26988.36,0.0,1172889.0,621.0064000000001,48.22785977859779
11735,India,Cassava,1997,221117,1083.0,52279.0,26.45,22111.7,28645.35,0.0,1172889.0,699.6025,48.22785977859779
11736,India,Cassava,1997,221117,1083.0,52279.0,25.58,22111.7,27703.14,0.0,1172889.0,654.3363999999999,48.22785977859779
11737,India,Cassava,1997,221117,1083.0,52279.0,23.26,22111.7,25190.58,0.0,1172889.0,541.0276000000001,48.22785977859779
11738,India,Cassava,1997,221117,1083.0,52279.0,25.68,22111.7,27811.44,0.0,1172889.0,659.4624,48.22785977859779
11739,India,Cassava,1997,221117,1083.0,52279.0,25.09,22111.7,27172.47,0.0,1172889.0,629.5081,48.22785977859779
11740,India,Cassava,1997,221117,1083.0,52279.0,24.71,22111.7,26760.93,0.0,1172889.0,610.5841,48.22785977859779
11741,India,Cassava,1997,221117,1083.0,52279.0,26.19,22111.7,28363.77,0.0,1172889.0,685.9161,48.22785977859779
11742,India,Cassava,1997,221117,1083.0,52279.0,27.47,22111.7,29750.01,0.0,1172889.0,754.6008999999999,48.22785977859779
11743,India,Cassava,1997,221117,1083.0,52279.0,24.77,22111.7,26825.91,0.0,1172889.0,613.5529,48.22785977859779
11744,India,Cassava,1997,221117,1083.0,52279.0,24.83,22111.7,26890.89,0.0,1172889.0,616.5288999999999,48.22785977859779
11745,India,Cassava,1997,221117,1083.0,52279.0,24.71,22111.7,26760.93,0.0,1172889.0,610.5841,48.22785977859779
11746,India,Cassava,1997,221117,1083.0,52279.0,23.26,22111.7,25190.58,0.0,1172889.0,541.0276000000001,48.22785977859779
11747,India,Cassava,1997,221117,1083.0,52279.0,25.75,22111.7,27887.25,0.0,1172889.0,663.0625,48.22785977859779
11748,India,Cassava,1997,221117,1083.0,52279.0,24.71,22111.7,26760.93,0.0,1172889.0,610.5841,48.22785977859779
11749,India,Cassava,1997,221117,1083.0,52279.0,25.46,22111.7,27573.18,0.0,1172889.0,648.2116000000001,48.22785977859779
11750,India,Cassava,1997,221117,1083.0,52279.0,25.21,22111.7,27302.43,0.0,1172889.0,635.5441000000001,48.22785977859779
11751,India,Cassava,1997,221117,1083.0,52279.0,26.38,22111.7,28569.539999999997,0.0,1172889.0,695.9043999999999,48.22785977859779
11752,India,Cassava,1997,221117,1083.0,52279.0,24.55,22111.7,26587.65,0.0,1172889.0,602.7025,48.22785977859779
11753,India,Cassava,1997,221117,1083.0,52279.0,26.53,22111.7,28731.99,0.0,1172889.0,703.8409,48.22785977859779
11754,India,Cassava,1997,221117,1083.0,52279.0,26.53,22111.7,28731.99,0.0,1172889.0,703.8409,48.22785977859779
11755,India,Cassava,1997,221117,1083.0,52279.0,25.58,22111.7,27703.14,0.0,1172889.0,654.3363999999999,48.22785977859779
11756,India,Maize,1997,17111,1083.0,52279.0,24.92,1711.1,26988.36,0.0,1172889.0,621.0064000000001,48.22785977859779
11757,India,Maize,1997,17111,1083.0,52279.0,26.45,1711.1,28645.35,0.0,1172889.0,699.6025,48.22785977859779
11758,India,Maize,1997,17111,1083.0,52279.0,25.58,1711.1,27703.14,0.0,1172889.0,654.3363999999999,48.22785977859779
11759,India,Maize,1997,17111,1083.0,52279.0,23.26,1711.1,25190.58,0.0,1172889.0,541.0276000000001,48.22785977859779
11760,India,Maize,1997,17111,1083.0,52279.0,25.68,1711.1,27811.44,0.0,1172889.0,659.4624,48.22785977859779
11761,India,Maize,1997,17111,1083.0,52279.0,25.09,1711.1,27172.47,0.0,1172889.0,629.5081,48.22785977859779
11762,India,Maize,1997,17111,1083.0,52279.0,24.71,1711.1,26760.93,0.0,1172889.0,610.5841,48.22785977859779
11763,India,Maize,1997,17111,1083.0,52279.0,26.19,1711.1,28363.77,0.0,1172889.0,685.9161,48.22785977859779
11764,India,Maize,1997,17111,1083.0,52279.0,27.47,1711.1,29750.01,0.0,1172889.0,754.6008999999999,48.22785977859779
11765,India,Maize,1997,17111,1083.0,52279.0,24.77,1711.1,26825.91,0.0,1172889.0,613.5529,48.22785977859779
11766,India,Maize,1997,17111,1083.0,52279.0,24.83,1711.1,26890.89,0.0,1172889.0,616.5288999999999,48.22785977859779
11767,India,Maize,1997,17111,1083.0,52279.0,24.71,1711.1,26760.93,0.0,1172889.0,610.5841,48.22785977859779
11768,India,Maize,1997,17111,1083.0,52279.0,23.26,1711.1,25190.58,0.0,1172889.0,541.0276000000001,48.22785977859779
11769,India,Maize,1997,17111,1083.0,52279.0,25.75,1711.1,27887.25,0.0,1172889.0,663.0625,48.22785977859779
11770,India,Maize,1997,17111,1083.0,52279.0,24.71,1711.1,26760.93,0.0,1172889.0,610.5841,48.22785977859779
11771,India,Maize,1997,17111,1083.0,52279.0,25.46,1711.1,27573.18,0.0,1172889.0,648.2116000000001,48.22785977859779
11772,India,Maize,1997,17111,1083.0,52279.0,25.21,1711.1,27302.43,0.0,1172889.0,635.5441000000001,48.22785977859779
11773,India,Maize,1997,17111,1083.0,52279.0,26.38,1711.1,28569.539999999997,0.0,1172889.0,695.9043999999999,48.22785977859779
11774,India,Maize,1997,17111,1083.0,52279.0,24.55,1711.1,26587.65,0.0,1172889.0,602.7025,48.22785977859779
11775,India,Maize,1997,17111,1083.0,52279.0,26.53,1711.1,28731.99,0.0,1172889.0,703.8409,48.22785977859779
11776,India,Maize,1997,17111,1083.0,52279.0,26.53,1711.1,28731.99,0.0,1172889.0,703.8409,48.22785977859779
11777,India,Maize,1997,17111,1083.0,52279.0,25.58,1711.1,27703.14,0.0,1172889.0,654.3363999999999,48.22785977859779
11778,India,Potatoes,1997,193913,1083.0,52279.0,24.92,19391.3,26988.36,0.0,1172889.0,621.0064000000001,48.22785977859779
11779,India,Potatoes,1997,193913,1083.0,52279.0,26.45,19391.3,28645.35,0.0,1172889.0,699.6025,48.22785977859779
11780,India,Potatoes,1997,193913,1083.0,52279.0,25.58,19391.3,27703.14,0.0,1172889.0,654.3363999999999,48.22785977859779
11781,India,Potatoes,1997,193913,1083.0,52279.0,23.26,19391.3,25190.58,0.0,1172889.0,541.0276000000001,48.22785977859779
11782,India,Potatoes,1997,193913,1083.0,52279.0,25.68,19391.3,27811.44,0.0,1172889.0,659.4624,48.22785977859779
11783,India,Potatoes,1997,193913,1083.0,52279.0,25.09,19391.3,27172.47,0.0,1172889.0,629.5081,48.22785977859779
11784,India,Potatoes,1997,193913,1083.0,52279.0,24.71,19391.3,26760.93,0.0,1172889.0,610.5841,48.22785977859779
11785,India,Potatoes,1997,193913,1083.0,52279.0,26.19,19391.3,28363.77,0.0,1172889.0,685.9161,48.22785977859779
11786,India,Potatoes,1997,193913,1083.0,52279.0,27.47,19391.3,29750.01,0.0,1172889.0,754.6008999999999,48.22785977859779
11787,India,Potatoes,1997,193913,1083.0,52279.0,24.77,19391.3,26825.91,0.0,1172889.0,613.5529,48.22785977859779
11788,India,Potatoes,1997,193913,1083.0,52279.0,24.83,19391.3,26890.89,0.0,1172889.0,616.5288999999999,48.22785977859779
11789,India,Potatoes,1997,193913,1083.0,52279.0,24.71,19391.3,26760.93,0.0,1172889.0,610.5841,48.22785977859779
11790,India,Potatoes,1997,193913,1083.0,52279.0,23.26,19391.3,25190.58,0.0,1172889.0,541.0276000000001,48.22785977859779
11791,India,Potatoes,1997,193913,1083.0,52279.0,25.75,19391.3,27887.25,0.0,1172889.0,663.0625,48.22785977859779
11792,India,Potatoes,1997,193913,1083.0,52279.0,24.71,19391.3,26760.93,0.0,1172889.0,610.5841,48.22785977859779
11793,India,Potatoes,1997,193913,1083.0,52279.0,25.46,19391.3,27573.18,0.0,1172889.0,648.2116000000001,48.22785977859779
11794,India,Potatoes,1997,193913,1083.0,52279.0,25.21,19391.3,27302.43,0.0,1172889.0,635.5441000000001,48.22785977859779
11795,India,Potatoes,1997,193913,1083.0,52279.0,26.38,19391.3,28569.539999999997,0.0,1172889.0,695.9043999999999,48.22785977859779
11796,India,Potatoes,1997,193913,1083.0,52279.0,24.55,19391.3,26587.65,0.0,1172889.0,602.7025,48.22785977859779
11797,India,Potatoes,1997,193913,1083.0,52279.0,26.53,19391.3,28731.99,0.0,1172889.0,703.8409,48.22785977859779
11798,India,Potatoes,1997,193913,1083.0,52279.0,26.53,19391.3,28731.99,0.0,1172889.0,703.8409,48.22785977859779
11799,India,Potatoes,1997,193913,1083.0,52279.0,25.58,19391.3,27703.14,0.0,1172889.0,654.3363999999999,48.22785977859779
11800,India,"Rice, paddy",1997,28457,1083.0,52279.0,24.92,2845.7,26988.36,0.0,1172889.0,621.0064000000001,48.22785977859779
11801,India,"Rice, paddy",1997,28457,1083.0,52279.0,26.45,2845.7,28645.35,0.0,1172889.0,699.6025,48.22785977859779
11802,India,"Rice, paddy",1997,28457,1083.0,52279.0,25.58,2845.7,27703.14,0.0,1172889.0,654.3363999999999,48.22785977859779
11803,India,"Rice, paddy",1997,28457,1083.0,52279.0,23.26,2845.7,25190.58,0.0,1172889.0,541.0276000000001,48.22785977859779
11804,India,"Rice, paddy",1997,28457,1083.0,52279.0,25.68,2845.7,27811.44,0.0,1172889.0,659.4624,48.22785977859779
11805,India,"Rice, paddy",1997,28457,1083.0,52279.0,25.09,2845.7,27172.47,0.0,1172889.0,629.5081,48.22785977859779
11806,India,"Rice, paddy",1997,28457,1083.0,52279.0,24.71,2845.7,26760.93,0.0,1172889.0,610.5841,48.22785977859779
11807,India,"Rice, paddy",1997,28457,1083.0,52279.0,26.19,2845.7,28363.77,0.0,1172889.0,685.9161,48.22785977859779
11808,India,"Rice, paddy",1997,28457,1083.0,52279.0,27.47,2845.7,29750.01,0.0,1172889.0,754.6008999999999,48.22785977859779
11809,India,"Rice, paddy",1997,28457,1083.0,52279.0,24.77,2845.7,26825.91,0.0,1172889.0,613.5529,48.22785977859779
11810,India,"Rice, paddy",1997,28457,1083.0,52279.0,24.83,2845.7,26890.89,0.0,1172889.0,616.5288999999999,48.22785977859779
11811,India,"Rice, paddy",1997,28457,1083.0,52279.0,24.71,2845.7,26760.93,0.0,1172889.0,610.5841,48.22785977859779
11812,India,"Rice, paddy",1997,28457,1083.0,52279.0,23.26,2845.7,25190.58,0.0,1172889.0,541.0276000000001,48.22785977859779
11813,India,"Rice, paddy",1997,28457,1083.0,52279.0,25.75,2845.7,27887.25,0.0,1172889.0,663.0625,48.22785977859779
11814,India,"Rice, paddy",1997,28457,1083.0,52279.0,24.71,2845.7,26760.93,0.0,1172889.0,610.5841,48.22785977859779
11815,India,"Rice, paddy",1997,28457,1083.0,52279.0,25.46,2845.7,27573.18,0.0,1172889.0,648.2116000000001,48.22785977859779
11816,India,"Rice, paddy",1997,28457,1083.0,52279.0,25.21,2845.7,27302.43,0.0,1172889.0,635.5441000000001,48.22785977859779
11817,India,"Rice, paddy",1997,28457,1083.0,52279.0,26.38,2845.7,28569.539999999997,0.0,1172889.0,695.9043999999999,48.22785977859779
11818,India,"Rice, paddy",1997,28457,1083.0,52279.0,24.55,2845.7,26587.65,0.0,1172889.0,602.7025,48.22785977859779
11819,India,"Rice, paddy",1997,28457,1083.0,52279.0,26.53,2845.7,28731.99,0.0,1172889.0,703.8409,48.22785977859779
11820,India,"Rice, paddy",1997,28457,1083.0,52279.0,26.53,2845.7,28731.99,0.0,1172889.0,703.8409,48.22785977859779
11821,India,"Rice, paddy",1997,28457,1083.0,52279.0,25.58,2845.7,27703.14,0.0,1172889.0,654.3363999999999,48.22785977859779
11822,India,Sorghum,1997,6920,1083.0,52279.0,24.92,692.0,26988.36,0.0,1172889.0,621.0064000000001,48.22785977859779
11823,India,Sorghum,1997,6920,1083.0,52279.0,26.45,692.0,28645.35,0.0,1172889.0,699.6025,48.22785977859779
11824,India,Sorghum,1997,6920,1083.0,52279.0,25.58,692.0,27703.14,0.0,1172889.0,654.3363999999999,48.22785977859779
11825,India,Sorghum,1997,6920,1083.0,52279.0,23.26,692.0,25190.58,0.0,1172889.0,541.0276000000001,48.22785977859779
11826,India,Sorghum,1997,6920,1083.0,52279.0,25.68,692.0,27811.44,0.0,1172889.0,659.4624,48.22785977859779
11827,India,Sorghum,1997,6920,1083.0,52279.0,25.09,692.0,27172.47,0.0,1172889.0,629.5081,48.22785977859779
11828,India,Sorghum,1997,6920,1083.0,52279.0,24.71,692.0,26760.93,0.0,1172889.0,610.5841,48.22785977859779
11829,India,Sorghum,1997,6920,1083.0,52279.0,26.19,692.0,28363.77,0.0,1172889.0,685.9161,48.22785977859779
11830,India,Sorghum,1997,6920,1083.0,52279.0,27.47,692.0,29750.01,0.0,1172889.0,754.6008999999999,48.22785977859779
11831,India,Sorghum,1997,6920,1083.0,52279.0,24.77,692.0,26825.91,0.0,1172889.0,613.5529,48.22785977859779
11832,India,Sorghum,1997,6920,1083.0,52279.0,24.83,692.0,26890.89,0.0,1172889.0,616.5288999999999,48.22785977859779
11833,India,Sorghum,1997,6920,1083.0,52279.0,24.71,692.0,26760.93,0.0,1172889.0,610.5841,48.22785977859779
11834,India,Sorghum,1997,6920,1083.0,52279.0,23.26,692.0,25190.58,0.0,1172889.0,541.0276000000001,48.22785977859779
11835,India,Sorghum,1997,6920,1083.0,52279.0,25.75,692.0,27887.25,0.0,1172889.0,663.0625,48.22785977859779
11836,India,Sorghum,1997,6920,1083.0,52279.0,24.71,692.0,26760.93,0.0,1172889.0,610.5841,48.22785977859779
11837,India,Sorghum,1997,6920,1083.0,52279.0,25.46,692.0,27573.18,0.0,1172889.0,648.2116000000001,48.22785977859779
11838,India,Sorghum,1997,6920,1083.0,52279.0,25.21,692.0,27302.43,0.0,1172889.0,635.5441000000001,48.22785977859779
11839,India,Sorghum,1997,6920,1083.0,52279.0,26.38,692.0,28569.539999999997,0.0,1172889.0,695.9043999999999,48.22785977859779
11840,India,Sorghum,1997,6920,1083.0,52279.0,24.55,692.0,26587.65,0.0,1172889.0,602.7025,48.22785977859779
11841,India,Sorghum,1997,6920,1083.0,52279.0,26.53,692.0,28731.99,0.0,1172889.0,703.8409,48.22785977859779
11842,India,Sorghum,1997,6920,1083.0,52279.0,26.53,692.0,28731.99,0.0,1172889.0,703.8409,48.22785977859779
11843,India,Sorghum,1997,6920,1083.0,52279.0,25.58,692.0,27703.14,0.0,1172889.0,654.3363999999999,48.22785977859779
11844,India,Soybeans,1997,10789,1083.0,52279.0,24.92,1078.9,26988.36,0.0,1172889.0,621.0064000000001,48.22785977859779
11845,India,Soybeans,1997,10789,1083.0,52279.0,26.45,1078.9,28645.35,0.0,1172889.0,699.6025,48.22785977859779
11846,India,Soybeans,1997,10789,1083.0,52279.0,25.58,1078.9,27703.14,0.0,1172889.0,654.3363999999999,48.22785977859779
11847,India,Soybeans,1997,10789,1083.0,52279.0,23.26,1078.9,25190.58,0.0,1172889.0,541.0276000000001,48.22785977859779
11848,India,Soybeans,1997,10789,1083.0,52279.0,25.68,1078.9,27811.44,0.0,1172889.0,659.4624,48.22785977859779
11849,India,Soybeans,1997,10789,1083.0,52279.0,25.09,1078.9,27172.47,0.0,1172889.0,629.5081,48.22785977859779
11850,India,Soybeans,1997,10789,1083.0,52279.0,24.71,1078.9,26760.93,0.0,1172889.0,610.5841,48.22785977859779
11851,India,Soybeans,1997,10789,1083.0,52279.0,26.19,1078.9,28363.77,0.0,1172889.0,685.9161,48.22785977859779
11852,India,Soybeans,1997,10789,1083.0,52279.0,27.47,1078.9,29750.01,0.0,1172889.0,754.6008999999999,48.22785977859779
11853,India,Soybeans,1997,10789,1083.0,52279.0,24.77,1078.9,26825.91,0.0,1172889.0,613.5529,48.22785977859779
11854,India,Soybeans,1997,10789,1083.0,52279.0,24.83,1078.9,26890.89,0.0,1172889.0,616.5288999999999,48.22785977859779
11855,India,Soybeans,1997,10789,1083.0,52279.0,24.71,1078.9,26760.93,0.0,1172889.0,610.5841,48.22785977859779
11856,India,Soybeans,1997,10789,1083.0,52279.0,23.26,1078.9,25190.58,0.0,1172889.0,541.0276000000001,48.22785977859779
11857,India,Soybeans,1997,10789,1083.0,52279.0,25.75,1078.9,27887.25,0.0,1172889.0,663.0625,48.22785977859779
11858,India,Soybeans,1997,10789,1083.0,52279.0,24.71,1078.9,26760.93,0.0,1172889.0,610.5841,48.22785977859779
11859,India,Soybeans,1997,10789,1083.0,52279.0,25.46,1078.9,27573.18,0.0,1172889.0,648.2116000000001,48.22785977859779
11860,India,Soybeans,1997,10789,1083.0,52279.0,25.21,1078.9,27302.43,0.0,1172889.0,635.5441000000001,48.22785977859779
11861,India,Soybeans,1997,10789,1083.0,52279.0,26.38,1078.9,28569.539999999997,0.0,1172889.0,695.9043999999999,48.22785977859779
11862,India,Soybeans,1997,10789,1083.0,52279.0,24.55,1078.9,26587.65,0.0,1172889.0,602.7025,48.22785977859779
11863,India,Soybeans,1997,10789,1083.0,52279.0,26.53,1078.9,28731.99,0.0,1172889.0,703.8409,48.22785977859779
11864,India,Soybeans,1997,10789,1083.0,52279.0,26.53,1078.9,28731.99,0.0,1172889.0,703.8409,48.22785977859779
11865,India,Soybeans,1997,10789,1083.0,52279.0,25.58,1078.9,27703.14,0.0,1172889.0,654.3363999999999,48.22785977859779
11866,India,Sweet potatoes,1997,84850,1083.0,52279.0,24.92,8485.0,26988.36,0.0,1172889.0,621.0064000000001,48.22785977859779
11867,India,Sweet potatoes,1997,84850,1083.0,52279.0,26.45,8485.0,28645.35,0.0,1172889.0,699.6025,48.22785977859779
11868,India,Sweet potatoes,1997,84850,1083.0,52279.0,25.58,8485.0,27703.14,0.0,1172889.0,654.3363999999999,48.22785977859779
11869,India,Sweet potatoes,1997,84850,1083.0,52279.0,23.26,8485.0,25190.58,0.0,1172889.0,541.0276000000001,48.22785977859779
11870,India,Sweet potatoes,1997,84850,1083.0,52279.0,25.68,8485.0,27811.44,0.0,1172889.0,659.4624,48.22785977859779
11871,India,Sweet potatoes,1997,84850,1083.0,52279.0,25.09,8485.0,27172.47,0.0,1172889.0,629.5081,48.22785977859779
11872,India,Sweet potatoes,1997,84850,1083.0,52279.0,24.71,8485.0,26760.93,0.0,1172889.0,610.5841,48.22785977859779
11873,India,Sweet potatoes,1997,84850,1083.0,52279.0,26.19,8485.0,28363.77,0.0,1172889.0,685.9161,48.22785977859779
11874,India,Sweet potatoes,1997,84850,1083.0,52279.0,27.47,8485.0,29750.01,0.0,1172889.0,754.6008999999999,48.22785977859779
11875,India,Sweet potatoes,1997,84850,1083.0,52279.0,24.77,8485.0,26825.91,0.0,1172889.0,613.5529,48.22785977859779
11876,India,Sweet potatoes,1997,84850,1083.0,52279.0,24.83,8485.0,26890.89,0.0,1172889.0,616.5288999999999,48.22785977859779
11877,India,Sweet potatoes,1997,84850,1083.0,52279.0,24.71,8485.0,26760.93,0.0,1172889.0,610.5841,48.22785977859779
11878,India,Sweet potatoes,1997,84850,1083.0,52279.0,23.26,8485.0,25190.58,0.0,1172889.0,541.0276000000001,48.22785977859779
11879,India,Sweet potatoes,1997,84850,1083.0,52279.0,25.75,8485.0,27887.25,0.0,1172889.0,663.0625,48.22785977859779
11880,India,Sweet potatoes,1997,84850,1083.0,52279.0,24.71,8485.0,26760.93,0.0,1172889.0,610.5841,48.22785977859779
11881,India,Sweet potatoes,1997,84850,1083.0,52279.0,25.46,8485.0,27573.18,0.0,1172889.0,648.2116000000001,48.22785977859779
11882,India,Sweet potatoes,1997,84850,1083.0,52279.0,25.21,8485.0,27302.43,0.0,1172889.0,635.5441000000001,48.22785977859779
11883,India,Sweet potatoes,1997,84850,1083.0,52279.0,26.38,8485.0,28569.539999999997,0.0,1172889.0,695.9043999999999,48.22785977859779
11884,India,Sweet potatoes,1997,84850,1083.0,52279.0,24.55,8485.0,26587.65,0.0,1172889.0,602.7025,48.22785977859779
11885,India,Sweet potatoes,1997,84850,1083.0,52279.0,26.53,8485.0,28731.99,0.0,1172889.0,703.8409,48.22785977859779
11886,India,Sweet potatoes,1997,84850,1083.0,52279.0,26.53,8485.0,28731.99,0.0,1172889.0,703.8409,48.22785977859779
11887,India,Sweet potatoes,1997,84850,1083.0,52279.0,25.58,8485.0,27703.14,0.0,1172889.0,654.3363999999999,48.22785977859779
11888,India,Wheat,1997,26789,1083.0,52279.0,24.92,2678.9,26988.36,0.0,1172889.0,621.0064000000001,48.22785977859779
11889,India,Wheat,1997,26789,1083.0,52279.0,26.45,2678.9,28645.35,0.0,1172889.0,699.6025,48.22785977859779
11890,India,Wheat,1997,26789,1083.0,52279.0,25.58,2678.9,27703.14,0.0,1172889.0,654.3363999999999,48.22785977859779
11891,India,Wheat,1997,26789,1083.0,52279.0,23.26,2678.9,25190.58,0.0,1172889.0,541.0276000000001,48.22785977859779
11892,India,Wheat,1997,26789,1083.0,52279.0,25.68,2678.9,27811.44,0.0,1172889.0,659.4624,48.22785977859779
11893,India,Wheat,1997,26789,1083.0,52279.0,25.09,2678.9,27172.47,0.0,1172889.0,629.5081,48.22785977859779
11894,India,Wheat,1997,26789,1083.0,52279.0,24.71,2678.9,26760.93,0.0,1172889.0,610.5841,48.22785977859779
11895,India,Wheat,1997,26789,1083.0,52279.0,26.19,2678.9,28363.77,0.0,1172889.0,685.9161,48.22785977859779
11896,India,Wheat,1997,26789,1083.0,52279.0,27.47,2678.9,29750.01,0.0,1172889.0,754.6008999999999,48.22785977859779
11897,India,Wheat,1997,26789,1083.0,52279.0,24.77,2678.9,26825.91,0.0,1172889.0,613.5529,48.22785977859779
11898,India,Wheat,1997,26789,1083.0,52279.0,24.83,2678.9,26890.89,0.0,1172889.0,616.5288999999999,48.22785977859779
11899,India,Wheat,1997,26789,1083.0,52279.0,24.71,2678.9,26760.93,0.0,1172889.0,610.5841,48.22785977859779
11900,India,Wheat,1997,26789,1083.0,52279.0,23.26,2678.9,25190.58,0.0,1172889.0,541.0276000000001,48.22785977859779
11901,India,Wheat,1997,26789,1083.0,52279.0,25.75,2678.9,27887.25,0.0,1172889.0,663.0625,48.22785977859779
11902,India,Wheat,1997,26789,1083.0,52279.0,24.71,2678.9,26760.93,0.0,1172889.0,610.5841,48.22785977859779
11903,India,Wheat,1997,26789,1083.0,52279.0,25.46,2678.9,27573.18,0.0,1172889.0,648.2116000000001,48.22785977859779
11904,India,Wheat,1997,26789,1083.0,52279.0,25.21,2678.9,27302.43,0.0,1172889.0,635.5441000000001,48.22785977859779
11905,India,Wheat,1997,26789,1083.0,52279.0,26.38,2678.9,28569.539999999997,0.0,1172889.0,695.9043999999999,48.22785977859779
11906,India,Wheat,1997,26789,1083.0,52279.0,24.55,2678.9,26587.65,0.0,1172889.0,602.7025,48.22785977859779
11907,India,Wheat,1997,26789,1083.0,52279.0,26.53,2678.9,28731.99,0.0,1172889.0,703.8409,48.22785977859779
11908,India,Wheat,1997,26789,1083.0,52279.0,26.53,2678.9,28731.99,0.0,1172889.0,703.8409,48.22785977859779
11909,India,Wheat,1997,26789,1083.0,52279.0,25.58,2678.9,27703.14,0.0,1172889.0,654.3363999999999,48.22785977859779
11910,India,Cassava,1998,252815,1083.0,49157.0,25.91,25281.5,28060.53,0.0,1172889.0,671.3281000000001,45.34778597785978
11911,India,Cassava,1998,252815,1083.0,49157.0,27.48,25281.5,29760.84,0.0,1172889.0,755.1504,45.34778597785978
11912,India,Cassava,1998,252815,1083.0,49157.0,26.35,25281.5,28537.050000000003,0.0,1172889.0,694.3225000000001,45.34778597785978
11913,India,Cassava,1998,252815,1083.0,49157.0,24.34,25281.5,26360.22,0.0,1172889.0,592.4356,45.34778597785978
11914,India,Cassava,1998,252815,1083.0,49157.0,26.01,25281.5,28168.83,0.0,1172889.0,676.5201000000001,45.34778597785978
11915,India,Cassava,1998,252815,1083.0,49157.0,26.12,25281.5,28287.960000000003,0.0,1172889.0,682.2544,45.34778597785978
11916,India,Cassava,1998,252815,1083.0,49157.0,25.77,25281.5,27908.91,0.0,1172889.0,664.0929,45.34778597785978
11917,India,Cassava,1998,252815,1083.0,49157.0,26.69,25281.5,28905.27,0.0,1172889.0,712.3561000000001,45.34778597785978
11918,India,Cassava,1998,252815,1083.0,49157.0,27.87,25281.5,30183.210000000003,0.0,1172889.0,776.7369000000001,45.34778597785978
11919,India,Cassava,1998,252815,1083.0,49157.0,25.87,25281.5,28017.210000000003,0.0,1172889.0,669.2569000000001,45.34778597785978
11920,India,Cassava,1998,252815,1083.0,49157.0,26.27,25281.5,28450.41,0.0,1172889.0,690.1129,45.34778597785978
11921,India,Cassava,1998,252815,1083.0,49157.0,25.46,25281.5,27573.18,0.0,1172889.0,648.2116000000001,45.34778597785978
11922,India,Cassava,1998,252815,1083.0,49157.0,24.34,25281.5,26360.22,0.0,1172889.0,592.4356,45.34778597785978
11923,India,Cassava,1998,252815,1083.0,49157.0,26.4,25281.5,28591.199999999997,0.0,1172889.0,696.9599999999999,45.34778597785978
11924,India,Cassava,1998,252815,1083.0,49157.0,25.77,25281.5,27908.91,0.0,1172889.0,664.0929,45.34778597785978
11925,India,Cassava,1998,252815,1083.0,49157.0,25.87,25281.5,28017.210000000003,0.0,1172889.0,669.2569000000001,45.34778597785978
11926,India,Cassava,1998,252815,1083.0,49157.0,25.55,25281.5,27670.65,0.0,1172889.0,652.8025,45.34778597785978
11927,India,Cassava,1998,252815,1083.0,49157.0,27.09,25281.5,29338.47,0.0,1172889.0,733.8681,45.34778597785978
11928,India,Cassava,1998,252815,1083.0,49157.0,24.84,25281.5,26901.72,0.0,1172889.0,617.0255999999999,45.34778597785978
11929,India,Cassava,1998,252815,1083.0,49157.0,27.32,25281.5,29587.56,0.0,1172889.0,746.3824,45.34778597785978
11930,India,Cassava,1998,252815,1083.0,49157.0,27.32,25281.5,29587.56,0.0,1172889.0,746.3824,45.34778597785978
11931,India,Cassava,1998,252815,1083.0,49157.0,26.12,25281.5,28287.960000000003,0.0,1172889.0,682.2544,45.34778597785978
11932,India,Maize,1998,17969,1083.0,49157.0,25.91,1796.9,28060.53,0.0,1172889.0,671.3281000000001,45.34778597785978
11933,India,Maize,1998,17969,1083.0,49157.0,27.48,1796.9,29760.84,0.0,1172889.0,755.1504,45.34778597785978
11934,India,Maize,1998,17969,1083.0,49157.0,26.35,1796.9,28537.050000000003,0.0,1172889.0,694.3225000000001,45.34778597785978
11935,India,Maize,1998,17969,1083.0,49157.0,24.34,1796.9,26360.22,0.0,1172889.0,592.4356,45.34778597785978
11936,India,Maize,1998,17969,1083.0,49157.0,26.01,1796.9,28168.83,0.0,1172889.0,676.5201000000001,45.34778597785978
11937,India,Maize,1998,17969,1083.0,49157.0,26.12,1796.9,28287.960000000003,0.0,1172889.0,682.2544,45.34778597785978
11938,India,Maize,1998,17969,1083.0,49157.0,25.77,1796.9,27908.91,0.0,1172889.0,664.0929,45.34778597785978
11939,India,Maize,1998,17969,1083.0,49157.0,26.69,1796.9,28905.27,0.0,1172889.0,712.3561000000001,45.34778597785978
11940,India,Maize,1998,17969,1083.0,49157.0,27.87,1796.9,30183.210000000003,0.0,1172889.0,776.7369000000001,45.34778597785978
11941,India,Maize,1998,17969,1083.0,49157.0,25.87,1796.9,28017.210000000003,0.0,1172889.0,669.2569000000001,45.34778597785978
11942,India,Maize,1998,17969,1083.0,49157.0,26.27,1796.9,28450.41,0.0,1172889.0,690.1129,45.34778597785978
11943,India,Maize,1998,17969,1083.0,49157.0,25.46,1796.9,27573.18,0.0,1172889.0,648.2116000000001,45.34778597785978
11944,India,Maize,1998,17969,1083.0,49157.0,24.34,1796.9,26360.22,0.0,1172889.0,592.4356,45.34778597785978
11945,India,Maize,1998,17969,1083.0,49157.0,26.4,1796.9,28591.199999999997,0.0,1172889.0,696.9599999999999,45.34778597785978
11946,India,Maize,1998,17969,1083.0,49157.0,25.77,1796.9,27908.91,0.0,1172889.0,664.0929,45.34778597785978
11947,India,Maize,1998,17969,1083.0,49157.0,25.87,1796.9,28017.210000000003,0.0,1172889.0,669.2569000000001,45.34778597785978
11948,India,Maize,1998,17969,1083.0,49157.0,25.55,1796.9,27670.65,0.0,1172889.0,652.8025,45.34778597785978
11949,India,Maize,1998,17969,1083.0,49157.0,27.09,1796.9,29338.47,0.0,1172889.0,733.8681,45.34778597785978
11950,India,Maize,1998,17969,1083.0,49157.0,24.84,1796.9,26901.72,0.0,1172889.0,617.0255999999999,45.34778597785978
11951,India,Maize,1998,17969,1083.0,49157.0,27.32,1796.9,29587.56,0.0,1172889.0,746.3824,45.34778597785978
11952,India,Maize,1998,17969,1083.0,49157.0,27.32,1796.9,29587.56,0.0,1172889.0,746.3824,45.34778597785978
11953,India,Maize,1998,17969,1083.0,49157.0,26.12,1796.9,28287.960000000003,0.0,1172889.0,682.2544,45.34778597785978
11954,India,Potatoes,1998,146020,1083.0,49157.0,25.91,14602.0,28060.53,0.0,1172889.0,671.3281000000001,45.34778597785978
11955,India,Potatoes,1998,146020,1083.0,49157.0,27.48,14602.0,29760.84,0.0,1172889.0,755.1504,45.34778597785978
11956,India,Potatoes,1998,146020,1083.0,49157.0,26.35,14602.0,28537.050000000003,0.0,1172889.0,694.3225000000001,45.34778597785978
11957,India,Potatoes,1998,146020,1083.0,49157.0,24.34,14602.0,26360.22,0.0,1172889.0,592.4356,45.34778597785978
11958,India,Potatoes,1998,146020,1083.0,49157.0,26.01,14602.0,28168.83,0.0,1172889.0,676.5201000000001,45.34778597785978
11959,India,Potatoes,1998,146020,1083.0,49157.0,26.12,14602.0,28287.960000000003,0.0,1172889.0,682.2544,45.34778597785978
11960,India,Potatoes,1998,146020,1083.0,49157.0,25.77,14602.0,27908.91,0.0,1172889.0,664.0929,45.34778597785978
11961,India,Potatoes,1998,146020,1083.0,49157.0,26.69,14602.0,28905.27,0.0,1172889.0,712.3561000000001,45.34778597785978
11962,India,Potatoes,1998,146020,1083.0,49157.0,27.87,14602.0,30183.210000000003,0.0,1172889.0,776.7369000000001,45.34778597785978
11963,India,Potatoes,1998,146020,1083.0,49157.0,25.87,14602.0,28017.210000000003,0.0,1172889.0,669.2569000000001,45.34778597785978
11964,India,Potatoes,1998,146020,1083.0,49157.0,26.27,14602.0,28450.41,0.0,1172889.0,690.1129,45.34778597785978
11965,India,Potatoes,1998,146020,1083.0,49157.0,25.46,14602.0,27573.18,0.0,1172889.0,648.2116000000001,45.34778597785978
11966,India,Potatoes,1998,146020,1083.0,49157.0,24.34,14602.0,26360.22,0.0,1172889.0,592.4356,45.34778597785978
11967,India,Potatoes,1998,146020,1083.0,49157.0,26.4,14602.0,28591.199999999997,0.0,1172889.0,696.9599999999999,45.34778597785978
11968,India,Potatoes,1998,146020,1083.0,49157.0,25.77,14602.0,27908.91,0.0,1172889.0,664.0929,45.34778597785978
11969,India,Potatoes,1998,146020,1083.0,49157.0,25.87,14602.0,28017.210000000003,0.0,1172889.0,669.2569000000001,45.34778597785978
11970,India,Potatoes,1998,146020,1083.0,49157.0,25.55,14602.0,27670.65,0.0,1172889.0,652.8025,45.34778597785978
11971,India,Potatoes,1998,146020,1083.0,49157.0,27.09,14602.0,29338.47,0.0,1172889.0,733.8681,45.34778597785978
11972,India,Potatoes,1998,146020,1083.0,49157.0,24.84,14602.0,26901.72,0.0,1172889.0,617.0255999999999,45.34778597785978
11973,India,Potatoes,1998,146020,1083.0,49157.0,27.32,14602.0,29587.56,0.0,1172889.0,746.3824,45.34778597785978
11974,India,Potatoes,1998,146020,1083.0,49157.0,27.32,14602.0,29587.56,0.0,1172889.0,746.3824,45.34778597785978
11975,India,Potatoes,1998,146020,1083.0,49157.0,26.12,14602.0,28287.960000000003,0.0,1172889.0,682.2544,45.34778597785978
11976,India,"Rice, paddy",1998,28805,1083.0,49157.0,25.91,2880.5,28060.53,0.0,1172889.0,671.3281000000001,45.34778597785978
11977,India,"Rice, paddy",1998,28805,1083.0,49157.0,27.48,2880.5,29760.84,0.0,1172889.0,755.1504,45.34778597785978
11978,India,"Rice, paddy",1998,28805,1083.0,49157.0,26.35,2880.5,28537.050000000003,0.0,1172889.0,694.3225000000001,45.34778597785978
11979,India,"Rice, paddy",1998,28805,1083.0,49157.0,24.34,2880.5,26360.22,0.0,1172889.0,592.4356,45.34778597785978
11980,India,"Rice, paddy",1998,28805,1083.0,49157.0,26.01,2880.5,28168.83,0.0,1172889.0,676.5201000000001,45.34778597785978
11981,India,"Rice, paddy",1998,28805,1083.0,49157.0,26.12,2880.5,28287.960000000003,0.0,1172889.0,682.2544,45.34778597785978
11982,India,"Rice, paddy",1998,28805,1083.0,49157.0,25.77,2880.5,27908.91,0.0,1172889.0,664.0929,45.34778597785978
11983,India,"Rice, paddy",1998,28805,1083.0,49157.0,26.69,2880.5,28905.27,0.0,1172889.0,712.3561000000001,45.34778597785978
11984,India,"Rice, paddy",1998,28805,1083.0,49157.0,27.87,2880.5,30183.210000000003,0.0,1172889.0,776.7369000000001,45.34778597785978
11985,India,"Rice, paddy",1998,28805,1083.0,49157.0,25.87,2880.5,28017.210000000003,0.0,1172889.0,669.2569000000001,45.34778597785978
11986,India,"Rice, paddy",1998,28805,1083.0,49157.0,26.27,2880.5,28450.41,0.0,1172889.0,690.1129,45.34778597785978
11987,India,"Rice, paddy",1998,28805,1083.0,49157.0,25.46,2880.5,27573.18,0.0,1172889.0,648.2116000000001,45.34778597785978
11988,India,"Rice, paddy",1998,28805,1083.0,49157.0,24.34,2880.5,26360.22,0.0,1172889.0,592.4356,45.34778597785978
11989,India,"Rice, paddy",1998,28805,1083.0,49157.0,26.4,2880.5,28591.199999999997,0.0,1172889.0,696.9599999999999,45.34778597785978
11990,India,"Rice, paddy",1998,28805,1083.0,49157.0,25.77,2880.5,27908.91,0.0,1172889.0,664.0929,45.34778597785978
11991,India,"Rice, paddy",1998,28805,1083.0,49157.0,25.87,2880.5,28017.210000000003,0.0,1172889.0,669.2569000000001,45.34778597785978
11992,India,"Rice, paddy",1998,28805,1083.0,49157.0,25.55,2880.5,27670.65,0.0,1172889.0,652.8025,45.34778597785978
11993,India,"Rice, paddy",1998,28805,1083.0,49157.0,27.09,2880.5,29338.47,0.0,1172889.0,733.8681,45.34778597785978
11994,India,"Rice, paddy",1998,28805,1083.0,49157.0,24.84,2880.5,26901.72,0.0,1172889.0,617.0255999999999,45.34778597785978
11995,India,"Rice, paddy",1998,28805,1083.0,49157.0,27.32,2880.5,29587.56,0.0,1172889.0,746.3824,45.34778597785978
11996,India,"Rice, paddy",1998,28805,1083.0,49157.0,27.32,2880.5,29587.56,0.0,1172889.0,746.3824,45.34778597785978
11997,India,"Rice, paddy",1998,28805,1083.0,49157.0,26.12,2880.5,28287.960000000003,0.0,1172889.0,682.2544,45.34778597785978
11998,India,Sorghum,1998,8592,1083.0,49157.0,25.91,859.2,28060.53,0.0,1172889.0,671.3281000000001,45.34778597785978
11999,India,Sorghum,1998,8592,1083.0,49157.0,27.48,859.2,29760.84,0.0,1172889.0,755.1504,45.34778597785978
12000,India,Sorghum,1998,8592,1083.0,49157.0,26.35,859.2,28537.050000000003,0.0,1172889.0,694.3225000000001,45.34778597785978
12001,India,Sorghum,1998,8592,1083.0,49157.0,24.34,859.2,26360.22,0.0,1172889.0,592.4356,45.34778597785978
12002,India,Sorghum,1998,8592,1083.0,49157.0,26.01,859.2,28168.83,0.0,1172889.0,676.5201000000001,45.34778597785978
12003,India,Sorghum,1998,8592,1083.0,49157.0,26.12,859.2,28287.960000000003,0.0,1172889.0,682.2544,45.34778597785978
12004,India,Sorghum,1998,8592,1083.0,49157.0,25.77,859.2,27908.91,0.0,1172889.0,664.0929,45.34778597785978
12005,India,Sorghum,1998,8592,1083.0,49157.0,26.69,859.2,28905.27,0.0,1172889.0,712.3561000000001,45.34778597785978
12006,India,Sorghum,1998,8592,1083.0,49157.0,27.87,859.2,30183.210000000003,0.0,1172889.0,776.7369000000001,45.34778597785978
12007,India,Sorghum,1998,8592,1083.0,49157.0,25.87,859.2,28017.210000000003,0.0,1172889.0,669.2569000000001,45.34778597785978
12008,India,Sorghum,1998,8592,1083.0,49157.0,26.27,859.2,28450.41,0.0,1172889.0,690.1129,45.34778597785978
12009,India,Sorghum,1998,8592,1083.0,49157.0,25.46,859.2,27573.18,0.0,1172889.0,648.2116000000001,45.34778597785978
12010,India,Sorghum,1998,8592,1083.0,49157.0,24.34,859.2,26360.22,0.0,1172889.0,592.4356,45.34778597785978
12011,India,Sorghum,1998,8592,1083.0,49157.0,26.4,859.2,28591.199999999997,0.0,1172889.0,696.9599999999999,45.34778597785978
12012,India,Sorghum,1998,8592,1083.0,49157.0,25.77,859.2,27908.91,0.0,1172889.0,664.0929,45.34778597785978
12013,India,Sorghum,1998,8592,1083.0,49157.0,25.87,859.2,28017.210000000003,0.0,1172889.0,669.2569000000001,45.34778597785978
12014,India,Sorghum,1998,8592,1083.0,49157.0,25.55,859.2,27670.65,0.0,1172889.0,652.8025,45.34778597785978
12015,India,Sorghum,1998,8592,1083.0,49157.0,27.09,859.2,29338.47,0.0,1172889.0,733.8681,45.34778597785978
12016,India,Sorghum,1998,8592,1083.0,49157.0,24.84,859.2,26901.72,0.0,1172889.0,617.0255999999999,45.34778597785978
12017,India,Sorghum,1998,8592,1083.0,49157.0,27.32,859.2,29587.56,0.0,1172889.0,746.3824,45.34778597785978
12018,India,Sorghum,1998,8592,1083.0,49157.0,27.32,859.2,29587.56,0.0,1172889.0,746.3824,45.34778597785978
12019,India,Sorghum,1998,8592,1083.0,49157.0,26.12,859.2,28287.960000000003,0.0,1172889.0,682.2544,45.34778597785978
12020,India,Soybeans,1998,11001,1083.0,49157.0,25.91,1100.1,28060.53,0.0,1172889.0,671.3281000000001,45.34778597785978
12021,India,Soybeans,1998,11001,1083.0,49157.0,27.48,1100.1,29760.84,0.0,1172889.0,755.1504,45.34778597785978
12022,India,Soybeans,1998,11001,1083.0,49157.0,26.35,1100.1,28537.050000000003,0.0,1172889.0,694.3225000000001,45.34778597785978
12023,India,Soybeans,1998,11001,1083.0,49157.0,24.34,1100.1,26360.22,0.0,1172889.0,592.4356,45.34778597785978
12024,India,Soybeans,1998,11001,1083.0,49157.0,26.01,1100.1,28168.83,0.0,1172889.0,676.5201000000001,45.34778597785978
12025,India,Soybeans,1998,11001,1083.0,49157.0,26.12,1100.1,28287.960000000003,0.0,1172889.0,682.2544,45.34778597785978
12026,India,Soybeans,1998,11001,1083.0,49157.0,25.77,1100.1,27908.91,0.0,1172889.0,664.0929,45.34778597785978
12027,India,Soybeans,1998,11001,1083.0,49157.0,26.69,1100.1,28905.27,0.0,1172889.0,712.3561000000001,45.34778597785978
12028,India,Soybeans,1998,11001,1083.0,49157.0,27.87,1100.1,30183.210000000003,0.0,1172889.0,776.7369000000001,45.34778597785978
12029,India,Soybeans,1998,11001,1083.0,49157.0,25.87,1100.1,28017.210000000003,0.0,1172889.0,669.2569000000001,45.34778597785978
12030,India,Soybeans,1998,11001,1083.0,49157.0,26.27,1100.1,28450.41,0.0,1172889.0,690.1129,45.34778597785978
12031,India,Soybeans,1998,11001,1083.0,49157.0,25.46,1100.1,27573.18,0.0,1172889.0,648.2116000000001,45.34778597785978
12032,India,Soybeans,1998,11001,1083.0,49157.0,24.34,1100.1,26360.22,0.0,1172889.0,592.4356,45.34778597785978
12033,India,Soybeans,1998,11001,1083.0,49157.0,26.4,1100.1,28591.199999999997,0.0,1172889.0,696.9599999999999,45.34778597785978
12034,India,Soybeans,1998,11001,1083.0,49157.0,25.77,1100.1,27908.91,0.0,1172889.0,664.0929,45.34778597785978
12035,India,Soybeans,1998,11001,1083.0,49157.0,25.87,1100.1,28017.210000000003,0.0,1172889.0,669.2569000000001,45.34778597785978
12036,India,Soybeans,1998,11001,1083.0,49157.0,25.55,1100.1,27670.65,0.0,1172889.0,652.8025,45.34778597785978
12037,India,Soybeans,1998,11001,1083.0,49157.0,27.09,1100.1,29338.47,0.0,1172889.0,733.8681,45.34778597785978
12038,India,Soybeans,1998,11001,1083.0,49157.0,24.84,1100.1,26901.72,0.0,1172889.0,617.0255999999999,45.34778597785978
12039,India,Soybeans,1998,11001,1083.0,49157.0,27.32,1100.1,29587.56,0.0,1172889.0,746.3824,45.34778597785978
12040,India,Soybeans,1998,11001,1083.0,49157.0,27.32,1100.1,29587.56,0.0,1172889.0,746.3824,45.34778597785978
12041,India,Soybeans,1998,11001,1083.0,49157.0,26.12,1100.1,28287.960000000003,0.0,1172889.0,682.2544,45.34778597785978
12042,India,Sweet potatoes,1998,86907,1083.0,49157.0,25.91,8690.7,28060.53,0.0,1172889.0,671.3281000000001,45.34778597785978
12043,India,Sweet potatoes,1998,86907,1083.0,49157.0,27.48,8690.7,29760.84,0.0,1172889.0,755.1504,45.34778597785978
12044,India,Sweet potatoes,1998,86907,1083.0,49157.0,26.35,8690.7,28537.050000000003,0.0,1172889.0,694.3225000000001,45.34778597785978
12045,India,Sweet potatoes,1998,86907,1083.0,49157.0,24.34,8690.7,26360.22,0.0,1172889.0,592.4356,45.34778597785978
12046,India,Sweet potatoes,1998,86907,1083.0,49157.0,26.01,8690.7,28168.83,0.0,1172889.0,676.5201000000001,45.34778597785978
12047,India,Sweet potatoes,1998,86907,1083.0,49157.0,26.12,8690.7,28287.960000000003,0.0,1172889.0,682.2544,45.34778597785978
12048,India,Sweet potatoes,1998,86907,1083.0,49157.0,25.77,8690.7,27908.91,0.0,1172889.0,664.0929,45.34778597785978
12049,India,Sweet potatoes,1998,86907,1083.0,49157.0,26.69,8690.7,28905.27,0.0,1172889.0,712.3561000000001,45.34778597785978
12050,India,Sweet potatoes,1998,86907,1083.0,49157.0,27.87,8690.7,30183.210000000003,0.0,1172889.0,776.7369000000001,45.34778597785978
12051,India,Sweet potatoes,1998,86907,1083.0,49157.0,25.87,8690.7,28017.210000000003,0.0,1172889.0,669.2569000000001,45.34778597785978
12052,India,Sweet potatoes,1998,86907,1083.0,49157.0,26.27,8690.7,28450.41,0.0,1172889.0,690.1129,45.34778597785978
12053,India,Sweet potatoes,1998,86907,1083.0,49157.0,25.46,8690.7,27573.18,0.0,1172889.0,648.2116000000001,45.34778597785978
12054,India,Sweet potatoes,1998,86907,1083.0,49157.0,24.34,8690.7,26360.22,0.0,1172889.0,592.4356,45.34778597785978
12055,India,Sweet potatoes,1998,86907,1083.0,49157.0,26.4,8690.7,28591.199999999997,0.0,1172889.0,696.9599999999999,45.34778597785978
12056,India,Sweet potatoes,1998,86907,1083.0,49157.0,25.77,8690.7,27908.91,0.0,1172889.0,664.0929,45.34778597785978
12057,India,Sweet potatoes,1998,86907,1083.0,49157.0,25.87,8690.7,28017.210000000003,0.0,1172889.0,669.2569000000001,45.34778597785978
12058,India,Sweet potatoes,1998,86907,1083.0,49157.0,25.55,8690.7,27670.65,0.0,1172889.0,652.8025,45.34778597785978
12059,India,Sweet potatoes,1998,86907,1083.0,49157.0,27.09,8690.7,29338.47,0.0,1172889.0,733.8681,45.34778597785978
12060,India,Sweet potatoes,1998,86907,1083.0,49157.0,24.84,8690.7,26901.72,0.0,1172889.0,617.0255999999999,45.34778597785978
12061,India,Sweet potatoes,1998,86907,1083.0,49157.0,27.32,8690.7,29587.56,0.0,1172889.0,746.3824,45.34778597785978
12062,India,Sweet potatoes,1998,86907,1083.0,49157.0,27.32,8690.7,29587.56,0.0,1172889.0,746.3824,45.34778597785978
12063,India,Sweet potatoes,1998,86907,1083.0,49157.0,26.12,8690.7,28287.960000000003,0.0,1172889.0,682.2544,45.34778597785978
12064,India,Wheat,1998,24852,1083.0,49157.0,25.91,2485.2,28060.53,0.0,1172889.0,671.3281000000001,45.34778597785978
12065,India,Wheat,1998,24852,1083.0,49157.0,27.48,2485.2,29760.84,0.0,1172889.0,755.1504,45.34778597785978
12066,India,Wheat,1998,24852,1083.0,49157.0,26.35,2485.2,28537.050000000003,0.0,1172889.0,694.3225000000001,45.34778597785978
12067,India,Wheat,1998,24852,1083.0,49157.0,24.34,2485.2,26360.22,0.0,1172889.0,592.4356,45.34778597785978
12068,India,Wheat,1998,24852,1083.0,49157.0,26.01,2485.2,28168.83,0.0,1172889.0,676.5201000000001,45.34778597785978
12069,India,Wheat,1998,24852,1083.0,49157.0,26.12,2485.2,28287.960000000003,0.0,1172889.0,682.2544,45.34778597785978
12070,India,Wheat,1998,24852,1083.0,49157.0,25.77,2485.2,27908.91,0.0,1172889.0,664.0929,45.34778597785978
12071,India,Wheat,1998,24852,1083.0,49157.0,26.69,2485.2,28905.27,0.0,1172889.0,712.3561000000001,45.34778597785978
12072,India,Wheat,1998,24852,1083.0,49157.0,27.87,2485.2,30183.210000000003,0.0,1172889.0,776.7369000000001,45.34778597785978
12073,India,Wheat,1998,24852,1083.0,49157.0,25.87,2485.2,28017.210000000003,0.0,1172889.0,669.2569000000001,45.34778597785978
12074,India,Wheat,1998,24852,1083.0,49157.0,26.27,2485.2,28450.41,0.0,1172889.0,690.1129,45.34778597785978
12075,India,Wheat,1998,24852,1083.0,49157.0,25.46,2485.2,27573.18,0.0,1172889.0,648.2116000000001,45.34778597785978
12076,India,Wheat,1998,24852,1083.0,49157.0,24.34,2485.2,26360.22,0.0,1172889.0,592.4356,45.34778597785978
12077,India,Wheat,1998,24852,1083.0,49157.0,26.4,2485.2,28591.199999999997,0.0,1172889.0,696.9599999999999,45.34778597785978
12078,India,Wheat,1998,24852,1083.0,49157.0,25.77,2485.2,27908.91,0.0,1172889.0,664.0929,45.34778597785978
12079,India,Wheat,1998,24852,1083.0,49157.0,25.87,2485.2,28017.210000000003,0.0,1172889.0,669.2569000000001,45.34778597785978
12080,India,Wheat,1998,24852,1083.0,49157.0,25.55,2485.2,27670.65,0.0,1172889.0,652.8025,45.34778597785978
12081,India,Wheat,1998,24852,1083.0,49157.0,27.09,2485.2,29338.47,0.0,1172889.0,733.8681,45.34778597785978
12082,India,Wheat,1998,24852,1083.0,49157.0,24.84,2485.2,26901.72,0.0,1172889.0,617.0255999999999,45.34778597785978
12083,India,Wheat,1998,24852,1083.0,49157.0,27.32,2485.2,29587.56,0.0,1172889.0,746.3824,45.34778597785978
12084,India,Wheat,1998,24852,1083.0,49157.0,27.32,2485.2,29587.56,0.0,1172889.0,746.3824,45.34778597785978
12085,India,Wheat,1998,24852,1083.0,49157.0,26.12,2485.2,28287.960000000003,0.0,1172889.0,682.2544,45.34778597785978
12086,India,Cassava,1999,239523,1083.0,46195.0,26.12,23952.3,28287.960000000003,0.0,1172889.0,682.2544,42.61531365313653
12087,India,Cassava,1999,239523,1083.0,46195.0,27.21,23952.3,29468.43,0.0,1172889.0,740.3841000000001,42.61531365313653
12088,India,Cassava,1999,239523,1083.0,46195.0,26.4,23952.3,28591.199999999997,0.0,1172889.0,696.9599999999999,42.61531365313653
12089,India,Cassava,1999,239523,1083.0,46195.0,24.9,23952.3,26966.699999999997,0.0,1172889.0,620.0099999999999,42.61531365313653
12090,India,Cassava,1999,239523,1083.0,46195.0,25.29,23952.3,27389.07,0.0,1172889.0,639.5840999999999,42.61531365313653
12091,India,Cassava,1999,239523,1083.0,46195.0,25.74,23952.3,27876.42,0.0,1172889.0,662.5475999999999,42.61531365313653
12092,India,Cassava,1999,239523,1083.0,46195.0,26.36,23952.3,28547.88,0.0,1172889.0,694.8496,42.61531365313653
12093,India,Cassava,1999,239523,1083.0,46195.0,26.86,23952.3,29089.38,0.0,1172889.0,721.4596,42.61531365313653
12094,India,Cassava,1999,239523,1083.0,46195.0,27.24,23952.3,29500.92,0.0,1172889.0,742.0175999999999,42.61531365313653
12095,India,Cassava,1999,239523,1083.0,46195.0,25.5,23952.3,27616.5,0.0,1172889.0,650.25,42.61531365313653
12096,India,Cassava,1999,239523,1083.0,46195.0,26.42,23952.3,28612.86,0.0,1172889.0,698.0164000000001,42.61531365313653
12097,India,Cassava,1999,239523,1083.0,46195.0,25.78,23952.3,27919.74,0.0,1172889.0,664.6084000000001,42.61531365313653
12098,India,Cassava,1999,239523,1083.0,46195.0,24.9,23952.3,26966.699999999997,0.0,1172889.0,620.0099999999999,42.61531365313653
12099,India,Cassava,1999,239523,1083.0,46195.0,26.06,23952.3,28222.98,0.0,1172889.0,679.1235999999999,42.61531365313653
12100,India,Cassava,1999,239523,1083.0,46195.0,26.36,23952.3,28547.88,0.0,1172889.0,694.8496,42.61531365313653
12101,India,Cassava,1999,239523,1083.0,46195.0,25.97,23952.3,28125.51,0.0,1172889.0,674.4408999999999,42.61531365313653
12102,India,Cassava,1999,239523,1083.0,46195.0,25.1,23952.3,27183.300000000003,0.0,1172889.0,630.0100000000001,42.61531365313653
12103,India,Cassava,1999,239523,1083.0,46195.0,26.85,23952.3,29078.550000000003,0.0,1172889.0,720.9225000000001,42.61531365313653
12104,India,Cassava,1999,239523,1083.0,46195.0,24.93,23952.3,26999.19,0.0,1172889.0,621.5049,42.61531365313653
12105,India,Cassava,1999,239523,1083.0,46195.0,26.96,23952.3,29197.68,0.0,1172889.0,726.8416000000001,42.61531365313653
12106,India,Cassava,1999,239523,1083.0,46195.0,26.96,23952.3,29197.68,0.0,1172889.0,726.8416000000001,42.61531365313653
12107,India,Cassava,1999,239523,1083.0,46195.0,26.21,23952.3,28385.43,0.0,1172889.0,686.9641,42.61531365313653
12108,India,Maize,1999,17922,1083.0,46195.0,26.12,1792.2,28287.960000000003,0.0,1172889.0,682.2544,42.61531365313653
12109,India,Maize,1999,17922,1083.0,46195.0,27.21,1792.2,29468.43,0.0,1172889.0,740.3841000000001,42.61531365313653
12110,India,Maize,1999,17922,1083.0,46195.0,26.4,1792.2,28591.199999999997,0.0,1172889.0,696.9599999999999,42.61531365313653
12111,India,Maize,1999,17922,1083.0,46195.0,24.9,1792.2,26966.699999999997,0.0,1172889.0,620.0099999999999,42.61531365313653
12112,India,Maize,1999,17922,1083.0,46195.0,25.29,1792.2,27389.07,0.0,1172889.0,639.5840999999999,42.61531365313653
12113,India,Maize,1999,17922,1083.0,46195.0,25.74,1792.2,27876.42,0.0,1172889.0,662.5475999999999,42.61531365313653
12114,India,Maize,1999,17922,1083.0,46195.0,26.36,1792.2,28547.88,0.0,1172889.0,694.8496,42.61531365313653
12115,India,Maize,1999,17922,1083.0,46195.0,26.86,1792.2,29089.38,0.0,1172889.0,721.4596,42.61531365313653
12116,India,Maize,1999,17922,1083.0,46195.0,27.24,1792.2,29500.92,0.0,1172889.0,742.0175999999999,42.61531365313653
12117,India,Maize,1999,17922,1083.0,46195.0,25.5,1792.2,27616.5,0.0,1172889.0,650.25,42.61531365313653
12118,India,Maize,1999,17922,1083.0,46195.0,26.42,1792.2,28612.86,0.0,1172889.0,698.0164000000001,42.61531365313653
12119,India,Maize,1999,17922,1083.0,46195.0,25.78,1792.2,27919.74,0.0,1172889.0,664.6084000000001,42.61531365313653
12120,India,Maize,1999,17922,1083.0,46195.0,24.9,1792.2,26966.699999999997,0.0,1172889.0,620.0099999999999,42.61531365313653
12121,India,Maize,1999,17922,1083.0,46195.0,26.06,1792.2,28222.98,0.0,1172889.0,679.1235999999999,42.61531365313653
12122,India,Maize,1999,17922,1083.0,46195.0,26.36,1792.2,28547.88,0.0,1172889.0,694.8496,42.61531365313653
12123,India,Maize,1999,17922,1083.0,46195.0,25.97,1792.2,28125.51,0.0,1172889.0,674.4408999999999,42.61531365313653
12124,India,Maize,1999,17922,1083.0,46195.0,25.1,1792.2,27183.300000000003,0.0,1172889.0,630.0100000000001,42.61531365313653
12125,India,Maize,1999,17922,1083.0,46195.0,26.85,1792.2,29078.550000000003,0.0,1172889.0,720.9225000000001,42.61531365313653
12126,India,Maize,1999,17922,1083.0,46195.0,24.93,1792.2,26999.19,0.0,1172889.0,621.5049,42.61531365313653
12127,India,Maize,1999,17922,1083.0,46195.0,26.96,1792.2,29197.68,0.0,1172889.0,726.8416000000001,42.61531365313653
12128,India,Maize,1999,17922,1083.0,46195.0,26.96,1792.2,29197.68,0.0,1172889.0,726.8416000000001,42.61531365313653
12129,India,Maize,1999,17922,1083.0,46195.0,26.21,1792.2,28385.43,0.0,1172889.0,686.9641,42.61531365313653
12130,India,Potatoes,1999,175712,1083.0,46195.0,26.12,17571.2,28287.960000000003,0.0,1172889.0,682.2544,42.61531365313653
12131,India,Potatoes,1999,175712,1083.0,46195.0,27.21,17571.2,29468.43,0.0,1172889.0,740.3841000000001,42.61531365313653
12132,India,Potatoes,1999,175712,1083.0,46195.0,26.4,17571.2,28591.199999999997,0.0,1172889.0,696.9599999999999,42.61531365313653
12133,India,Potatoes,1999,175712,1083.0,46195.0,24.9,17571.2,26966.699999999997,0.0,1172889.0,620.0099999999999,42.61531365313653
12134,India,Potatoes,1999,175712,1083.0,46195.0,25.29,17571.2,27389.07,0.0,1172889.0,639.5840999999999,42.61531365313653
12135,India,Potatoes,1999,175712,1083.0,46195.0,25.74,17571.2,27876.42,0.0,1172889.0,662.5475999999999,42.61531365313653
12136,India,Potatoes,1999,175712,1083.0,46195.0,26.36,17571.2,28547.88,0.0,1172889.0,694.8496,42.61531365313653
12137,India,Potatoes,1999,175712,1083.0,46195.0,26.86,17571.2,29089.38,0.0,1172889.0,721.4596,42.61531365313653
12138,India,Potatoes,1999,175712,1083.0,46195.0,27.24,17571.2,29500.92,0.0,1172889.0,742.0175999999999,42.61531365313653
12139,India,Potatoes,1999,175712,1083.0,46195.0,25.5,17571.2,27616.5,0.0,1172889.0,650.25,42.61531365313653
12140,India,Potatoes,1999,175712,1083.0,46195.0,26.42,17571.2,28612.86,0.0,1172889.0,698.0164000000001,42.61531365313653
12141,India,Potatoes,1999,175712,1083.0,46195.0,25.78,17571.2,27919.74,0.0,1172889.0,664.6084000000001,42.61531365313653
12142,India,Potatoes,1999,175712,1083.0,46195.0,24.9,17571.2,26966.699999999997,0.0,1172889.0,620.0099999999999,42.61531365313653
12143,India,Potatoes,1999,175712,1083.0,46195.0,26.06,17571.2,28222.98,0.0,1172889.0,679.1235999999999,42.61531365313653
12144,India,Potatoes,1999,175712,1083.0,46195.0,26.36,17571.2,28547.88,0.0,1172889.0,694.8496,42.61531365313653
12145,India,Potatoes,1999,175712,1083.0,46195.0,25.97,17571.2,28125.51,0.0,1172889.0,674.4408999999999,42.61531365313653
12146,India,Potatoes,1999,175712,1083.0,46195.0,25.1,17571.2,27183.300000000003,0.0,1172889.0,630.0100000000001,42.61531365313653
12147,India,Potatoes,1999,175712,1083.0,46195.0,26.85,17571.2,29078.550000000003,0.0,1172889.0,720.9225000000001,42.61531365313653
12148,India,Potatoes,1999,175712,1083.0,46195.0,24.93,17571.2,26999.19,0.0,1172889.0,621.5049,42.61531365313653
12149,India,Potatoes,1999,175712,1083.0,46195.0,26.96,17571.2,29197.68,0.0,1172889.0,726.8416000000001,42.61531365313653
12150,India,Potatoes,1999,175712,1083.0,46195.0,26.96,17571.2,29197.68,0.0,1172889.0,726.8416000000001,42.61531365313653
12151,India,Potatoes,1999,175712,1083.0,46195.0,26.21,17571.2,28385.43,0.0,1172889.0,686.9641,42.61531365313653
12152,India,"Rice, paddy",1999,29782,1083.0,46195.0,26.12,2978.2,28287.960000000003,0.0,1172889.0,682.2544,42.61531365313653
12153,India,"Rice, paddy",1999,29782,1083.0,46195.0,27.21,2978.2,29468.43,0.0,1172889.0,740.3841000000001,42.61531365313653
12154,India,"Rice, paddy",1999,29782,1083.0,46195.0,26.4,2978.2,28591.199999999997,0.0,1172889.0,696.9599999999999,42.61531365313653
12155,India,"Rice, paddy",1999,29782,1083.0,46195.0,24.9,2978.2,26966.699999999997,0.0,1172889.0,620.0099999999999,42.61531365313653
12156,India,"Rice, paddy",1999,29782,1083.0,46195.0,25.29,2978.2,27389.07,0.0,1172889.0,639.5840999999999,42.61531365313653
12157,India,"Rice, paddy",1999,29782,1083.0,46195.0,25.74,2978.2,27876.42,0.0,1172889.0,662.5475999999999,42.61531365313653
12158,India,"Rice, paddy",1999,29782,1083.0,46195.0,26.36,2978.2,28547.88,0.0,1172889.0,694.8496,42.61531365313653
12159,India,"Rice, paddy",1999,29782,1083.0,46195.0,26.86,2978.2,29089.38,0.0,1172889.0,721.4596,42.61531365313653
12160,India,"Rice, paddy",1999,29782,1083.0,46195.0,27.24,2978.2,29500.92,0.0,1172889.0,742.0175999999999,42.61531365313653
12161,India,"Rice, paddy",1999,29782,1083.0,46195.0,25.5,2978.2,27616.5,0.0,1172889.0,650.25,42.61531365313653
12162,India,"Rice, paddy",1999,29782,1083.0,46195.0,26.42,2978.2,28612.86,0.0,1172889.0,698.0164000000001,42.61531365313653
12163,India,"Rice, paddy",1999,29782,1083.0,46195.0,25.78,2978.2,27919.74,0.0,1172889.0,664.6084000000001,42.61531365313653
12164,India,"Rice, paddy",1999,29782,1083.0,46195.0,24.9,2978.2,26966.699999999997,0.0,1172889.0,620.0099999999999,42.61531365313653
12165,India,"Rice, paddy",1999,29782,1083.0,46195.0,26.06,2978.2,28222.98,0.0,1172889.0,679.1235999999999,42.61531365313653
12166,India,"Rice, paddy",1999,29782,1083.0,46195.0,26.36,2978.2,28547.88,0.0,1172889.0,694.8496,42.61531365313653
12167,India,"Rice, paddy",1999,29782,1083.0,46195.0,25.97,2978.2,28125.51,0.0,1172889.0,674.4408999999999,42.61531365313653
12168,India,"Rice, paddy",1999,29782,1083.0,46195.0,25.1,2978.2,27183.300000000003,0.0,1172889.0,630.0100000000001,42.61531365313653
12169,India,"Rice, paddy",1999,29782,1083.0,46195.0,26.85,2978.2,29078.550000000003,0.0,1172889.0,720.9225000000001,42.61531365313653
12170,India,"Rice, paddy",1999,29782,1083.0,46195.0,24.93,2978.2,26999.19,0.0,1172889.0,621.5049,42.61531365313653
12171,India,"Rice, paddy",1999,29782,1083.0,46195.0,26.96,2978.2,29197.68,0.0,1172889.0,726.8416000000001,42.61531365313653
12172,India,"Rice, paddy",1999,29782,1083.0,46195.0,26.96,2978.2,29197.68,0.0,1172889.0,726.8416000000001,42.61531365313653
12173,India,"Rice, paddy",1999,29782,1083.0,46195.0,26.21,2978.2,28385.43,0.0,1172889.0,686.9641,42.61531365313653
12174,India,Sorghum,1999,8472,1083.0,46195.0,26.12,847.2,28287.960000000003,0.0,1172889.0,682.2544,42.61531365313653
12175,India,Sorghum,1999,8472,1083.0,46195.0,27.21,847.2,29468.43,0.0,1172889.0,740.3841000000001,42.61531365313653
12176,India,Sorghum,1999,8472,1083.0,46195.0,26.4,847.2,28591.199999999997,0.0,1172889.0,696.9599999999999,42.61531365313653
12177,India,Sorghum,1999,8472,1083.0,46195.0,24.9,847.2,26966.699999999997,0.0,1172889.0,620.0099999999999,42.61531365313653
12178,India,Sorghum,1999,8472,1083.0,46195.0,25.29,847.2,27389.07,0.0,1172889.0,639.5840999999999,42.61531365313653
12179,India,Sorghum,1999,8472,1083.0,46195.0,25.74,847.2,27876.42,0.0,1172889.0,662.5475999999999,42.61531365313653
12180,India,Sorghum,1999,8472,1083.0,46195.0,26.36,847.2,28547.88,0.0,1172889.0,694.8496,42.61531365313653
12181,India,Sorghum,1999,8472,1083.0,46195.0,26.86,847.2,29089.38,0.0,1172889.0,721.4596,42.61531365313653
12182,India,Sorghum,1999,8472,1083.0,46195.0,27.24,847.2,29500.92,0.0,1172889.0,742.0175999999999,42.61531365313653
12183,India,Sorghum,1999,8472,1083.0,46195.0,25.5,847.2,27616.5,0.0,1172889.0,650.25,42.61531365313653
12184,India,Sorghum,1999,8472,1083.0,46195.0,26.42,847.2,28612.86,0.0,1172889.0,698.0164000000001,42.61531365313653
12185,India,Sorghum,1999,8472,1083.0,46195.0,25.78,847.2,27919.74,0.0,1172889.0,664.6084000000001,42.61531365313653
12186,India,Sorghum,1999,8472,1083.0,46195.0,24.9,847.2,26966.699999999997,0.0,1172889.0,620.0099999999999,42.61531365313653
12187,India,Sorghum,1999,8472,1083.0,46195.0,26.06,847.2,28222.98,0.0,1172889.0,679.1235999999999,42.61531365313653
12188,India,Sorghum,1999,8472,1083.0,46195.0,26.36,847.2,28547.88,0.0,1172889.0,694.8496,42.61531365313653
12189,India,Sorghum,1999,8472,1083.0,46195.0,25.97,847.2,28125.51,0.0,1172889.0,674.4408999999999,42.61531365313653
12190,India,Sorghum,1999,8472,1083.0,46195.0,25.1,847.2,27183.300000000003,0.0,1172889.0,630.0100000000001,42.61531365313653
12191,India,Sorghum,1999,8472,1083.0,46195.0,26.85,847.2,29078.550000000003,0.0,1172889.0,720.9225000000001,42.61531365313653
12192,India,Sorghum,1999,8472,1083.0,46195.0,24.93,847.2,26999.19,0.0,1172889.0,621.5049,42.61531365313653
12193,India,Sorghum,1999,8472,1083.0,46195.0,26.96,847.2,29197.68,0.0,1172889.0,726.8416000000001,42.61531365313653
12194,India,Sorghum,1999,8472,1083.0,46195.0,26.96,847.2,29197.68,0.0,1172889.0,726.8416000000001,42.61531365313653
12195,India,Sorghum,1999,8472,1083.0,46195.0,26.21,847.2,28385.43,0.0,1172889.0,686.9641,42.61531365313653
12196,India,Soybeans,1999,11380,1083.0,46195.0,26.12,1138.0,28287.960000000003,0.0,1172889.0,682.2544,42.61531365313653
12197,India,Soybeans,1999,11380,1083.0,46195.0,27.21,1138.0,29468.43,0.0,1172889.0,740.3841000000001,42.61531365313653
12198,India,Soybeans,1999,11380,1083.0,46195.0,26.4,1138.0,28591.199999999997,0.0,1172889.0,696.9599999999999,42.61531365313653
12199,India,Soybeans,1999,11380,1083.0,46195.0,24.9,1138.0,26966.699999999997,0.0,1172889.0,620.0099999999999,42.61531365313653
12200,India,Soybeans,1999,11380,1083.0,46195.0,25.29,1138.0,27389.07,0.0,1172889.0,639.5840999999999,42.61531365313653
12201,India,Soybeans,1999,11380,1083.0,46195.0,25.74,1138.0,27876.42,0.0,1172889.0,662.5475999999999,42.61531365313653
12202,India,Soybeans,1999,11380,1083.0,46195.0,26.36,1138.0,28547.88,0.0,1172889.0,694.8496,42.61531365313653
12203,India,Soybeans,1999,11380,1083.0,46195.0,26.86,1138.0,29089.38,0.0,1172889.0,721.4596,42.61531365313653
12204,India,Soybeans,1999,11380,1083.0,46195.0,27.24,1138.0,29500.92,0.0,1172889.0,742.0175999999999,42.61531365313653
12205,India,Soybeans,1999,11380,1083.0,46195.0,25.5,1138.0,27616.5,0.0,1172889.0,650.25,42.61531365313653
12206,India,Soybeans,1999,11380,1083.0,46195.0,26.42,1138.0,28612.86,0.0,1172889.0,698.0164000000001,42.61531365313653
12207,India,Soybeans,1999,11380,1083.0,46195.0,25.78,1138.0,27919.74,0.0,1172889.0,664.6084000000001,42.61531365313653
12208,India,Soybeans,1999,11380,1083.0,46195.0,24.9,1138.0,26966.699999999997,0.0,1172889.0,620.0099999999999,42.61531365313653
12209,India,Soybeans,1999,11380,1083.0,46195.0,26.06,1138.0,28222.98,0.0,1172889.0,679.1235999999999,42.61531365313653
12210,India,Soybeans,1999,11380,1083.0,46195.0,26.36,1138.0,28547.88,0.0,1172889.0,694.8496,42.61531365313653
12211,India,Soybeans,1999,11380,1083.0,46195.0,25.97,1138.0,28125.51,0.0,1172889.0,674.4408999999999,42.61531365313653
12212,India,Soybeans,1999,11380,1083.0,46195.0,25.1,1138.0,27183.300000000003,0.0,1172889.0,630.0100000000001,42.61531365313653
12213,India,Soybeans,1999,11380,1083.0,46195.0,26.85,1138.0,29078.550000000003,0.0,1172889.0,720.9225000000001,42.61531365313653
12214,India,Soybeans,1999,11380,1083.0,46195.0,24.93,1138.0,26999.19,0.0,1172889.0,621.5049,42.61531365313653
12215,India,Soybeans,1999,11380,1083.0,46195.0,26.96,1138.0,29197.68,0.0,1172889.0,726.8416000000001,42.61531365313653
12216,India,Soybeans,1999,11380,1083.0,46195.0,26.96,1138.0,29197.68,0.0,1172889.0,726.8416000000001,42.61531365313653
12217,India,Soybeans,1999,11380,1083.0,46195.0,26.21,1138.0,28385.43,0.0,1172889.0,686.9641,42.61531365313653
12218,India,Sweet potatoes,1999,85744,1083.0,46195.0,26.12,8574.4,28287.960000000003,0.0,1172889.0,682.2544,42.61531365313653
12219,India,Sweet potatoes,1999,85744,1083.0,46195.0,27.21,8574.4,29468.43,0.0,1172889.0,740.3841000000001,42.61531365313653
12220,India,Sweet potatoes,1999,85744,1083.0,46195.0,26.4,8574.4,28591.199999999997,0.0,1172889.0,696.9599999999999,42.61531365313653
12221,India,Sweet potatoes,1999,85744,1083.0,46195.0,24.9,8574.4,26966.699999999997,0.0,1172889.0,620.0099999999999,42.61531365313653
12222,India,Sweet potatoes,1999,85744,1083.0,46195.0,25.29,8574.4,27389.07,0.0,1172889.0,639.5840999999999,42.61531365313653
12223,India,Sweet potatoes,1999,85744,1083.0,46195.0,25.74,8574.4,27876.42,0.0,1172889.0,662.5475999999999,42.61531365313653
12224,India,Sweet potatoes,1999,85744,1083.0,46195.0,26.36,8574.4,28547.88,0.0,1172889.0,694.8496,42.61531365313653
12225,India,Sweet potatoes,1999,85744,1083.0,46195.0,26.86,8574.4,29089.38,0.0,1172889.0,721.4596,42.61531365313653
12226,India,Sweet potatoes,1999,85744,1083.0,46195.0,27.24,8574.4,29500.92,0.0,1172889.0,742.0175999999999,42.61531365313653
12227,India,Sweet potatoes,1999,85744,1083.0,46195.0,25.5,8574.4,27616.5,0.0,1172889.0,650.25,42.61531365313653
12228,India,Sweet potatoes,1999,85744,1083.0,46195.0,26.42,8574.4,28612.86,0.0,1172889.0,698.0164000000001,42.61531365313653
12229,India,Sweet potatoes,1999,85744,1083.0,46195.0,25.78,8574.4,27919.74,0.0,1172889.0,664.6084000000001,42.61531365313653
12230,India,Sweet potatoes,1999,85744,1083.0,46195.0,24.9,8574.4,26966.699999999997,0.0,1172889.0,620.0099999999999,42.61531365313653
12231,India,Sweet potatoes,1999,85744,1083.0,46195.0,26.06,8574.4,28222.98,0.0,1172889.0,679.1235999999999,42.61531365313653
12232,India,Sweet potatoes,1999,85744,1083.0,46195.0,26.36,8574.4,28547.88,0.0,1172889.0,694.8496,42.61531365313653
12233,India,Sweet potatoes,1999,85744,1083.0,46195.0,25.97,8574.4,28125.51,0.0,1172889.0,674.4408999999999,42.61531365313653
12234,India,Sweet potatoes,1999,85744,1083.0,46195.0,25.1,8574.4,27183.300000000003,0.0,1172889.0,630.0100000000001,42.61531365313653
12235,India,Sweet potatoes,1999,85744,1083.0,46195.0,26.85,8574.4,29078.550000000003,0.0,1172889.0,720.9225000000001,42.61531365313653
12236,India,Sweet potatoes,1999,85744,1083.0,46195.0,24.93,8574.4,26999.19,0.0,1172889.0,621.5049,42.61531365313653
12237,India,Sweet potatoes,1999,85744,1083.0,46195.0,26.96,8574.4,29197.68,0.0,1172889.0,726.8416000000001,42.61531365313653
12238,India,Sweet potatoes,1999,85744,1083.0,46195.0,26.96,8574.4,29197.68,0.0,1172889.0,726.8416000000001,42.61531365313653
12239,India,Sweet potatoes,1999,85744,1083.0,46195.0,26.21,8574.4,28385.43,0.0,1172889.0,686.9641,42.61531365313653
12240,India,Wheat,1999,25901,1083.0,46195.0,26.12,2590.1,28287.960000000003,0.0,1172889.0,682.2544,42.61531365313653
12241,India,Wheat,1999,25901,1083.0,46195.0,27.21,2590.1,29468.43,0.0,1172889.0,740.3841000000001,42.61531365313653
12242,India,Wheat,1999,25901,1083.0,46195.0,26.4,2590.1,28591.199999999997,0.0,1172889.0,696.9599999999999,42.61531365313653
12243,India,Wheat,1999,25901,1083.0,46195.0,24.9,2590.1,26966.699999999997,0.0,1172889.0,620.0099999999999,42.61531365313653
12244,India,Wheat,1999,25901,1083.0,46195.0,25.29,2590.1,27389.07,0.0,1172889.0,639.5840999999999,42.61531365313653
12245,India,Wheat,1999,25901,1083.0,46195.0,25.74,2590.1,27876.42,0.0,1172889.0,662.5475999999999,42.61531365313653
12246,India,Wheat,1999,25901,1083.0,46195.0,26.36,2590.1,28547.88,0.0,1172889.0,694.8496,42.61531365313653
12247,India,Wheat,1999,25901,1083.0,46195.0,26.86,2590.1,29089.38,0.0,1172889.0,721.4596,42.61531365313653
12248,India,Wheat,1999,25901,1083.0,46195.0,27.24,2590.1,29500.92,0.0,1172889.0,742.0175999999999,42.61531365313653
12249,India,Wheat,1999,25901,1083.0,46195.0,25.5,2590.1,27616.5,0.0,1172889.0,650.25,42.61531365313653
12250,India,Wheat,1999,25901,1083.0,46195.0,26.42,2590.1,28612.86,0.0,1172889.0,698.0164000000001,42.61531365313653
12251,India,Wheat,1999,25901,1083.0,46195.0,25.78,2590.1,27919.74,0.0,1172889.0,664.6084000000001,42.61531365313653
12252,India,Wheat,1999,25901,1083.0,46195.0,24.9,2590.1,26966.699999999997,0.0,1172889.0,620.0099999999999,42.61531365313653
12253,India,Wheat,1999,25901,1083.0,46195.0,26.06,2590.1,28222.98,0.0,1172889.0,679.1235999999999,42.61531365313653
12254,India,Wheat,1999,25901,1083.0,46195.0,26.36,2590.1,28547.88,0.0,1172889.0,694.8496,42.61531365313653
12255,India,Wheat,1999,25901,1083.0,46195.0,25.97,2590.1,28125.51,0.0,1172889.0,674.4408999999999,42.61531365313653
12256,India,Wheat,1999,25901,1083.0,46195.0,25.1,2590.1,27183.300000000003,0.0,1172889.0,630.0100000000001,42.61531365313653
12257,India,Wheat,1999,25901,1083.0,46195.0,26.85,2590.1,29078.550000000003,0.0,1172889.0,720.9225000000001,42.61531365313653
12258,India,Wheat,1999,25901,1083.0,46195.0,24.93,2590.1,26999.19,0.0,1172889.0,621.5049,42.61531365313653
12259,India,Wheat,1999,25901,1083.0,46195.0,26.96,2590.1,29197.68,0.0,1172889.0,726.8416000000001,42.61531365313653
12260,India,Wheat,1999,25901,1083.0,46195.0,26.96,2590.1,29197.68,0.0,1172889.0,726.8416000000001,42.61531365313653
12261,India,Wheat,1999,25901,1083.0,46195.0,26.21,2590.1,28385.43,0.0,1172889.0,686.9641,42.61531365313653
12262,India,Cassava,2000,269087,1083.0,44957.52,25.98,26908.7,28136.34,0.0,1172889.0,674.9604,41.47372693726937
12263,India,Cassava,2000,269087,1083.0,44957.52,27.44,26908.7,29717.52,0.0,1172889.0,752.9536,41.47372693726937
12264,India,Cassava,2000,269087,1083.0,44957.52,26.13,26908.7,28298.789999999997,0.0,1172889.0,682.7769,41.47372693726937
12265,India,Cassava,2000,269087,1083.0,44957.52,24.57,26908.7,26609.31,0.0,1172889.0,603.6849,41.47372693726937
12266,India,Cassava,2000,269087,1083.0,44957.52,25.34,26908.7,27443.22,0.0,1172889.0,642.1156,41.47372693726937
12267,India,Cassava,2000,269087,1083.0,44957.52,25.93,26908.7,28082.19,0.0,1172889.0,672.3649,41.47372693726937
12268,India,Cassava,2000,269087,1083.0,44957.52,26.05,26908.7,28212.15,0.0,1172889.0,678.6025000000001,41.47372693726937
12269,India,Cassava,2000,269087,1083.0,44957.52,26.49,26908.7,28688.67,0.0,1172889.0,701.7200999999999,41.47372693726937
12270,India,Cassava,2000,269087,1083.0,44957.52,27.23,26908.7,29490.09,0.0,1172889.0,741.4729,41.47372693726937
12271,India,Cassava,2000,269087,1083.0,44957.52,25.62,26908.7,27746.460000000003,0.0,1172889.0,656.3844,41.47372693726937
12272,India,Cassava,2000,269087,1083.0,44957.52,26.43,26908.7,28623.69,0.0,1172889.0,698.5449,41.47372693726937
12273,India,Cassava,2000,269087,1083.0,44957.52,25.35,26908.7,27454.050000000003,0.0,1172889.0,642.6225000000001,41.47372693726937
12274,India,Cassava,2000,269087,1083.0,44957.52,24.57,26908.7,26609.31,0.0,1172889.0,603.6849,41.47372693726937
12275,India,Cassava,2000,269087,1083.0,44957.52,26.18,26908.7,28352.94,0.0,1172889.0,685.3924,41.47372693726937
12276,India,Cassava,2000,269087,1083.0,44957.52,26.05,26908.7,28212.15,0.0,1172889.0,678.6025000000001,41.47372693726937
12277,India,Cassava,2000,269087,1083.0,44957.52,25.58,26908.7,27703.14,0.0,1172889.0,654.3363999999999,41.47372693726937
12278,India,Cassava,2000,269087,1083.0,44957.52,25.11,26908.7,27194.13,0.0,1172889.0,630.5120999999999,41.47372693726937
12279,India,Cassava,2000,269087,1083.0,44957.52,27.08,26908.7,29327.64,0.0,1172889.0,733.3263999999999,41.47372693726937
12280,India,Cassava,2000,269087,1083.0,44957.52,24.69,26908.7,26739.27,0.0,1172889.0,609.5961000000001,41.47372693726937
12281,India,Cassava,2000,269087,1083.0,44957.52,27.03,26908.7,29273.49,0.0,1172889.0,730.6209,41.47372693726937
12282,India,Cassava,2000,269087,1083.0,44957.52,27.03,26908.7,29273.49,0.0,1172889.0,730.6209,41.47372693726937
12283,India,Cassava,2000,269087,1083.0,44957.52,25.93,26908.7,28082.19,0.0,1172889.0,672.3649,41.47372693726937
12284,India,Maize,2000,18216,1083.0,44957.52,25.98,1821.6,28136.34,0.0,1172889.0,674.9604,41.47372693726937
12285,India,Maize,2000,18216,1083.0,44957.52,27.44,1821.6,29717.52,0.0,1172889.0,752.9536,41.47372693726937
12286,India,Maize,2000,18216,1083.0,44957.52,26.13,1821.6,28298.789999999997,0.0,1172889.0,682.7769,41.47372693726937
12287,India,Maize,2000,18216,1083.0,44957.52,24.57,1821.6,26609.31,0.0,1172889.0,603.6849,41.47372693726937
12288,India,Maize,2000,18216,1083.0,44957.52,25.34,1821.6,27443.22,0.0,1172889.0,642.1156,41.47372693726937
12289,India,Maize,2000,18216,1083.0,44957.52,25.93,1821.6,28082.19,0.0,1172889.0,672.3649,41.47372693726937
12290,India,Maize,2000,18216,1083.0,44957.52,26.05,1821.6,28212.15,0.0,1172889.0,678.6025000000001,41.47372693726937
12291,India,Maize,2000,18216,1083.0,44957.52,26.49,1821.6,28688.67,0.0,1172889.0,701.7200999999999,41.47372693726937
12292,India,Maize,2000,18216,1083.0,44957.52,27.23,1821.6,29490.09,0.0,1172889.0,741.4729,41.47372693726937
12293,India,Maize,2000,18216,1083.0,44957.52,25.62,1821.6,27746.460000000003,0.0,1172889.0,656.3844,41.47372693726937
12294,India,Maize,2000,18216,1083.0,44957.52,26.43,1821.6,28623.69,0.0,1172889.0,698.5449,41.47372693726937
12295,India,Maize,2000,18216,1083.0,44957.52,25.35,1821.6,27454.050000000003,0.0,1172889.0,642.6225000000001,41.47372693726937
12296,India,Maize,2000,18216,1083.0,44957.52,24.57,1821.6,26609.31,0.0,1172889.0,603.6849,41.47372693726937
12297,India,Maize,2000,18216,1083.0,44957.52,26.18,1821.6,28352.94,0.0,1172889.0,685.3924,41.47372693726937
12298,India,Maize,2000,18216,1083.0,44957.52,26.05,1821.6,28212.15,0.0,1172889.0,678.6025000000001,41.47372693726937
12299,India,Maize,2000,18216,1083.0,44957.52,25.58,1821.6,27703.14,0.0,1172889.0,654.3363999999999,41.47372693726937
12300,India,Maize,2000,18216,1083.0,44957.52,25.11,1821.6,27194.13,0.0,1172889.0,630.5120999999999,41.47372693726937
12301,India,Maize,2000,18216,1083.0,44957.52,27.08,1821.6,29327.64,0.0,1172889.0,733.3263999999999,41.47372693726937
12302,India,Maize,2000,18216,1083.0,44957.52,24.69,1821.6,26739.27,0.0,1172889.0,609.5961000000001,41.47372693726937
12303,India,Maize,2000,18216,1083.0,44957.52,27.03,1821.6,29273.49,0.0,1172889.0,730.6209,41.47372693726937
12304,India,Maize,2000,18216,1083.0,44957.52,27.03,1821.6,29273.49,0.0,1172889.0,730.6209,41.47372693726937
12305,India,Maize,2000,18216,1083.0,44957.52,25.93,1821.6,28082.19,0.0,1172889.0,672.3649,41.47372693726937
12306,India,Potatoes,2000,186443,1083.0,44957.52,25.98,18644.3,28136.34,0.0,1172889.0,674.9604,41.47372693726937
12307,India,Potatoes,2000,186443,1083.0,44957.52,27.44,18644.3,29717.52,0.0,1172889.0,752.9536,41.47372693726937
12308,India,Potatoes,2000,186443,1083.0,44957.52,26.13,18644.3,28298.789999999997,0.0,1172889.0,682.7769,41.47372693726937
12309,India,Potatoes,2000,186443,1083.0,44957.52,24.57,18644.3,26609.31,0.0,1172889.0,603.6849,41.47372693726937
12310,India,Potatoes,2000,186443,1083.0,44957.52,25.34,18644.3,27443.22,0.0,1172889.0,642.1156,41.47372693726937
12311,India,Potatoes,2000,186443,1083.0,44957.52,25.93,18644.3,28082.19,0.0,1172889.0,672.3649,41.47372693726937
12312,India,Potatoes,2000,186443,1083.0,44957.52,26.05,18644.3,28212.15,0.0,1172889.0,678.6025000000001,41.47372693726937
12313,India,Potatoes,2000,186443,1083.0,44957.52,26.49,18644.3,28688.67,0.0,1172889.0,701.7200999999999,41.47372693726937
12314,India,Potatoes,2000,186443,1083.0,44957.52,27.23,18644.3,29490.09,0.0,1172889.0,741.4729,41.47372693726937
12315,India,Potatoes,2000,186443,1083.0,44957.52,25.62,18644.3,27746.460000000003,0.0,1172889.0,656.3844,41.47372693726937
12316,India,Potatoes,2000,186443,1083.0,44957.52,26.43,18644.3,28623.69,0.0,1172889.0,698.5449,41.47372693726937
12317,India,Potatoes,2000,186443,1083.0,44957.52,25.35,18644.3,27454.050000000003,0.0,1172889.0,642.6225000000001,41.47372693726937
12318,India,Potatoes,2000,186443,1083.0,44957.52,24.57,18644.3,26609.31,0.0,1172889.0,603.6849,41.47372693726937
12319,India,Potatoes,2000,186443,1083.0,44957.52,26.18,18644.3,28352.94,0.0,1172889.0,685.3924,41.47372693726937
12320,India,Potatoes,2000,186443,1083.0,44957.52,26.05,18644.3,28212.15,0.0,1172889.0,678.6025000000001,41.47372693726937
12321,India,Potatoes,2000,186443,1083.0,44957.52,25.58,18644.3,27703.14,0.0,1172889.0,654.3363999999999,41.47372693726937
12322,India,Potatoes,2000,186443,1083.0,44957.52,25.11,18644.3,27194.13,0.0,1172889.0,630.5120999999999,41.47372693726937
12323,India,Potatoes,2000,186443,1083.0,44957.52,27.08,18644.3,29327.64,0.0,1172889.0,733.3263999999999,41.47372693726937
12324,India,Potatoes,2000,186443,1083.0,44957.52,24.69,18644.3,26739.27,0.0,1172889.0,609.5961000000001,41.47372693726937
12325,India,Potatoes,2000,186443,1083.0,44957.52,27.03,18644.3,29273.49,0.0,1172889.0,730.6209,41.47372693726937
12326,India,Potatoes,2000,186443,1083.0,44957.52,27.03,18644.3,29273.49,0.0,1172889.0,730.6209,41.47372693726937
12327,India,Potatoes,2000,186443,1083.0,44957.52,25.93,18644.3,28082.19,0.0,1172889.0,672.3649,41.47372693726937
12328,India,"Rice, paddy",2000,28508,1083.0,44957.52,25.98,2850.8,28136.34,0.0,1172889.0,674.9604,41.47372693726937
12329,India,"Rice, paddy",2000,28508,1083.0,44957.52,27.44,2850.8,29717.52,0.0,1172889.0,752.9536,41.47372693726937
12330,India,"Rice, paddy",2000,28508,1083.0,44957.52,26.13,2850.8,28298.789999999997,0.0,1172889.0,682.7769,41.47372693726937
12331,India,"Rice, paddy",2000,28508,1083.0,44957.52,24.57,2850.8,26609.31,0.0,1172889.0,603.6849,41.47372693726937
12332,India,"Rice, paddy",2000,28508,1083.0,44957.52,25.34,2850.8,27443.22,0.0,1172889.0,642.1156,41.47372693726937
12333,India,"Rice, paddy",2000,28508,1083.0,44957.52,25.93,2850.8,28082.19,0.0,1172889.0,672.3649,41.47372693726937
12334,India,"Rice, paddy",2000,28508,1083.0,44957.52,26.05,2850.8,28212.15,0.0,1172889.0,678.6025000000001,41.47372693726937
12335,India,"Rice, paddy",2000,28508,1083.0,44957.52,26.49,2850.8,28688.67,0.0,1172889.0,701.7200999999999,41.47372693726937
12336,India,"Rice, paddy",2000,28508,1083.0,44957.52,27.23,2850.8,29490.09,0.0,1172889.0,741.4729,41.47372693726937
12337,India,"Rice, paddy",2000,28508,1083.0,44957.52,25.62,2850.8,27746.460000000003,0.0,1172889.0,656.3844,41.47372693726937
12338,India,"Rice, paddy",2000,28508,1083.0,44957.52,26.43,2850.8,28623.69,0.0,1172889.0,698.5449,41.47372693726937
12339,India,"Rice, paddy",2000,28508,1083.0,44957.52,25.35,2850.8,27454.050000000003,0.0,1172889.0,642.6225000000001,41.47372693726937
12340,India,"Rice, paddy",2000,28508,1083.0,44957.52,24.57,2850.8,26609.31,0.0,1172889.0,603.6849,41.47372693726937
12341,India,"Rice, paddy",2000,28508,1083.0,44957.52,26.18,2850.8,28352.94,0.0,1172889.0,685.3924,41.47372693726937
12342,India,"Rice, paddy",2000,28508,1083.0,44957.52,26.05,2850.8,28212.15,0.0,1172889.0,678.6025000000001,41.47372693726937
12343,India,"Rice, paddy",2000,28508,1083.0,44957.52,25.58,2850.8,27703.14,0.0,1172889.0,654.3363999999999,41.47372693726937
12344,India,"Rice, paddy",2000,28508,1083.0,44957.52,25.11,2850.8,27194.13,0.0,1172889.0,630.5120999999999,41.47372693726937
12345,India,"Rice, paddy",2000,28508,1083.0,44957.52,27.08,2850.8,29327.64,0.0,1172889.0,733.3263999999999,41.47372693726937
12346,India,"Rice, paddy",2000,28508,1083.0,44957.52,24.69,2850.8,26739.27,0.0,1172889.0,609.5961000000001,41.47372693726937
12347,India,"Rice, paddy",2000,28508,1083.0,44957.52,27.03,2850.8,29273.49,0.0,1172889.0,730.6209,41.47372693726937
12348,India,"Rice, paddy",2000,28508,1083.0,44957.52,27.03,2850.8,29273.49,0.0,1172889.0,730.6209,41.47372693726937
12349,India,"Rice, paddy",2000,28508,1083.0,44957.52,25.93,2850.8,28082.19,0.0,1172889.0,672.3649,41.47372693726937
12350,India,Sorghum,2000,7639,1083.0,44957.52,25.98,763.9,28136.34,0.0,1172889.0,674.9604,41.47372693726937
12351,India,Sorghum,2000,7639,1083.0,44957.52,27.44,763.9,29717.52,0.0,1172889.0,752.9536,41.47372693726937
12352,India,Sorghum,2000,7639,1083.0,44957.52,26.13,763.9,28298.789999999997,0.0,1172889.0,682.7769,41.47372693726937
12353,India,Sorghum,2000,7639,1083.0,44957.52,24.57,763.9,26609.31,0.0,1172889.0,603.6849,41.47372693726937
12354,India,Sorghum,2000,7639,1083.0,44957.52,25.34,763.9,27443.22,0.0,1172889.0,642.1156,41.47372693726937
12355,India,Sorghum,2000,7639,1083.0,44957.52,25.93,763.9,28082.19,0.0,1172889.0,672.3649,41.47372693726937
12356,India,Sorghum,2000,7639,1083.0,44957.52,26.05,763.9,28212.15,0.0,1172889.0,678.6025000000001,41.47372693726937
12357,India,Sorghum,2000,7639,1083.0,44957.52,26.49,763.9,28688.67,0.0,1172889.0,701.7200999999999,41.47372693726937
12358,India,Sorghum,2000,7639,1083.0,44957.52,27.23,763.9,29490.09,0.0,1172889.0,741.4729,41.47372693726937
12359,India,Sorghum,2000,7639,1083.0,44957.52,25.62,763.9,27746.460000000003,0.0,1172889.0,656.3844,41.47372693726937
12360,India,Sorghum,2000,7639,1083.0,44957.52,26.43,763.9,28623.69,0.0,1172889.0,698.5449,41.47372693726937
12361,India,Sorghum,2000,7639,1083.0,44957.52,25.35,763.9,27454.050000000003,0.0,1172889.0,642.6225000000001,41.47372693726937
12362,India,Sorghum,2000,7639,1083.0,44957.52,24.57,763.9,26609.31,0.0,1172889.0,603.6849,41.47372693726937
12363,India,Sorghum,2000,7639,1083.0,44957.52,26.18,763.9,28352.94,0.0,1172889.0,685.3924,41.47372693726937
12364,India,Sorghum,2000,7639,1083.0,44957.52,26.05,763.9,28212.15,0.0,1172889.0,678.6025000000001,41.47372693726937
12365,India,Sorghum,2000,7639,1083.0,44957.52,25.58,763.9,27703.14,0.0,1172889.0,654.3363999999999,41.47372693726937
12366,India,Sorghum,2000,7639,1083.0,44957.52,25.11,763.9,27194.13,0.0,1172889.0,630.5120999999999,41.47372693726937
12367,India,Sorghum,2000,7639,1083.0,44957.52,27.08,763.9,29327.64,0.0,1172889.0,733.3263999999999,41.47372693726937
12368,India,Sorghum,2000,7639,1083.0,44957.52,24.69,763.9,26739.27,0.0,1172889.0,609.5961000000001,41.47372693726937
12369,India,Sorghum,2000,7639,1083.0,44957.52,27.03,763.9,29273.49,0.0,1172889.0,730.6209,41.47372693726937
12370,India,Sorghum,2000,7639,1083.0,44957.52,27.03,763.9,29273.49,0.0,1172889.0,730.6209,41.47372693726937
12371,India,Sorghum,2000,7639,1083.0,44957.52,25.93,763.9,28082.19,0.0,1172889.0,672.3649,41.47372693726937
12372,India,Soybeans,2000,8222,1083.0,44957.52,25.98,822.2,28136.34,0.0,1172889.0,674.9604,41.47372693726937
12373,India,Soybeans,2000,8222,1083.0,44957.52,27.44,822.2,29717.52,0.0,1172889.0,752.9536,41.47372693726937
12374,India,Soybeans,2000,8222,1083.0,44957.52,26.13,822.2,28298.789999999997,0.0,1172889.0,682.7769,41.47372693726937
12375,India,Soybeans,2000,8222,1083.0,44957.52,24.57,822.2,26609.31,0.0,1172889.0,603.6849,41.47372693726937
12376,India,Soybeans,2000,8222,1083.0,44957.52,25.34,822.2,27443.22,0.0,1172889.0,642.1156,41.47372693726937
12377,India,Soybeans,2000,8222,1083.0,44957.52,25.93,822.2,28082.19,0.0,1172889.0,672.3649,41.47372693726937
12378,India,Soybeans,2000,8222,1083.0,44957.52,26.05,822.2,28212.15,0.0,1172889.0,678.6025000000001,41.47372693726937
12379,India,Soybeans,2000,8222,1083.0,44957.52,26.49,822.2,28688.67,0.0,1172889.0,701.7200999999999,41.47372693726937
12380,India,Soybeans,2000,8222,1083.0,44957.52,27.23,822.2,29490.09,0.0,1172889.0,741.4729,41.47372693726937
12381,India,Soybeans,2000,8222,1083.0,44957.52,25.62,822.2,27746.460000000003,0.0,1172889.0,656.3844,41.47372693726937
12382,India,Soybeans,2000,8222,1083.0,44957.52,26.43,822.2,28623.69,0.0,1172889.0,698.5449,41.47372693726937
12383,India,Soybeans,2000,8222,1083.0,44957.52,25.35,822.2,27454.050000000003,0.0,1172889.0,642.6225000000001,41.47372693726937
12384,India,Soybeans,2000,8222,1083.0,44957.52,24.57,822.2,26609.31,0.0,1172889.0,603.6849,41.47372693726937
12385,India,Soybeans,2000,8222,1083.0,44957.52,26.18,822.2,28352.94,0.0,1172889.0,685.3924,41.47372693726937
12386,India,Soybeans,2000,8222,1083.0,44957.52,26.05,822.2,28212.15,0.0,1172889.0,678.6025000000001,41.47372693726937
12387,India,Soybeans,2000,8222,1083.0,44957.52,25.58,822.2,27703.14,0.0,1172889.0,654.3363999999999,41.47372693726937
12388,India,Soybeans,2000,8222,1083.0,44957.52,25.11,822.2,27194.13,0.0,1172889.0,630.5120999999999,41.47372693726937
12389,India,Soybeans,2000,8222,1083.0,44957.52,27.08,822.2,29327.64,0.0,1172889.0,733.3263999999999,41.47372693726937
12390,India,Soybeans,2000,8222,1083.0,44957.52,24.69,822.2,26739.27,0.0,1172889.0,609.5961000000001,41.47372693726937
12391,India,Soybeans,2000,8222,1083.0,44957.52,27.03,822.2,29273.49,0.0,1172889.0,730.6209,41.47372693726937
12392,India,Soybeans,2000,8222,1083.0,44957.52,27.03,822.2,29273.49,0.0,1172889.0,730.6209,41.47372693726937
12393,India,Soybeans,2000,8222,1083.0,44957.52,25.93,822.2,28082.19,0.0,1172889.0,672.3649,41.47372693726937
12394,India,Sweet potatoes,2000,97421,1083.0,44957.52,25.98,9742.1,28136.34,0.0,1172889.0,674.9604,41.47372693726937
12395,India,Sweet potatoes,2000,97421,1083.0,44957.52,27.44,9742.1,29717.52,0.0,1172889.0,752.9536,41.47372693726937
12396,India,Sweet potatoes,2000,97421,1083.0,44957.52,26.13,9742.1,28298.789999999997,0.0,1172889.0,682.7769,41.47372693726937
12397,India,Sweet potatoes,2000,97421,1083.0,44957.52,24.57,9742.1,26609.31,0.0,1172889.0,603.6849,41.47372693726937
12398,India,Sweet potatoes,2000,97421,1083.0,44957.52,25.34,9742.1,27443.22,0.0,1172889.0,642.1156,41.47372693726937
12399,India,Sweet potatoes,2000,97421,1083.0,44957.52,25.93,9742.1,28082.19,0.0,1172889.0,672.3649,41.47372693726937
12400,India,Sweet potatoes,2000,97421,1083.0,44957.52,26.05,9742.1,28212.15,0.0,1172889.0,678.6025000000001,41.47372693726937
12401,India,Sweet potatoes,2000,97421,1083.0,44957.52,26.49,9742.1,28688.67,0.0,1172889.0,701.7200999999999,41.47372693726937
12402,India,Sweet potatoes,2000,97421,1083.0,44957.52,27.23,9742.1,29490.09,0.0,1172889.0,741.4729,41.47372693726937
12403,India,Sweet potatoes,2000,97421,1083.0,44957.52,25.62,9742.1,27746.460000000003,0.0,1172889.0,656.3844,41.47372693726937
12404,India,Sweet potatoes,2000,97421,1083.0,44957.52,26.43,9742.1,28623.69,0.0,1172889.0,698.5449,41.47372693726937
12405,India,Sweet potatoes,2000,97421,1083.0,44957.52,25.35,9742.1,27454.050000000003,0.0,1172889.0,642.6225000000001,41.47372693726937
12406,India,Sweet potatoes,2000,97421,1083.0,44957.52,24.57,9742.1,26609.31,0.0,1172889.0,603.6849,41.47372693726937
12407,India,Sweet potatoes,2000,97421,1083.0,44957.52,26.18,9742.1,28352.94,0.0,1172889.0,685.3924,41.47372693726937
12408,India,Sweet potatoes,2000,97421,1083.0,44957.52,26.05,9742.1,28212.15,0.0,1172889.0,678.6025000000001,41.47372693726937
12409,India,Sweet potatoes,2000,97421,1083.0,44957.52,25.58,9742.1,27703.14,0.0,1172889.0,654.3363999999999,41.47372693726937
12410,India,Sweet potatoes,2000,97421,1083.0,44957.52,25.11,9742.1,27194.13,0.0,1172889.0,630.5120999999999,41.47372693726937
12411,India,Sweet potatoes,2000,97421,1083.0,44957.52,27.08,9742.1,29327.64,0.0,1172889.0,733.3263999999999,41.47372693726937
12412,India,Sweet potatoes,2000,97421,1083.0,44957.52,24.69,9742.1,26739.27,0.0,1172889.0,609.5961000000001,41.47372693726937
12413,India,Sweet potatoes,2000,97421,1083.0,44957.52,27.03,9742.1,29273.49,0.0,1172889.0,730.6209,41.47372693726937
12414,India,Sweet potatoes,2000,97421,1083.0,44957.52,27.03,9742.1,29273.49,0.0,1172889.0,730.6209,41.47372693726937
12415,India,Sweet potatoes,2000,97421,1083.0,44957.52,25.93,9742.1,28082.19,0.0,1172889.0,672.3649,41.47372693726937
12416,India,Wheat,2000,27785,1083.0,44957.52,25.98,2778.5,28136.34,0.0,1172889.0,674.9604,41.47372693726937
12417,India,Wheat,2000,27785,1083.0,44957.52,27.44,2778.5,29717.52,0.0,1172889.0,752.9536,41.47372693726937
12418,India,Wheat,2000,27785,1083.0,44957.52,26.13,2778.5,28298.789999999997,0.0,1172889.0,682.7769,41.47372693726937
12419,India,Wheat,2000,27785,1083.0,44957.52,24.57,2778.5,26609.31,0.0,1172889.0,603.6849,41.47372693726937
12420,India,Wheat,2000,27785,1083.0,44957.52,25.34,2778.5,27443.22,0.0,1172889.0,642.1156,41.47372693726937
12421,India,Wheat,2000,27785,1083.0,44957.52,25.93,2778.5,28082.19,0.0,1172889.0,672.3649,41.47372693726937
12422,India,Wheat,2000,27785,1083.0,44957.52,26.05,2778.5,28212.15,0.0,1172889.0,678.6025000000001,41.47372693726937
12423,India,Wheat,2000,27785,1083.0,44957.52,26.49,2778.5,28688.67,0.0,1172889.0,701.7200999999999,41.47372693726937
12424,India,Wheat,2000,27785,1083.0,44957.52,27.23,2778.5,29490.09,0.0,1172889.0,741.4729,41.47372693726937
12425,India,Wheat,2000,27785,1083.0,44957.52,25.62,2778.5,27746.460000000003,0.0,1172889.0,656.3844,41.47372693726937
12426,India,Wheat,2000,27785,1083.0,44957.52,26.43,2778.5,28623.69,0.0,1172889.0,698.5449,41.47372693726937
12427,India,Wheat,2000,27785,1083.0,44957.52,25.35,2778.5,27454.050000000003,0.0,1172889.0,642.6225000000001,41.47372693726937
12428,India,Wheat,2000,27785,1083.0,44957.52,24.57,2778.5,26609.31,0.0,1172889.0,603.6849,41.47372693726937
12429,India,Wheat,2000,27785,1083.0,44957.52,26.18,2778.5,28352.94,0.0,1172889.0,685.3924,41.47372693726937
12430,India,Wheat,2000,27785,1083.0,44957.52,26.05,2778.5,28212.15,0.0,1172889.0,678.6025000000001,41.47372693726937
12431,India,Wheat,2000,27785,1083.0,44957.52,25.58,2778.5,27703.14,0.0,1172889.0,654.3363999999999,41.47372693726937
12432,India,Wheat,2000,27785,1083.0,44957.52,25.11,2778.5,27194.13,0.0,1172889.0,630.5120999999999,41.47372693726937
12433,India,Wheat,2000,27785,1083.0,44957.52,27.08,2778.5,29327.64,0.0,1172889.0,733.3263999999999,41.47372693726937
12434,India,Wheat,2000,27785,1083.0,44957.52,24.69,2778.5,26739.27,0.0,1172889.0,609.5961000000001,41.47372693726937
12435,India,Wheat,2000,27785,1083.0,44957.52,27.03,2778.5,29273.49,0.0,1172889.0,730.6209,41.47372693726937
12436,India,Wheat,2000,27785,1083.0,44957.52,27.03,2778.5,29273.49,0.0,1172889.0,730.6209,41.47372693726937
12437,India,Wheat,2000,27785,1083.0,44957.52,25.93,2778.5,28082.19,0.0,1172889.0,672.3649,41.47372693726937
12438,India,Cassava,2001,266998,1083.0,43720.04,25.76,26699.8,27898.08,0.0,1172889.0,663.5776000000001,40.33214022140221
12439,India,Cassava,2001,266998,1083.0,43720.04,27.2,26699.8,29457.6,0.0,1172889.0,739.8399999999999,40.33214022140221
12440,India,Cassava,2001,266998,1083.0,43720.04,26.02,26699.8,28179.66,0.0,1172889.0,677.0404,40.33214022140221
12441,India,Cassava,2001,266998,1083.0,43720.04,24.5,26699.8,26533.5,0.0,1172889.0,600.25,40.33214022140221
12442,India,Cassava,2001,266998,1083.0,43720.04,25.53,26699.8,27648.99,0.0,1172889.0,651.7809000000001,40.33214022140221
12443,India,Cassava,2001,266998,1083.0,43720.04,25.95,26699.8,28103.85,0.0,1172889.0,673.4024999999999,40.33214022140221
12444,India,Cassava,2001,266998,1083.0,43720.04,25.86,26699.8,28006.38,0.0,1172889.0,668.7396,40.33214022140221
12445,India,Cassava,2001,266998,1083.0,43720.04,26.52,26699.8,28721.16,0.0,1172889.0,703.3104,40.33214022140221
12446,India,Cassava,2001,266998,1083.0,43720.04,27.56,26699.8,29847.48,0.0,1172889.0,759.5536,40.33214022140221
12447,India,Cassava,2001,266998,1083.0,43720.04,25.59,26699.8,27713.97,0.0,1172889.0,654.8481,40.33214022140221
12448,India,Cassava,2001,266998,1083.0,43720.04,26.02,26699.8,28179.66,0.0,1172889.0,677.0404,40.33214022140221
12449,India,Cassava,2001,266998,1083.0,43720.04,25.33,26699.8,27432.39,0.0,1172889.0,641.6089,40.33214022140221
12450,India,Cassava,2001,266998,1083.0,43720.04,24.5,26699.8,26533.5,0.0,1172889.0,600.25,40.33214022140221
12451,India,Cassava,2001,266998,1083.0,43720.04,26.32,26699.8,28504.56,0.0,1172889.0,692.7424,40.33214022140221
12452,India,Cassava,2001,266998,1083.0,43720.04,25.86,26699.8,28006.38,0.0,1172889.0,668.7396,40.33214022140221
12453,India,Cassava,2001,266998,1083.0,43720.04,25.82,26699.8,27963.06,0.0,1172889.0,666.6724,40.33214022140221
12454,India,Cassava,2001,266998,1083.0,43720.04,25.34,26699.8,27443.22,0.0,1172889.0,642.1156,40.33214022140221
12455,India,Cassava,2001,266998,1083.0,43720.04,26.91,26699.8,29143.53,0.0,1172889.0,724.1481,40.33214022140221
12456,India,Cassava,2001,266998,1083.0,43720.04,24.76,26699.8,26815.08,0.0,1172889.0,613.0576000000001,40.33214022140221
12457,India,Cassava,2001,266998,1083.0,43720.04,26.9,26699.8,29132.699999999997,0.0,1172889.0,723.6099999999999,40.33214022140221
12458,India,Cassava,2001,266998,1083.0,43720.04,26.9,26699.8,29132.699999999997,0.0,1172889.0,723.6099999999999,40.33214022140221
12459,India,Cassava,2001,266998,1083.0,43720.04,25.92,26699.8,28071.36,0.0,1172889.0,671.8464000000001,40.33214022140221
12460,India,Maize,2001,19996,1083.0,43720.04,25.76,1999.6,27898.08,0.0,1172889.0,663.5776000000001,40.33214022140221
12461,India,Maize,2001,19996,1083.0,43720.04,27.2,1999.6,29457.6,0.0,1172889.0,739.8399999999999,40.33214022140221
12462,India,Maize,2001,19996,1083.0,43720.04,26.02,1999.6,28179.66,0.0,1172889.0,677.0404,40.33214022140221
12463,India,Maize,2001,19996,1083.0,43720.04,24.5,1999.6,26533.5,0.0,1172889.0,600.25,40.33214022140221
12464,India,Maize,2001,19996,1083.0,43720.04,25.53,1999.6,27648.99,0.0,1172889.0,651.7809000000001,40.33214022140221
12465,India,Maize,2001,19996,1083.0,43720.04,25.95,1999.6,28103.85,0.0,1172889.0,673.4024999999999,40.33214022140221
12466,India,Maize,2001,19996,1083.0,43720.04,25.86,1999.6,28006.38,0.0,1172889.0,668.7396,40.33214022140221
12467,India,Maize,2001,19996,1083.0,43720.04,26.52,1999.6,28721.16,0.0,1172889.0,703.3104,40.33214022140221
12468,India,Maize,2001,19996,1083.0,43720.04,27.56,1999.6,29847.48,0.0,1172889.0,759.5536,40.33214022140221
12469,India,Maize,2001,19996,1083.0,43720.04,25.59,1999.6,27713.97,0.0,1172889.0,654.8481,40.33214022140221
12470,India,Maize,2001,19996,1083.0,43720.04,26.02,1999.6,28179.66,0.0,1172889.0,677.0404,40.33214022140221
12471,India,Maize,2001,19996,1083.0,43720.04,25.33,1999.6,27432.39,0.0,1172889.0,641.6089,40.33214022140221
12472,India,Maize,2001,19996,1083.0,43720.04,24.5,1999.6,26533.5,0.0,1172889.0,600.25,40.33214022140221
12473,India,Maize,2001,19996,1083.0,43720.04,26.32,1999.6,28504.56,0.0,1172889.0,692.7424,40.33214022140221
12474,India,Maize,2001,19996,1083.0,43720.04,25.86,1999.6,28006.38,0.0,1172889.0,668.7396,40.33214022140221
12475,India,Maize,2001,19996,1083.0,43720.04,25.82,1999.6,27963.06,0.0,1172889.0,666.6724,40.33214022140221
12476,India,Maize,2001,19996,1083.0,43720.04,25.34,1999.6,27443.22,0.0,1172889.0,642.1156,40.33214022140221
12477,India,Maize,2001,19996,1083.0,43720.04,26.91,1999.6,29143.53,0.0,1172889.0,724.1481,40.33214022140221
12478,India,Maize,2001,19996,1083.0,43720.04,24.76,1999.6,26815.08,0.0,1172889.0,613.0576000000001,40.33214022140221
12479,India,Maize,2001,19996,1083.0,43720.04,26.9,1999.6,29132.699999999997,0.0,1172889.0,723.6099999999999,40.33214022140221
12480,India,Maize,2001,19996,1083.0,43720.04,26.9,1999.6,29132.699999999997,0.0,1172889.0,723.6099999999999,40.33214022140221
12481,India,Maize,2001,19996,1083.0,43720.04,25.92,1999.6,28071.36,0.0,1172889.0,671.8464000000001,40.33214022140221
12482,India,Potatoes,2001,183627,1083.0,43720.04,25.76,18362.7,27898.08,0.0,1172889.0,663.5776000000001,40.33214022140221
12483,India,Potatoes,2001,183627,1083.0,43720.04,27.2,18362.7,29457.6,0.0,1172889.0,739.8399999999999,40.33214022140221
12484,India,Potatoes,2001,183627,1083.0,43720.04,26.02,18362.7,28179.66,0.0,1172889.0,677.0404,40.33214022140221
12485,India,Potatoes,2001,183627,1083.0,43720.04,24.5,18362.7,26533.5,0.0,1172889.0,600.25,40.33214022140221
12486,India,Potatoes,2001,183627,1083.0,43720.04,25.53,18362.7,27648.99,0.0,1172889.0,651.7809000000001,40.33214022140221
12487,India,Potatoes,2001,183627,1083.0,43720.04,25.95,18362.7,28103.85,0.0,1172889.0,673.4024999999999,40.33214022140221
12488,India,Potatoes,2001,183627,1083.0,43720.04,25.86,18362.7,28006.38,0.0,1172889.0,668.7396,40.33214022140221
12489,India,Potatoes,2001,183627,1083.0,43720.04,26.52,18362.7,28721.16,0.0,1172889.0,703.3104,40.33214022140221
12490,India,Potatoes,2001,183627,1083.0,43720.04,27.56,18362.7,29847.48,0.0,1172889.0,759.5536,40.33214022140221
12491,India,Potatoes,2001,183627,1083.0,43720.04,25.59,18362.7,27713.97,0.0,1172889.0,654.8481,40.33214022140221
12492,India,Potatoes,2001,183627,1083.0,43720.04,26.02,18362.7,28179.66,0.0,1172889.0,677.0404,40.33214022140221
12493,India,Potatoes,2001,183627,1083.0,43720.04,25.33,18362.7,27432.39,0.0,1172889.0,641.6089,40.33214022140221
12494,India,Potatoes,2001,183627,1083.0,43720.04,24.5,18362.7,26533.5,0.0,1172889.0,600.25,40.33214022140221
12495,India,Potatoes,2001,183627,1083.0,43720.04,26.32,18362.7,28504.56,0.0,1172889.0,692.7424,40.33214022140221
12496,India,Potatoes,2001,183627,1083.0,43720.04,25.86,18362.7,28006.38,0.0,1172889.0,668.7396,40.33214022140221
12497,India,Potatoes,2001,183627,1083.0,43720.04,25.82,18362.7,27963.06,0.0,1172889.0,666.6724,40.33214022140221
12498,India,Potatoes,2001,183627,1083.0,43720.04,25.34,18362.7,27443.22,0.0,1172889.0,642.1156,40.33214022140221
12499,India,Potatoes,2001,183627,1083.0,43720.04,26.91,18362.7,29143.53,0.0,1172889.0,724.1481,40.33214022140221
12500,India,Potatoes,2001,183627,1083.0,43720.04,24.76,18362.7,26815.08,0.0,1172889.0,613.0576000000001,40.33214022140221
12501,India,Potatoes,2001,183627,1083.0,43720.04,26.9,18362.7,29132.699999999997,0.0,1172889.0,723.6099999999999,40.33214022140221
12502,India,Potatoes,2001,183627,1083.0,43720.04,26.9,18362.7,29132.699999999997,0.0,1172889.0,723.6099999999999,40.33214022140221
12503,India,Potatoes,2001,183627,1083.0,43720.04,25.92,18362.7,28071.36,0.0,1172889.0,671.8464000000001,40.33214022140221
12504,India,"Rice, paddy",2001,31158,1083.0,43720.04,25.76,3115.8,27898.08,0.0,1172889.0,663.5776000000001,40.33214022140221
12505,India,"Rice, paddy",2001,31158,1083.0,43720.04,27.2,3115.8,29457.6,0.0,1172889.0,739.8399999999999,40.33214022140221
12506,India,"Rice, paddy",2001,31158,1083.0,43720.04,26.02,3115.8,28179.66,0.0,1172889.0,677.0404,40.33214022140221
12507,India,"Rice, paddy",2001,31158,1083.0,43720.04,24.5,3115.8,26533.5,0.0,1172889.0,600.25,40.33214022140221
12508,India,"Rice, paddy",2001,31158,1083.0,43720.04,25.53,3115.8,27648.99,0.0,1172889.0,651.7809000000001,40.33214022140221
12509,India,"Rice, paddy",2001,31158,1083.0,43720.04,25.95,3115.8,28103.85,0.0,1172889.0,673.4024999999999,40.33214022140221
12510,India,"Rice, paddy",2001,31158,1083.0,43720.04,25.86,3115.8,28006.38,0.0,1172889.0,668.7396,40.33214022140221
12511,India,"Rice, paddy",2001,31158,1083.0,43720.04,26.52,3115.8,28721.16,0.0,1172889.0,703.3104,40.33214022140221
12512,India,"Rice, paddy",2001,31158,1083.0,43720.04,27.56,3115.8,29847.48,0.0,1172889.0,759.5536,40.33214022140221
12513,India,"Rice, paddy",2001,31158,1083.0,43720.04,25.59,3115.8,27713.97,0.0,1172889.0,654.8481,40.33214022140221
12514,India,"Rice, paddy",2001,31158,1083.0,43720.04,26.02,3115.8,28179.66,0.0,1172889.0,677.0404,40.33214022140221
12515,India,"Rice, paddy",2001,31158,1083.0,43720.04,25.33,3115.8,27432.39,0.0,1172889.0,641.6089,40.33214022140221
12516,India,"Rice, paddy",2001,31158,1083.0,43720.04,24.5,3115.8,26533.5,0.0,1172889.0,600.25,40.33214022140221
12517,India,"Rice, paddy",2001,31158,1083.0,43720.04,26.32,3115.8,28504.56,0.0,1172889.0,692.7424,40.33214022140221
12518,India,"Rice, paddy",2001,31158,1083.0,43720.04,25.86,3115.8,28006.38,0.0,1172889.0,668.7396,40.33214022140221
12519,India,"Rice, paddy",2001,31158,1083.0,43720.04,25.82,3115.8,27963.06,0.0,1172889.0,666.6724,40.33214022140221
12520,India,"Rice, paddy",2001,31158,1083.0,43720.04,25.34,3115.8,27443.22,0.0,1172889.0,642.1156,40.33214022140221
12521,India,"Rice, paddy",2001,31158,1083.0,43720.04,26.91,3115.8,29143.53,0.0,1172889.0,724.1481,40.33214022140221
12522,India,"Rice, paddy",2001,31158,1083.0,43720.04,24.76,3115.8,26815.08,0.0,1172889.0,613.0576000000001,40.33214022140221
12523,India,"Rice, paddy",2001,31158,1083.0,43720.04,26.9,3115.8,29132.699999999997,0.0,1172889.0,723.6099999999999,40.33214022140221
12524,India,"Rice, paddy",2001,31158,1083.0,43720.04,26.9,3115.8,29132.699999999997,0.0,1172889.0,723.6099999999999,40.33214022140221
12525,India,"Rice, paddy",2001,31158,1083.0,43720.04,25.92,3115.8,28071.36,0.0,1172889.0,671.8464000000001,40.33214022140221
12526,India,Sorghum,2001,7715,1083.0,43720.04,25.76,771.5,27898.08,0.0,1172889.0,663.5776000000001,40.33214022140221
12527,India,Sorghum,2001,7715,1083.0,43720.04,27.2,771.5,29457.6,0.0,1172889.0,739.8399999999999,40.33214022140221
12528,India,Sorghum,2001,7715,1083.0,43720.04,26.02,771.5,28179.66,0.0,1172889.0,677.0404,40.33214022140221
12529,India,Sorghum,2001,7715,1083.0,43720.04,24.5,771.5,26533.5,0.0,1172889.0,600.25,40.33214022140221
12530,India,Sorghum,2001,7715,1083.0,43720.04,25.53,771.5,27648.99,0.0,1172889.0,651.7809000000001,40.33214022140221
12531,India,Sorghum,2001,7715,1083.0,43720.04,25.95,771.5,28103.85,0.0,1172889.0,673.4024999999999,40.33214022140221
12532,India,Sorghum,2001,7715,1083.0,43720.04,25.86,771.5,28006.38,0.0,1172889.0,668.7396,40.33214022140221
12533,India,Sorghum,2001,7715,1083.0,43720.04,26.52,771.5,28721.16,0.0,1172889.0,703.3104,40.33214022140221
12534,India,Sorghum,2001,7715,1083.0,43720.04,27.56,771.5,29847.48,0.0,1172889.0,759.5536,40.33214022140221
12535,India,Sorghum,2001,7715,1083.0,43720.04,25.59,771.5,27713.97,0.0,1172889.0,654.8481,40.33214022140221
12536,India,Sorghum,2001,7715,1083.0,43720.04,26.02,771.5,28179.66,0.0,1172889.0,677.0404,40.33214022140221
12537,India,Sorghum,2001,7715,1083.0,43720.04,25.33,771.5,27432.39,0.0,1172889.0,641.6089,40.33214022140221
12538,India,Sorghum,2001,7715,1083.0,43720.04,24.5,771.5,26533.5,0.0,1172889.0,600.25,40.33214022140221
12539,India,Sorghum,2001,7715,1083.0,43720.04,26.32,771.5,28504.56,0.0,1172889.0,692.7424,40.33214022140221
12540,India,Sorghum,2001,7715,1083.0,43720.04,25.86,771.5,28006.38,0.0,1172889.0,668.7396,40.33214022140221
12541,India,Sorghum,2001,7715,1083.0,43720.04,25.82,771.5,27963.06,0.0,1172889.0,666.6724,40.33214022140221
12542,India,Sorghum,2001,7715,1083.0,43720.04,25.34,771.5,27443.22,0.0,1172889.0,642.1156,40.33214022140221
12543,India,Sorghum,2001,7715,1083.0,43720.04,26.91,771.5,29143.53,0.0,1172889.0,724.1481,40.33214022140221
12544,India,Sorghum,2001,7715,1083.0,43720.04,24.76,771.5,26815.08,0.0,1172889.0,613.0576000000001,40.33214022140221
12545,India,Sorghum,2001,7715,1083.0,43720.04,26.9,771.5,29132.699999999997,0.0,1172889.0,723.6099999999999,40.33214022140221
12546,India,Sorghum,2001,7715,1083.0,43720.04,26.9,771.5,29132.699999999997,0.0,1172889.0,723.6099999999999,40.33214022140221
12547,India,Sorghum,2001,7715,1083.0,43720.04,25.92,771.5,28071.36,0.0,1172889.0,671.8464000000001,40.33214022140221
12548,India,Soybeans,2001,9400,1083.0,43720.04,25.76,940.0,27898.08,0.0,1172889.0,663.5776000000001,40.33214022140221
12549,India,Soybeans,2001,9400,1083.0,43720.04,27.2,940.0,29457.6,0.0,1172889.0,739.8399999999999,40.33214022140221
12550,India,Soybeans,2001,9400,1083.0,43720.04,26.02,940.0,28179.66,0.0,1172889.0,677.0404,40.33214022140221
12551,India,Soybeans,2001,9400,1083.0,43720.04,24.5,940.0,26533.5,0.0,1172889.0,600.25,40.33214022140221
12552,India,Soybeans,2001,9400,1083.0,43720.04,25.53,940.0,27648.99,0.0,1172889.0,651.7809000000001,40.33214022140221
12553,India,Soybeans,2001,9400,1083.0,43720.04,25.95,940.0,28103.85,0.0,1172889.0,673.4024999999999,40.33214022140221
12554,India,Soybeans,2001,9400,1083.0,43720.04,25.86,940.0,28006.38,0.0,1172889.0,668.7396,40.33214022140221
12555,India,Soybeans,2001,9400,1083.0,43720.04,26.52,940.0,28721.16,0.0,1172889.0,703.3104,40.33214022140221
12556,India,Soybeans,2001,9400,1083.0,43720.04,27.56,940.0,29847.48,0.0,1172889.0,759.5536,40.33214022140221
12557,India,Soybeans,2001,9400,1083.0,43720.04,25.59,940.0,27713.97,0.0,1172889.0,654.8481,40.33214022140221
12558,India,Soybeans,2001,9400,1083.0,43720.04,26.02,940.0,28179.66,0.0,1172889.0,677.0404,40.33214022140221
12559,India,Soybeans,2001,9400,1083.0,43720.04,25.33,940.0,27432.39,0.0,1172889.0,641.6089,40.33214022140221
12560,India,Soybeans,2001,9400,1083.0,43720.04,24.5,940.0,26533.5,0.0,1172889.0,600.25,40.33214022140221
12561,India,Soybeans,2001,9400,1083.0,43720.04,26.32,940.0,28504.56,0.0,1172889.0,692.7424,40.33214022140221
12562,India,Soybeans,2001,9400,1083.0,43720.04,25.86,940.0,28006.38,0.0,1172889.0,668.7396,40.33214022140221
12563,India,Soybeans,2001,9400,1083.0,43720.04,25.82,940.0,27963.06,0.0,1172889.0,666.6724,40.33214022140221
12564,India,Soybeans,2001,9400,1083.0,43720.04,25.34,940.0,27443.22,0.0,1172889.0,642.1156,40.33214022140221
12565,India,Soybeans,2001,9400,1083.0,43720.04,26.91,940.0,29143.53,0.0,1172889.0,724.1481,40.33214022140221
12566,India,Soybeans,2001,9400,1083.0,43720.04,24.76,940.0,26815.08,0.0,1172889.0,613.0576000000001,40.33214022140221
12567,India,Soybeans,2001,9400,1083.0,43720.04,26.9,940.0,29132.699999999997,0.0,1172889.0,723.6099999999999,40.33214022140221
12568,India,Soybeans,2001,9400,1083.0,43720.04,26.9,940.0,29132.699999999997,0.0,1172889.0,723.6099999999999,40.33214022140221
12569,India,Soybeans,2001,9400,1083.0,43720.04,25.92,940.0,28071.36,0.0,1172889.0,671.8464000000001,40.33214022140221
12570,India,Sweet potatoes,2001,88368,1083.0,43720.04,25.76,8836.8,27898.08,0.0,1172889.0,663.5776000000001,40.33214022140221
12571,India,Sweet potatoes,2001,88368,1083.0,43720.04,27.2,8836.8,29457.6,0.0,1172889.0,739.8399999999999,40.33214022140221
12572,India,Sweet potatoes,2001,88368,1083.0,43720.04,26.02,8836.8,28179.66,0.0,1172889.0,677.0404,40.33214022140221
12573,India,Sweet potatoes,2001,88368,1083.0,43720.04,24.5,8836.8,26533.5,0.0,1172889.0,600.25,40.33214022140221
12574,India,Sweet potatoes,2001,88368,1083.0,43720.04,25.53,8836.8,27648.99,0.0,1172889.0,651.7809000000001,40.33214022140221
12575,India,Sweet potatoes,2001,88368,1083.0,43720.04,25.95,8836.8,28103.85,0.0,1172889.0,673.4024999999999,40.33214022140221
12576,India,Sweet potatoes,2001,88368,1083.0,43720.04,25.86,8836.8,28006.38,0.0,1172889.0,668.7396,40.33214022140221
12577,India,Sweet potatoes,2001,88368,1083.0,43720.04,26.52,8836.8,28721.16,0.0,1172889.0,703.3104,40.33214022140221
12578,India,Sweet potatoes,2001,88368,1083.0,43720.04,27.56,8836.8,29847.48,0.0,1172889.0,759.5536,40.33214022140221
12579,India,Sweet potatoes,2001,88368,1083.0,43720.04,25.59,8836.8,27713.97,0.0,1172889.0,654.8481,40.33214022140221
12580,India,Sweet potatoes,2001,88368,1083.0,43720.04,26.02,8836.8,28179.66,0.0,1172889.0,677.0404,40.33214022140221
12581,India,Sweet potatoes,2001,88368,1083.0,43720.04,25.33,8836.8,27432.39,0.0,1172889.0,641.6089,40.33214022140221
12582,India,Sweet potatoes,2001,88368,1083.0,43720.04,24.5,8836.8,26533.5,0.0,1172889.0,600.25,40.33214022140221
12583,India,Sweet potatoes,2001,88368,1083.0,43720.04,26.32,8836.8,28504.56,0.0,1172889.0,692.7424,40.33214022140221
12584,India,Sweet potatoes,2001,88368,1083.0,43720.04,25.86,8836.8,28006.38,0.0,1172889.0,668.7396,40.33214022140221
12585,India,Sweet potatoes,2001,88368,1083.0,43720.04,25.82,8836.8,27963.06,0.0,1172889.0,666.6724,40.33214022140221
12586,India,Sweet potatoes,2001,88368,1083.0,43720.04,25.34,8836.8,27443.22,0.0,1172889.0,642.1156,40.33214022140221
12587,India,Sweet potatoes,2001,88368,1083.0,43720.04,26.91,8836.8,29143.53,0.0,1172889.0,724.1481,40.33214022140221
12588,India,Sweet potatoes,2001,88368,1083.0,43720.04,24.76,8836.8,26815.08,0.0,1172889.0,613.0576000000001,40.33214022140221
12589,India,Sweet potatoes,2001,88368,1083.0,43720.04,26.9,8836.8,29132.699999999997,0.0,1172889.0,723.6099999999999,40.33214022140221
12590,India,Sweet potatoes,2001,88368,1083.0,43720.04,26.9,8836.8,29132.699999999997,0.0,1172889.0,723.6099999999999,40.33214022140221
12591,India,Sweet potatoes,2001,88368,1083.0,43720.04,25.92,8836.8,28071.36,0.0,1172889.0,671.8464000000001,40.33214022140221
12592,India,Wheat,2001,27081,1083.0,43720.04,25.76,2708.1,27898.08,0.0,1172889.0,663.5776000000001,40.33214022140221
12593,India,Wheat,2001,27081,1083.0,43720.04,27.2,2708.1,29457.6,0.0,1172889.0,739.8399999999999,40.33214022140221
12594,India,Wheat,2001,27081,1083.0,43720.04,26.02,2708.1,28179.66,0.0,1172889.0,677.0404,40.33214022140221
12595,India,Wheat,2001,27081,1083.0,43720.04,24.5,2708.1,26533.5,0.0,1172889.0,600.25,40.33214022140221
12596,India,Wheat,2001,27081,1083.0,43720.04,25.53,2708.1,27648.99,0.0,1172889.0,651.7809000000001,40.33214022140221
12597,India,Wheat,2001,27081,1083.0,43720.04,25.95,2708.1,28103.85,0.0,1172889.0,673.4024999999999,40.33214022140221
12598,India,Wheat,2001,27081,1083.0,43720.04,25.86,2708.1,28006.38,0.0,1172889.0,668.7396,40.33214022140221
12599,India,Wheat,2001,27081,1083.0,43720.04,26.52,2708.1,28721.16,0.0,1172889.0,703.3104,40.33214022140221
12600,India,Wheat,2001,27081,1083.0,43720.04,27.56,2708.1,29847.48,0.0,1172889.0,759.5536,40.33214022140221
12601,India,Wheat,2001,27081,1083.0,43720.04,25.59,2708.1,27713.97,0.0,1172889.0,654.8481,40.33214022140221
12602,India,Wheat,2001,27081,1083.0,43720.04,26.02,2708.1,28179.66,0.0,1172889.0,677.0404,40.33214022140221
12603,India,Wheat,2001,27081,1083.0,43720.04,25.33,2708.1,27432.39,0.0,1172889.0,641.6089,40.33214022140221
12604,India,Wheat,2001,27081,1083.0,43720.04,24.5,2708.1,26533.5,0.0,1172889.0,600.25,40.33214022140221
12605,India,Wheat,2001,27081,1083.0,43720.04,26.32,2708.1,28504.56,0.0,1172889.0,692.7424,40.33214022140221
12606,India,Wheat,2001,27081,1083.0,43720.04,25.86,2708.1,28006.38,0.0,1172889.0,668.7396,40.33214022140221
12607,India,Wheat,2001,27081,1083.0,43720.04,25.82,2708.1,27963.06,0.0,1172889.0,666.6724,40.33214022140221
12608,India,Wheat,2001,27081,1083.0,43720.04,25.34,2708.1,27443.22,0.0,1172889.0,642.1156,40.33214022140221
12609,India,Wheat,2001,27081,1083.0,43720.04,26.91,2708.1,29143.53,0.0,1172889.0,724.1481,40.33214022140221
12610,India,Wheat,2001,27081,1083.0,43720.04,24.76,2708.1,26815.08,0.0,1172889.0,613.0576000000001,40.33214022140221
12611,India,Wheat,2001,27081,1083.0,43720.04,26.9,2708.1,29132.699999999997,0.0,1172889.0,723.6099999999999,40.33214022140221
12612,India,Wheat,2001,27081,1083.0,43720.04,26.9,2708.1,29132.699999999997,0.0,1172889.0,723.6099999999999,40.33214022140221
12613,India,Wheat,2001,27081,1083.0,43720.04,25.92,2708.1,28071.36,0.0,1172889.0,671.8464000000001,40.33214022140221
12614,India,Cassava,2002,272746,1083.0,42482.56,26.66,27274.6,28872.78,0.0,1172889.0,710.7556,39.19055350553505
12615,India,Cassava,2002,272746,1083.0,42482.56,27.72,27274.6,30020.76,0.0,1172889.0,768.3983999999999,39.19055350553505
12616,India,Cassava,2002,272746,1083.0,42482.56,26.79,27274.6,29013.57,0.0,1172889.0,717.7040999999999,39.19055350553505
12617,India,Cassava,2002,272746,1083.0,42482.56,24.91,27274.6,26977.53,0.0,1172889.0,620.5081,39.19055350553505
12618,India,Cassava,2002,272746,1083.0,42482.56,25.76,27274.6,27898.08,0.0,1172889.0,663.5776000000001,39.19055350553505
12619,India,Cassava,2002,272746,1083.0,42482.56,26.55,27274.6,28753.65,0.0,1172889.0,704.9025,39.19055350553505
12620,India,Cassava,2002,272746,1083.0,42482.56,26.63,27274.6,28840.289999999997,0.0,1172889.0,709.1569,39.19055350553505
12621,India,Cassava,2002,272746,1083.0,42482.56,26.7,27274.6,28916.1,0.0,1172889.0,712.89,39.19055350553505
12622,India,Cassava,2002,272746,1083.0,42482.56,27.67,27274.6,29966.61,0.0,1172889.0,765.6289,39.19055350553505
12623,India,Cassava,2002,272746,1083.0,42482.56,26.15,27274.6,28320.449999999997,0.0,1172889.0,683.8224999999999,39.19055350553505
12624,India,Cassava,2002,272746,1083.0,42482.56,27.03,27274.6,29273.49,0.0,1172889.0,730.6209,39.19055350553505
12625,India,Cassava,2002,272746,1083.0,42482.56,26.12,27274.6,28287.960000000003,0.0,1172889.0,682.2544,39.19055350553505
12626,India,Cassava,2002,272746,1083.0,42482.56,24.91,27274.6,26977.53,0.0,1172889.0,620.5081,39.19055350553505
12627,India,Cassava,2002,272746,1083.0,42482.56,26.75,27274.6,28970.25,0.0,1172889.0,715.5625,39.19055350553505
12628,India,Cassava,2002,272746,1083.0,42482.56,26.63,27274.6,28840.289999999997,0.0,1172889.0,709.1569,39.19055350553505
12629,India,Cassava,2002,272746,1083.0,42482.56,26.06,27274.6,28222.98,0.0,1172889.0,679.1235999999999,39.19055350553505
12630,India,Cassava,2002,272746,1083.0,42482.56,25.58,27274.6,27703.14,0.0,1172889.0,654.3363999999999,39.19055350553505
12631,India,Cassava,2002,272746,1083.0,42482.56,27.15,27274.6,29403.449999999997,0.0,1172889.0,737.1225,39.19055350553505
12632,India,Cassava,2002,272746,1083.0,42482.56,25.07,27274.6,27150.81,0.0,1172889.0,628.5049,39.19055350553505
12633,India,Cassava,2002,272746,1083.0,42482.56,27.35,27274.6,29620.050000000003,0.0,1172889.0,748.0225,39.19055350553505
12634,India,Cassava,2002,272746,1083.0,42482.56,27.35,27274.6,29620.050000000003,0.0,1172889.0,748.0225,39.19055350553505
12635,India,Cassava,2002,272746,1083.0,42482.56,26.49,27274.6,28688.67,0.0,1172889.0,701.7200999999999,39.19055350553505
12636,India,Maize,2002,16807,1083.0,42482.56,26.66,1680.7,28872.78,0.0,1172889.0,710.7556,39.19055350553505
12637,India,Maize,2002,16807,1083.0,42482.56,27.72,1680.7,30020.76,0.0,1172889.0,768.3983999999999,39.19055350553505
12638,India,Maize,2002,16807,1083.0,42482.56,26.79,1680.7,29013.57,0.0,1172889.0,717.7040999999999,39.19055350553505
12639,India,Maize,2002,16807,1083.0,42482.56,24.91,1680.7,26977.53,0.0,1172889.0,620.5081,39.19055350553505
12640,India,Maize,2002,16807,1083.0,42482.56,25.76,1680.7,27898.08,0.0,1172889.0,663.5776000000001,39.19055350553505
12641,India,Maize,2002,16807,1083.0,42482.56,26.55,1680.7,28753.65,0.0,1172889.0,704.9025,39.19055350553505
12642,India,Maize,2002,16807,1083.0,42482.56,26.63,1680.7,28840.289999999997,0.0,1172889.0,709.1569,39.19055350553505
12643,India,Maize,2002,16807,1083.0,42482.56,26.7,1680.7,28916.1,0.0,1172889.0,712.89,39.19055350553505
12644,India,Maize,2002,16807,1083.0,42482.56,27.67,1680.7,29966.61,0.0,1172889.0,765.6289,39.19055350553505
12645,India,Maize,2002,16807,1083.0,42482.56,26.15,1680.7,28320.449999999997,0.0,1172889.0,683.8224999999999,39.19055350553505
12646,India,Maize,2002,16807,1083.0,42482.56,27.03,1680.7,29273.49,0.0,1172889.0,730.6209,39.19055350553505
12647,India,Maize,2002,16807,1083.0,42482.56,26.12,1680.7,28287.960000000003,0.0,1172889.0,682.2544,39.19055350553505
12648,India,Maize,2002,16807,1083.0,42482.56,24.91,1680.7,26977.53,0.0,1172889.0,620.5081,39.19055350553505
12649,India,Maize,2002,16807,1083.0,42482.56,26.75,1680.7,28970.25,0.0,1172889.0,715.5625,39.19055350553505
12650,India,Maize,2002,16807,1083.0,42482.56,26.63,1680.7,28840.289999999997,0.0,1172889.0,709.1569,39.19055350553505
12651,India,Maize,2002,16807,1083.0,42482.56,26.06,1680.7,28222.98,0.0,1172889.0,679.1235999999999,39.19055350553505
12652,India,Maize,2002,16807,1083.0,42482.56,25.58,1680.7,27703.14,0.0,1172889.0,654.3363999999999,39.19055350553505
12653,India,Maize,2002,16807,1083.0,42482.56,27.15,1680.7,29403.449999999997,0.0,1172889.0,737.1225,39.19055350553505
12654,India,Maize,2002,16807,1083.0,42482.56,25.07,1680.7,27150.81,0.0,1172889.0,628.5049,39.19055350553505
12655,India,Maize,2002,16807,1083.0,42482.56,27.35,1680.7,29620.050000000003,0.0,1172889.0,748.0225,39.19055350553505
12656,India,Maize,2002,16807,1083.0,42482.56,27.35,1680.7,29620.050000000003,0.0,1172889.0,748.0225,39.19055350553505
12657,India,Maize,2002,16807,1083.0,42482.56,26.49,1680.7,28688.67,0.0,1172889.0,701.7200999999999,39.19055350553505
12658,India,Potatoes,2002,194173,1083.0,42482.56,26.66,19417.3,28872.78,0.0,1172889.0,710.7556,39.19055350553505
12659,India,Potatoes,2002,194173,1083.0,42482.56,27.72,19417.3,30020.76,0.0,1172889.0,768.3983999999999,39.19055350553505
12660,India,Potatoes,2002,194173,1083.0,42482.56,26.79,19417.3,29013.57,0.0,1172889.0,717.7040999999999,39.19055350553505
12661,India,Potatoes,2002,194173,1083.0,42482.56,24.91,19417.3,26977.53,0.0,1172889.0,620.5081,39.19055350553505
12662,India,Potatoes,2002,194173,1083.0,42482.56,25.76,19417.3,27898.08,0.0,1172889.0,663.5776000000001,39.19055350553505
12663,India,Potatoes,2002,194173,1083.0,42482.56,26.55,19417.3,28753.65,0.0,1172889.0,704.9025,39.19055350553505
12664,India,Potatoes,2002,194173,1083.0,42482.56,26.63,19417.3,28840.289999999997,0.0,1172889.0,709.1569,39.19055350553505
12665,India,Potatoes,2002,194173,1083.0,42482.56,26.7,19417.3,28916.1,0.0,1172889.0,712.89,39.19055350553505
12666,India,Potatoes,2002,194173,1083.0,42482.56,27.67,19417.3,29966.61,0.0,1172889.0,765.6289,39.19055350553505
12667,India,Potatoes,2002,194173,1083.0,42482.56,26.15,19417.3,28320.449999999997,0.0,1172889.0,683.8224999999999,39.19055350553505
12668,India,Potatoes,2002,194173,1083.0,42482.56,27.03,19417.3,29273.49,0.0,1172889.0,730.6209,39.19055350553505
12669,India,Potatoes,2002,194173,1083.0,42482.56,26.12,19417.3,28287.960000000003,0.0,1172889.0,682.2544,39.19055350553505
12670,India,Potatoes,2002,194173,1083.0,42482.56,24.91,19417.3,26977.53,0.0,1172889.0,620.5081,39.19055350553505
12671,India,Potatoes,2002,194173,1083.0,42482.56,26.75,19417.3,28970.25,0.0,1172889.0,715.5625,39.19055350553505
12672,India,Potatoes,2002,194173,1083.0,42482.56,26.63,19417.3,28840.289999999997,0.0,1172889.0,709.1569,39.19055350553505
12673,India,Potatoes,2002,194173,1083.0,42482.56,26.06,19417.3,28222.98,0.0,1172889.0,679.1235999999999,39.19055350553505
12674,India,Potatoes,2002,194173,1083.0,42482.56,25.58,19417.3,27703.14,0.0,1172889.0,654.3363999999999,39.19055350553505
12675,India,Potatoes,2002,194173,1083.0,42482.56,27.15,19417.3,29403.449999999997,0.0,1172889.0,737.1225,39.19055350553505
12676,India,Potatoes,2002,194173,1083.0,42482.56,25.07,19417.3,27150.81,0.0,1172889.0,628.5049,39.19055350553505
12677,India,Potatoes,2002,194173,1083.0,42482.56,27.35,19417.3,29620.050000000003,0.0,1172889.0,748.0225,39.19055350553505
12678,India,Potatoes,2002,194173,1083.0,42482.56,27.35,19417.3,29620.050000000003,0.0,1172889.0,748.0225,39.19055350553505
12679,India,Potatoes,2002,194173,1083.0,42482.56,26.49,19417.3,28688.67,0.0,1172889.0,701.7200999999999,39.19055350553505
12680,India,"Rice, paddy",2002,26163,1083.0,42482.56,26.66,2616.3,28872.78,0.0,1172889.0,710.7556,39.19055350553505
12681,India,"Rice, paddy",2002,26163,1083.0,42482.56,27.72,2616.3,30020.76,0.0,1172889.0,768.3983999999999,39.19055350553505
12682,India,"Rice, paddy",2002,26163,1083.0,42482.56,26.79,2616.3,29013.57,0.0,1172889.0,717.7040999999999,39.19055350553505
12683,India,"Rice, paddy",2002,26163,1083.0,42482.56,24.91,2616.3,26977.53,0.0,1172889.0,620.5081,39.19055350553505
12684,India,"Rice, paddy",2002,26163,1083.0,42482.56,25.76,2616.3,27898.08,0.0,1172889.0,663.5776000000001,39.19055350553505
12685,India,"Rice, paddy",2002,26163,1083.0,42482.56,26.55,2616.3,28753.65,0.0,1172889.0,704.9025,39.19055350553505
12686,India,"Rice, paddy",2002,26163,1083.0,42482.56,26.63,2616.3,28840.289999999997,0.0,1172889.0,709.1569,39.19055350553505
12687,India,"Rice, paddy",2002,26163,1083.0,42482.56,26.7,2616.3,28916.1,0.0,1172889.0,712.89,39.19055350553505
12688,India,"Rice, paddy",2002,26163,1083.0,42482.56,27.67,2616.3,29966.61,0.0,1172889.0,765.6289,39.19055350553505
12689,India,"Rice, paddy",2002,26163,1083.0,42482.56,26.15,2616.3,28320.449999999997,0.0,1172889.0,683.8224999999999,39.19055350553505
12690,India,"Rice, paddy",2002,26163,1083.0,42482.56,27.03,2616.3,29273.49,0.0,1172889.0,730.6209,39.19055350553505
12691,India,"Rice, paddy",2002,26163,1083.0,42482.56,26.12,2616.3,28287.960000000003,0.0,1172889.0,682.2544,39.19055350553505
12692,India,"Rice, paddy",2002,26163,1083.0,42482.56,24.91,2616.3,26977.53,0.0,1172889.0,620.5081,39.19055350553505
12693,India,"Rice, paddy",2002,26163,1083.0,42482.56,26.75,2616.3,28970.25,0.0,1172889.0,715.5625,39.19055350553505
12694,India,"Rice, paddy",2002,26163,1083.0,42482.56,26.63,2616.3,28840.289999999997,0.0,1172889.0,709.1569,39.19055350553505
12695,India,"Rice, paddy",2002,26163,1083.0,42482.56,26.06,2616.3,28222.98,0.0,1172889.0,679.1235999999999,39.19055350553505
12696,India,"Rice, paddy",2002,26163,1083.0,42482.56,25.58,2616.3,27703.14,0.0,1172889.0,654.3363999999999,39.19055350553505
12697,India,"Rice, paddy",2002,26163,1083.0,42482.56,27.15,2616.3,29403.449999999997,0.0,1172889.0,737.1225,39.19055350553505
12698,India,"Rice, paddy",2002,26163,1083.0,42482.56,25.07,2616.3,27150.81,0.0,1172889.0,628.5049,39.19055350553505
12699,India,"Rice, paddy",2002,26163,1083.0,42482.56,27.35,2616.3,29620.050000000003,0.0,1172889.0,748.0225,39.19055350553505
12700,India,"Rice, paddy",2002,26163,1083.0,42482.56,27.35,2616.3,29620.050000000003,0.0,1172889.0,748.0225,39.19055350553505
12701,India,"Rice, paddy",2002,26163,1083.0,42482.56,26.49,2616.3,28688.67,0.0,1172889.0,701.7200999999999,39.19055350553505
12702,India,Sorghum,2002,7602,1083.0,42482.56,26.66,760.2,28872.78,0.0,1172889.0,710.7556,39.19055350553505
12703,India,Sorghum,2002,7602,1083.0,42482.56,27.72,760.2,30020.76,0.0,1172889.0,768.3983999999999,39.19055350553505
12704,India,Sorghum,2002,7602,1083.0,42482.56,26.79,760.2,29013.57,0.0,1172889.0,717.7040999999999,39.19055350553505
12705,India,Sorghum,2002,7602,1083.0,42482.56,24.91,760.2,26977.53,0.0,1172889.0,620.5081,39.19055350553505
12706,India,Sorghum,2002,7602,1083.0,42482.56,25.76,760.2,27898.08,0.0,1172889.0,663.5776000000001,39.19055350553505
12707,India,Sorghum,2002,7602,1083.0,42482.56,26.55,760.2,28753.65,0.0,1172889.0,704.9025,39.19055350553505
12708,India,Sorghum,2002,7602,1083.0,42482.56,26.63,760.2,28840.289999999997,0.0,1172889.0,709.1569,39.19055350553505
12709,India,Sorghum,2002,7602,1083.0,42482.56,26.7,760.2,28916.1,0.0,1172889.0,712.89,39.19055350553505
12710,India,Sorghum,2002,7602,1083.0,42482.56,27.67,760.2,29966.61,0.0,1172889.0,765.6289,39.19055350553505
12711,India,Sorghum,2002,7602,1083.0,42482.56,26.15,760.2,28320.449999999997,0.0,1172889.0,683.8224999999999,39.19055350553505
12712,India,Sorghum,2002,7602,1083.0,42482.56,27.03,760.2,29273.49,0.0,1172889.0,730.6209,39.19055350553505
12713,India,Sorghum,2002,7602,1083.0,42482.56,26.12,760.2,28287.960000000003,0.0,1172889.0,682.2544,39.19055350553505
12714,India,Sorghum,2002,7602,1083.0,42482.56,24.91,760.2,26977.53,0.0,1172889.0,620.5081,39.19055350553505
12715,India,Sorghum,2002,7602,1083.0,42482.56,26.75,760.2,28970.25,0.0,1172889.0,715.5625,39.19055350553505
12716,India,Sorghum,2002,7602,1083.0,42482.56,26.63,760.2,28840.289999999997,0.0,1172889.0,709.1569,39.19055350553505
12717,India,Sorghum,2002,7602,1083.0,42482.56,26.06,760.2,28222.98,0.0,1172889.0,679.1235999999999,39.19055350553505
12718,India,Sorghum,2002,7602,1083.0,42482.56,25.58,760.2,27703.14,0.0,1172889.0,654.3363999999999,39.19055350553505
12719,India,Sorghum,2002,7602,1083.0,42482.56,27.15,760.2,29403.449999999997,0.0,1172889.0,737.1225,39.19055350553505
12720,India,Sorghum,2002,7602,1083.0,42482.56,25.07,760.2,27150.81,0.0,1172889.0,628.5049,39.19055350553505
12721,India,Sorghum,2002,7602,1083.0,42482.56,27.35,760.2,29620.050000000003,0.0,1172889.0,748.0225,39.19055350553505
12722,India,Sorghum,2002,7602,1083.0,42482.56,27.35,760.2,29620.050000000003,0.0,1172889.0,748.0225,39.19055350553505
12723,India,Sorghum,2002,7602,1083.0,42482.56,26.49,760.2,28688.67,0.0,1172889.0,701.7200999999999,39.19055350553505
12724,India,Soybeans,2002,7624,1083.0,42482.56,26.66,762.4,28872.78,0.0,1172889.0,710.7556,39.19055350553505
12725,India,Soybeans,2002,7624,1083.0,42482.56,27.72,762.4,30020.76,0.0,1172889.0,768.3983999999999,39.19055350553505
12726,India,Soybeans,2002,7624,1083.0,42482.56,26.79,762.4,29013.57,0.0,1172889.0,717.7040999999999,39.19055350553505
12727,India,Soybeans,2002,7624,1083.0,42482.56,24.91,762.4,26977.53,0.0,1172889.0,620.5081,39.19055350553505
12728,India,Soybeans,2002,7624,1083.0,42482.56,25.76,762.4,27898.08,0.0,1172889.0,663.5776000000001,39.19055350553505
12729,India,Soybeans,2002,7624,1083.0,42482.56,26.55,762.4,28753.65,0.0,1172889.0,704.9025,39.19055350553505
12730,India,Soybeans,2002,7624,1083.0,42482.56,26.63,762.4,28840.289999999997,0.0,1172889.0,709.1569,39.19055350553505
12731,India,Soybeans,2002,7624,1083.0,42482.56,26.7,762.4,28916.1,0.0,1172889.0,712.89,39.19055350553505
12732,India,Soybeans,2002,7624,1083.0,42482.56,27.67,762.4,29966.61,0.0,1172889.0,765.6289,39.19055350553505
12733,India,Soybeans,2002,7624,1083.0,42482.56,26.15,762.4,28320.449999999997,0.0,1172889.0,683.8224999999999,39.19055350553505
12734,India,Soybeans,2002,7624,1083.0,42482.56,27.03,762.4,29273.49,0.0,1172889.0,730.6209,39.19055350553505
12735,India,Soybeans,2002,7624,1083.0,42482.56,26.12,762.4,28287.960000000003,0.0,1172889.0,682.2544,39.19055350553505
12736,India,Soybeans,2002,7624,1083.0,42482.56,24.91,762.4,26977.53,0.0,1172889.0,620.5081,39.19055350553505
12737,India,Soybeans,2002,7624,1083.0,42482.56,26.75,762.4,28970.25,0.0,1172889.0,715.5625,39.19055350553505
12738,India,Soybeans,2002,7624,1083.0,42482.56,26.63,762.4,28840.289999999997,0.0,1172889.0,709.1569,39.19055350553505
12739,India,Soybeans,2002,7624,1083.0,42482.56,26.06,762.4,28222.98,0.0,1172889.0,679.1235999999999,39.19055350553505
12740,India,Soybeans,2002,7624,1083.0,42482.56,25.58,762.4,27703.14,0.0,1172889.0,654.3363999999999,39.19055350553505
12741,India,Soybeans,2002,7624,1083.0,42482.56,27.15,762.4,29403.449999999997,0.0,1172889.0,737.1225,39.19055350553505
12742,India,Soybeans,2002,7624,1083.0,42482.56,25.07,762.4,27150.81,0.0,1172889.0,628.5049,39.19055350553505
12743,India,Soybeans,2002,7624,1083.0,42482.56,27.35,762.4,29620.050000000003,0.0,1172889.0,748.0225,39.19055350553505
12744,India,Soybeans,2002,7624,1083.0,42482.56,27.35,762.4,29620.050000000003,0.0,1172889.0,748.0225,39.19055350553505
12745,India,Soybeans,2002,7624,1083.0,42482.56,26.49,762.4,28688.67,0.0,1172889.0,701.7200999999999,39.19055350553505
12746,India,Sweet potatoes,2002,85694,1083.0,42482.56,26.66,8569.4,28872.78,0.0,1172889.0,710.7556,39.19055350553505
12747,India,Sweet potatoes,2002,85694,1083.0,42482.56,27.72,8569.4,30020.76,0.0,1172889.0,768.3983999999999,39.19055350553505
12748,India,Sweet potatoes,2002,85694,1083.0,42482.56,26.79,8569.4,29013.57,0.0,1172889.0,717.7040999999999,39.19055350553505
12749,India,Sweet potatoes,2002,85694,1083.0,42482.56,24.91,8569.4,26977.53,0.0,1172889.0,620.5081,39.19055350553505
12750,India,Sweet potatoes,2002,85694,1083.0,42482.56,25.76,8569.4,27898.08,0.0,1172889.0,663.5776000000001,39.19055350553505
12751,India,Sweet potatoes,2002,85694,1083.0,42482.56,26.55,8569.4,28753.65,0.0,1172889.0,704.9025,39.19055350553505
12752,India,Sweet potatoes,2002,85694,1083.0,42482.56,26.63,8569.4,28840.289999999997,0.0,1172889.0,709.1569,39.19055350553505
12753,India,Sweet potatoes,2002,85694,1083.0,42482.56,26.7,8569.4,28916.1,0.0,1172889.0,712.89,39.19055350553505
12754,India,Sweet potatoes,2002,85694,1083.0,42482.56,27.67,8569.4,29966.61,0.0,1172889.0,765.6289,39.19055350553505
12755,India,Sweet potatoes,2002,85694,1083.0,42482.56,26.15,8569.4,28320.449999999997,0.0,1172889.0,683.8224999999999,39.19055350553505
12756,India,Sweet potatoes,2002,85694,1083.0,42482.56,27.03,8569.4,29273.49,0.0,1172889.0,730.6209,39.19055350553505
12757,India,Sweet potatoes,2002,85694,1083.0,42482.56,26.12,8569.4,28287.960000000003,0.0,1172889.0,682.2544,39.19055350553505
12758,India,Sweet potatoes,2002,85694,1083.0,42482.56,24.91,8569.4,26977.53,0.0,1172889.0,620.5081,39.19055350553505
12759,India,Sweet potatoes,2002,85694,1083.0,42482.56,26.75,8569.4,28970.25,0.0,1172889.0,715.5625,39.19055350553505
12760,India,Sweet potatoes,2002,85694,1083.0,42482.56,26.63,8569.4,28840.289999999997,0.0,1172889.0,709.1569,39.19055350553505
12761,India,Sweet potatoes,2002,85694,1083.0,42482.56,26.06,8569.4,28222.98,0.0,1172889.0,679.1235999999999,39.19055350553505
12762,India,Sweet potatoes,2002,85694,1083.0,42482.56,25.58,8569.4,27703.14,0.0,1172889.0,654.3363999999999,39.19055350553505
12763,India,Sweet potatoes,2002,85694,1083.0,42482.56,27.15,8569.4,29403.449999999997,0.0,1172889.0,737.1225,39.19055350553505
12764,India,Sweet potatoes,2002,85694,1083.0,42482.56,25.07,8569.4,27150.81,0.0,1172889.0,628.5049,39.19055350553505
12765,India,Sweet potatoes,2002,85694,1083.0,42482.56,27.35,8569.4,29620.050000000003,0.0,1172889.0,748.0225,39.19055350553505
12766,India,Sweet potatoes,2002,85694,1083.0,42482.56,27.35,8569.4,29620.050000000003,0.0,1172889.0,748.0225,39.19055350553505
12767,India,Sweet potatoes,2002,85694,1083.0,42482.56,26.49,8569.4,28688.67,0.0,1172889.0,701.7200999999999,39.19055350553505
12768,India,Wheat,2002,27621,1083.0,42482.56,26.66,2762.1,28872.78,0.0,1172889.0,710.7556,39.19055350553505
12769,India,Wheat,2002,27621,1083.0,42482.56,27.72,2762.1,30020.76,0.0,1172889.0,768.3983999999999,39.19055350553505
12770,India,Wheat,2002,27621,1083.0,42482.56,26.79,2762.1,29013.57,0.0,1172889.0,717.7040999999999,39.19055350553505
12771,India,Wheat,2002,27621,1083.0,42482.56,24.91,2762.1,26977.53,0.0,1172889.0,620.5081,39.19055350553505
12772,India,Wheat,2002,27621,1083.0,42482.56,25.76,2762.1,27898.08,0.0,1172889.0,663.5776000000001,39.19055350553505
12773,India,Wheat,2002,27621,1083.0,42482.56,26.55,2762.1,28753.65,0.0,1172889.0,704.9025,39.19055350553505
12774,India,Wheat,2002,27621,1083.0,42482.56,26.63,2762.1,28840.289999999997,0.0,1172889.0,709.1569,39.19055350553505
12775,India,Wheat,2002,27621,1083.0,42482.56,26.7,2762.1,28916.1,0.0,1172889.0,712.89,39.19055350553505
12776,India,Wheat,2002,27621,1083.0,42482.56,27.67,2762.1,29966.61,0.0,1172889.0,765.6289,39.19055350553505
12777,India,Wheat,2002,27621,1083.0,42482.56,26.15,2762.1,28320.449999999997,0.0,1172889.0,683.8224999999999,39.19055350553505
12778,India,Wheat,2002,27621,1083.0,42482.56,27.03,2762.1,29273.49,0.0,1172889.0,730.6209,39.19055350553505
12779,India,Wheat,2002,27621,1083.0,42482.56,26.12,2762.1,28287.960000000003,0.0,1172889.0,682.2544,39.19055350553505
12780,India,Wheat,2002,27621,1083.0,42482.56,24.91,2762.1,26977.53,0.0,1172889.0,620.5081,39.19055350553505
12781,India,Wheat,2002,27621,1083.0,42482.56,26.75,2762.1,28970.25,0.0,1172889.0,715.5625,39.19055350553505
12782,India,Wheat,2002,27621,1083.0,42482.56,26.63,2762.1,28840.289999999997,0.0,1172889.0,709.1569,39.19055350553505
12783,India,Wheat,2002,27621,1083.0,42482.56,26.06,2762.1,28222.98,0.0,1172889.0,679.1235999999999,39.19055350553505
12784,India,Wheat,2002,27621,1083.0,42482.56,25.58,2762.1,27703.14,0.0,1172889.0,654.3363999999999,39.19055350553505
12785,India,Wheat,2002,27621,1083.0,42482.56,27.15,2762.1,29403.449999999997,0.0,1172889.0,737.1225,39.19055350553505
12786,India,Wheat,2002,27621,1083.0,42482.56,25.07,2762.1,27150.81,0.0,1172889.0,628.5049,39.19055350553505
12787,India,Wheat,2002,27621,1083.0,42482.56,27.35,2762.1,29620.050000000003,0.0,1172889.0,748.0225,39.19055350553505
12788,India,Wheat,2002,27621,1083.0,42482.56,27.35,2762.1,29620.050000000003,0.0,1172889.0,748.0225,39.19055350553505
12789,India,Wheat,2002,27621,1083.0,42482.56,26.49,2762.1,28688.67,0.0,1172889.0,701.7200999999999,39.19055350553505
12790,India,Cassava,2004,270436,1083.0,35113.0,26.11,27043.6,28277.13,0.0,1172889.0,681.7321,32.39206642066421
12791,India,Cassava,2004,270436,1083.0,35113.0,27.63,27043.6,29923.289999999997,0.0,1172889.0,763.4168999999999,32.39206642066421
12792,India,Cassava,2004,270436,1083.0,35113.0,26.25,27043.6,28428.75,0.0,1172889.0,689.0625,32.39206642066421
12793,India,Cassava,2004,270436,1083.0,35113.0,24.85,27043.6,26912.550000000003,0.0,1172889.0,617.5225,32.39206642066421
12794,India,Cassava,2004,270436,1083.0,35113.0,25.25,27043.6,27345.75,0.0,1172889.0,637.5625,32.39206642066421
12795,India,Cassava,2004,270436,1083.0,35113.0,26.22,27043.6,28396.26,0.0,1172889.0,687.4884,32.39206642066421
12796,India,Cassava,2004,270436,1083.0,35113.0,26.24,27043.6,28417.92,0.0,1172889.0,688.5375999999999,32.39206642066421
12797,India,Cassava,2004,270436,1083.0,35113.0,26.63,27043.6,28840.289999999997,0.0,1172889.0,709.1569,32.39206642066421
12798,India,Cassava,2004,270436,1083.0,35113.0,27.23,27043.6,29490.09,0.0,1172889.0,741.4729,32.39206642066421
12799,India,Cassava,2004,270436,1083.0,35113.0,25.98,27043.6,28136.34,0.0,1172889.0,674.9604,32.39206642066421
12800,India,Cassava,2004,270436,1083.0,35113.0,26.64,27043.6,28851.12,0.0,1172889.0,709.6896,32.39206642066421
12801,India,Cassava,2004,270436,1083.0,35113.0,25.59,27043.6,27713.97,0.0,1172889.0,654.8481,32.39206642066421
12802,India,Cassava,2004,270436,1083.0,35113.0,24.85,27043.6,26912.550000000003,0.0,1172889.0,617.5225,32.39206642066421
12803,India,Cassava,2004,270436,1083.0,35113.0,26.41,27043.6,28602.03,0.0,1172889.0,697.4881,32.39206642066421
12804,India,Cassava,2004,270436,1083.0,35113.0,26.24,27043.6,28417.92,0.0,1172889.0,688.5375999999999,32.39206642066421
12805,India,Cassava,2004,270436,1083.0,35113.0,25.69,27043.6,27822.27,0.0,1172889.0,659.9761000000001,32.39206642066421
12806,India,Cassava,2004,270436,1083.0,35113.0,25.32,27043.6,27421.56,0.0,1172889.0,641.1024,32.39206642066421
12807,India,Cassava,2004,270436,1083.0,35113.0,27.16,27043.6,29414.28,0.0,1172889.0,737.6656,32.39206642066421
12808,India,Cassava,2004,270436,1083.0,35113.0,24.69,27043.6,26739.27,0.0,1172889.0,609.5961000000001,32.39206642066421
12809,India,Cassava,2004,270436,1083.0,35113.0,27.29,27043.6,29555.07,0.0,1172889.0,744.7441,32.39206642066421
12810,India,Cassava,2004,270436,1083.0,35113.0,27.29,27043.6,29555.07,0.0,1172889.0,744.7441,32.39206642066421
12811,India,Cassava,2004,270436,1083.0,35113.0,25.95,27043.6,28103.85,0.0,1172889.0,673.4024999999999,32.39206642066421
12812,India,Maize,2004,19073,1083.0,35113.0,26.11,1907.3,28277.13,0.0,1172889.0,681.7321,32.39206642066421
12813,India,Maize,2004,19073,1083.0,35113.0,27.63,1907.3,29923.289999999997,0.0,1172889.0,763.4168999999999,32.39206642066421
12814,India,Maize,2004,19073,1083.0,35113.0,26.25,1907.3,28428.75,0.0,1172889.0,689.0625,32.39206642066421
12815,India,Maize,2004,19073,1083.0,35113.0,24.85,1907.3,26912.550000000003,0.0,1172889.0,617.5225,32.39206642066421
12816,India,Maize,2004,19073,1083.0,35113.0,25.25,1907.3,27345.75,0.0,1172889.0,637.5625,32.39206642066421
12817,India,Maize,2004,19073,1083.0,35113.0,26.22,1907.3,28396.26,0.0,1172889.0,687.4884,32.39206642066421
12818,India,Maize,2004,19073,1083.0,35113.0,26.24,1907.3,28417.92,0.0,1172889.0,688.5375999999999,32.39206642066421
12819,India,Maize,2004,19073,1083.0,35113.0,26.63,1907.3,28840.289999999997,0.0,1172889.0,709.1569,32.39206642066421
12820,India,Maize,2004,19073,1083.0,35113.0,27.23,1907.3,29490.09,0.0,1172889.0,741.4729,32.39206642066421
12821,India,Maize,2004,19073,1083.0,35113.0,25.98,1907.3,28136.34,0.0,1172889.0,674.9604,32.39206642066421
12822,India,Maize,2004,19073,1083.0,35113.0,26.64,1907.3,28851.12,0.0,1172889.0,709.6896,32.39206642066421
12823,India,Maize,2004,19073,1083.0,35113.0,25.59,1907.3,27713.97,0.0,1172889.0,654.8481,32.39206642066421
12824,India,Maize,2004,19073,1083.0,35113.0,24.85,1907.3,26912.550000000003,0.0,1172889.0,617.5225,32.39206642066421
12825,India,Maize,2004,19073,1083.0,35113.0,26.41,1907.3,28602.03,0.0,1172889.0,697.4881,32.39206642066421
12826,India,Maize,2004,19073,1083.0,35113.0,26.24,1907.3,28417.92,0.0,1172889.0,688.5375999999999,32.39206642066421
12827,India,Maize,2004,19073,1083.0,35113.0,25.69,1907.3,27822.27,0.0,1172889.0,659.9761000000001,32.39206642066421
12828,India,Maize,2004,19073,1083.0,35113.0,25.32,1907.3,27421.56,0.0,1172889.0,641.1024,32.39206642066421
12829,India,Maize,2004,19073,1083.0,35113.0,27.16,1907.3,29414.28,0.0,1172889.0,737.6656,32.39206642066421
12830,India,Maize,2004,19073,1083.0,35113.0,24.69,1907.3,26739.27,0.0,1172889.0,609.5961000000001,32.39206642066421
12831,India,Maize,2004,19073,1083.0,35113.0,27.29,1907.3,29555.07,0.0,1172889.0,744.7441,32.39206642066421
12832,India,Maize,2004,19073,1083.0,35113.0,27.29,1907.3,29555.07,0.0,1172889.0,744.7441,32.39206642066421
12833,India,Maize,2004,19073,1083.0,35113.0,25.95,1907.3,28103.85,0.0,1172889.0,673.4024999999999,32.39206642066421
12834,India,Potatoes,2004,188091,1083.0,35113.0,26.11,18809.1,28277.13,0.0,1172889.0,681.7321,32.39206642066421
12835,India,Potatoes,2004,188091,1083.0,35113.0,27.63,18809.1,29923.289999999997,0.0,1172889.0,763.4168999999999,32.39206642066421
12836,India,Potatoes,2004,188091,1083.0,35113.0,26.25,18809.1,28428.75,0.0,1172889.0,689.0625,32.39206642066421
12837,India,Potatoes,2004,188091,1083.0,35113.0,24.85,18809.1,26912.550000000003,0.0,1172889.0,617.5225,32.39206642066421
12838,India,Potatoes,2004,188091,1083.0,35113.0,25.25,18809.1,27345.75,0.0,1172889.0,637.5625,32.39206642066421
12839,India,Potatoes,2004,188091,1083.0,35113.0,26.22,18809.1,28396.26,0.0,1172889.0,687.4884,32.39206642066421
12840,India,Potatoes,2004,188091,1083.0,35113.0,26.24,18809.1,28417.92,0.0,1172889.0,688.5375999999999,32.39206642066421
12841,India,Potatoes,2004,188091,1083.0,35113.0,26.63,18809.1,28840.289999999997,0.0,1172889.0,709.1569,32.39206642066421
12842,India,Potatoes,2004,188091,1083.0,35113.0,27.23,18809.1,29490.09,0.0,1172889.0,741.4729,32.39206642066421
12843,India,Potatoes,2004,188091,1083.0,35113.0,25.98,18809.1,28136.34,0.0,1172889.0,674.9604,32.39206642066421
12844,India,Potatoes,2004,188091,1083.0,35113.0,26.64,18809.1,28851.12,0.0,1172889.0,709.6896,32.39206642066421
12845,India,Potatoes,2004,188091,1083.0,35113.0,25.59,18809.1,27713.97,0.0,1172889.0,654.8481,32.39206642066421
12846,India,Potatoes,2004,188091,1083.0,35113.0,24.85,18809.1,26912.550000000003,0.0,1172889.0,617.5225,32.39206642066421
12847,India,Potatoes,2004,188091,1083.0,35113.0,26.41,18809.1,28602.03,0.0,1172889.0,697.4881,32.39206642066421
12848,India,Potatoes,2004,188091,1083.0,35113.0,26.24,18809.1,28417.92,0.0,1172889.0,688.5375999999999,32.39206642066421
12849,India,Potatoes,2004,188091,1083.0,35113.0,25.69,18809.1,27822.27,0.0,1172889.0,659.9761000000001,32.39206642066421
12850,India,Potatoes,2004,188091,1083.0,35113.0,25.32,18809.1,27421.56,0.0,1172889.0,641.1024,32.39206642066421
12851,India,Potatoes,2004,188091,1083.0,35113.0,27.16,18809.1,29414.28,0.0,1172889.0,737.6656,32.39206642066421
12852,India,Potatoes,2004,188091,1083.0,35113.0,24.69,18809.1,26739.27,0.0,1172889.0,609.5961000000001,32.39206642066421
12853,India,Potatoes,2004,188091,1083.0,35113.0,27.29,18809.1,29555.07,0.0,1172889.0,744.7441,32.39206642066421
12854,India,Potatoes,2004,188091,1083.0,35113.0,27.29,18809.1,29555.07,0.0,1172889.0,744.7441,32.39206642066421
12855,India,Potatoes,2004,188091,1083.0,35113.0,25.95,18809.1,28103.85,0.0,1172889.0,673.4024999999999,32.39206642066421
12856,India,"Rice, paddy",2004,29756,1083.0,35113.0,26.11,2975.6,28277.13,0.0,1172889.0,681.7321,32.39206642066421
12857,India,"Rice, paddy",2004,29756,1083.0,35113.0,27.63,2975.6,29923.289999999997,0.0,1172889.0,763.4168999999999,32.39206642066421
12858,India,"Rice, paddy",2004,29756,1083.0,35113.0,26.25,2975.6,28428.75,0.0,1172889.0,689.0625,32.39206642066421
12859,India,"Rice, paddy",2004,29756,1083.0,35113.0,24.85,2975.6,26912.550000000003,0.0,1172889.0,617.5225,32.39206642066421
12860,India,"Rice, paddy",2004,29756,1083.0,35113.0,25.25,2975.6,27345.75,0.0,1172889.0,637.5625,32.39206642066421
12861,India,"Rice, paddy",2004,29756,1083.0,35113.0,26.22,2975.6,28396.26,0.0,1172889.0,687.4884,32.39206642066421
12862,India,"Rice, paddy",2004,29756,1083.0,35113.0,26.24,2975.6,28417.92,0.0,1172889.0,688.5375999999999,32.39206642066421
12863,India,"Rice, paddy",2004,29756,1083.0,35113.0,26.63,2975.6,28840.289999999997,0.0,1172889.0,709.1569,32.39206642066421
12864,India,"Rice, paddy",2004,29756,1083.0,35113.0,27.23,2975.6,29490.09,0.0,1172889.0,741.4729,32.39206642066421
12865,India,"Rice, paddy",2004,29756,1083.0,35113.0,25.98,2975.6,28136.34,0.0,1172889.0,674.9604,32.39206642066421
12866,India,"Rice, paddy",2004,29756,1083.0,35113.0,26.64,2975.6,28851.12,0.0,1172889.0,709.6896,32.39206642066421
12867,India,"Rice, paddy",2004,29756,1083.0,35113.0,25.59,2975.6,27713.97,0.0,1172889.0,654.8481,32.39206642066421
12868,India,"Rice, paddy",2004,29756,1083.0,35113.0,24.85,2975.6,26912.550000000003,0.0,1172889.0,617.5225,32.39206642066421
12869,India,"Rice, paddy",2004,29756,1083.0,35113.0,26.41,2975.6,28602.03,0.0,1172889.0,697.4881,32.39206642066421
12870,India,"Rice, paddy",2004,29756,1083.0,35113.0,26.24,2975.6,28417.92,0.0,1172889.0,688.5375999999999,32.39206642066421
12871,India,"Rice, paddy",2004,29756,1083.0,35113.0,25.69,2975.6,27822.27,0.0,1172889.0,659.9761000000001,32.39206642066421
12872,India,"Rice, paddy",2004,29756,1083.0,35113.0,25.32,2975.6,27421.56,0.0,1172889.0,641.1024,32.39206642066421
12873,India,"Rice, paddy",2004,29756,1083.0,35113.0,27.16,2975.6,29414.28,0.0,1172889.0,737.6656,32.39206642066421
12874,India,"Rice, paddy",2004,29756,1083.0,35113.0,24.69,2975.6,26739.27,0.0,1172889.0,609.5961000000001,32.39206642066421
12875,India,"Rice, paddy",2004,29756,1083.0,35113.0,27.29,2975.6,29555.07,0.0,1172889.0,744.7441,32.39206642066421
12876,India,"Rice, paddy",2004,29756,1083.0,35113.0,27.29,2975.6,29555.07,0.0,1172889.0,744.7441,32.39206642066421
12877,India,"Rice, paddy",2004,29756,1083.0,35113.0,25.95,2975.6,28103.85,0.0,1172889.0,673.4024999999999,32.39206642066421
12878,India,Sorghum,2004,7161,1083.0,35113.0,26.11,716.1,28277.13,0.0,1172889.0,681.7321,32.39206642066421
12879,India,Sorghum,2004,7161,1083.0,35113.0,27.63,716.1,29923.289999999997,0.0,1172889.0,763.4168999999999,32.39206642066421
12880,India,Sorghum,2004,7161,1083.0,35113.0,26.25,716.1,28428.75,0.0,1172889.0,689.0625,32.39206642066421
12881,India,Sorghum,2004,7161,1083.0,35113.0,24.85,716.1,26912.550000000003,0.0,1172889.0,617.5225,32.39206642066421
12882,India,Sorghum,2004,7161,1083.0,35113.0,25.25,716.1,27345.75,0.0,1172889.0,637.5625,32.39206642066421
12883,India,Sorghum,2004,7161,1083.0,35113.0,26.22,716.1,28396.26,0.0,1172889.0,687.4884,32.39206642066421
12884,India,Sorghum,2004,7161,1083.0,35113.0,26.24,716.1,28417.92,0.0,1172889.0,688.5375999999999,32.39206642066421
12885,India,Sorghum,2004,7161,1083.0,35113.0,26.63,716.1,28840.289999999997,0.0,1172889.0,709.1569,32.39206642066421
12886,India,Sorghum,2004,7161,1083.0,35113.0,27.23,716.1,29490.09,0.0,1172889.0,741.4729,32.39206642066421
12887,India,Sorghum,2004,7161,1083.0,35113.0,25.98,716.1,28136.34,0.0,1172889.0,674.9604,32.39206642066421
12888,India,Sorghum,2004,7161,1083.0,35113.0,26.64,716.1,28851.12,0.0,1172889.0,709.6896,32.39206642066421
12889,India,Sorghum,2004,7161,1083.0,35113.0,25.59,716.1,27713.97,0.0,1172889.0,654.8481,32.39206642066421
12890,India,Sorghum,2004,7161,1083.0,35113.0,24.85,716.1,26912.550000000003,0.0,1172889.0,617.5225,32.39206642066421
12891,India,Sorghum,2004,7161,1083.0,35113.0,26.41,716.1,28602.03,0.0,1172889.0,697.4881,32.39206642066421
12892,India,Sorghum,2004,7161,1083.0,35113.0,26.24,716.1,28417.92,0.0,1172889.0,688.5375999999999,32.39206642066421
12893,India,Sorghum,2004,7161,1083.0,35113.0,25.69,716.1,27822.27,0.0,1172889.0,659.9761000000001,32.39206642066421
12894,India,Sorghum,2004,7161,1083.0,35113.0,25.32,716.1,27421.56,0.0,1172889.0,641.1024,32.39206642066421
12895,India,Sorghum,2004,7161,1083.0,35113.0,27.16,716.1,29414.28,0.0,1172889.0,737.6656,32.39206642066421
12896,India,Sorghum,2004,7161,1083.0,35113.0,24.69,716.1,26739.27,0.0,1172889.0,609.5961000000001,32.39206642066421
12897,India,Sorghum,2004,7161,1083.0,35113.0,27.29,716.1,29555.07,0.0,1172889.0,744.7441,32.39206642066421
12898,India,Sorghum,2004,7161,1083.0,35113.0,27.29,716.1,29555.07,0.0,1172889.0,744.7441,32.39206642066421
12899,India,Sorghum,2004,7161,1083.0,35113.0,25.95,716.1,28103.85,0.0,1172889.0,673.4024999999999,32.39206642066421
12900,India,Soybeans,2004,9082,1083.0,35113.0,26.11,908.2,28277.13,0.0,1172889.0,681.7321,32.39206642066421
12901,India,Soybeans,2004,9082,1083.0,35113.0,27.63,908.2,29923.289999999997,0.0,1172889.0,763.4168999999999,32.39206642066421
12902,India,Soybeans,2004,9082,1083.0,35113.0,26.25,908.2,28428.75,0.0,1172889.0,689.0625,32.39206642066421
12903,India,Soybeans,2004,9082,1083.0,35113.0,24.85,908.2,26912.550000000003,0.0,1172889.0,617.5225,32.39206642066421
12904,India,Soybeans,2004,9082,1083.0,35113.0,25.25,908.2,27345.75,0.0,1172889.0,637.5625,32.39206642066421
12905,India,Soybeans,2004,9082,1083.0,35113.0,26.22,908.2,28396.26,0.0,1172889.0,687.4884,32.39206642066421
12906,India,Soybeans,2004,9082,1083.0,35113.0,26.24,908.2,28417.92,0.0,1172889.0,688.5375999999999,32.39206642066421
12907,India,Soybeans,2004,9082,1083.0,35113.0,26.63,908.2,28840.289999999997,0.0,1172889.0,709.1569,32.39206642066421
12908,India,Soybeans,2004,9082,1083.0,35113.0,27.23,908.2,29490.09,0.0,1172889.0,741.4729,32.39206642066421
12909,India,Soybeans,2004,9082,1083.0,35113.0,25.98,908.2,28136.34,0.0,1172889.0,674.9604,32.39206642066421
12910,India,Soybeans,2004,9082,1083.0,35113.0,26.64,908.2,28851.12,0.0,1172889.0,709.6896,32.39206642066421
12911,India,Soybeans,2004,9082,1083.0,35113.0,25.59,908.2,27713.97,0.0,1172889.0,654.8481,32.39206642066421
12912,India,Soybeans,2004,9082,1083.0,35113.0,24.85,908.2,26912.550000000003,0.0,1172889.0,617.5225,32.39206642066421
12913,India,Soybeans,2004,9082,1083.0,35113.0,26.41,908.2,28602.03,0.0,1172889.0,697.4881,32.39206642066421
12914,India,Soybeans,2004,9082,1083.0,35113.0,26.24,908.2,28417.92,0.0,1172889.0,688.5375999999999,32.39206642066421
12915,India,Soybeans,2004,9082,1083.0,35113.0,25.69,908.2,27822.27,0.0,1172889.0,659.9761000000001,32.39206642066421
12916,India,Soybeans,2004,9082,1083.0,35113.0,25.32,908.2,27421.56,0.0,1172889.0,641.1024,32.39206642066421
12917,India,Soybeans,2004,9082,1083.0,35113.0,27.16,908.2,29414.28,0.0,1172889.0,737.6656,32.39206642066421
12918,India,Soybeans,2004,9082,1083.0,35113.0,24.69,908.2,26739.27,0.0,1172889.0,609.5961000000001,32.39206642066421
12919,India,Soybeans,2004,9082,1083.0,35113.0,27.29,908.2,29555.07,0.0,1172889.0,744.7441,32.39206642066421
12920,India,Soybeans,2004,9082,1083.0,35113.0,27.29,908.2,29555.07,0.0,1172889.0,744.7441,32.39206642066421
12921,India,Soybeans,2004,9082,1083.0,35113.0,25.95,908.2,28103.85,0.0,1172889.0,673.4024999999999,32.39206642066421
12922,India,Sweet potatoes,2004,88588,1083.0,35113.0,26.11,8858.8,28277.13,0.0,1172889.0,681.7321,32.39206642066421
12923,India,Sweet potatoes,2004,88588,1083.0,35113.0,27.63,8858.8,29923.289999999997,0.0,1172889.0,763.4168999999999,32.39206642066421
12924,India,Sweet potatoes,2004,88588,1083.0,35113.0,26.25,8858.8,28428.75,0.0,1172889.0,689.0625,32.39206642066421
12925,India,Sweet potatoes,2004,88588,1083.0,35113.0,24.85,8858.8,26912.550000000003,0.0,1172889.0,617.5225,32.39206642066421
12926,India,Sweet potatoes,2004,88588,1083.0,35113.0,25.25,8858.8,27345.75,0.0,1172889.0,637.5625,32.39206642066421
12927,India,Sweet potatoes,2004,88588,1083.0,35113.0,26.22,8858.8,28396.26,0.0,1172889.0,687.4884,32.39206642066421
12928,India,Sweet potatoes,2004,88588,1083.0,35113.0,26.24,8858.8,28417.92,0.0,1172889.0,688.5375999999999,32.39206642066421
12929,India,Sweet potatoes,2004,88588,1083.0,35113.0,26.63,8858.8,28840.289999999997,0.0,1172889.0,709.1569,32.39206642066421
12930,India,Sweet potatoes,2004,88588,1083.0,35113.0,27.23,8858.8,29490.09,0.0,1172889.0,741.4729,32.39206642066421
12931,India,Sweet potatoes,2004,88588,1083.0,35113.0,25.98,8858.8,28136.34,0.0,1172889.0,674.9604,32.39206642066421
12932,India,Sweet potatoes,2004,88588,1083.0,35113.0,26.64,8858.8,28851.12,0.0,1172889.0,709.6896,32.39206642066421
12933,India,Sweet potatoes,2004,88588,1083.0,35113.0,25.59,8858.8,27713.97,0.0,1172889.0,654.8481,32.39206642066421
12934,India,Sweet potatoes,2004,88588,1083.0,35113.0,24.85,8858.8,26912.550000000003,0.0,1172889.0,617.5225,32.39206642066421
12935,India,Sweet potatoes,2004,88588,1083.0,35113.0,26.41,8858.8,28602.03,0.0,1172889.0,697.4881,32.39206642066421
12936,India,Sweet potatoes,2004,88588,1083.0,35113.0,26.24,8858.8,28417.92,0.0,1172889.0,688.5375999999999,32.39206642066421
12937,India,Sweet potatoes,2004,88588,1083.0,35113.0,25.69,8858.8,27822.27,0.0,1172889.0,659.9761000000001,32.39206642066421
12938,India,Sweet potatoes,2004,88588,1083.0,35113.0,25.32,8858.8,27421.56,0.0,1172889.0,641.1024,32.39206642066421
12939,India,Sweet potatoes,2004,88588,1083.0,35113.0,27.16,8858.8,29414.28,0.0,1172889.0,737.6656,32.39206642066421
12940,India,Sweet potatoes,2004,88588,1083.0,35113.0,24.69,8858.8,26739.27,0.0,1172889.0,609.5961000000001,32.39206642066421
12941,India,Sweet potatoes,2004,88588,1083.0,35113.0,27.29,8858.8,29555.07,0.0,1172889.0,744.7441,32.39206642066421
12942,India,Sweet potatoes,2004,88588,1083.0,35113.0,27.29,8858.8,29555.07,0.0,1172889.0,744.7441,32.39206642066421
12943,India,Sweet potatoes,2004,88588,1083.0,35113.0,25.95,8858.8,28103.85,0.0,1172889.0,673.4024999999999,32.39206642066421
12944,India,Wheat,2004,27132,1083.0,35113.0,26.11,2713.2,28277.13,0.0,1172889.0,681.7321,32.39206642066421
12945,India,Wheat,2004,27132,1083.0,35113.0,27.63,2713.2,29923.289999999997,0.0,1172889.0,763.4168999999999,32.39206642066421
12946,India,Wheat,2004,27132,1083.0,35113.0,26.25,2713.2,28428.75,0.0,1172889.0,689.0625,32.39206642066421
12947,India,Wheat,2004,27132,1083.0,35113.0,24.85,2713.2,26912.550000000003,0.0,1172889.0,617.5225,32.39206642066421
12948,India,Wheat,2004,27132,1083.0,35113.0,25.25,2713.2,27345.75,0.0,1172889.0,637.5625,32.39206642066421
12949,India,Wheat,2004,27132,1083.0,35113.0,26.22,2713.2,28396.26,0.0,1172889.0,687.4884,32.39206642066421
12950,India,Wheat,2004,27132,1083.0,35113.0,26.24,2713.2,28417.92,0.0,1172889.0,688.5375999999999,32.39206642066421
12951,India,Wheat,2004,27132,1083.0,35113.0,26.63,2713.2,28840.289999999997,0.0,1172889.0,709.1569,32.39206642066421
12952,India,Wheat,2004,27132,1083.0,35113.0,27.23,2713.2,29490.09,0.0,1172889.0,741.4729,32.39206642066421
12953,India,Wheat,2004,27132,1083.0,35113.0,25.98,2713.2,28136.34,0.0,1172889.0,674.9604,32.39206642066421
12954,India,Wheat,2004,27132,1083.0,35113.0,26.64,2713.2,28851.12,0.0,1172889.0,709.6896,32.39206642066421
12955,India,Wheat,2004,27132,1083.0,35113.0,25.59,2713.2,27713.97,0.0,1172889.0,654.8481,32.39206642066421
12956,India,Wheat,2004,27132,1083.0,35113.0,24.85,2713.2,26912.550000000003,0.0,1172889.0,617.5225,32.39206642066421
12957,India,Wheat,2004,27132,1083.0,35113.0,26.41,2713.2,28602.03,0.0,1172889.0,697.4881,32.39206642066421
12958,India,Wheat,2004,27132,1083.0,35113.0,26.24,2713.2,28417.92,0.0,1172889.0,688.5375999999999,32.39206642066421
12959,India,Wheat,2004,27132,1083.0,35113.0,25.69,2713.2,27822.27,0.0,1172889.0,659.9761000000001,32.39206642066421
12960,India,Wheat,2004,27132,1083.0,35113.0,25.32,2713.2,27421.56,0.0,1172889.0,641.1024,32.39206642066421
12961,India,Wheat,2004,27132,1083.0,35113.0,27.16,2713.2,29414.28,0.0,1172889.0,737.6656,32.39206642066421
12962,India,Wheat,2004,27132,1083.0,35113.0,24.69,2713.2,26739.27,0.0,1172889.0,609.5961000000001,32.39206642066421
12963,India,Wheat,2004,27132,1083.0,35113.0,27.29,2713.2,29555.07,0.0,1172889.0,744.7441,32.39206642066421
12964,India,Wheat,2004,27132,1083.0,35113.0,27.29,2713.2,29555.07,0.0,1172889.0,744.7441,32.39206642066421
12965,India,Wheat,2004,27132,1083.0,35113.0,25.95,2713.2,28103.85,0.0,1172889.0,673.4024999999999,32.39206642066421
12966,India,Cassava,2005,304978,1083.0,35342.0,25.85,30497.8,27995.550000000003,0.0,1172889.0,668.2225000000001,32.603321033210335
12967,India,Cassava,2005,304978,1083.0,35342.0,26.83,30497.8,29056.89,0.0,1172889.0,719.8489,32.603321033210335
12968,India,Cassava,2005,304978,1083.0,35342.0,26.28,30497.8,28461.24,0.0,1172889.0,690.6384,32.603321033210335
12969,India,Cassava,2005,304978,1083.0,35342.0,24.12,30497.8,26121.960000000003,0.0,1172889.0,581.7744,32.603321033210335
12970,India,Cassava,2005,304978,1083.0,35342.0,25.48,30497.8,27594.84,0.0,1172889.0,649.2304,32.603321033210335
12971,India,Cassava,2005,304978,1083.0,35342.0,25.82,30497.8,27963.06,0.0,1172889.0,666.6724,32.603321033210335
12972,India,Cassava,2005,304978,1083.0,35342.0,25.72,30497.8,27854.76,0.0,1172889.0,661.5183999999999,32.603321033210335
12973,India,Cassava,2005,304978,1083.0,35342.0,26.73,30497.8,28948.59,0.0,1172889.0,714.4929000000001,32.603321033210335
12974,India,Cassava,2005,304978,1083.0,35342.0,27.49,30497.8,29771.67,0.0,1172889.0,755.7000999999999,32.603321033210335
12975,India,Cassava,2005,304978,1083.0,35342.0,25.4,30497.8,27508.199999999997,0.0,1172889.0,645.16,32.603321033210335
12976,India,Cassava,2005,304978,1083.0,35342.0,25.77,30497.8,27908.91,0.0,1172889.0,664.0929,32.603321033210335
12977,India,Cassava,2005,304978,1083.0,35342.0,25.62,30497.8,27746.460000000003,0.0,1172889.0,656.3844,32.603321033210335
12978,India,Cassava,2005,304978,1083.0,35342.0,24.12,30497.8,26121.960000000003,0.0,1172889.0,581.7744,32.603321033210335
12979,India,Cassava,2005,304978,1083.0,35342.0,26.23,30497.8,28407.09,0.0,1172889.0,688.0129000000001,32.603321033210335
12980,India,Cassava,2005,304978,1083.0,35342.0,25.72,30497.8,27854.76,0.0,1172889.0,661.5183999999999,32.603321033210335
12981,India,Cassava,2005,304978,1083.0,35342.0,26.11,30497.8,28277.13,0.0,1172889.0,681.7321,32.603321033210335
12982,India,Cassava,2005,304978,1083.0,35342.0,25.09,30497.8,27172.47,0.0,1172889.0,629.5081,32.603321033210335
12983,India,Cassava,2005,304978,1083.0,35342.0,26.51,30497.8,28710.33,0.0,1172889.0,702.7801000000001,32.603321033210335
12984,India,Cassava,2005,304978,1083.0,35342.0,25.07,30497.8,27150.81,0.0,1172889.0,628.5049,32.603321033210335
12985,India,Cassava,2005,304978,1083.0,35342.0,26.72,30497.8,28937.76,0.0,1172889.0,713.9584,32.603321033210335
12986,India,Cassava,2005,304978,1083.0,35342.0,26.72,30497.8,28937.76,0.0,1172889.0,713.9584,32.603321033210335
12987,India,Cassava,2005,304978,1083.0,35342.0,26.3,30497.8,28482.9,0.0,1172889.0,691.69,32.603321033210335
12988,India,Maize,2005,19385,1083.0,35342.0,25.85,1938.5,27995.550000000003,0.0,1172889.0,668.2225000000001,32.603321033210335
12989,India,Maize,2005,19385,1083.0,35342.0,26.83,1938.5,29056.89,0.0,1172889.0,719.8489,32.603321033210335
12990,India,Maize,2005,19385,1083.0,35342.0,26.28,1938.5,28461.24,0.0,1172889.0,690.6384,32.603321033210335
12991,India,Maize,2005,19385,1083.0,35342.0,24.12,1938.5,26121.960000000003,0.0,1172889.0,581.7744,32.603321033210335
12992,India,Maize,2005,19385,1083.0,35342.0,25.48,1938.5,27594.84,0.0,1172889.0,649.2304,32.603321033210335
12993,India,Maize,2005,19385,1083.0,35342.0,25.82,1938.5,27963.06,0.0,1172889.0,666.6724,32.603321033210335
12994,India,Maize,2005,19385,1083.0,35342.0,25.72,1938.5,27854.76,0.0,1172889.0,661.5183999999999,32.603321033210335
12995,India,Maize,2005,19385,1083.0,35342.0,26.73,1938.5,28948.59,0.0,1172889.0,714.4929000000001,32.603321033210335
12996,India,Maize,2005,19385,1083.0,35342.0,27.49,1938.5,29771.67,0.0,1172889.0,755.7000999999999,32.603321033210335
12997,India,Maize,2005,19385,1083.0,35342.0,25.4,1938.5,27508.199999999997,0.0,1172889.0,645.16,32.603321033210335
12998,India,Maize,2005,19385,1083.0,35342.0,25.77,1938.5,27908.91,0.0,1172889.0,664.0929,32.603321033210335
12999,India,Maize,2005,19385,1083.0,35342.0,25.62,1938.5,27746.460000000003,0.0,1172889.0,656.3844,32.603321033210335
13000,India,Maize,2005,19385,1083.0,35342.0,24.12,1938.5,26121.960000000003,0.0,1172889.0,581.7744,32.603321033210335
13001,India,Maize,2005,19385,1083.0,35342.0,26.23,1938.5,28407.09,0.0,1172889.0,688.0129000000001,32.603321033210335
13002,India,Maize,2005,19385,1083.0,35342.0,25.72,1938.5,27854.76,0.0,1172889.0,661.5183999999999,32.603321033210335
13003,India,Maize,2005,19385,1083.0,35342.0,26.11,1938.5,28277.13,0.0,1172889.0,681.7321,32.603321033210335
13004,India,Maize,2005,19385,1083.0,35342.0,25.09,1938.5,27172.47,0.0,1172889.0,629.5081,32.603321033210335
13005,India,Maize,2005,19385,1083.0,35342.0,26.51,1938.5,28710.33,0.0,1172889.0,702.7801000000001,32.603321033210335
13006,India,Maize,2005,19385,1083.0,35342.0,25.07,1938.5,27150.81,0.0,1172889.0,628.5049,32.603321033210335
13007,India,Maize,2005,19385,1083.0,35342.0,26.72,1938.5,28937.76,0.0,1172889.0,713.9584,32.603321033210335
13008,India,Maize,2005,19385,1083.0,35342.0,26.72,1938.5,28937.76,0.0,1172889.0,713.9584,32.603321033210335
13009,India,Maize,2005,19385,1083.0,35342.0,26.3,1938.5,28482.9,0.0,1172889.0,691.69,32.603321033210335
13010,India,Potatoes,2005,188908,1083.0,35342.0,25.85,18890.8,27995.550000000003,0.0,1172889.0,668.2225000000001,32.603321033210335
13011,India,Potatoes,2005,188908,1083.0,35342.0,26.83,18890.8,29056.89,0.0,1172889.0,719.8489,32.603321033210335
13012,India,Potatoes,2005,188908,1083.0,35342.0,26.28,18890.8,28461.24,0.0,1172889.0,690.6384,32.603321033210335
13013,India,Potatoes,2005,188908,1083.0,35342.0,24.12,18890.8,26121.960000000003,0.0,1172889.0,581.7744,32.603321033210335
13014,India,Potatoes,2005,188908,1083.0,35342.0,25.48,18890.8,27594.84,0.0,1172889.0,649.2304,32.603321033210335
13015,India,Potatoes,2005,188908,1083.0,35342.0,25.82,18890.8,27963.06,0.0,1172889.0,666.6724,32.603321033210335
13016,India,Potatoes,2005,188908,1083.0,35342.0,25.72,18890.8,27854.76,0.0,1172889.0,661.5183999999999,32.603321033210335
13017,India,Potatoes,2005,188908,1083.0,35342.0,26.73,18890.8,28948.59,0.0,1172889.0,714.4929000000001,32.603321033210335
13018,India,Potatoes,2005,188908,1083.0,35342.0,27.49,18890.8,29771.67,0.0,1172889.0,755.7000999999999,32.603321033210335
13019,India,Potatoes,2005,188908,1083.0,35342.0,25.4,18890.8,27508.199999999997,0.0,1172889.0,645.16,32.603321033210335
13020,India,Potatoes,2005,188908,1083.0,35342.0,25.77,18890.8,27908.91,0.0,1172889.0,664.0929,32.603321033210335
13021,India,Potatoes,2005,188908,1083.0,35342.0,25.62,18890.8,27746.460000000003,0.0,1172889.0,656.3844,32.603321033210335
13022,India,Potatoes,2005,188908,1083.0,35342.0,24.12,18890.8,26121.960000000003,0.0,1172889.0,581.7744,32.603321033210335
13023,India,Potatoes,2005,188908,1083.0,35342.0,26.23,18890.8,28407.09,0.0,1172889.0,688.0129000000001,32.603321033210335
13024,India,Potatoes,2005,188908,1083.0,35342.0,25.72,18890.8,27854.76,0.0,1172889.0,661.5183999999999,32.603321033210335
13025,India,Potatoes,2005,188908,1083.0,35342.0,26.11,18890.8,28277.13,0.0,1172889.0,681.7321,32.603321033210335
13026,India,Potatoes,2005,188908,1083.0,35342.0,25.09,18890.8,27172.47,0.0,1172889.0,629.5081,32.603321033210335
13027,India,Potatoes,2005,188908,1083.0,35342.0,26.51,18890.8,28710.33,0.0,1172889.0,702.7801000000001,32.603321033210335
13028,India,Potatoes,2005,188908,1083.0,35342.0,25.07,18890.8,27150.81,0.0,1172889.0,628.5049,32.603321033210335
13029,India,Potatoes,2005,188908,1083.0,35342.0,26.72,18890.8,28937.76,0.0,1172889.0,713.9584,32.603321033210335
13030,India,Potatoes,2005,188908,1083.0,35342.0,26.72,18890.8,28937.76,0.0,1172889.0,713.9584,32.603321033210335
13031,India,Potatoes,2005,188908,1083.0,35342.0,26.3,18890.8,28482.9,0.0,1172889.0,691.69,32.603321033210335
13032,India,"Rice, paddy",2005,31537,1083.0,35342.0,25.85,3153.7,27995.550000000003,0.0,1172889.0,668.2225000000001,32.603321033210335
13033,India,"Rice, paddy",2005,31537,1083.0,35342.0,26.83,3153.7,29056.89,0.0,1172889.0,719.8489,32.603321033210335
13034,India,"Rice, paddy",2005,31537,1083.0,35342.0,26.28,3153.7,28461.24,0.0,1172889.0,690.6384,32.603321033210335
13035,India,"Rice, paddy",2005,31537,1083.0,35342.0,24.12,3153.7,26121.960000000003,0.0,1172889.0,581.7744,32.603321033210335
13036,India,"Rice, paddy",2005,31537,1083.0,35342.0,25.48,3153.7,27594.84,0.0,1172889.0,649.2304,32.603321033210335
13037,India,"Rice, paddy",2005,31537,1083.0,35342.0,25.82,3153.7,27963.06,0.0,1172889.0,666.6724,32.603321033210335
13038,India,"Rice, paddy",2005,31537,1083.0,35342.0,25.72,3153.7,27854.76,0.0,1172889.0,661.5183999999999,32.603321033210335
13039,India,"Rice, paddy",2005,31537,1083.0,35342.0,26.73,3153.7,28948.59,0.0,1172889.0,714.4929000000001,32.603321033210335
13040,India,"Rice, paddy",2005,31537,1083.0,35342.0,27.49,3153.7,29771.67,0.0,1172889.0,755.7000999999999,32.603321033210335
13041,India,"Rice, paddy",2005,31537,1083.0,35342.0,25.4,3153.7,27508.199999999997,0.0,1172889.0,645.16,32.603321033210335
13042,India,"Rice, paddy",2005,31537,1083.0,35342.0,25.77,3153.7,27908.91,0.0,1172889.0,664.0929,32.603321033210335
13043,India,"Rice, paddy",2005,31537,1083.0,35342.0,25.62,3153.7,27746.460000000003,0.0,1172889.0,656.3844,32.603321033210335
13044,India,"Rice, paddy",2005,31537,1083.0,35342.0,24.12,3153.7,26121.960000000003,0.0,1172889.0,581.7744,32.603321033210335
13045,India,"Rice, paddy",2005,31537,1083.0,35342.0,26.23,3153.7,28407.09,0.0,1172889.0,688.0129000000001,32.603321033210335
13046,India,"Rice, paddy",2005,31537,1083.0,35342.0,25.72,3153.7,27854.76,0.0,1172889.0,661.5183999999999,32.603321033210335
13047,India,"Rice, paddy",2005,31537,1083.0,35342.0,26.11,3153.7,28277.13,0.0,1172889.0,681.7321,32.603321033210335
13048,India,"Rice, paddy",2005,31537,1083.0,35342.0,25.09,3153.7,27172.47,0.0,1172889.0,629.5081,32.603321033210335
13049,India,"Rice, paddy",2005,31537,1083.0,35342.0,26.51,3153.7,28710.33,0.0,1172889.0,702.7801000000001,32.603321033210335
13050,India,"Rice, paddy",2005,31537,1083.0,35342.0,25.07,3153.7,27150.81,0.0,1172889.0,628.5049,32.603321033210335
13051,India,"Rice, paddy",2005,31537,1083.0,35342.0,26.72,3153.7,28937.76,0.0,1172889.0,713.9584,32.603321033210335
13052,India,"Rice, paddy",2005,31537,1083.0,35342.0,26.72,3153.7,28937.76,0.0,1172889.0,713.9584,32.603321033210335
13053,India,"Rice, paddy",2005,31537,1083.0,35342.0,26.3,3153.7,28482.9,0.0,1172889.0,691.69,32.603321033210335
13054,India,Sorghum,2005,7968,1083.0,35342.0,25.85,796.8,27995.550000000003,0.0,1172889.0,668.2225000000001,32.603321033210335
13055,India,Sorghum,2005,7968,1083.0,35342.0,26.83,796.8,29056.89,0.0,1172889.0,719.8489,32.603321033210335
13056,India,Sorghum,2005,7968,1083.0,35342.0,26.28,796.8,28461.24,0.0,1172889.0,690.6384,32.603321033210335
13057,India,Sorghum,2005,7968,1083.0,35342.0,24.12,796.8,26121.960000000003,0.0,1172889.0,581.7744,32.603321033210335
13058,India,Sorghum,2005,7968,1083.0,35342.0,25.48,796.8,27594.84,0.0,1172889.0,649.2304,32.603321033210335
13059,India,Sorghum,2005,7968,1083.0,35342.0,25.82,796.8,27963.06,0.0,1172889.0,666.6724,32.603321033210335
13060,India,Sorghum,2005,7968,1083.0,35342.0,25.72,796.8,27854.76,0.0,1172889.0,661.5183999999999,32.603321033210335
13061,India,Sorghum,2005,7968,1083.0,35342.0,26.73,796.8,28948.59,0.0,1172889.0,714.4929000000001,32.603321033210335
13062,India,Sorghum,2005,7968,1083.0,35342.0,27.49,796.8,29771.67,0.0,1172889.0,755.7000999999999,32.603321033210335
13063,India,Sorghum,2005,7968,1083.0,35342.0,25.4,796.8,27508.199999999997,0.0,1172889.0,645.16,32.603321033210335
13064,India,Sorghum,2005,7968,1083.0,35342.0,25.77,796.8,27908.91,0.0,1172889.0,664.0929,32.603321033210335
13065,India,Sorghum,2005,7968,1083.0,35342.0,25.62,796.8,27746.460000000003,0.0,1172889.0,656.3844,32.603321033210335
13066,India,Sorghum,2005,7968,1083.0,35342.0,24.12,796.8,26121.960000000003,0.0,1172889.0,581.7744,32.603321033210335
13067,India,Sorghum,2005,7968,1083.0,35342.0,26.23,796.8,28407.09,0.0,1172889.0,688.0129000000001,32.603321033210335
13068,India,Sorghum,2005,7968,1083.0,35342.0,25.72,796.8,27854.76,0.0,1172889.0,661.5183999999999,32.603321033210335
13069,India,Sorghum,2005,7968,1083.0,35342.0,26.11,796.8,28277.13,0.0,1172889.0,681.7321,32.603321033210335
13070,India,Sorghum,2005,7968,1083.0,35342.0,25.09,796.8,27172.47,0.0,1172889.0,629.5081,32.603321033210335
13071,India,Sorghum,2005,7968,1083.0,35342.0,26.51,796.8,28710.33,0.0,1172889.0,702.7801000000001,32.603321033210335
13072,India,Sorghum,2005,7968,1083.0,35342.0,25.07,796.8,27150.81,0.0,1172889.0,628.5049,32.603321033210335
13073,India,Sorghum,2005,7968,1083.0,35342.0,26.72,796.8,28937.76,0.0,1172889.0,713.9584,32.603321033210335
13074,India,Sorghum,2005,7968,1083.0,35342.0,26.72,796.8,28937.76,0.0,1172889.0,713.9584,32.603321033210335
13075,India,Sorghum,2005,7968,1083.0,35342.0,26.3,796.8,28482.9,0.0,1172889.0,691.69,32.603321033210335
13076,India,Soybeans,2005,10734,1083.0,35342.0,25.85,1073.4,27995.550000000003,0.0,1172889.0,668.2225000000001,32.603321033210335
13077,India,Soybeans,2005,10734,1083.0,35342.0,26.83,1073.4,29056.89,0.0,1172889.0,719.8489,32.603321033210335
13078,India,Soybeans,2005,10734,1083.0,35342.0,26.28,1073.4,28461.24,0.0,1172889.0,690.6384,32.603321033210335
13079,India,Soybeans,2005,10734,1083.0,35342.0,24.12,1073.4,26121.960000000003,0.0,1172889.0,581.7744,32.603321033210335
13080,India,Soybeans,2005,10734,1083.0,35342.0,25.48,1073.4,27594.84,0.0,1172889.0,649.2304,32.603321033210335
13081,India,Soybeans,2005,10734,1083.0,35342.0,25.82,1073.4,27963.06,0.0,1172889.0,666.6724,32.603321033210335
13082,India,Soybeans,2005,10734,1083.0,35342.0,25.72,1073.4,27854.76,0.0,1172889.0,661.5183999999999,32.603321033210335
13083,India,Soybeans,2005,10734,1083.0,35342.0,26.73,1073.4,28948.59,0.0,1172889.0,714.4929000000001,32.603321033210335
13084,India,Soybeans,2005,10734,1083.0,35342.0,27.49,1073.4,29771.67,0.0,1172889.0,755.7000999999999,32.603321033210335
13085,India,Soybeans,2005,10734,1083.0,35342.0,25.4,1073.4,27508.199999999997,0.0,1172889.0,645.16,32.603321033210335
13086,India,Soybeans,2005,10734,1083.0,35342.0,25.77,1073.4,27908.91,0.0,1172889.0,664.0929,32.603321033210335
13087,India,Soybeans,2005,10734,1083.0,35342.0,25.62,1073.4,27746.460000000003,0.0,1172889.0,656.3844,32.603321033210335
13088,India,Soybeans,2005,10734,1083.0,35342.0,24.12,1073.4,26121.960000000003,0.0,1172889.0,581.7744,32.603321033210335
13089,India,Soybeans,2005,10734,1083.0,35342.0,26.23,1073.4,28407.09,0.0,1172889.0,688.0129000000001,32.603321033210335
13090,India,Soybeans,2005,10734,1083.0,35342.0,25.72,1073.4,27854.76,0.0,1172889.0,661.5183999999999,32.603321033210335
13091,India,Soybeans,2005,10734,1083.0,35342.0,26.11,1073.4,28277.13,0.0,1172889.0,681.7321,32.603321033210335
13092,India,Soybeans,2005,10734,1083.0,35342.0,25.09,1073.4,27172.47,0.0,1172889.0,629.5081,32.603321033210335
13093,India,Soybeans,2005,10734,1083.0,35342.0,26.51,1073.4,28710.33,0.0,1172889.0,702.7801000000001,32.603321033210335
13094,India,Soybeans,2005,10734,1083.0,35342.0,25.07,1073.4,27150.81,0.0,1172889.0,628.5049,32.603321033210335
13095,India,Soybeans,2005,10734,1083.0,35342.0,26.72,1073.4,28937.76,0.0,1172889.0,713.9584,32.603321033210335
13096,India,Soybeans,2005,10734,1083.0,35342.0,26.72,1073.4,28937.76,0.0,1172889.0,713.9584,32.603321033210335
13097,India,Soybeans,2005,10734,1083.0,35342.0,26.3,1073.4,28482.9,0.0,1172889.0,691.69,32.603321033210335
13098,India,Sweet potatoes,2005,88477,1083.0,35342.0,25.85,8847.7,27995.550000000003,0.0,1172889.0,668.2225000000001,32.603321033210335
13099,India,Sweet potatoes,2005,88477,1083.0,35342.0,26.83,8847.7,29056.89,0.0,1172889.0,719.8489,32.603321033210335
13100,India,Sweet potatoes,2005,88477,1083.0,35342.0,26.28,8847.7,28461.24,0.0,1172889.0,690.6384,32.603321033210335
13101,India,Sweet potatoes,2005,88477,1083.0,35342.0,24.12,8847.7,26121.960000000003,0.0,1172889.0,581.7744,32.603321033210335
13102,India,Sweet potatoes,2005,88477,1083.0,35342.0,25.48,8847.7,27594.84,0.0,1172889.0,649.2304,32.603321033210335
13103,India,Sweet potatoes,2005,88477,1083.0,35342.0,25.82,8847.7,27963.06,0.0,1172889.0,666.6724,32.603321033210335
13104,India,Sweet potatoes,2005,88477,1083.0,35342.0,25.72,8847.7,27854.76,0.0,1172889.0,661.5183999999999,32.603321033210335
13105,India,Sweet potatoes,2005,88477,1083.0,35342.0,26.73,8847.7,28948.59,0.0,1172889.0,714.4929000000001,32.603321033210335
13106,India,Sweet potatoes,2005,88477,1083.0,35342.0,27.49,8847.7,29771.67,0.0,1172889.0,755.7000999999999,32.603321033210335
13107,India,Sweet potatoes,2005,88477,1083.0,35342.0,25.4,8847.7,27508.199999999997,0.0,1172889.0,645.16,32.603321033210335
13108,India,Sweet potatoes,2005,88477,1083.0,35342.0,25.77,8847.7,27908.91,0.0,1172889.0,664.0929,32.603321033210335
13109,India,Sweet potatoes,2005,88477,1083.0,35342.0,25.62,8847.7,27746.460000000003,0.0,1172889.0,656.3844,32.603321033210335
13110,India,Sweet potatoes,2005,88477,1083.0,35342.0,24.12,8847.7,26121.960000000003,0.0,1172889.0,581.7744,32.603321033210335
13111,India,Sweet potatoes,2005,88477,1083.0,35342.0,26.23,8847.7,28407.09,0.0,1172889.0,688.0129000000001,32.603321033210335
13112,India,Sweet potatoes,2005,88477,1083.0,35342.0,25.72,8847.7,27854.76,0.0,1172889.0,661.5183999999999,32.603321033210335
13113,India,Sweet potatoes,2005,88477,1083.0,35342.0,26.11,8847.7,28277.13,0.0,1172889.0,681.7321,32.603321033210335
13114,India,Sweet potatoes,2005,88477,1083.0,35342.0,25.09,8847.7,27172.47,0.0,1172889.0,629.5081,32.603321033210335
13115,India,Sweet potatoes,2005,88477,1083.0,35342.0,26.51,8847.7,28710.33,0.0,1172889.0,702.7801000000001,32.603321033210335
13116,India,Sweet potatoes,2005,88477,1083.0,35342.0,25.07,8847.7,27150.81,0.0,1172889.0,628.5049,32.603321033210335
13117,India,Sweet potatoes,2005,88477,1083.0,35342.0,26.72,8847.7,28937.76,0.0,1172889.0,713.9584,32.603321033210335
13118,India,Sweet potatoes,2005,88477,1083.0,35342.0,26.72,8847.7,28937.76,0.0,1172889.0,713.9584,32.603321033210335
13119,India,Sweet potatoes,2005,88477,1083.0,35342.0,26.3,8847.7,28482.9,0.0,1172889.0,691.69,32.603321033210335
13120,India,Wheat,2005,26016,1083.0,35342.0,25.85,2601.6,27995.550000000003,0.0,1172889.0,668.2225000000001,32.603321033210335
13121,India,Wheat,2005,26016,1083.0,35342.0,26.83,2601.6,29056.89,0.0,1172889.0,719.8489,32.603321033210335
13122,India,Wheat,2005,26016,1083.0,35342.0,26.28,2601.6,28461.24,0.0,1172889.0,690.6384,32.603321033210335
13123,India,Wheat,2005,26016,1083.0,35342.0,24.12,2601.6,26121.960000000003,0.0,1172889.0,581.7744,32.603321033210335
13124,India,Wheat,2005,26016,1083.0,35342.0,25.48,2601.6,27594.84,0.0,1172889.0,649.2304,32.603321033210335
13125,India,Wheat,2005,26016,1083.0,35342.0,25.82,2601.6,27963.06,0.0,1172889.0,666.6724,32.603321033210335
13126,India,Wheat,2005,26016,1083.0,35342.0,25.72,2601.6,27854.76,0.0,1172889.0,661.5183999999999,32.603321033210335
13127,India,Wheat,2005,26016,1083.0,35342.0,26.73,2601.6,28948.59,0.0,1172889.0,714.4929000000001,32.603321033210335
13128,India,Wheat,2005,26016,1083.0,35342.0,27.49,2601.6,29771.67,0.0,1172889.0,755.7000999999999,32.603321033210335
13129,India,Wheat,2005,26016,1083.0,35342.0,25.4,2601.6,27508.199999999997,0.0,1172889.0,645.16,32.603321033210335
13130,India,Wheat,2005,26016,1083.0,35342.0,25.77,2601.6,27908.91,0.0,1172889.0,664.0929,32.603321033210335
13131,India,Wheat,2005,26016,1083.0,35342.0,25.62,2601.6,27746.460000000003,0.0,1172889.0,656.3844,32.603321033210335
13132,India,Wheat,2005,26016,1083.0,35342.0,24.12,2601.6,26121.960000000003,0.0,1172889.0,581.7744,32.603321033210335
13133,India,Wheat,2005,26016,1083.0,35342.0,26.23,2601.6,28407.09,0.0,1172889.0,688.0129000000001,32.603321033210335
13134,India,Wheat,2005,26016,1083.0,35342.0,25.72,2601.6,27854.76,0.0,1172889.0,661.5183999999999,32.603321033210335
13135,India,Wheat,2005,26016,1083.0,35342.0,26.11,2601.6,28277.13,0.0,1172889.0,681.7321,32.603321033210335
13136,India,Wheat,2005,26016,1083.0,35342.0,25.09,2601.6,27172.47,0.0,1172889.0,629.5081,32.603321033210335
13137,India,Wheat,2005,26016,1083.0,35342.0,26.51,2601.6,28710.33,0.0,1172889.0,702.7801000000001,32.603321033210335
13138,India,Wheat,2005,26016,1083.0,35342.0,25.07,2601.6,27150.81,0.0,1172889.0,628.5049,32.603321033210335
13139,India,Wheat,2005,26016,1083.0,35342.0,26.72,2601.6,28937.76,0.0,1172889.0,713.9584,32.603321033210335
13140,India,Wheat,2005,26016,1083.0,35342.0,26.72,2601.6,28937.76,0.0,1172889.0,713.9584,32.603321033210335
13141,India,Wheat,2005,26016,1083.0,35342.0,26.3,2601.6,28482.9,0.0,1172889.0,691.69,32.603321033210335
13142,India,Cassava,2006,321132,1083.0,37423.0,26.34,32113.2,28526.22,0.0,1172889.0,693.7956,34.52306273062731
13143,India,Cassava,2006,321132,1083.0,37423.0,27.28,32113.2,29544.24,0.0,1172889.0,744.1984000000001,34.52306273062731
13144,India,Cassava,2006,321132,1083.0,37423.0,26.39,32113.2,28580.37,0.0,1172889.0,696.4321,34.52306273062731
13145,India,Cassava,2006,321132,1083.0,37423.0,24.72,32113.2,26771.76,0.0,1172889.0,611.0784,34.52306273062731
13146,India,Cassava,2006,321132,1083.0,37423.0,25.42,32113.2,27529.86,0.0,1172889.0,646.1764000000001,34.52306273062731
13147,India,Cassava,2006,321132,1083.0,37423.0,26.04,32113.2,28201.32,0.0,1172889.0,678.0816,34.52306273062731
13148,India,Cassava,2006,321132,1083.0,37423.0,26.37,32113.2,28558.710000000003,0.0,1172889.0,695.3769000000001,34.52306273062731
13149,India,Cassava,2006,321132,1083.0,37423.0,26.99,32113.2,29230.17,0.0,1172889.0,728.4600999999999,34.52306273062731
13150,India,Cassava,2006,321132,1083.0,37423.0,27.47,32113.2,29750.01,0.0,1172889.0,754.6008999999999,34.52306273062731
13151,India,Cassava,2006,321132,1083.0,37423.0,25.78,32113.2,27919.74,0.0,1172889.0,664.6084000000001,34.52306273062731
13152,India,Cassava,2006,321132,1083.0,37423.0,26.43,32113.2,28623.69,0.0,1172889.0,698.5449,34.52306273062731
13153,India,Cassava,2006,321132,1083.0,37423.0,25.85,32113.2,27995.550000000003,0.0,1172889.0,668.2225000000001,34.52306273062731
13154,India,Cassava,2006,321132,1083.0,37423.0,24.72,32113.2,26771.76,0.0,1172889.0,611.0784,34.52306273062731
13155,India,Cassava,2006,321132,1083.0,37423.0,26.37,32113.2,28558.710000000003,0.0,1172889.0,695.3769000000001,34.52306273062731
13156,India,Cassava,2006,321132,1083.0,37423.0,26.37,32113.2,28558.710000000003,0.0,1172889.0,695.3769000000001,34.52306273062731
13157,India,Cassava,2006,321132,1083.0,37423.0,26.13,32113.2,28298.789999999997,0.0,1172889.0,682.7769,34.52306273062731
13158,India,Cassava,2006,321132,1083.0,37423.0,25.31,32113.2,27410.73,0.0,1172889.0,640.5961,34.52306273062731
13159,India,Cassava,2006,321132,1083.0,37423.0,26.94,32113.2,29176.02,0.0,1172889.0,725.7636000000001,34.52306273062731
13160,India,Cassava,2006,321132,1083.0,37423.0,24.98,32113.2,27053.34,0.0,1172889.0,624.0004,34.52306273062731
13161,India,Cassava,2006,321132,1083.0,37423.0,27.15,32113.2,29403.449999999997,0.0,1172889.0,737.1225,34.52306273062731
13162,India,Cassava,2006,321132,1083.0,37423.0,27.15,32113.2,29403.449999999997,0.0,1172889.0,737.1225,34.52306273062731
13163,India,Cassava,2006,321132,1083.0,37423.0,26.28,32113.2,28461.24,0.0,1172889.0,690.6384,34.52306273062731
13164,India,Maize,2006,19125,1083.0,37423.0,26.34,1912.5,28526.22,0.0,1172889.0,693.7956,34.52306273062731
13165,India,Maize,2006,19125,1083.0,37423.0,27.28,1912.5,29544.24,0.0,1172889.0,744.1984000000001,34.52306273062731
13166,India,Maize,2006,19125,1083.0,37423.0,26.39,1912.5,28580.37,0.0,1172889.0,696.4321,34.52306273062731
13167,India,Maize,2006,19125,1083.0,37423.0,24.72,1912.5,26771.76,0.0,1172889.0,611.0784,34.52306273062731
13168,India,Maize,2006,19125,1083.0,37423.0,25.42,1912.5,27529.86,0.0,1172889.0,646.1764000000001,34.52306273062731
13169,India,Maize,2006,19125,1083.0,37423.0,26.04,1912.5,28201.32,0.0,1172889.0,678.0816,34.52306273062731
13170,India,Maize,2006,19125,1083.0,37423.0,26.37,1912.5,28558.710000000003,0.0,1172889.0,695.3769000000001,34.52306273062731
13171,India,Maize,2006,19125,1083.0,37423.0,26.99,1912.5,29230.17,0.0,1172889.0,728.4600999999999,34.52306273062731
13172,India,Maize,2006,19125,1083.0,37423.0,27.47,1912.5,29750.01,0.0,1172889.0,754.6008999999999,34.52306273062731
13173,India,Maize,2006,19125,1083.0,37423.0,25.78,1912.5,27919.74,0.0,1172889.0,664.6084000000001,34.52306273062731
13174,India,Maize,2006,19125,1083.0,37423.0,26.43,1912.5,28623.69,0.0,1172889.0,698.5449,34.52306273062731
13175,India,Maize,2006,19125,1083.0,37423.0,25.85,1912.5,27995.550000000003,0.0,1172889.0,668.2225000000001,34.52306273062731
13176,India,Maize,2006,19125,1083.0,37423.0,24.72,1912.5,26771.76,0.0,1172889.0,611.0784,34.52306273062731
13177,India,Maize,2006,19125,1083.0,37423.0,26.37,1912.5,28558.710000000003,0.0,1172889.0,695.3769000000001,34.52306273062731
13178,India,Maize,2006,19125,1083.0,37423.0,26.37,1912.5,28558.710000000003,0.0,1172889.0,695.3769000000001,34.52306273062731
13179,India,Maize,2006,19125,1083.0,37423.0,26.13,1912.5,28298.789999999997,0.0,1172889.0,682.7769,34.52306273062731
13180,India,Maize,2006,19125,1083.0,37423.0,25.31,1912.5,27410.73,0.0,1172889.0,640.5961,34.52306273062731
13181,India,Maize,2006,19125,1083.0,37423.0,26.94,1912.5,29176.02,0.0,1172889.0,725.7636000000001,34.52306273062731
13182,India,Maize,2006,19125,1083.0,37423.0,24.98,1912.5,27053.34,0.0,1172889.0,624.0004,34.52306273062731
13183,India,Maize,2006,19125,1083.0,37423.0,27.15,1912.5,29403.449999999997,0.0,1172889.0,737.1225,34.52306273062731
13184,India,Maize,2006,19125,1083.0,37423.0,27.15,1912.5,29403.449999999997,0.0,1172889.0,737.1225,34.52306273062731
13185,India,Maize,2006,19125,1083.0,37423.0,26.28,1912.5,28461.24,0.0,1172889.0,690.6384,34.52306273062731
13186,India,Potatoes,2006,185920,1083.0,37423.0,26.34,18592.0,28526.22,0.0,1172889.0,693.7956,34.52306273062731
13187,India,Potatoes,2006,185920,1083.0,37423.0,27.28,18592.0,29544.24,0.0,1172889.0,744.1984000000001,34.52306273062731
13188,India,Potatoes,2006,185920,1083.0,37423.0,26.39,18592.0,28580.37,0.0,1172889.0,696.4321,34.52306273062731
13189,India,Potatoes,2006,185920,1083.0,37423.0,24.72,18592.0,26771.76,0.0,1172889.0,611.0784,34.52306273062731
13190,India,Potatoes,2006,185920,1083.0,37423.0,25.42,18592.0,27529.86,0.0,1172889.0,646.1764000000001,34.52306273062731
13191,India,Potatoes,2006,185920,1083.0,37423.0,26.04,18592.0,28201.32,0.0,1172889.0,678.0816,34.52306273062731
13192,India,Potatoes,2006,185920,1083.0,37423.0,26.37,18592.0,28558.710000000003,0.0,1172889.0,695.3769000000001,34.52306273062731
13193,India,Potatoes,2006,185920,1083.0,37423.0,26.99,18592.0,29230.17,0.0,1172889.0,728.4600999999999,34.52306273062731
13194,India,Potatoes,2006,185920,1083.0,37423.0,27.47,18592.0,29750.01,0.0,1172889.0,754.6008999999999,34.52306273062731
13195,India,Potatoes,2006,185920,1083.0,37423.0,25.78,18592.0,27919.74,0.0,1172889.0,664.6084000000001,34.52306273062731
13196,India,Potatoes,2006,185920,1083.0,37423.0,26.43,18592.0,28623.69,0.0,1172889.0,698.5449,34.52306273062731
13197,India,Potatoes,2006,185920,1083.0,37423.0,25.85,18592.0,27995.550000000003,0.0,1172889.0,668.2225000000001,34.52306273062731
13198,India,Potatoes,2006,185920,1083.0,37423.0,24.72,18592.0,26771.76,0.0,1172889.0,611.0784,34.52306273062731
13199,India,Potatoes,2006,185920,1083.0,37423.0,26.37,18592.0,28558.710000000003,0.0,1172889.0,695.3769000000001,34.52306273062731
13200,India,Potatoes,2006,185920,1083.0,37423.0,26.37,18592.0,28558.710000000003,0.0,1172889.0,695.3769000000001,34.52306273062731
13201,India,Potatoes,2006,185920,1083.0,37423.0,26.13,18592.0,28298.789999999997,0.0,1172889.0,682.7769,34.52306273062731
13202,India,Potatoes,2006,185920,1083.0,37423.0,25.31,18592.0,27410.73,0.0,1172889.0,640.5961,34.52306273062731
13203,India,Potatoes,2006,185920,1083.0,37423.0,26.94,18592.0,29176.02,0.0,1172889.0,725.7636000000001,34.52306273062731
13204,India,Potatoes,2006,185920,1083.0,37423.0,24.98,18592.0,27053.34,0.0,1172889.0,624.0004,34.52306273062731
13205,India,Potatoes,2006,185920,1083.0,37423.0,27.15,18592.0,29403.449999999997,0.0,1172889.0,737.1225,34.52306273062731
13206,India,Potatoes,2006,185920,1083.0,37423.0,27.15,18592.0,29403.449999999997,0.0,1172889.0,737.1225,34.52306273062731
13207,India,Potatoes,2006,185920,1083.0,37423.0,26.28,18592.0,28461.24,0.0,1172889.0,690.6384,34.52306273062731
13208,India,"Rice, paddy",2006,31759,1083.0,37423.0,26.34,3175.9,28526.22,0.0,1172889.0,693.7956,34.52306273062731
13209,India,"Rice, paddy",2006,31759,1083.0,37423.0,27.28,3175.9,29544.24,0.0,1172889.0,744.1984000000001,34.52306273062731
13210,India,"Rice, paddy",2006,31759,1083.0,37423.0,26.39,3175.9,28580.37,0.0,1172889.0,696.4321,34.52306273062731
13211,India,"Rice, paddy",2006,31759,1083.0,37423.0,24.72,3175.9,26771.76,0.0,1172889.0,611.0784,34.52306273062731
13212,India,"Rice, paddy",2006,31759,1083.0,37423.0,25.42,3175.9,27529.86,0.0,1172889.0,646.1764000000001,34.52306273062731
13213,India,"Rice, paddy",2006,31759,1083.0,37423.0,26.04,3175.9,28201.32,0.0,1172889.0,678.0816,34.52306273062731
13214,India,"Rice, paddy",2006,31759,1083.0,37423.0,26.37,3175.9,28558.710000000003,0.0,1172889.0,695.3769000000001,34.52306273062731
13215,India,"Rice, paddy",2006,31759,1083.0,37423.0,26.99,3175.9,29230.17,0.0,1172889.0,728.4600999999999,34.52306273062731
13216,India,"Rice, paddy",2006,31759,1083.0,37423.0,27.47,3175.9,29750.01,0.0,1172889.0,754.6008999999999,34.52306273062731
13217,India,"Rice, paddy",2006,31759,1083.0,37423.0,25.78,3175.9,27919.74,0.0,1172889.0,664.6084000000001,34.52306273062731
13218,India,"Rice, paddy",2006,31759,1083.0,37423.0,26.43,3175.9,28623.69,0.0,1172889.0,698.5449,34.52306273062731
13219,India,"Rice, paddy",2006,31759,1083.0,37423.0,25.85,3175.9,27995.550000000003,0.0,1172889.0,668.2225000000001,34.52306273062731
13220,India,"Rice, paddy",2006,31759,1083.0,37423.0,24.72,3175.9,26771.76,0.0,1172889.0,611.0784,34.52306273062731
13221,India,"Rice, paddy",2006,31759,1083.0,37423.0,26.37,3175.9,28558.710000000003,0.0,1172889.0,695.3769000000001,34.52306273062731
13222,India,"Rice, paddy",2006,31759,1083.0,37423.0,26.37,3175.9,28558.710000000003,0.0,1172889.0,695.3769000000001,34.52306273062731
13223,India,"Rice, paddy",2006,31759,1083.0,37423.0,26.13,3175.9,28298.789999999997,0.0,1172889.0,682.7769,34.52306273062731
13224,India,"Rice, paddy",2006,31759,1083.0,37423.0,25.31,3175.9,27410.73,0.0,1172889.0,640.5961,34.52306273062731
13225,India,"Rice, paddy",2006,31759,1083.0,37423.0,26.94,3175.9,29176.02,0.0,1172889.0,725.7636000000001,34.52306273062731
13226,India,"Rice, paddy",2006,31759,1083.0,37423.0,24.98,3175.9,27053.34,0.0,1172889.0,624.0004,34.52306273062731
13227,India,"Rice, paddy",2006,31759,1083.0,37423.0,27.15,3175.9,29403.449999999997,0.0,1172889.0,737.1225,34.52306273062731
13228,India,"Rice, paddy",2006,31759,1083.0,37423.0,27.15,3175.9,29403.449999999997,0.0,1172889.0,737.1225,34.52306273062731
13229,India,"Rice, paddy",2006,31759,1083.0,37423.0,26.28,3175.9,28461.24,0.0,1172889.0,690.6384,34.52306273062731
13230,India,Sorghum,2006,8803,1083.0,37423.0,26.34,880.3,28526.22,0.0,1172889.0,693.7956,34.52306273062731
13231,India,Sorghum,2006,8803,1083.0,37423.0,27.28,880.3,29544.24,0.0,1172889.0,744.1984000000001,34.52306273062731
13232,India,Sorghum,2006,8803,1083.0,37423.0,26.39,880.3,28580.37,0.0,1172889.0,696.4321,34.52306273062731
13233,India,Sorghum,2006,8803,1083.0,37423.0,24.72,880.3,26771.76,0.0,1172889.0,611.0784,34.52306273062731
13234,India,Sorghum,2006,8803,1083.0,37423.0,25.42,880.3,27529.86,0.0,1172889.0,646.1764000000001,34.52306273062731
13235,India,Sorghum,2006,8803,1083.0,37423.0,26.04,880.3,28201.32,0.0,1172889.0,678.0816,34.52306273062731
13236,India,Sorghum,2006,8803,1083.0,37423.0,26.37,880.3,28558.710000000003,0.0,1172889.0,695.3769000000001,34.52306273062731
13237,India,Sorghum,2006,8803,1083.0,37423.0,26.99,880.3,29230.17,0.0,1172889.0,728.4600999999999,34.52306273062731
13238,India,Sorghum,2006,8803,1083.0,37423.0,27.47,880.3,29750.01,0.0,1172889.0,754.6008999999999,34.52306273062731
13239,India,Sorghum,2006,8803,1083.0,37423.0,25.78,880.3,27919.74,0.0,1172889.0,664.6084000000001,34.52306273062731
13240,India,Sorghum,2006,8803,1083.0,37423.0,26.43,880.3,28623.69,0.0,1172889.0,698.5449,34.52306273062731
13241,India,Sorghum,2006,8803,1083.0,37423.0,25.85,880.3,27995.550000000003,0.0,1172889.0,668.2225000000001,34.52306273062731
13242,India,Sorghum,2006,8803,1083.0,37423.0,24.72,880.3,26771.76,0.0,1172889.0,611.0784,34.52306273062731
13243,India,Sorghum,2006,8803,1083.0,37423.0,26.37,880.3,28558.710000000003,0.0,1172889.0,695.3769000000001,34.52306273062731
13244,India,Sorghum,2006,8803,1083.0,37423.0,26.37,880.3,28558.710000000003,0.0,1172889.0,695.3769000000001,34.52306273062731
13245,India,Sorghum,2006,8803,1083.0,37423.0,26.13,880.3,28298.789999999997,0.0,1172889.0,682.7769,34.52306273062731
13246,India,Sorghum,2006,8803,1083.0,37423.0,25.31,880.3,27410.73,0.0,1172889.0,640.5961,34.52306273062731
13247,India,Sorghum,2006,8803,1083.0,37423.0,26.94,880.3,29176.02,0.0,1172889.0,725.7636000000001,34.52306273062731
13248,India,Sorghum,2006,8803,1083.0,37423.0,24.98,880.3,27053.34,0.0,1172889.0,624.0004,34.52306273062731
13249,India,Sorghum,2006,8803,1083.0,37423.0,27.15,880.3,29403.449999999997,0.0,1172889.0,737.1225,34.52306273062731
13250,India,Sorghum,2006,8803,1083.0,37423.0,27.15,880.3,29403.449999999997,0.0,1172889.0,737.1225,34.52306273062731
13251,India,Sorghum,2006,8803,1083.0,37423.0,26.28,880.3,28461.24,0.0,1172889.0,690.6384,34.52306273062731
13252,India,Soybeans,2006,10628,1083.0,37423.0,26.34,1062.8,28526.22,0.0,1172889.0,693.7956,34.52306273062731
13253,India,Soybeans,2006,10628,1083.0,37423.0,27.28,1062.8,29544.24,0.0,1172889.0,744.1984000000001,34.52306273062731
13254,India,Soybeans,2006,10628,1083.0,37423.0,26.39,1062.8,28580.37,0.0,1172889.0,696.4321,34.52306273062731
13255,India,Soybeans,2006,10628,1083.0,37423.0,24.72,1062.8,26771.76,0.0,1172889.0,611.0784,34.52306273062731
13256,India,Soybeans,2006,10628,1083.0,37423.0,25.42,1062.8,27529.86,0.0,1172889.0,646.1764000000001,34.52306273062731
13257,India,Soybeans,2006,10628,1083.0,37423.0,26.04,1062.8,28201.32,0.0,1172889.0,678.0816,34.52306273062731
13258,India,Soybeans,2006,10628,1083.0,37423.0,26.37,1062.8,28558.710000000003,0.0,1172889.0,695.3769000000001,34.52306273062731
13259,India,Soybeans,2006,10628,1083.0,37423.0,26.99,1062.8,29230.17,0.0,1172889.0,728.4600999999999,34.52306273062731
13260,India,Soybeans,2006,10628,1083.0,37423.0,27.47,1062.8,29750.01,0.0,1172889.0,754.6008999999999,34.52306273062731
13261,India,Soybeans,2006,10628,1083.0,37423.0,25.78,1062.8,27919.74,0.0,1172889.0,664.6084000000001,34.52306273062731
13262,India,Soybeans,2006,10628,1083.0,37423.0,26.43,1062.8,28623.69,0.0,1172889.0,698.5449,34.52306273062731
13263,India,Soybeans,2006,10628,1083.0,37423.0,25.85,1062.8,27995.550000000003,0.0,1172889.0,668.2225000000001,34.52306273062731
13264,India,Soybeans,2006,10628,1083.0,37423.0,24.72,1062.8,26771.76,0.0,1172889.0,611.0784,34.52306273062731
13265,India,Soybeans,2006,10628,1083.0,37423.0,26.37,1062.8,28558.710000000003,0.0,1172889.0,695.3769000000001,34.52306273062731
13266,India,Soybeans,2006,10628,1083.0,37423.0,26.37,1062.8,28558.710000000003,0.0,1172889.0,695.3769000000001,34.52306273062731
13267,India,Soybeans,2006,10628,1083.0,37423.0,26.13,1062.8,28298.789999999997,0.0,1172889.0,682.7769,34.52306273062731
13268,India,Soybeans,2006,10628,1083.0,37423.0,25.31,1062.8,27410.73,0.0,1172889.0,640.5961,34.52306273062731
13269,India,Soybeans,2006,10628,1083.0,37423.0,26.94,1062.8,29176.02,0.0,1172889.0,725.7636000000001,34.52306273062731
13270,India,Soybeans,2006,10628,1083.0,37423.0,24.98,1062.8,27053.34,0.0,1172889.0,624.0004,34.52306273062731
13271,India,Soybeans,2006,10628,1083.0,37423.0,27.15,1062.8,29403.449999999997,0.0,1172889.0,737.1225,34.52306273062731
13272,India,Soybeans,2006,10628,1083.0,37423.0,27.15,1062.8,29403.449999999997,0.0,1172889.0,737.1225,34.52306273062731
13273,India,Soybeans,2006,10628,1083.0,37423.0,26.28,1062.8,28461.24,0.0,1172889.0,690.6384,34.52306273062731
13274,India,Sweet potatoes,2006,86849,1083.0,37423.0,26.34,8684.9,28526.22,0.0,1172889.0,693.7956,34.52306273062731
13275,India,Sweet potatoes,2006,86849,1083.0,37423.0,27.28,8684.9,29544.24,0.0,1172889.0,744.1984000000001,34.52306273062731
13276,India,Sweet potatoes,2006,86849,1083.0,37423.0,26.39,8684.9,28580.37,0.0,1172889.0,696.4321,34.52306273062731
13277,India,Sweet potatoes,2006,86849,1083.0,37423.0,24.72,8684.9,26771.76,0.0,1172889.0,611.0784,34.52306273062731
13278,India,Sweet potatoes,2006,86849,1083.0,37423.0,25.42,8684.9,27529.86,0.0,1172889.0,646.1764000000001,34.52306273062731
13279,India,Sweet potatoes,2006,86849,1083.0,37423.0,26.04,8684.9,28201.32,0.0,1172889.0,678.0816,34.52306273062731
13280,India,Sweet potatoes,2006,86849,1083.0,37423.0,26.37,8684.9,28558.710000000003,0.0,1172889.0,695.3769000000001,34.52306273062731
13281,India,Sweet potatoes,2006,86849,1083.0,37423.0,26.99,8684.9,29230.17,0.0,1172889.0,728.4600999999999,34.52306273062731
13282,India,Sweet potatoes,2006,86849,1083.0,37423.0,27.47,8684.9,29750.01,0.0,1172889.0,754.6008999999999,34.52306273062731
13283,India,Sweet potatoes,2006,86849,1083.0,37423.0,25.78,8684.9,27919.74,0.0,1172889.0,664.6084000000001,34.52306273062731
13284,India,Sweet potatoes,2006,86849,1083.0,37423.0,26.43,8684.9,28623.69,0.0,1172889.0,698.5449,34.52306273062731
13285,India,Sweet potatoes,2006,86849,1083.0,37423.0,25.85,8684.9,27995.550000000003,0.0,1172889.0,668.2225000000001,34.52306273062731
13286,India,Sweet potatoes,2006,86849,1083.0,37423.0,24.72,8684.9,26771.76,0.0,1172889.0,611.0784,34.52306273062731
13287,India,Sweet potatoes,2006,86849,1083.0,37423.0,26.37,8684.9,28558.710000000003,0.0,1172889.0,695.3769000000001,34.52306273062731
13288,India,Sweet potatoes,2006,86849,1083.0,37423.0,26.37,8684.9,28558.710000000003,0.0,1172889.0,695.3769000000001,34.52306273062731
13289,India,Sweet potatoes,2006,86849,1083.0,37423.0,26.13,8684.9,28298.789999999997,0.0,1172889.0,682.7769,34.52306273062731
13290,India,Sweet potatoes,2006,86849,1083.0,37423.0,25.31,8684.9,27410.73,0.0,1172889.0,640.5961,34.52306273062731
13291,India,Sweet potatoes,2006,86849,1083.0,37423.0,26.94,8684.9,29176.02,0.0,1172889.0,725.7636000000001,34.52306273062731
13292,India,Sweet potatoes,2006,86849,1083.0,37423.0,24.98,8684.9,27053.34,0.0,1172889.0,624.0004,34.52306273062731
13293,India,Sweet potatoes,2006,86849,1083.0,37423.0,27.15,8684.9,29403.449999999997,0.0,1172889.0,737.1225,34.52306273062731
13294,India,Sweet potatoes,2006,86849,1083.0,37423.0,27.15,8684.9,29403.449999999997,0.0,1172889.0,737.1225,34.52306273062731
13295,India,Sweet potatoes,2006,86849,1083.0,37423.0,26.28,8684.9,28461.24,0.0,1172889.0,690.6384,34.52306273062731
13296,India,Wheat,2006,26188,1083.0,37423.0,26.34,2618.8,28526.22,0.0,1172889.0,693.7956,34.52306273062731
13297,India,Wheat,2006,26188,1083.0,37423.0,27.28,2618.8,29544.24,0.0,1172889.0,744.1984000000001,34.52306273062731
13298,India,Wheat,2006,26188,1083.0,37423.0,26.39,2618.8,28580.37,0.0,1172889.0,696.4321,34.52306273062731
13299,India,Wheat,2006,26188,1083.0,37423.0,24.72,2618.8,26771.76,0.0,1172889.0,611.0784,34.52306273062731
13300,India,Wheat,2006,26188,1083.0,37423.0,25.42,2618.8,27529.86,0.0,1172889.0,646.1764000000001,34.52306273062731
13301,India,Wheat,2006,26188,1083.0,37423.0,26.04,2618.8,28201.32,0.0,1172889.0,678.0816,34.52306273062731
13302,India,Wheat,2006,26188,1083.0,37423.0,26.37,2618.8,28558.710000000003,0.0,1172889.0,695.3769000000001,34.52306273062731
13303,India,Wheat,2006,26188,1083.0,37423.0,26.99,2618.8,29230.17,0.0,1172889.0,728.4600999999999,34.52306273062731
13304,India,Wheat,2006,26188,1083.0,37423.0,27.47,2618.8,29750.01,0.0,1172889.0,754.6008999999999,34.52306273062731
13305,India,Wheat,2006,26188,1083.0,37423.0,25.78,2618.8,27919.74,0.0,1172889.0,664.6084000000001,34.52306273062731
13306,India,Wheat,2006,26188,1083.0,37423.0,26.43,2618.8,28623.69,0.0,1172889.0,698.5449,34.52306273062731
13307,India,Wheat,2006,26188,1083.0,37423.0,25.85,2618.8,27995.550000000003,0.0,1172889.0,668.2225000000001,34.52306273062731
13308,India,Wheat,2006,26188,1083.0,37423.0,24.72,2618.8,26771.76,0.0,1172889.0,611.0784,34.52306273062731
13309,India,Wheat,2006,26188,1083.0,37423.0,26.37,2618.8,28558.710000000003,0.0,1172889.0,695.3769000000001,34.52306273062731
13310,India,Wheat,2006,26188,1083.0,37423.0,26.37,2618.8,28558.710000000003,0.0,1172889.0,695.3769000000001,34.52306273062731
13311,India,Wheat,2006,26188,1083.0,37423.0,26.13,2618.8,28298.789999999997,0.0,1172889.0,682.7769,34.52306273062731
13312,India,Wheat,2006,26188,1083.0,37423.0,25.31,2618.8,27410.73,0.0,1172889.0,640.5961,34.52306273062731
13313,India,Wheat,2006,26188,1083.0,37423.0,26.94,2618.8,29176.02,0.0,1172889.0,725.7636000000001,34.52306273062731
13314,India,Wheat,2006,26188,1083.0,37423.0,24.98,2618.8,27053.34,0.0,1172889.0,624.0004,34.52306273062731
13315,India,Wheat,2006,26188,1083.0,37423.0,27.15,2618.8,29403.449999999997,0.0,1172889.0,737.1225,34.52306273062731
13316,India,Wheat,2006,26188,1083.0,37423.0,27.15,2618.8,29403.449999999997,0.0,1172889.0,737.1225,34.52306273062731
13317,India,Wheat,2006,26188,1083.0,37423.0,26.28,2618.8,28461.24,0.0,1172889.0,690.6384,34.52306273062731
13318,India,Cassava,2007,322204,1083.0,27422.77,26.0,32220.4,28158.0,0.0,1172889.0,676.0,25.297758302583027
13319,India,Cassava,2007,322204,1083.0,27422.77,27.51,32220.4,29793.33,0.0,1172889.0,756.8001,25.297758302583027
13320,India,Cassava,2007,322204,1083.0,27422.77,25.98,32220.4,28136.34,0.0,1172889.0,674.9604,25.297758302583027
13321,India,Cassava,2007,322204,1083.0,27422.77,24.6,32220.4,26641.800000000003,0.0,1172889.0,605.1600000000001,25.297758302583027
13322,India,Cassava,2007,322204,1083.0,27422.77,25.46,32220.4,27573.18,0.0,1172889.0,648.2116000000001,25.297758302583027
13323,India,Cassava,2007,322204,1083.0,27422.77,25.95,32220.4,28103.85,0.0,1172889.0,673.4024999999999,25.297758302583027
13324,India,Cassava,2007,322204,1083.0,27422.77,26.15,32220.4,28320.449999999997,0.0,1172889.0,683.8224999999999,25.297758302583027
13325,India,Cassava,2007,322204,1083.0,27422.77,26.58,32220.4,28786.14,0.0,1172889.0,706.4963999999999,25.297758302583027
13326,India,Cassava,2007,322204,1083.0,27422.77,27.55,32220.4,29836.65,0.0,1172889.0,759.0025,25.297758302583027
13327,India,Cassava,2007,322204,1083.0,27422.77,25.66,32220.4,27789.78,0.0,1172889.0,658.4356,25.297758302583027
13328,India,Cassava,2007,322204,1083.0,27422.77,26.27,32220.4,28450.41,0.0,1172889.0,690.1129,25.297758302583027
13329,India,Cassava,2007,322204,1083.0,27422.77,25.44,32220.4,27551.52,0.0,1172889.0,647.1936000000001,25.297758302583027
13330,India,Cassava,2007,322204,1083.0,27422.77,24.6,32220.4,26641.800000000003,0.0,1172889.0,605.1600000000001,25.297758302583027
13331,India,Cassava,2007,322204,1083.0,27422.77,26.39,32220.4,28580.37,0.0,1172889.0,696.4321,25.297758302583027
13332,India,Cassava,2007,322204,1083.0,27422.77,26.15,32220.4,28320.449999999997,0.0,1172889.0,683.8224999999999,25.297758302583027
13333,India,Cassava,2007,322204,1083.0,27422.77,25.59,32220.4,27713.97,0.0,1172889.0,654.8481,25.297758302583027
13334,India,Cassava,2007,322204,1083.0,27422.77,25.58,32220.4,27703.14,0.0,1172889.0,654.3363999999999,25.297758302583027
13335,India,Cassava,2007,322204,1083.0,27422.77,27.23,32220.4,29490.09,0.0,1172889.0,741.4729,25.297758302583027
13336,India,Cassava,2007,322204,1083.0,27422.77,24.59,32220.4,26630.97,0.0,1172889.0,604.6681,25.297758302583027
13337,India,Cassava,2007,322204,1083.0,27422.77,27.31,32220.4,29576.73,0.0,1172889.0,745.8360999999999,25.297758302583027
13338,India,Cassava,2007,322204,1083.0,27422.77,27.31,32220.4,29576.73,0.0,1172889.0,745.8360999999999,25.297758302583027
13339,India,Cassava,2007,322204,1083.0,27422.77,25.82,32220.4,27963.06,0.0,1172889.0,666.6724,25.297758302583027
13340,India,Maize,2007,23352,1083.0,27422.77,26.0,2335.2,28158.0,0.0,1172889.0,676.0,25.297758302583027
13341,India,Maize,2007,23352,1083.0,27422.77,27.51,2335.2,29793.33,0.0,1172889.0,756.8001,25.297758302583027
13342,India,Maize,2007,23352,1083.0,27422.77,25.98,2335.2,28136.34,0.0,1172889.0,674.9604,25.297758302583027
13343,India,Maize,2007,23352,1083.0,27422.77,24.6,2335.2,26641.800000000003,0.0,1172889.0,605.1600000000001,25.297758302583027
13344,India,Maize,2007,23352,1083.0,27422.77,25.46,2335.2,27573.18,0.0,1172889.0,648.2116000000001,25.297758302583027
13345,India,Maize,2007,23352,1083.0,27422.77,25.95,2335.2,28103.85,0.0,1172889.0,673.4024999999999,25.297758302583027
13346,India,Maize,2007,23352,1083.0,27422.77,26.15,2335.2,28320.449999999997,0.0,1172889.0,683.8224999999999,25.297758302583027
13347,India,Maize,2007,23352,1083.0,27422.77,26.58,2335.2,28786.14,0.0,1172889.0,706.4963999999999,25.297758302583027
13348,India,Maize,2007,23352,1083.0,27422.77,27.55,2335.2,29836.65,0.0,1172889.0,759.0025,25.297758302583027
13349,India,Maize,2007,23352,1083.0,27422.77,25.66,2335.2,27789.78,0.0,1172889.0,658.4356,25.297758302583027
13350,India,Maize,2007,23352,1083.0,27422.77,26.27,2335.2,28450.41,0.0,1172889.0,690.1129,25.297758302583027
13351,India,Maize,2007,23352,1083.0,27422.77,25.44,2335.2,27551.52,0.0,1172889.0,647.1936000000001,25.297758302583027
13352,India,Maize,2007,23352,1083.0,27422.77,24.6,2335.2,26641.800000000003,0.0,1172889.0,605.1600000000001,25.297758302583027
13353,India,Maize,2007,23352,1083.0,27422.77,26.39,2335.2,28580.37,0.0,1172889.0,696.4321,25.297758302583027
13354,India,Maize,2007,23352,1083.0,27422.77,26.15,2335.2,28320.449999999997,0.0,1172889.0,683.8224999999999,25.297758302583027
13355,India,Maize,2007,23352,1083.0,27422.77,25.59,2335.2,27713.97,0.0,1172889.0,654.8481,25.297758302583027
13356,India,Maize,2007,23352,1083.0,27422.77,25.58,2335.2,27703.14,0.0,1172889.0,654.3363999999999,25.297758302583027
13357,India,Maize,2007,23352,1083.0,27422.77,27.23,2335.2,29490.09,0.0,1172889.0,741.4729,25.297758302583027
13358,India,Maize,2007,23352,1083.0,27422.77,24.59,2335.2,26630.97,0.0,1172889.0,604.6681,25.297758302583027
13359,India,Maize,2007,23352,1083.0,27422.77,27.31,2335.2,29576.73,0.0,1172889.0,745.8360999999999,25.297758302583027
13360,India,Maize,2007,23352,1083.0,27422.77,27.31,2335.2,29576.73,0.0,1172889.0,745.8360999999999,25.297758302583027
13361,India,Maize,2007,23352,1083.0,27422.77,25.82,2335.2,27963.06,0.0,1172889.0,666.6724,25.297758302583027
13362,India,Potatoes,2007,164101,1083.0,27422.77,26.0,16410.1,28158.0,0.0,1172889.0,676.0,25.297758302583027
13363,India,Potatoes,2007,164101,1083.0,27422.77,27.51,16410.1,29793.33,0.0,1172889.0,756.8001,25.297758302583027
13364,India,Potatoes,2007,164101,1083.0,27422.77,25.98,16410.1,28136.34,0.0,1172889.0,674.9604,25.297758302583027
13365,India,Potatoes,2007,164101,1083.0,27422.77,24.6,16410.1,26641.800000000003,0.0,1172889.0,605.1600000000001,25.297758302583027
13366,India,Potatoes,2007,164101,1083.0,27422.77,25.46,16410.1,27573.18,0.0,1172889.0,648.2116000000001,25.297758302583027
13367,India,Potatoes,2007,164101,1083.0,27422.77,25.95,16410.1,28103.85,0.0,1172889.0,673.4024999999999,25.297758302583027
13368,India,Potatoes,2007,164101,1083.0,27422.77,26.15,16410.1,28320.449999999997,0.0,1172889.0,683.8224999999999,25.297758302583027
13369,India,Potatoes,2007,164101,1083.0,27422.77,26.58,16410.1,28786.14,0.0,1172889.0,706.4963999999999,25.297758302583027
13370,India,Potatoes,2007,164101,1083.0,27422.77,27.55,16410.1,29836.65,0.0,1172889.0,759.0025,25.297758302583027
13371,India,Potatoes,2007,164101,1083.0,27422.77,25.66,16410.1,27789.78,0.0,1172889.0,658.4356,25.297758302583027
13372,India,Potatoes,2007,164101,1083.0,27422.77,26.27,16410.1,28450.41,0.0,1172889.0,690.1129,25.297758302583027
13373,India,Potatoes,2007,164101,1083.0,27422.77,25.44,16410.1,27551.52,0.0,1172889.0,647.1936000000001,25.297758302583027
13374,India,Potatoes,2007,164101,1083.0,27422.77,24.6,16410.1,26641.800000000003,0.0,1172889.0,605.1600000000001,25.297758302583027
13375,India,Potatoes,2007,164101,1083.0,27422.77,26.39,16410.1,28580.37,0.0,1172889.0,696.4321,25.297758302583027
13376,India,Potatoes,2007,164101,1083.0,27422.77,26.15,16410.1,28320.449999999997,0.0,1172889.0,683.8224999999999,25.297758302583027
13377,India,Potatoes,2007,164101,1083.0,27422.77,25.59,16410.1,27713.97,0.0,1172889.0,654.8481,25.297758302583027
13378,India,Potatoes,2007,164101,1083.0,27422.77,25.58,16410.1,27703.14,0.0,1172889.0,654.3363999999999,25.297758302583027
13379,India,Potatoes,2007,164101,1083.0,27422.77,27.23,16410.1,29490.09,0.0,1172889.0,741.4729,25.297758302583027
13380,India,Potatoes,2007,164101,1083.0,27422.77,24.59,16410.1,26630.97,0.0,1172889.0,604.6681,25.297758302583027
13381,India,Potatoes,2007,164101,1083.0,27422.77,27.31,16410.1,29576.73,0.0,1172889.0,745.8360999999999,25.297758302583027
13382,India,Potatoes,2007,164101,1083.0,27422.77,27.31,16410.1,29576.73,0.0,1172889.0,745.8360999999999,25.297758302583027
13383,India,Potatoes,2007,164101,1083.0,27422.77,25.82,16410.1,27963.06,0.0,1172889.0,666.6724,25.297758302583027
13384,India,"Rice, paddy",2007,32924,1083.0,27422.77,26.0,3292.4,28158.0,0.0,1172889.0,676.0,25.297758302583027
13385,India,"Rice, paddy",2007,32924,1083.0,27422.77,27.51,3292.4,29793.33,0.0,1172889.0,756.8001,25.297758302583027
13386,India,"Rice, paddy",2007,32924,1083.0,27422.77,25.98,3292.4,28136.34,0.0,1172889.0,674.9604,25.297758302583027
13387,India,"Rice, paddy",2007,32924,1083.0,27422.77,24.6,3292.4,26641.800000000003,0.0,1172889.0,605.1600000000001,25.297758302583027
13388,India,"Rice, paddy",2007,32924,1083.0,27422.77,25.46,3292.4,27573.18,0.0,1172889.0,648.2116000000001,25.297758302583027
13389,India,"Rice, paddy",2007,32924,1083.0,27422.77,25.95,3292.4,28103.85,0.0,1172889.0,673.4024999999999,25.297758302583027
13390,India,"Rice, paddy",2007,32924,1083.0,27422.77,26.15,3292.4,28320.449999999997,0.0,1172889.0,683.8224999999999,25.297758302583027
13391,India,"Rice, paddy",2007,32924,1083.0,27422.77,26.58,3292.4,28786.14,0.0,1172889.0,706.4963999999999,25.297758302583027
13392,India,"Rice, paddy",2007,32924,1083.0,27422.77,27.55,3292.4,29836.65,0.0,1172889.0,759.0025,25.297758302583027
13393,India,"Rice, paddy",2007,32924,1083.0,27422.77,25.66,3292.4,27789.78,0.0,1172889.0,658.4356,25.297758302583027
13394,India,"Rice, paddy",2007,32924,1083.0,27422.77,26.27,3292.4,28450.41,0.0,1172889.0,690.1129,25.297758302583027
13395,India,"Rice, paddy",2007,32924,1083.0,27422.77,25.44,3292.4,27551.52,0.0,1172889.0,647.1936000000001,25.297758302583027
13396,India,"Rice, paddy",2007,32924,1083.0,27422.77,24.6,3292.4,26641.800000000003,0.0,1172889.0,605.1600000000001,25.297758302583027
13397,India,"Rice, paddy",2007,32924,1083.0,27422.77,26.39,3292.4,28580.37,0.0,1172889.0,696.4321,25.297758302583027
13398,India,"Rice, paddy",2007,32924,1083.0,27422.77,26.15,3292.4,28320.449999999997,0.0,1172889.0,683.8224999999999,25.297758302583027
13399,India,"Rice, paddy",2007,32924,1083.0,27422.77,25.59,3292.4,27713.97,0.0,1172889.0,654.8481,25.297758302583027
13400,India,"Rice, paddy",2007,32924,1083.0,27422.77,25.58,3292.4,27703.14,0.0,1172889.0,654.3363999999999,25.297758302583027
13401,India,"Rice, paddy",2007,32924,1083.0,27422.77,27.23,3292.4,29490.09,0.0,1172889.0,741.4729,25.297758302583027
13402,India,"Rice, paddy",2007,32924,1083.0,27422.77,24.59,3292.4,26630.97,0.0,1172889.0,604.6681,25.297758302583027
13403,India,"Rice, paddy",2007,32924,1083.0,27422.77,27.31,3292.4,29576.73,0.0,1172889.0,745.8360999999999,25.297758302583027
13404,India,"Rice, paddy",2007,32924,1083.0,27422.77,27.31,3292.4,29576.73,0.0,1172889.0,745.8360999999999,25.297758302583027
13405,India,"Rice, paddy",2007,32924,1083.0,27422.77,25.82,3292.4,27963.06,0.0,1172889.0,666.6724,25.297758302583027
13406,India,Sorghum,2007,8443,1083.0,27422.77,26.0,844.3,28158.0,0.0,1172889.0,676.0,25.297758302583027
13407,India,Sorghum,2007,8443,1083.0,27422.77,27.51,844.3,29793.33,0.0,1172889.0,756.8001,25.297758302583027
13408,India,Sorghum,2007,8443,1083.0,27422.77,25.98,844.3,28136.34,0.0,1172889.0,674.9604,25.297758302583027
13409,India,Sorghum,2007,8443,1083.0,27422.77,24.6,844.3,26641.800000000003,0.0,1172889.0,605.1600000000001,25.297758302583027
13410,India,Sorghum,2007,8443,1083.0,27422.77,25.46,844.3,27573.18,0.0,1172889.0,648.2116000000001,25.297758302583027
13411,India,Sorghum,2007,8443,1083.0,27422.77,25.95,844.3,28103.85,0.0,1172889.0,673.4024999999999,25.297758302583027
13412,India,Sorghum,2007,8443,1083.0,27422.77,26.15,844.3,28320.449999999997,0.0,1172889.0,683.8224999999999,25.297758302583027
13413,India,Sorghum,2007,8443,1083.0,27422.77,26.58,844.3,28786.14,0.0,1172889.0,706.4963999999999,25.297758302583027
13414,India,Sorghum,2007,8443,1083.0,27422.77,27.55,844.3,29836.65,0.0,1172889.0,759.0025,25.297758302583027
13415,India,Sorghum,2007,8443,1083.0,27422.77,25.66,844.3,27789.78,0.0,1172889.0,658.4356,25.297758302583027
13416,India,Sorghum,2007,8443,1083.0,27422.77,26.27,844.3,28450.41,0.0,1172889.0,690.1129,25.297758302583027
13417,India,Sorghum,2007,8443,1083.0,27422.77,25.44,844.3,27551.52,0.0,1172889.0,647.1936000000001,25.297758302583027
13418,India,Sorghum,2007,8443,1083.0,27422.77,24.6,844.3,26641.800000000003,0.0,1172889.0,605.1600000000001,25.297758302583027
13419,India,Sorghum,2007,8443,1083.0,27422.77,26.39,844.3,28580.37,0.0,1172889.0,696.4321,25.297758302583027
13420,India,Sorghum,2007,8443,1083.0,27422.77,26.15,844.3,28320.449999999997,0.0,1172889.0,683.8224999999999,25.297758302583027
13421,India,Sorghum,2007,8443,1083.0,27422.77,25.59,844.3,27713.97,0.0,1172889.0,654.8481,25.297758302583027
13422,India,Sorghum,2007,8443,1083.0,27422.77,25.58,844.3,27703.14,0.0,1172889.0,654.3363999999999,25.297758302583027
13423,India,Sorghum,2007,8443,1083.0,27422.77,27.23,844.3,29490.09,0.0,1172889.0,741.4729,25.297758302583027
13424,India,Sorghum,2007,8443,1083.0,27422.77,24.59,844.3,26630.97,0.0,1172889.0,604.6681,25.297758302583027
13425,India,Sorghum,2007,8443,1083.0,27422.77,27.31,844.3,29576.73,0.0,1172889.0,745.8360999999999,25.297758302583027
13426,India,Sorghum,2007,8443,1083.0,27422.77,27.31,844.3,29576.73,0.0,1172889.0,745.8360999999999,25.297758302583027
13427,India,Sorghum,2007,8443,1083.0,27422.77,25.82,844.3,27963.06,0.0,1172889.0,666.6724,25.297758302583027
13428,India,Soybeans,2007,12351,1083.0,27422.77,26.0,1235.1,28158.0,0.0,1172889.0,676.0,25.297758302583027
13429,India,Soybeans,2007,12351,1083.0,27422.77,27.51,1235.1,29793.33,0.0,1172889.0,756.8001,25.297758302583027
13430,India,Soybeans,2007,12351,1083.0,27422.77,25.98,1235.1,28136.34,0.0,1172889.0,674.9604,25.297758302583027
13431,India,Soybeans,2007,12351,1083.0,27422.77,24.6,1235.1,26641.800000000003,0.0,1172889.0,605.1600000000001,25.297758302583027
13432,India,Soybeans,2007,12351,1083.0,27422.77,25.46,1235.1,27573.18,0.0,1172889.0,648.2116000000001,25.297758302583027
13433,India,Soybeans,2007,12351,1083.0,27422.77,25.95,1235.1,28103.85,0.0,1172889.0,673.4024999999999,25.297758302583027
13434,India,Soybeans,2007,12351,1083.0,27422.77,26.15,1235.1,28320.449999999997,0.0,1172889.0,683.8224999999999,25.297758302583027
13435,India,Soybeans,2007,12351,1083.0,27422.77,26.58,1235.1,28786.14,0.0,1172889.0,706.4963999999999,25.297758302583027
13436,India,Soybeans,2007,12351,1083.0,27422.77,27.55,1235.1,29836.65,0.0,1172889.0,759.0025,25.297758302583027
13437,India,Soybeans,2007,12351,1083.0,27422.77,25.66,1235.1,27789.78,0.0,1172889.0,658.4356,25.297758302583027
13438,India,Soybeans,2007,12351,1083.0,27422.77,26.27,1235.1,28450.41,0.0,1172889.0,690.1129,25.297758302583027
13439,India,Soybeans,2007,12351,1083.0,27422.77,25.44,1235.1,27551.52,0.0,1172889.0,647.1936000000001,25.297758302583027
13440,India,Soybeans,2007,12351,1083.0,27422.77,24.6,1235.1,26641.800000000003,0.0,1172889.0,605.1600000000001,25.297758302583027
13441,India,Soybeans,2007,12351,1083.0,27422.77,26.39,1235.1,28580.37,0.0,1172889.0,696.4321,25.297758302583027
13442,India,Soybeans,2007,12351,1083.0,27422.77,26.15,1235.1,28320.449999999997,0.0,1172889.0,683.8224999999999,25.297758302583027
13443,India,Soybeans,2007,12351,1083.0,27422.77,25.59,1235.1,27713.97,0.0,1172889.0,654.8481,25.297758302583027
13444,India,Soybeans,2007,12351,1083.0,27422.77,25.58,1235.1,27703.14,0.0,1172889.0,654.3363999999999,25.297758302583027
13445,India,Soybeans,2007,12351,1083.0,27422.77,27.23,1235.1,29490.09,0.0,1172889.0,741.4729,25.297758302583027
13446,India,Soybeans,2007,12351,1083.0,27422.77,24.59,1235.1,26630.97,0.0,1172889.0,604.6681,25.297758302583027
13447,India,Soybeans,2007,12351,1083.0,27422.77,27.31,1235.1,29576.73,0.0,1172889.0,745.8360999999999,25.297758302583027
13448,India,Soybeans,2007,12351,1083.0,27422.77,27.31,1235.1,29576.73,0.0,1172889.0,745.8360999999999,25.297758302583027
13449,India,Soybeans,2007,12351,1083.0,27422.77,25.82,1235.1,27963.06,0.0,1172889.0,666.6724,25.297758302583027
13450,India,Sweet potatoes,2007,86976,1083.0,27422.77,26.0,8697.6,28158.0,0.0,1172889.0,676.0,25.297758302583027
13451,India,Sweet potatoes,2007,86976,1083.0,27422.77,27.51,8697.6,29793.33,0.0,1172889.0,756.8001,25.297758302583027
13452,India,Sweet potatoes,2007,86976,1083.0,27422.77,25.98,8697.6,28136.34,0.0,1172889.0,674.9604,25.297758302583027
13453,India,Sweet potatoes,2007,86976,1083.0,27422.77,24.6,8697.6,26641.800000000003,0.0,1172889.0,605.1600000000001,25.297758302583027
13454,India,Sweet potatoes,2007,86976,1083.0,27422.77,25.46,8697.6,27573.18,0.0,1172889.0,648.2116000000001,25.297758302583027
13455,India,Sweet potatoes,2007,86976,1083.0,27422.77,25.95,8697.6,28103.85,0.0,1172889.0,673.4024999999999,25.297758302583027
13456,India,Sweet potatoes,2007,86976,1083.0,27422.77,26.15,8697.6,28320.449999999997,0.0,1172889.0,683.8224999999999,25.297758302583027
13457,India,Sweet potatoes,2007,86976,1083.0,27422.77,26.58,8697.6,28786.14,0.0,1172889.0,706.4963999999999,25.297758302583027
13458,India,Sweet potatoes,2007,86976,1083.0,27422.77,27.55,8697.6,29836.65,0.0,1172889.0,759.0025,25.297758302583027
13459,India,Sweet potatoes,2007,86976,1083.0,27422.77,25.66,8697.6,27789.78,0.0,1172889.0,658.4356,25.297758302583027
13460,India,Sweet potatoes,2007,86976,1083.0,27422.77,26.27,8697.6,28450.41,0.0,1172889.0,690.1129,25.297758302583027
13461,India,Sweet potatoes,2007,86976,1083.0,27422.77,25.44,8697.6,27551.52,0.0,1172889.0,647.1936000000001,25.297758302583027
13462,India,Sweet potatoes,2007,86976,1083.0,27422.77,24.6,8697.6,26641.800000000003,0.0,1172889.0,605.1600000000001,25.297758302583027
13463,India,Sweet potatoes,2007,86976,1083.0,27422.77,26.39,8697.6,28580.37,0.0,1172889.0,696.4321,25.297758302583027
13464,India,Sweet potatoes,2007,86976,1083.0,27422.77,26.15,8697.6,28320.449999999997,0.0,1172889.0,683.8224999999999,25.297758302583027
13465,India,Sweet potatoes,2007,86976,1083.0,27422.77,25.59,8697.6,27713.97,0.0,1172889.0,654.8481,25.297758302583027
13466,India,Sweet potatoes,2007,86976,1083.0,27422.77,25.58,8697.6,27703.14,0.0,1172889.0,654.3363999999999,25.297758302583027
13467,India,Sweet potatoes,2007,86976,1083.0,27422.77,27.23,8697.6,29490.09,0.0,1172889.0,741.4729,25.297758302583027
13468,India,Sweet potatoes,2007,86976,1083.0,27422.77,24.59,8697.6,26630.97,0.0,1172889.0,604.6681,25.297758302583027
13469,India,Sweet potatoes,2007,86976,1083.0,27422.77,27.31,8697.6,29576.73,0.0,1172889.0,745.8360999999999,25.297758302583027
13470,India,Sweet potatoes,2007,86976,1083.0,27422.77,27.31,8697.6,29576.73,0.0,1172889.0,745.8360999999999,25.297758302583027
13471,India,Sweet potatoes,2007,86976,1083.0,27422.77,25.82,8697.6,27963.06,0.0,1172889.0,666.6724,25.297758302583027
13472,India,Wheat,2007,27079,1083.0,27422.77,26.0,2707.9,28158.0,0.0,1172889.0,676.0,25.297758302583027
13473,India,Wheat,2007,27079,1083.0,27422.77,27.51,2707.9,29793.33,0.0,1172889.0,756.8001,25.297758302583027
13474,India,Wheat,2007,27079,1083.0,27422.77,25.98,2707.9,28136.34,0.0,1172889.0,674.9604,25.297758302583027
13475,India,Wheat,2007,27079,1083.0,27422.77,24.6,2707.9,26641.800000000003,0.0,1172889.0,605.1600000000001,25.297758302583027
13476,India,Wheat,2007,27079,1083.0,27422.77,25.46,2707.9,27573.18,0.0,1172889.0,648.2116000000001,25.297758302583027
13477,India,Wheat,2007,27079,1083.0,27422.77,25.95,2707.9,28103.85,0.0,1172889.0,673.4024999999999,25.297758302583027
13478,India,Wheat,2007,27079,1083.0,27422.77,26.15,2707.9,28320.449999999997,0.0,1172889.0,683.8224999999999,25.297758302583027
13479,India,Wheat,2007,27079,1083.0,27422.77,26.58,2707.9,28786.14,0.0,1172889.0,706.4963999999999,25.297758302583027
13480,India,Wheat,2007,27079,1083.0,27422.77,27.55,2707.9,29836.65,0.0,1172889.0,759.0025,25.297758302583027
13481,India,Wheat,2007,27079,1083.0,27422.77,25.66,2707.9,27789.78,0.0,1172889.0,658.4356,25.297758302583027
13482,India,Wheat,2007,27079,1083.0,27422.77,26.27,2707.9,28450.41,0.0,1172889.0,690.1129,25.297758302583027
13483,India,Wheat,2007,27079,1083.0,27422.77,25.44,2707.9,27551.52,0.0,1172889.0,647.1936000000001,25.297758302583027
13484,India,Wheat,2007,27079,1083.0,27422.77,24.6,2707.9,26641.800000000003,0.0,1172889.0,605.1600000000001,25.297758302583027
13485,India,Wheat,2007,27079,1083.0,27422.77,26.39,2707.9,28580.37,0.0,1172889.0,696.4321,25.297758302583027
13486,India,Wheat,2007,27079,1083.0,27422.77,26.15,2707.9,28320.449999999997,0.0,1172889.0,683.8224999999999,25.297758302583027
13487,India,Wheat,2007,27079,1083.0,27422.77,25.59,2707.9,27713.97,0.0,1172889.0,654.8481,25.297758302583027
13488,India,Wheat,2007,27079,1083.0,27422.77,25.58,2707.9,27703.14,0.0,1172889.0,654.3363999999999,25.297758302583027
13489,India,Wheat,2007,27079,1083.0,27422.77,27.23,2707.9,29490.09,0.0,1172889.0,741.4729,25.297758302583027
13490,India,Wheat,2007,27079,1083.0,27422.77,24.59,2707.9,26630.97,0.0,1172889.0,604.6681,25.297758302583027
13491,India,Wheat,2007,27079,1083.0,27422.77,27.31,2707.9,29576.73,0.0,1172889.0,745.8360999999999,25.297758302583027
13492,India,Wheat,2007,27079,1083.0,27422.77,27.31,2707.9,29576.73,0.0,1172889.0,745.8360999999999,25.297758302583027
13493,India,Wheat,2007,27079,1083.0,27422.77,25.82,2707.9,27963.06,0.0,1172889.0,666.6724,25.297758302583027
13494,India,Cassava,2008,335407,1083.0,14485.33,25.57,33540.7,27692.31,0.0,1172889.0,653.8249000000001,13.362850553505535
13495,India,Cassava,2008,335407,1083.0,14485.33,27.05,33540.7,29295.15,0.0,1172889.0,731.7025,13.362850553505535
13496,India,Cassava,2008,335407,1083.0,14485.33,25.78,33540.7,27919.74,0.0,1172889.0,664.6084000000001,13.362850553505535
13497,India,Cassava,2008,335407,1083.0,14485.33,24.25,33540.7,26262.75,0.0,1172889.0,588.0625,13.362850553505535
13498,India,Cassava,2008,335407,1083.0,14485.33,25.35,33540.7,27454.050000000003,0.0,1172889.0,642.6225000000001,13.362850553505535
13499,India,Cassava,2008,335407,1083.0,14485.33,25.65,33540.7,27778.949999999997,0.0,1172889.0,657.9224999999999,13.362850553505535
13500,India,Cassava,2008,335407,1083.0,14485.33,25.68,33540.7,27811.44,0.0,1172889.0,659.4624,13.362850553505535
13501,India,Cassava,2008,335407,1083.0,14485.33,26.52,33540.7,28721.16,0.0,1172889.0,703.3104,13.362850553505535
13502,India,Cassava,2008,335407,1083.0,14485.33,27.45,33540.7,29728.35,0.0,1172889.0,753.5024999999999,13.362850553505535
13503,India,Cassava,2008,335407,1083.0,14485.33,25.3,33540.7,27399.9,0.0,1172889.0,640.09,13.362850553505535
13504,India,Cassava,2008,335407,1083.0,14485.33,25.88,33540.7,28028.039999999997,0.0,1172889.0,669.7743999999999,13.362850553505535
13505,India,Cassava,2008,335407,1083.0,14485.33,25.11,33540.7,27194.13,0.0,1172889.0,630.5120999999999,13.362850553505535
13506,India,Cassava,2008,335407,1083.0,14485.33,24.25,33540.7,26262.75,0.0,1172889.0,588.0625,13.362850553505535
13507,India,Cassava,2008,335407,1083.0,14485.33,26.19,33540.7,28363.77,0.0,1172889.0,685.9161,13.362850553505535
13508,India,Cassava,2008,335407,1083.0,14485.33,25.68,33540.7,27811.44,0.0,1172889.0,659.4624,13.362850553505535
13509,India,Cassava,2008,335407,1083.0,14485.33,25.56,33540.7,27681.48,0.0,1172889.0,653.3136,13.362850553505535
13510,India,Cassava,2008,335407,1083.0,14485.33,25.23,33540.7,27324.09,0.0,1172889.0,636.5529,13.362850553505535
13511,India,Cassava,2008,335407,1083.0,14485.33,26.51,33540.7,28710.33,0.0,1172889.0,702.7801000000001,13.362850553505535
13512,India,Cassava,2008,335407,1083.0,14485.33,24.51,33540.7,26544.33,0.0,1172889.0,600.7401000000001,13.362850553505535
13513,India,Cassava,2008,335407,1083.0,14485.33,26.83,33540.7,29056.89,0.0,1172889.0,719.8489,13.362850553505535
13514,India,Cassava,2008,335407,1083.0,14485.33,26.83,33540.7,29056.89,0.0,1172889.0,719.8489,13.362850553505535
13515,India,Cassava,2008,335407,1083.0,14485.33,25.66,33540.7,27789.78,0.0,1172889.0,658.4356,13.362850553505535
13516,India,Maize,2008,24140,1083.0,14485.33,25.57,2414.0,27692.31,0.0,1172889.0,653.8249000000001,13.362850553505535
13517,India,Maize,2008,24140,1083.0,14485.33,27.05,2414.0,29295.15,0.0,1172889.0,731.7025,13.362850553505535
13518,India,Maize,2008,24140,1083.0,14485.33,25.78,2414.0,27919.74,0.0,1172889.0,664.6084000000001,13.362850553505535
13519,India,Maize,2008,24140,1083.0,14485.33,24.25,2414.0,26262.75,0.0,1172889.0,588.0625,13.362850553505535
13520,India,Maize,2008,24140,1083.0,14485.33,25.35,2414.0,27454.050000000003,0.0,1172889.0,642.6225000000001,13.362850553505535
13521,India,Maize,2008,24140,1083.0,14485.33,25.65,2414.0,27778.949999999997,0.0,1172889.0,657.9224999999999,13.362850553505535
13522,India,Maize,2008,24140,1083.0,14485.33,25.68,2414.0,27811.44,0.0,1172889.0,659.4624,13.362850553505535
13523,India,Maize,2008,24140,1083.0,14485.33,26.52,2414.0,28721.16,0.0,1172889.0,703.3104,13.362850553505535
13524,India,Maize,2008,24140,1083.0,14485.33,27.45,2414.0,29728.35,0.0,1172889.0,753.5024999999999,13.362850553505535
13525,India,Maize,2008,24140,1083.0,14485.33,25.3,2414.0,27399.9,0.0,1172889.0,640.09,13.362850553505535
13526,India,Maize,2008,24140,1083.0,14485.33,25.88,2414.0,28028.039999999997,0.0,1172889.0,669.7743999999999,13.362850553505535
13527,India,Maize,2008,24140,1083.0,14485.33,25.11,2414.0,27194.13,0.0,1172889.0,630.5120999999999,13.362850553505535
13528,India,Maize,2008,24140,1083.0,14485.33,24.25,2414.0,26262.75,0.0,1172889.0,588.0625,13.362850553505535
13529,India,Maize,2008,24140,1083.0,14485.33,26.19,2414.0,28363.77,0.0,1172889.0,685.9161,13.362850553505535
13530,India,Maize,2008,24140,1083.0,14485.33,25.68,2414.0,27811.44,0.0,1172889.0,659.4624,13.362850553505535
13531,India,Maize,2008,24140,1083.0,14485.33,25.56,2414.0,27681.48,0.0,1172889.0,653.3136,13.362850553505535
13532,India,Maize,2008,24140,1083.0,14485.33,25.23,2414.0,27324.09,0.0,1172889.0,636.5529,13.362850553505535
13533,India,Maize,2008,24140,1083.0,14485.33,26.51,2414.0,28710.33,0.0,1172889.0,702.7801000000001,13.362850553505535
13534,India,Maize,2008,24140,1083.0,14485.33,24.51,2414.0,26544.33,0.0,1172889.0,600.7401000000001,13.362850553505535
13535,India,Maize,2008,24140,1083.0,14485.33,26.83,2414.0,29056.89,0.0,1172889.0,719.8489,13.362850553505535
13536,India,Maize,2008,24140,1083.0,14485.33,26.83,2414.0,29056.89,0.0,1172889.0,719.8489,13.362850553505535
13537,India,Maize,2008,24140,1083.0,14485.33,25.66,2414.0,27789.78,0.0,1172889.0,658.4356,13.362850553505535
13538,India,Potatoes,2008,192973,1083.0,14485.33,25.57,19297.3,27692.31,0.0,1172889.0,653.8249000000001,13.362850553505535
13539,India,Potatoes,2008,192973,1083.0,14485.33,27.05,19297.3,29295.15,0.0,1172889.0,731.7025,13.362850553505535
13540,India,Potatoes,2008,192973,1083.0,14485.33,25.78,19297.3,27919.74,0.0,1172889.0,664.6084000000001,13.362850553505535
13541,India,Potatoes,2008,192973,1083.0,14485.33,24.25,19297.3,26262.75,0.0,1172889.0,588.0625,13.362850553505535
13542,India,Potatoes,2008,192973,1083.0,14485.33,25.35,19297.3,27454.050000000003,0.0,1172889.0,642.6225000000001,13.362850553505535
13543,India,Potatoes,2008,192973,1083.0,14485.33,25.65,19297.3,27778.949999999997,0.0,1172889.0,657.9224999999999,13.362850553505535
13544,India,Potatoes,2008,192973,1083.0,14485.33,25.68,19297.3,27811.44,0.0,1172889.0,659.4624,13.362850553505535
13545,India,Potatoes,2008,192973,1083.0,14485.33,26.52,19297.3,28721.16,0.0,1172889.0,703.3104,13.362850553505535
13546,India,Potatoes,2008,192973,1083.0,14485.33,27.45,19297.3,29728.35,0.0,1172889.0,753.5024999999999,13.362850553505535
13547,India,Potatoes,2008,192973,1083.0,14485.33,25.3,19297.3,27399.9,0.0,1172889.0,640.09,13.362850553505535
13548,India,Potatoes,2008,192973,1083.0,14485.33,25.88,19297.3,28028.039999999997,0.0,1172889.0,669.7743999999999,13.362850553505535
13549,India,Potatoes,2008,192973,1083.0,14485.33,25.11,19297.3,27194.13,0.0,1172889.0,630.5120999999999,13.362850553505535
13550,India,Potatoes,2008,192973,1083.0,14485.33,24.25,19297.3,26262.75,0.0,1172889.0,588.0625,13.362850553505535
13551,India,Potatoes,2008,192973,1083.0,14485.33,26.19,19297.3,28363.77,0.0,1172889.0,685.9161,13.362850553505535
13552,India,Potatoes,2008,192973,1083.0,14485.33,25.68,19297.3,27811.44,0.0,1172889.0,659.4624,13.362850553505535
13553,India,Potatoes,2008,192973,1083.0,14485.33,25.56,19297.3,27681.48,0.0,1172889.0,653.3136,13.362850553505535
13554,India,Potatoes,2008,192973,1083.0,14485.33,25.23,19297.3,27324.09,0.0,1172889.0,636.5529,13.362850553505535
13555,India,Potatoes,2008,192973,1083.0,14485.33,26.51,19297.3,28710.33,0.0,1172889.0,702.7801000000001,13.362850553505535
13556,India,Potatoes,2008,192973,1083.0,14485.33,24.51,19297.3,26544.33,0.0,1172889.0,600.7401000000001,13.362850553505535
13557,India,Potatoes,2008,192973,1083.0,14485.33,26.83,19297.3,29056.89,0.0,1172889.0,719.8489,13.362850553505535
13558,India,Potatoes,2008,192973,1083.0,14485.33,26.83,19297.3,29056.89,0.0,1172889.0,719.8489,13.362850553505535
13559,India,Potatoes,2008,192973,1083.0,14485.33,25.66,19297.3,27789.78,0.0,1172889.0,658.4356,13.362850553505535
13560,India,"Rice, paddy",2008,32509,1083.0,14485.33,25.57,3250.9,27692.31,0.0,1172889.0,653.8249000000001,13.362850553505535
13561,India,"Rice, paddy",2008,32509,1083.0,14485.33,27.05,3250.9,29295.15,0.0,1172889.0,731.7025,13.362850553505535
13562,India,"Rice, paddy",2008,32509,1083.0,14485.33,25.78,3250.9,27919.74,0.0,1172889.0,664.6084000000001,13.362850553505535
13563,India,"Rice, paddy",2008,32509,1083.0,14485.33,24.25,3250.9,26262.75,0.0,1172889.0,588.0625,13.362850553505535
13564,India,"Rice, paddy",2008,32509,1083.0,14485.33,25.35,3250.9,27454.050000000003,0.0,1172889.0,642.6225000000001,13.362850553505535
13565,India,"Rice, paddy",2008,32509,1083.0,14485.33,25.65,3250.9,27778.949999999997,0.0,1172889.0,657.9224999999999,13.362850553505535
13566,India,"Rice, paddy",2008,32509,1083.0,14485.33,25.68,3250.9,27811.44,0.0,1172889.0,659.4624,13.362850553505535
13567,India,"Rice, paddy",2008,32509,1083.0,14485.33,26.52,3250.9,28721.16,0.0,1172889.0,703.3104,13.362850553505535
13568,India,"Rice, paddy",2008,32509,1083.0,14485.33,27.45,3250.9,29728.35,0.0,1172889.0,753.5024999999999,13.362850553505535
13569,India,"Rice, paddy",2008,32509,1083.0,14485.33,25.3,3250.9,27399.9,0.0,1172889.0,640.09,13.362850553505535
13570,India,"Rice, paddy",2008,32509,1083.0,14485.33,25.88,3250.9,28028.039999999997,0.0,1172889.0,669.7743999999999,13.362850553505535
13571,India,"Rice, paddy",2008,32509,1083.0,14485.33,25.11,3250.9,27194.13,0.0,1172889.0,630.5120999999999,13.362850553505535
13572,India,"Rice, paddy",2008,32509,1083.0,14485.33,24.25,3250.9,26262.75,0.0,1172889.0,588.0625,13.362850553505535
13573,India,"Rice, paddy",2008,32509,1083.0,14485.33,26.19,3250.9,28363.77,0.0,1172889.0,685.9161,13.362850553505535
13574,India,"Rice, paddy",2008,32509,1083.0,14485.33,25.68,3250.9,27811.44,0.0,1172889.0,659.4624,13.362850553505535
13575,India,"Rice, paddy",2008,32509,1083.0,14485.33,25.56,3250.9,27681.48,0.0,1172889.0,653.3136,13.362850553505535
13576,India,"Rice, paddy",2008,32509,1083.0,14485.33,25.23,3250.9,27324.09,0.0,1172889.0,636.5529,13.362850553505535
13577,India,"Rice, paddy",2008,32509,1083.0,14485.33,26.51,3250.9,28710.33,0.0,1172889.0,702.7801000000001,13.362850553505535
13578,India,"Rice, paddy",2008,32509,1083.0,14485.33,24.51,3250.9,26544.33,0.0,1172889.0,600.7401000000001,13.362850553505535
13579,India,"Rice, paddy",2008,32509,1083.0,14485.33,26.83,3250.9,29056.89,0.0,1172889.0,719.8489,13.362850553505535
13580,India,"Rice, paddy",2008,32509,1083.0,14485.33,26.83,3250.9,29056.89,0.0,1172889.0,719.8489,13.362850553505535
13581,India,"Rice, paddy",2008,32509,1083.0,14485.33,25.66,3250.9,27789.78,0.0,1172889.0,658.4356,13.362850553505535
13582,India,Sorghum,2008,10209,1083.0,14485.33,25.57,1020.9,27692.31,0.0,1172889.0,653.8249000000001,13.362850553505535
13583,India,Sorghum,2008,10209,1083.0,14485.33,27.05,1020.9,29295.15,0.0,1172889.0,731.7025,13.362850553505535
13584,India,Sorghum,2008,10209,1083.0,14485.33,25.78,1020.9,27919.74,0.0,1172889.0,664.6084000000001,13.362850553505535
13585,India,Sorghum,2008,10209,1083.0,14485.33,24.25,1020.9,26262.75,0.0,1172889.0,588.0625,13.362850553505535
13586,India,Sorghum,2008,10209,1083.0,14485.33,25.35,1020.9,27454.050000000003,0.0,1172889.0,642.6225000000001,13.362850553505535
13587,India,Sorghum,2008,10209,1083.0,14485.33,25.65,1020.9,27778.949999999997,0.0,1172889.0,657.9224999999999,13.362850553505535
13588,India,Sorghum,2008,10209,1083.0,14485.33,25.68,1020.9,27811.44,0.0,1172889.0,659.4624,13.362850553505535
13589,India,Sorghum,2008,10209,1083.0,14485.33,26.52,1020.9,28721.16,0.0,1172889.0,703.3104,13.362850553505535
13590,India,Sorghum,2008,10209,1083.0,14485.33,27.45,1020.9,29728.35,0.0,1172889.0,753.5024999999999,13.362850553505535
13591,India,Sorghum,2008,10209,1083.0,14485.33,25.3,1020.9,27399.9,0.0,1172889.0,640.09,13.362850553505535
13592,India,Sorghum,2008,10209,1083.0,14485.33,25.88,1020.9,28028.039999999997,0.0,1172889.0,669.7743999999999,13.362850553505535
13593,India,Sorghum,2008,10209,1083.0,14485.33,25.11,1020.9,27194.13,0.0,1172889.0,630.5120999999999,13.362850553505535
13594,India,Sorghum,2008,10209,1083.0,14485.33,24.25,1020.9,26262.75,0.0,1172889.0,588.0625,13.362850553505535
13595,India,Sorghum,2008,10209,1083.0,14485.33,26.19,1020.9,28363.77,0.0,1172889.0,685.9161,13.362850553505535
13596,India,Sorghum,2008,10209,1083.0,14485.33,25.68,1020.9,27811.44,0.0,1172889.0,659.4624,13.362850553505535
13597,India,Sorghum,2008,10209,1083.0,14485.33,25.56,1020.9,27681.48,0.0,1172889.0,653.3136,13.362850553505535
13598,India,Sorghum,2008,10209,1083.0,14485.33,25.23,1020.9,27324.09,0.0,1172889.0,636.5529,13.362850553505535
13599,India,Sorghum,2008,10209,1083.0,14485.33,26.51,1020.9,28710.33,0.0,1172889.0,702.7801000000001,13.362850553505535
13600,India,Sorghum,2008,10209,1083.0,14485.33,24.51,1020.9,26544.33,0.0,1172889.0,600.7401000000001,13.362850553505535
13601,India,Sorghum,2008,10209,1083.0,14485.33,26.83,1020.9,29056.89,0.0,1172889.0,719.8489,13.362850553505535
13602,India,Sorghum,2008,10209,1083.0,14485.33,26.83,1020.9,29056.89,0.0,1172889.0,719.8489,13.362850553505535
13603,India,Sorghum,2008,10209,1083.0,14485.33,25.66,1020.9,27789.78,0.0,1172889.0,658.4356,13.362850553505535
13604,India,Soybeans,2008,10415,1083.0,14485.33,25.57,1041.5,27692.31,0.0,1172889.0,653.8249000000001,13.362850553505535
13605,India,Soybeans,2008,10415,1083.0,14485.33,27.05,1041.5,29295.15,0.0,1172889.0,731.7025,13.362850553505535
13606,India,Soybeans,2008,10415,1083.0,14485.33,25.78,1041.5,27919.74,0.0,1172889.0,664.6084000000001,13.362850553505535
13607,India,Soybeans,2008,10415,1083.0,14485.33,24.25,1041.5,26262.75,0.0,1172889.0,588.0625,13.362850553505535
13608,India,Soybeans,2008,10415,1083.0,14485.33,25.35,1041.5,27454.050000000003,0.0,1172889.0,642.6225000000001,13.362850553505535
13609,India,Soybeans,2008,10415,1083.0,14485.33,25.65,1041.5,27778.949999999997,0.0,1172889.0,657.9224999999999,13.362850553505535
13610,India,Soybeans,2008,10415,1083.0,14485.33,25.68,1041.5,27811.44,0.0,1172889.0,659.4624,13.362850553505535
13611,India,Soybeans,2008,10415,1083.0,14485.33,26.52,1041.5,28721.16,0.0,1172889.0,703.3104,13.362850553505535
13612,India,Soybeans,2008,10415,1083.0,14485.33,27.45,1041.5,29728.35,0.0,1172889.0,753.5024999999999,13.362850553505535
13613,India,Soybeans,2008,10415,1083.0,14485.33,25.3,1041.5,27399.9,0.0,1172889.0,640.09,13.362850553505535
13614,India,Soybeans,2008,10415,1083.0,14485.33,25.88,1041.5,28028.039999999997,0.0,1172889.0,669.7743999999999,13.362850553505535
13615,India,Soybeans,2008,10415,1083.0,14485.33,25.11,1041.5,27194.13,0.0,1172889.0,630.5120999999999,13.362850553505535
13616,India,Soybeans,2008,10415,1083.0,14485.33,24.25,1041.5,26262.75,0.0,1172889.0,588.0625,13.362850553505535
13617,India,Soybeans,2008,10415,1083.0,14485.33,26.19,1041.5,28363.77,0.0,1172889.0,685.9161,13.362850553505535
13618,India,Soybeans,2008,10415,1083.0,14485.33,25.68,1041.5,27811.44,0.0,1172889.0,659.4624,13.362850553505535
13619,India,Soybeans,2008,10415,1083.0,14485.33,25.56,1041.5,27681.48,0.0,1172889.0,653.3136,13.362850553505535
13620,India,Soybeans,2008,10415,1083.0,14485.33,25.23,1041.5,27324.09,0.0,1172889.0,636.5529,13.362850553505535
13621,India,Soybeans,2008,10415,1083.0,14485.33,26.51,1041.5,28710.33,0.0,1172889.0,702.7801000000001,13.362850553505535
13622,India,Soybeans,2008,10415,1083.0,14485.33,24.51,1041.5,26544.33,0.0,1172889.0,600.7401000000001,13.362850553505535
13623,India,Soybeans,2008,10415,1083.0,14485.33,26.83,1041.5,29056.89,0.0,1172889.0,719.8489,13.362850553505535
13624,India,Soybeans,2008,10415,1083.0,14485.33,26.83,1041.5,29056.89,0.0,1172889.0,719.8489,13.362850553505535
13625,India,Soybeans,2008,10415,1083.0,14485.33,25.66,1041.5,27789.78,0.0,1172889.0,658.4356,13.362850553505535
13626,India,Sweet potatoes,2008,88943,1083.0,14485.33,25.57,8894.3,27692.31,0.0,1172889.0,653.8249000000001,13.362850553505535
13627,India,Sweet potatoes,2008,88943,1083.0,14485.33,27.05,8894.3,29295.15,0.0,1172889.0,731.7025,13.362850553505535
13628,India,Sweet potatoes,2008,88943,1083.0,14485.33,25.78,8894.3,27919.74,0.0,1172889.0,664.6084000000001,13.362850553505535
13629,India,Sweet potatoes,2008,88943,1083.0,14485.33,24.25,8894.3,26262.75,0.0,1172889.0,588.0625,13.362850553505535
13630,India,Sweet potatoes,2008,88943,1083.0,14485.33,25.35,8894.3,27454.050000000003,0.0,1172889.0,642.6225000000001,13.362850553505535
13631,India,Sweet potatoes,2008,88943,1083.0,14485.33,25.65,8894.3,27778.949999999997,0.0,1172889.0,657.9224999999999,13.362850553505535
13632,India,Sweet potatoes,2008,88943,1083.0,14485.33,25.68,8894.3,27811.44,0.0,1172889.0,659.4624,13.362850553505535
13633,India,Sweet potatoes,2008,88943,1083.0,14485.33,26.52,8894.3,28721.16,0.0,1172889.0,703.3104,13.362850553505535
13634,India,Sweet potatoes,2008,88943,1083.0,14485.33,27.45,8894.3,29728.35,0.0,1172889.0,753.5024999999999,13.362850553505535
13635,India,Sweet potatoes,2008,88943,1083.0,14485.33,25.3,8894.3,27399.9,0.0,1172889.0,640.09,13.362850553505535
13636,India,Sweet potatoes,2008,88943,1083.0,14485.33,25.88,8894.3,28028.039999999997,0.0,1172889.0,669.7743999999999,13.362850553505535
13637,India,Sweet potatoes,2008,88943,1083.0,14485.33,25.11,8894.3,27194.13,0.0,1172889.0,630.5120999999999,13.362850553505535
13638,India,Sweet potatoes,2008,88943,1083.0,14485.33,24.25,8894.3,26262.75,0.0,1172889.0,588.0625,13.362850553505535
13639,India,Sweet potatoes,2008,88943,1083.0,14485.33,26.19,8894.3,28363.77,0.0,1172889.0,685.9161,13.362850553505535
13640,India,Sweet potatoes,2008,88943,1083.0,14485.33,25.68,8894.3,27811.44,0.0,1172889.0,659.4624,13.362850553505535
13641,India,Sweet potatoes,2008,88943,1083.0,14485.33,25.56,8894.3,27681.48,0.0,1172889.0,653.3136,13.362850553505535
13642,India,Sweet potatoes,2008,88943,1083.0,14485.33,25.23,8894.3,27324.09,0.0,1172889.0,636.5529,13.362850553505535
13643,India,Sweet potatoes,2008,88943,1083.0,14485.33,26.51,8894.3,28710.33,0.0,1172889.0,702.7801000000001,13.362850553505535
13644,India,Sweet potatoes,2008,88943,1083.0,14485.33,24.51,8894.3,26544.33,0.0,1172889.0,600.7401000000001,13.362850553505535
13645,India,Sweet potatoes,2008,88943,1083.0,14485.33,26.83,8894.3,29056.89,0.0,1172889.0,719.8489,13.362850553505535
13646,India,Sweet potatoes,2008,88943,1083.0,14485.33,26.83,8894.3,29056.89,0.0,1172889.0,719.8489,13.362850553505535
13647,India,Sweet potatoes,2008,88943,1083.0,14485.33,25.66,8894.3,27789.78,0.0,1172889.0,658.4356,13.362850553505535
13648,India,Wheat,2008,28022,1083.0,14485.33,25.57,2802.2,27692.31,0.0,1172889.0,653.8249000000001,13.362850553505535
13649,India,Wheat,2008,28022,1083.0,14485.33,27.05,2802.2,29295.15,0.0,1172889.0,731.7025,13.362850553505535
13650,India,Wheat,2008,28022,1083.0,14485.33,25.78,2802.2,27919.74,0.0,1172889.0,664.6084000000001,13.362850553505535
13651,India,Wheat,2008,28022,1083.0,14485.33,24.25,2802.2,26262.75,0.0,1172889.0,588.0625,13.362850553505535
13652,India,Wheat,2008,28022,1083.0,14485.33,25.35,2802.2,27454.050000000003,0.0,1172889.0,642.6225000000001,13.362850553505535
13653,India,Wheat,2008,28022,1083.0,14485.33,25.65,2802.2,27778.949999999997,0.0,1172889.0,657.9224999999999,13.362850553505535
13654,India,Wheat,2008,28022,1083.0,14485.33,25.68,2802.2,27811.44,0.0,1172889.0,659.4624,13.362850553505535
13655,India,Wheat,2008,28022,1083.0,14485.33,26.52,2802.2,28721.16,0.0,1172889.0,703.3104,13.362850553505535
13656,India,Wheat,2008,28022,1083.0,14485.33,27.45,2802.2,29728.35,0.0,1172889.0,753.5024999999999,13.362850553505535
13657,India,Wheat,2008,28022,1083.0,14485.33,25.3,2802.2,27399.9,0.0,1172889.0,640.09,13.362850553505535
13658,India,Wheat,2008,28022,1083.0,14485.33,25.88,2802.2,28028.039999999997,0.0,1172889.0,669.7743999999999,13.362850553505535
13659,India,Wheat,2008,28022,1083.0,14485.33,25.11,2802.2,27194.13,0.0,1172889.0,630.5120999999999,13.362850553505535
13660,India,Wheat,2008,28022,1083.0,14485.33,24.25,2802.2,26262.75,0.0,1172889.0,588.0625,13.362850553505535
13661,India,Wheat,2008,28022,1083.0,14485.33,26.19,2802.2,28363.77,0.0,1172889.0,685.9161,13.362850553505535
13662,India,Wheat,2008,28022,1083.0,14485.33,25.68,2802.2,27811.44,0.0,1172889.0,659.4624,13.362850553505535
13663,India,Wheat,2008,28022,1083.0,14485.33,25.56,2802.2,27681.48,0.0,1172889.0,653.3136,13.362850553505535
13664,India,Wheat,2008,28022,1083.0,14485.33,25.23,2802.2,27324.09,0.0,1172889.0,636.5529,13.362850553505535
13665,India,Wheat,2008,28022,1083.0,14485.33,26.51,2802.2,28710.33,0.0,1172889.0,702.7801000000001,13.362850553505535
13666,India,Wheat,2008,28022,1083.0,14485.33,24.51,2802.2,26544.33,0.0,1172889.0,600.7401000000001,13.362850553505535
13667,India,Wheat,2008,28022,1083.0,14485.33,26.83,2802.2,29056.89,0.0,1172889.0,719.8489,13.362850553505535
13668,India,Wheat,2008,28022,1083.0,14485.33,26.83,2802.2,29056.89,0.0,1172889.0,719.8489,13.362850553505535
13669,India,Wheat,2008,28022,1083.0,14485.33,25.66,2802.2,27789.78,0.0,1172889.0,658.4356,13.362850553505535
13670,India,Cassava,2009,343433,1083.0,28707.01,26.55,34343.3,28753.65,0.0,1172889.0,704.9025,26.482481549815496
13671,India,Cassava,2009,343433,1083.0,28707.01,28.1,34343.3,30432.300000000003,0.0,1172889.0,789.6100000000001,26.482481549815496
13672,India,Cassava,2009,343433,1083.0,28707.01,26.76,34343.3,28981.08,0.0,1172889.0,716.0976,26.482481549815496
13673,India,Cassava,2009,343433,1083.0,28707.01,24.87,34343.3,26934.210000000003,0.0,1172889.0,618.5169000000001,26.482481549815496
13674,India,Cassava,2009,343433,1083.0,28707.01,25.73,34343.3,27865.59,0.0,1172889.0,662.0329,26.482481549815496
13675,India,Cassava,2009,343433,1083.0,28707.01,26.68,34343.3,28894.44,0.0,1172889.0,711.8224,26.482481549815496
13676,India,Cassava,2009,343433,1083.0,28707.01,26.55,34343.3,28753.65,0.0,1172889.0,704.9025,26.482481549815496
13677,India,Cassava,2009,343433,1083.0,28707.01,27.15,34343.3,29403.449999999997,0.0,1172889.0,737.1225,26.482481549815496
13678,India,Cassava,2009,343433,1083.0,28707.01,28.03,34343.3,30356.49,0.0,1172889.0,785.6809000000001,26.482481549815496
13679,India,Cassava,2009,343433,1083.0,28707.01,26.41,34343.3,28602.03,0.0,1172889.0,697.4881,26.482481549815496
13680,India,Cassava,2009,343433,1083.0,28707.01,26.92,34343.3,29154.36,0.0,1172889.0,724.6864,26.482481549815496
13681,India,Cassava,2009,343433,1083.0,28707.01,25.99,34343.3,28147.17,0.0,1172889.0,675.4800999999999,26.482481549815496
13682,India,Cassava,2009,343433,1083.0,28707.01,24.87,34343.3,26934.210000000003,0.0,1172889.0,618.5169000000001,26.482481549815496
13683,India,Cassava,2009,343433,1083.0,28707.01,27.14,34343.3,29392.62,0.0,1172889.0,736.5796,26.482481549815496
13684,India,Cassava,2009,343433,1083.0,28707.01,26.55,34343.3,28753.65,0.0,1172889.0,704.9025,26.482481549815496
13685,India,Cassava,2009,343433,1083.0,28707.01,26.31,34343.3,28493.73,0.0,1172889.0,692.2161,26.482481549815496
13686,India,Cassava,2009,343433,1083.0,28707.01,25.87,34343.3,28017.210000000003,0.0,1172889.0,669.2569000000001,26.482481549815496
13687,India,Cassava,2009,343433,1083.0,28707.01,27.43,34343.3,29706.69,0.0,1172889.0,752.4049,26.482481549815496
13688,India,Cassava,2009,343433,1083.0,28707.01,25.38,34343.3,27486.539999999997,0.0,1172889.0,644.1443999999999,26.482481549815496
13689,India,Cassava,2009,343433,1083.0,28707.01,27.82,34343.3,30129.06,0.0,1172889.0,773.9524,26.482481549815496
13690,India,Cassava,2009,343433,1083.0,28707.01,27.82,34343.3,30129.06,0.0,1172889.0,773.9524,26.482481549815496
13691,India,Cassava,2009,343433,1083.0,28707.01,26.55,34343.3,28753.65,0.0,1172889.0,704.9025,26.482481549815496
13692,India,Maize,2009,20238,1083.0,28707.01,26.55,2023.8,28753.65,0.0,1172889.0,704.9025,26.482481549815496
13693,India,Maize,2009,20238,1083.0,28707.01,28.1,2023.8,30432.300000000003,0.0,1172889.0,789.6100000000001,26.482481549815496
13694,India,Maize,2009,20238,1083.0,28707.01,26.76,2023.8,28981.08,0.0,1172889.0,716.0976,26.482481549815496
13695,India,Maize,2009,20238,1083.0,28707.01,24.87,2023.8,26934.210000000003,0.0,1172889.0,618.5169000000001,26.482481549815496
13696,India,Maize,2009,20238,1083.0,28707.01,25.73,2023.8,27865.59,0.0,1172889.0,662.0329,26.482481549815496
13697,India,Maize,2009,20238,1083.0,28707.01,26.68,2023.8,28894.44,0.0,1172889.0,711.8224,26.482481549815496
13698,India,Maize,2009,20238,1083.0,28707.01,26.55,2023.8,28753.65,0.0,1172889.0,704.9025,26.482481549815496
13699,India,Maize,2009,20238,1083.0,28707.01,27.15,2023.8,29403.449999999997,0.0,1172889.0,737.1225,26.482481549815496
13700,India,Maize,2009,20238,1083.0,28707.01,28.03,2023.8,30356.49,0.0,1172889.0,785.6809000000001,26.482481549815496
13701,India,Maize,2009,20238,1083.0,28707.01,26.41,2023.8,28602.03,0.0,1172889.0,697.4881,26.482481549815496
13702,India,Maize,2009,20238,1083.0,28707.01,26.92,2023.8,29154.36,0.0,1172889.0,724.6864,26.482481549815496
13703,India,Maize,2009,20238,1083.0,28707.01,25.99,2023.8,28147.17,0.0,1172889.0,675.4800999999999,26.482481549815496
13704,India,Maize,2009,20238,1083.0,28707.01,24.87,2023.8,26934.210000000003,0.0,1172889.0,618.5169000000001,26.482481549815496
13705,India,Maize,2009,20238,1083.0,28707.01,27.14,2023.8,29392.62,0.0,1172889.0,736.5796,26.482481549815496
13706,India,Maize,2009,20238,1083.0,28707.01,26.55,2023.8,28753.65,0.0,1172889.0,704.9025,26.482481549815496
13707,India,Maize,2009,20238,1083.0,28707.01,26.31,2023.8,28493.73,0.0,1172889.0,692.2161,26.482481549815496
13708,India,Maize,2009,20238,1083.0,28707.01,25.87,2023.8,28017.210000000003,0.0,1172889.0,669.2569000000001,26.482481549815496
13709,India,Maize,2009,20238,1083.0,28707.01,27.43,2023.8,29706.69,0.0,1172889.0,752.4049,26.482481549815496
13710,India,Maize,2009,20238,1083.0,28707.01,25.38,2023.8,27486.539999999997,0.0,1172889.0,644.1443999999999,26.482481549815496
13711,India,Maize,2009,20238,1083.0,28707.01,27.82,2023.8,30129.06,0.0,1172889.0,773.9524,26.482481549815496
13712,India,Maize,2009,20238,1083.0,28707.01,27.82,2023.8,30129.06,0.0,1172889.0,773.9524,26.482481549815496
13713,India,Maize,2009,20238,1083.0,28707.01,26.55,2023.8,28753.65,0.0,1172889.0,704.9025,26.482481549815496
13714,India,Potatoes,2009,188103,1083.0,28707.01,26.55,18810.3,28753.65,0.0,1172889.0,704.9025,26.482481549815496
13715,India,Potatoes,2009,188103,1083.0,28707.01,28.1,18810.3,30432.300000000003,0.0,1172889.0,789.6100000000001,26.482481549815496
13716,India,Potatoes,2009,188103,1083.0,28707.01,26.76,18810.3,28981.08,0.0,1172889.0,716.0976,26.482481549815496
13717,India,Potatoes,2009,188103,1083.0,28707.01,24.87,18810.3,26934.210000000003,0.0,1172889.0,618.5169000000001,26.482481549815496
13718,India,Potatoes,2009,188103,1083.0,28707.01,25.73,18810.3,27865.59,0.0,1172889.0,662.0329,26.482481549815496
13719,India,Potatoes,2009,188103,1083.0,28707.01,26.68,18810.3,28894.44,0.0,1172889.0,711.8224,26.482481549815496
13720,India,Potatoes,2009,188103,1083.0,28707.01,26.55,18810.3,28753.65,0.0,1172889.0,704.9025,26.482481549815496
13721,India,Potatoes,2009,188103,1083.0,28707.01,27.15,18810.3,29403.449999999997,0.0,1172889.0,737.1225,26.482481549815496
13722,India,Potatoes,2009,188103,1083.0,28707.01,28.03,18810.3,30356.49,0.0,1172889.0,785.6809000000001,26.482481549815496
13723,India,Potatoes,2009,188103,1083.0,28707.01,26.41,18810.3,28602.03,0.0,1172889.0,697.4881,26.482481549815496
13724,India,Potatoes,2009,188103,1083.0,28707.01,26.92,18810.3,29154.36,0.0,1172889.0,724.6864,26.482481549815496
13725,India,Potatoes,2009,188103,1083.0,28707.01,25.99,18810.3,28147.17,0.0,1172889.0,675.4800999999999,26.482481549815496
13726,India,Potatoes,2009,188103,1083.0,28707.01,24.87,18810.3,26934.210000000003,0.0,1172889.0,618.5169000000001,26.482481549815496
13727,India,Potatoes,2009,188103,1083.0,28707.01,27.14,18810.3,29392.62,0.0,1172889.0,736.5796,26.482481549815496
13728,India,Potatoes,2009,188103,1083.0,28707.01,26.55,18810.3,28753.65,0.0,1172889.0,704.9025,26.482481549815496
13729,India,Potatoes,2009,188103,1083.0,28707.01,26.31,18810.3,28493.73,0.0,1172889.0,692.2161,26.482481549815496
13730,India,Potatoes,2009,188103,1083.0,28707.01,25.87,18810.3,28017.210000000003,0.0,1172889.0,669.2569000000001,26.482481549815496
13731,India,Potatoes,2009,188103,1083.0,28707.01,27.43,18810.3,29706.69,0.0,1172889.0,752.4049,26.482481549815496
13732,India,Potatoes,2009,188103,1083.0,28707.01,25.38,18810.3,27486.539999999997,0.0,1172889.0,644.1443999999999,26.482481549815496
13733,India,Potatoes,2009,188103,1083.0,28707.01,27.82,18810.3,30129.06,0.0,1172889.0,773.9524,26.482481549815496
13734,India,Potatoes,2009,188103,1083.0,28707.01,27.82,18810.3,30129.06,0.0,1172889.0,773.9524,26.482481549815496
13735,India,Potatoes,2009,188103,1083.0,28707.01,26.55,18810.3,28753.65,0.0,1172889.0,704.9025,26.482481549815496
13736,India,"Rice, paddy",2009,32366,1083.0,28707.01,26.55,3236.6,28753.65,0.0,1172889.0,704.9025,26.482481549815496
13737,India,"Rice, paddy",2009,32366,1083.0,28707.01,28.1,3236.6,30432.300000000003,0.0,1172889.0,789.6100000000001,26.482481549815496
13738,India,"Rice, paddy",2009,32366,1083.0,28707.01,26.76,3236.6,28981.08,0.0,1172889.0,716.0976,26.482481549815496
13739,India,"Rice, paddy",2009,32366,1083.0,28707.01,24.87,3236.6,26934.210000000003,0.0,1172889.0,618.5169000000001,26.482481549815496
13740,India,"Rice, paddy",2009,32366,1083.0,28707.01,25.73,3236.6,27865.59,0.0,1172889.0,662.0329,26.482481549815496
13741,India,"Rice, paddy",2009,32366,1083.0,28707.01,26.68,3236.6,28894.44,0.0,1172889.0,711.8224,26.482481549815496
13742,India,"Rice, paddy",2009,32366,1083.0,28707.01,26.55,3236.6,28753.65,0.0,1172889.0,704.9025,26.482481549815496
13743,India,"Rice, paddy",2009,32366,1083.0,28707.01,27.15,3236.6,29403.449999999997,0.0,1172889.0,737.1225,26.482481549815496
13744,India,"Rice, paddy",2009,32366,1083.0,28707.01,28.03,3236.6,30356.49,0.0,1172889.0,785.6809000000001,26.482481549815496
13745,India,"Rice, paddy",2009,32366,1083.0,28707.01,26.41,3236.6,28602.03,0.0,1172889.0,697.4881,26.482481549815496
13746,India,"Rice, paddy",2009,32366,1083.0,28707.01,26.92,3236.6,29154.36,0.0,1172889.0,724.6864,26.482481549815496
13747,India,"Rice, paddy",2009,32366,1083.0,28707.01,25.99,3236.6,28147.17,0.0,1172889.0,675.4800999999999,26.482481549815496
13748,India,"Rice, paddy",2009,32366,1083.0,28707.01,24.87,3236.6,26934.210000000003,0.0,1172889.0,618.5169000000001,26.482481549815496
13749,India,"Rice, paddy",2009,32366,1083.0,28707.01,27.14,3236.6,29392.62,0.0,1172889.0,736.5796,26.482481549815496
13750,India,"Rice, paddy",2009,32366,1083.0,28707.01,26.55,3236.6,28753.65,0.0,1172889.0,704.9025,26.482481549815496
13751,India,"Rice, paddy",2009,32366,1083.0,28707.01,26.31,3236.6,28493.73,0.0,1172889.0,692.2161,26.482481549815496
13752,India,"Rice, paddy",2009,32366,1083.0,28707.01,25.87,3236.6,28017.210000000003,0.0,1172889.0,669.2569000000001,26.482481549815496
13753,India,"Rice, paddy",2009,32366,1083.0,28707.01,27.43,3236.6,29706.69,0.0,1172889.0,752.4049,26.482481549815496
13754,India,"Rice, paddy",2009,32366,1083.0,28707.01,25.38,3236.6,27486.539999999997,0.0,1172889.0,644.1443999999999,26.482481549815496
13755,India,"Rice, paddy",2009,32366,1083.0,28707.01,27.82,3236.6,30129.06,0.0,1172889.0,773.9524,26.482481549815496
13756,India,"Rice, paddy",2009,32366,1083.0,28707.01,27.82,3236.6,30129.06,0.0,1172889.0,773.9524,26.482481549815496
13757,India,"Rice, paddy",2009,32366,1083.0,28707.01,26.55,3236.6,28753.65,0.0,1172889.0,704.9025,26.482481549815496
13758,India,Sorghum,2009,9621,1083.0,28707.01,26.55,962.1,28753.65,0.0,1172889.0,704.9025,26.482481549815496
13759,India,Sorghum,2009,9621,1083.0,28707.01,28.1,962.1,30432.300000000003,0.0,1172889.0,789.6100000000001,26.482481549815496
13760,India,Sorghum,2009,9621,1083.0,28707.01,26.76,962.1,28981.08,0.0,1172889.0,716.0976,26.482481549815496
13761,India,Sorghum,2009,9621,1083.0,28707.01,24.87,962.1,26934.210000000003,0.0,1172889.0,618.5169000000001,26.482481549815496
13762,India,Sorghum,2009,9621,1083.0,28707.01,25.73,962.1,27865.59,0.0,1172889.0,662.0329,26.482481549815496
13763,India,Sorghum,2009,9621,1083.0,28707.01,26.68,962.1,28894.44,0.0,1172889.0,711.8224,26.482481549815496
13764,India,Sorghum,2009,9621,1083.0,28707.01,26.55,962.1,28753.65,0.0,1172889.0,704.9025,26.482481549815496
13765,India,Sorghum,2009,9621,1083.0,28707.01,27.15,962.1,29403.449999999997,0.0,1172889.0,737.1225,26.482481549815496
13766,India,Sorghum,2009,9621,1083.0,28707.01,28.03,962.1,30356.49,0.0,1172889.0,785.6809000000001,26.482481549815496
13767,India,Sorghum,2009,9621,1083.0,28707.01,26.41,962.1,28602.03,0.0,1172889.0,697.4881,26.482481549815496
13768,India,Sorghum,2009,9621,1083.0,28707.01,26.92,962.1,29154.36,0.0,1172889.0,724.6864,26.482481549815496
13769,India,Sorghum,2009,9621,1083.0,28707.01,25.99,962.1,28147.17,0.0,1172889.0,675.4800999999999,26.482481549815496
13770,India,Sorghum,2009,9621,1083.0,28707.01,24.87,962.1,26934.210000000003,0.0,1172889.0,618.5169000000001,26.482481549815496
13771,India,Sorghum,2009,9621,1083.0,28707.01,27.14,962.1,29392.62,0.0,1172889.0,736.5796,26.482481549815496
13772,India,Sorghum,2009,9621,1083.0,28707.01,26.55,962.1,28753.65,0.0,1172889.0,704.9025,26.482481549815496
13773,India,Sorghum,2009,9621,1083.0,28707.01,26.31,962.1,28493.73,0.0,1172889.0,692.2161,26.482481549815496
13774,India,Sorghum,2009,9621,1083.0,28707.01,25.87,962.1,28017.210000000003,0.0,1172889.0,669.2569000000001,26.482481549815496
13775,India,Sorghum,2009,9621,1083.0,28707.01,27.43,962.1,29706.69,0.0,1172889.0,752.4049,26.482481549815496
13776,India,Sorghum,2009,9621,1083.0,28707.01,25.38,962.1,27486.539999999997,0.0,1172889.0,644.1443999999999,26.482481549815496
13777,India,Sorghum,2009,9621,1083.0,28707.01,27.82,962.1,30129.06,0.0,1172889.0,773.9524,26.482481549815496
13778,India,Sorghum,2009,9621,1083.0,28707.01,27.82,962.1,30129.06,0.0,1172889.0,773.9524,26.482481549815496
13779,India,Sorghum,2009,9621,1083.0,28707.01,26.55,962.1,28753.65,0.0,1172889.0,704.9025,26.482481549815496
13780,India,Soybeans,2009,10236,1083.0,28707.01,26.55,1023.6,28753.65,0.0,1172889.0,704.9025,26.482481549815496
13781,India,Soybeans,2009,10236,1083.0,28707.01,28.1,1023.6,30432.300000000003,0.0,1172889.0,789.6100000000001,26.482481549815496
13782,India,Soybeans,2009,10236,1083.0,28707.01,26.76,1023.6,28981.08,0.0,1172889.0,716.0976,26.482481549815496
13783,India,Soybeans,2009,10236,1083.0,28707.01,24.87,1023.6,26934.210000000003,0.0,1172889.0,618.5169000000001,26.482481549815496
13784,India,Soybeans,2009,10236,1083.0,28707.01,25.73,1023.6,27865.59,0.0,1172889.0,662.0329,26.482481549815496
13785,India,Soybeans,2009,10236,1083.0,28707.01,26.68,1023.6,28894.44,0.0,1172889.0,711.8224,26.482481549815496
13786,India,Soybeans,2009,10236,1083.0,28707.01,26.55,1023.6,28753.65,0.0,1172889.0,704.9025,26.482481549815496
13787,India,Soybeans,2009,10236,1083.0,28707.01,27.15,1023.6,29403.449999999997,0.0,1172889.0,737.1225,26.482481549815496
13788,India,Soybeans,2009,10236,1083.0,28707.01,28.03,1023.6,30356.49,0.0,1172889.0,785.6809000000001,26.482481549815496
13789,India,Soybeans,2009,10236,1083.0,28707.01,26.41,1023.6,28602.03,0.0,1172889.0,697.4881,26.482481549815496
13790,India,Soybeans,2009,10236,1083.0,28707.01,26.92,1023.6,29154.36,0.0,1172889.0,724.6864,26.482481549815496
13791,India,Soybeans,2009,10236,1083.0,28707.01,25.99,1023.6,28147.17,0.0,1172889.0,675.4800999999999,26.482481549815496
13792,India,Soybeans,2009,10236,1083.0,28707.01,24.87,1023.6,26934.210000000003,0.0,1172889.0,618.5169000000001,26.482481549815496
13793,India,Soybeans,2009,10236,1083.0,28707.01,27.14,1023.6,29392.62,0.0,1172889.0,736.5796,26.482481549815496
13794,India,Soybeans,2009,10236,1083.0,28707.01,26.55,1023.6,28753.65,0.0,1172889.0,704.9025,26.482481549815496
13795,India,Soybeans,2009,10236,1083.0,28707.01,26.31,1023.6,28493.73,0.0,1172889.0,692.2161,26.482481549815496
13796,India,Soybeans,2009,10236,1083.0,28707.01,25.87,1023.6,28017.210000000003,0.0,1172889.0,669.2569000000001,26.482481549815496
13797,India,Soybeans,2009,10236,1083.0,28707.01,27.43,1023.6,29706.69,0.0,1172889.0,752.4049,26.482481549815496
13798,India,Soybeans,2009,10236,1083.0,28707.01,25.38,1023.6,27486.539999999997,0.0,1172889.0,644.1443999999999,26.482481549815496
13799,India,Soybeans,2009,10236,1083.0,28707.01,27.82,1023.6,30129.06,0.0,1172889.0,773.9524,26.482481549815496
13800,India,Soybeans,2009,10236,1083.0,28707.01,27.82,1023.6,30129.06,0.0,1172889.0,773.9524,26.482481549815496
13801,India,Soybeans,2009,10236,1083.0,28707.01,26.55,1023.6,28753.65,0.0,1172889.0,704.9025,26.482481549815496
13802,India,Sweet potatoes,2009,90080,1083.0,28707.01,26.55,9008.0,28753.65,0.0,1172889.0,704.9025,26.482481549815496
13803,India,Sweet potatoes,2009,90080,1083.0,28707.01,28.1,9008.0,30432.300000000003,0.0,1172889.0,789.6100000000001,26.482481549815496
13804,India,Sweet potatoes,2009,90080,1083.0,28707.01,26.76,9008.0,28981.08,0.0,1172889.0,716.0976,26.482481549815496
13805,India,Sweet potatoes,2009,90080,1083.0,28707.01,24.87,9008.0,26934.210000000003,0.0,1172889.0,618.5169000000001,26.482481549815496
13806,India,Sweet potatoes,2009,90080,1083.0,28707.01,25.73,9008.0,27865.59,0.0,1172889.0,662.0329,26.482481549815496
13807,India,Sweet potatoes,2009,90080,1083.0,28707.01,26.68,9008.0,28894.44,0.0,1172889.0,711.8224,26.482481549815496
13808,India,Sweet potatoes,2009,90080,1083.0,28707.01,26.55,9008.0,28753.65,0.0,1172889.0,704.9025,26.482481549815496
13809,India,Sweet potatoes,2009,90080,1083.0,28707.01,27.15,9008.0,29403.449999999997,0.0,1172889.0,737.1225,26.482481549815496
13810,India,Sweet potatoes,2009,90080,1083.0,28707.01,28.03,9008.0,30356.49,0.0,1172889.0,785.6809000000001,26.482481549815496
13811,India,Sweet potatoes,2009,90080,1083.0,28707.01,26.41,9008.0,28602.03,0.0,1172889.0,697.4881,26.482481549815496
13812,India,Sweet potatoes,2009,90080,1083.0,28707.01,26.92,9008.0,29154.36,0.0,1172889.0,724.6864,26.482481549815496
13813,India,Sweet potatoes,2009,90080,1083.0,28707.01,25.99,9008.0,28147.17,0.0,1172889.0,675.4800999999999,26.482481549815496
13814,India,Sweet potatoes,2009,90080,1083.0,28707.01,24.87,9008.0,26934.210000000003,0.0,1172889.0,618.5169000000001,26.482481549815496
13815,India,Sweet potatoes,2009,90080,1083.0,28707.01,27.14,9008.0,29392.62,0.0,1172889.0,736.5796,26.482481549815496
13816,India,Sweet potatoes,2009,90080,1083.0,28707.01,26.55,9008.0,28753.65,0.0,1172889.0,704.9025,26.482481549815496
13817,India,Sweet potatoes,2009,90080,1083.0,28707.01,26.31,9008.0,28493.73,0.0,1172889.0,692.2161,26.482481549815496
13818,India,Sweet potatoes,2009,90080,1083.0,28707.01,25.87,9008.0,28017.210000000003,0.0,1172889.0,669.2569000000001,26.482481549815496
13819,India,Sweet potatoes,2009,90080,1083.0,28707.01,27.43,9008.0,29706.69,0.0,1172889.0,752.4049,26.482481549815496
13820,India,Sweet potatoes,2009,90080,1083.0,28707.01,25.38,9008.0,27486.539999999997,0.0,1172889.0,644.1443999999999,26.482481549815496
13821,India,Sweet potatoes,2009,90080,1083.0,28707.01,27.82,9008.0,30129.06,0.0,1172889.0,773.9524,26.482481549815496
13822,India,Sweet potatoes,2009,90080,1083.0,28707.01,27.82,9008.0,30129.06,0.0,1172889.0,773.9524,26.482481549815496
13823,India,Sweet potatoes,2009,90080,1083.0,28707.01,26.55,9008.0,28753.65,0.0,1172889.0,704.9025,26.482481549815496
13824,India,Wheat,2009,29071,1083.0,28707.01,26.55,2907.1,28753.65,0.0,1172889.0,704.9025,26.482481549815496
13825,India,Wheat,2009,29071,1083.0,28707.01,28.1,2907.1,30432.300000000003,0.0,1172889.0,789.6100000000001,26.482481549815496
13826,India,Wheat,2009,29071,1083.0,28707.01,26.76,2907.1,28981.08,0.0,1172889.0,716.0976,26.482481549815496
13827,India,Wheat,2009,29071,1083.0,28707.01,24.87,2907.1,26934.210000000003,0.0,1172889.0,618.5169000000001,26.482481549815496
13828,India,Wheat,2009,29071,1083.0,28707.01,25.73,2907.1,27865.59,0.0,1172889.0,662.0329,26.482481549815496
13829,India,Wheat,2009,29071,1083.0,28707.01,26.68,2907.1,28894.44,0.0,1172889.0,711.8224,26.482481549815496
13830,India,Wheat,2009,29071,1083.0,28707.01,26.55,2907.1,28753.65,0.0,1172889.0,704.9025,26.482481549815496
13831,India,Wheat,2009,29071,1083.0,28707.01,27.15,2907.1,29403.449999999997,0.0,1172889.0,737.1225,26.482481549815496
13832,India,Wheat,2009,29071,1083.0,28707.01,28.03,2907.1,30356.49,0.0,1172889.0,785.6809000000001,26.482481549815496
13833,India,Wheat,2009,29071,1083.0,28707.01,26.41,2907.1,28602.03,0.0,1172889.0,697.4881,26.482481549815496
13834,India,Wheat,2009,29071,1083.0,28707.01,26.92,2907.1,29154.36,0.0,1172889.0,724.6864,26.482481549815496
13835,India,Wheat,2009,29071,1083.0,28707.01,25.99,2907.1,28147.17,0.0,1172889.0,675.4800999999999,26.482481549815496
13836,India,Wheat,2009,29071,1083.0,28707.01,24.87,2907.1,26934.210000000003,0.0,1172889.0,618.5169000000001,26.482481549815496
13837,India,Wheat,2009,29071,1083.0,28707.01,27.14,2907.1,29392.62,0.0,1172889.0,736.5796,26.482481549815496
13838,India,Wheat,2009,29071,1083.0,28707.01,26.55,2907.1,28753.65,0.0,1172889.0,704.9025,26.482481549815496
13839,India,Wheat,2009,29071,1083.0,28707.01,26.31,2907.1,28493.73,0.0,1172889.0,692.2161,26.482481549815496
13840,India,Wheat,2009,29071,1083.0,28707.01,25.87,2907.1,28017.210000000003,0.0,1172889.0,669.2569000000001,26.482481549815496
13841,India,Wheat,2009,29071,1083.0,28707.01,27.43,2907.1,29706.69,0.0,1172889.0,752.4049,26.482481549815496
13842,India,Wheat,2009,29071,1083.0,28707.01,25.38,2907.1,27486.539999999997,0.0,1172889.0,644.1443999999999,26.482481549815496
13843,India,Wheat,2009,29071,1083.0,28707.01,27.82,2907.1,30129.06,0.0,1172889.0,773.9524,26.482481549815496
13844,India,Wheat,2009,29071,1083.0,28707.01,27.82,2907.1,30129.06,0.0,1172889.0,773.9524,26.482481549815496
13845,India,Wheat,2009,29071,1083.0,28707.01,26.55,2907.1,28753.65,0.0,1172889.0,704.9025,26.482481549815496
13846,India,Cassava,2010,347555,1083.0,40093.69,26.51,34755.5,28710.33,0.0,1172889.0,702.7801000000001,36.98679889298893
13847,India,Cassava,2010,347555,1083.0,40093.69,28.02,34755.5,30345.66,0.0,1172889.0,785.1204,36.98679889298893
13848,India,Cassava,2010,347555,1083.0,40093.69,26.81,34755.5,29035.23,0.0,1172889.0,718.7760999999999,36.98679889298893
13849,India,Cassava,2010,347555,1083.0,40093.69,24.98,34755.5,27053.34,0.0,1172889.0,624.0004,36.98679889298893
13850,India,Cassava,2010,347555,1083.0,40093.69,25.71,34755.5,27843.93,0.0,1172889.0,661.0041,36.98679889298893
13851,India,Cassava,2010,347555,1083.0,40093.69,26.61,34755.5,28818.63,0.0,1172889.0,708.0921,36.98679889298893
13852,India,Cassava,2010,347555,1083.0,40093.69,26.52,34755.5,28721.16,0.0,1172889.0,703.3104,36.98679889298893
13853,India,Cassava,2010,347555,1083.0,40093.69,27.29,34755.5,29555.07,0.0,1172889.0,744.7441,36.98679889298893
13854,India,Cassava,2010,347555,1083.0,40093.69,27.69,34755.5,29988.27,0.0,1172889.0,766.7361000000001,36.98679889298893
13855,India,Cassava,2010,347555,1083.0,40093.69,26.31,34755.5,28493.73,0.0,1172889.0,692.2161,36.98679889298893
13856,India,Cassava,2010,347555,1083.0,40093.69,26.82,34755.5,29046.06,0.0,1172889.0,719.3124,36.98679889298893
13857,India,Cassava,2010,347555,1083.0,40093.69,26.02,34755.5,28179.66,0.0,1172889.0,677.0404,36.98679889298893
13858,India,Cassava,2010,347555,1083.0,40093.69,24.98,34755.5,27053.34,0.0,1172889.0,624.0004,36.98679889298893
13859,India,Cassava,2010,347555,1083.0,40093.69,26.93,34755.5,29165.19,0.0,1172889.0,725.2248999999999,36.98679889298893
13860,India,Cassava,2010,347555,1083.0,40093.69,26.52,34755.5,28721.16,0.0,1172889.0,703.3104,36.98679889298893
13861,India,Cassava,2010,347555,1083.0,40093.69,26.54,34755.5,28742.82,0.0,1172889.0,704.3716,36.98679889298893
13862,India,Cassava,2010,347555,1083.0,40093.69,25.75,34755.5,27887.25,0.0,1172889.0,663.0625,36.98679889298893
13863,India,Cassava,2010,347555,1083.0,40093.69,27.16,34755.5,29414.28,0.0,1172889.0,737.6656,36.98679889298893
13864,India,Cassava,2010,347555,1083.0,40093.69,25.54,34755.5,27659.82,0.0,1172889.0,652.2915999999999,36.98679889298893
13865,India,Cassava,2010,347555,1083.0,40093.69,27.68,34755.5,29977.44,0.0,1172889.0,766.1824,36.98679889298893
13866,India,Cassava,2010,347555,1083.0,40093.69,27.68,34755.5,29977.44,0.0,1172889.0,766.1824,36.98679889298893
13867,India,Cassava,2010,347555,1083.0,40093.69,26.67,34755.5,28883.61,0.0,1172889.0,711.2889000000001,36.98679889298893
13868,India,Maize,2010,25401,1083.0,40093.69,26.51,2540.1,28710.33,0.0,1172889.0,702.7801000000001,36.98679889298893
13869,India,Maize,2010,25401,1083.0,40093.69,28.02,2540.1,30345.66,0.0,1172889.0,785.1204,36.98679889298893
13870,India,Maize,2010,25401,1083.0,40093.69,26.81,2540.1,29035.23,0.0,1172889.0,718.7760999999999,36.98679889298893
13871,India,Maize,2010,25401,1083.0,40093.69,24.98,2540.1,27053.34,0.0,1172889.0,624.0004,36.98679889298893
13872,India,Maize,2010,25401,1083.0,40093.69,25.71,2540.1,27843.93,0.0,1172889.0,661.0041,36.98679889298893
13873,India,Maize,2010,25401,1083.0,40093.69,26.61,2540.1,28818.63,0.0,1172889.0,708.0921,36.98679889298893
13874,India,Maize,2010,25401,1083.0,40093.69,26.52,2540.1,28721.16,0.0,1172889.0,703.3104,36.98679889298893
13875,India,Maize,2010,25401,1083.0,40093.69,27.29,2540.1,29555.07,0.0,1172889.0,744.7441,36.98679889298893
13876,India,Maize,2010,25401,1083.0,40093.69,27.69,2540.1,29988.27,0.0,1172889.0,766.7361000000001,36.98679889298893
13877,India,Maize,2010,25401,1083.0,40093.69,26.31,2540.1,28493.73,0.0,1172889.0,692.2161,36.98679889298893
13878,India,Maize,2010,25401,1083.0,40093.69,26.82,2540.1,29046.06,0.0,1172889.0,719.3124,36.98679889298893
13879,India,Maize,2010,25401,1083.0,40093.69,26.02,2540.1,28179.66,0.0,1172889.0,677.0404,36.98679889298893
13880,India,Maize,2010,25401,1083.0,40093.69,24.98,2540.1,27053.34,0.0,1172889.0,624.0004,36.98679889298893
13881,India,Maize,2010,25401,1083.0,40093.69,26.93,2540.1,29165.19,0.0,1172889.0,725.2248999999999,36.98679889298893
13882,India,Maize,2010,25401,1083.0,40093.69,26.52,2540.1,28721.16,0.0,1172889.0,703.3104,36.98679889298893
13883,India,Maize,2010,25401,1083.0,40093.69,26.54,2540.1,28742.82,0.0,1172889.0,704.3716,36.98679889298893
13884,India,Maize,2010,25401,1083.0,40093.69,25.75,2540.1,27887.25,0.0,1172889.0,663.0625,36.98679889298893
13885,India,Maize,2010,25401,1083.0,40093.69,27.16,2540.1,29414.28,0.0,1172889.0,737.6656,36.98679889298893
13886,India,Maize,2010,25401,1083.0,40093.69,25.54,2540.1,27659.82,0.0,1172889.0,652.2915999999999,36.98679889298893
13887,India,Maize,2010,25401,1083.0,40093.69,27.68,2540.1,29977.44,0.0,1172889.0,766.1824,36.98679889298893
13888,India,Maize,2010,25401,1083.0,40093.69,27.68,2540.1,29977.44,0.0,1172889.0,766.1824,36.98679889298893
13889,India,Maize,2010,25401,1083.0,40093.69,26.67,2540.1,28883.61,0.0,1172889.0,711.2889000000001,36.98679889298893
13890,India,Potatoes,2010,199299,1083.0,40093.69,26.51,19929.9,28710.33,0.0,1172889.0,702.7801000000001,36.98679889298893
13891,India,Potatoes,2010,199299,1083.0,40093.69,28.02,19929.9,30345.66,0.0,1172889.0,785.1204,36.98679889298893
13892,India,Potatoes,2010,199299,1083.0,40093.69,26.81,19929.9,29035.23,0.0,1172889.0,718.7760999999999,36.98679889298893
13893,India,Potatoes,2010,199299,1083.0,40093.69,24.98,19929.9,27053.34,0.0,1172889.0,624.0004,36.98679889298893
13894,India,Potatoes,2010,199299,1083.0,40093.69,25.71,19929.9,27843.93,0.0,1172889.0,661.0041,36.98679889298893
13895,India,Potatoes,2010,199299,1083.0,40093.69,26.61,19929.9,28818.63,0.0,1172889.0,708.0921,36.98679889298893
13896,India,Potatoes,2010,199299,1083.0,40093.69,26.52,19929.9,28721.16,0.0,1172889.0,703.3104,36.98679889298893
13897,India,Potatoes,2010,199299,1083.0,40093.69,27.29,19929.9,29555.07,0.0,1172889.0,744.7441,36.98679889298893
13898,India,Potatoes,2010,199299,1083.0,40093.69,27.69,19929.9,29988.27,0.0,1172889.0,766.7361000000001,36.98679889298893
13899,India,Potatoes,2010,199299,1083.0,40093.69,26.31,19929.9,28493.73,0.0,1172889.0,692.2161,36.98679889298893
13900,India,Potatoes,2010,199299,1083.0,40093.69,26.82,19929.9,29046.06,0.0,1172889.0,719.3124,36.98679889298893
13901,India,Potatoes,2010,199299,1083.0,40093.69,26.02,19929.9,28179.66,0.0,1172889.0,677.0404,36.98679889298893
13902,India,Potatoes,2010,199299,1083.0,40093.69,24.98,19929.9,27053.34,0.0,1172889.0,624.0004,36.98679889298893
13903,India,Potatoes,2010,199299,1083.0,40093.69,26.93,19929.9,29165.19,0.0,1172889.0,725.2248999999999,36.98679889298893
13904,India,Potatoes,2010,199299,1083.0,40093.69,26.52,19929.9,28721.16,0.0,1172889.0,703.3104,36.98679889298893
13905,India,Potatoes,2010,199299,1083.0,40093.69,26.54,19929.9,28742.82,0.0,1172889.0,704.3716,36.98679889298893
13906,India,Potatoes,2010,199299,1083.0,40093.69,25.75,19929.9,27887.25,0.0,1172889.0,663.0625,36.98679889298893
13907,India,Potatoes,2010,199299,1083.0,40093.69,27.16,19929.9,29414.28,0.0,1172889.0,737.6656,36.98679889298893
13908,India,Potatoes,2010,199299,1083.0,40093.69,25.54,19929.9,27659.82,0.0,1172889.0,652.2915999999999,36.98679889298893
13909,India,Potatoes,2010,199299,1083.0,40093.69,27.68,19929.9,29977.44,0.0,1172889.0,766.1824,36.98679889298893
13910,India,Potatoes,2010,199299,1083.0,40093.69,27.68,19929.9,29977.44,0.0,1172889.0,766.1824,36.98679889298893
13911,India,Potatoes,2010,199299,1083.0,40093.69,26.67,19929.9,28883.61,0.0,1172889.0,711.2889000000001,36.98679889298893
13912,India,"Rice, paddy",2010,33587,1083.0,40093.69,26.51,3358.7,28710.33,0.0,1172889.0,702.7801000000001,36.98679889298893
13913,India,"Rice, paddy",2010,33587,1083.0,40093.69,28.02,3358.7,30345.66,0.0,1172889.0,785.1204,36.98679889298893
13914,India,"Rice, paddy",2010,33587,1083.0,40093.69,26.81,3358.7,29035.23,0.0,1172889.0,718.7760999999999,36.98679889298893
13915,India,"Rice, paddy",2010,33587,1083.0,40093.69,24.98,3358.7,27053.34,0.0,1172889.0,624.0004,36.98679889298893
13916,India,"Rice, paddy",2010,33587,1083.0,40093.69,25.71,3358.7,27843.93,0.0,1172889.0,661.0041,36.98679889298893
13917,India,"Rice, paddy",2010,33587,1083.0,40093.69,26.61,3358.7,28818.63,0.0,1172889.0,708.0921,36.98679889298893
13918,India,"Rice, paddy",2010,33587,1083.0,40093.69,26.52,3358.7,28721.16,0.0,1172889.0,703.3104,36.98679889298893
13919,India,"Rice, paddy",2010,33587,1083.0,40093.69,27.29,3358.7,29555.07,0.0,1172889.0,744.7441,36.98679889298893
13920,India,"Rice, paddy",2010,33587,1083.0,40093.69,27.69,3358.7,29988.27,0.0,1172889.0,766.7361000000001,36.98679889298893
13921,India,"Rice, paddy",2010,33587,1083.0,40093.69,26.31,3358.7,28493.73,0.0,1172889.0,692.2161,36.98679889298893
13922,India,"Rice, paddy",2010,33587,1083.0,40093.69,26.82,3358.7,29046.06,0.0,1172889.0,719.3124,36.98679889298893
13923,India,"Rice, paddy",2010,33587,1083.0,40093.69,26.02,3358.7,28179.66,0.0,1172889.0,677.0404,36.98679889298893
13924,India,"Rice, paddy",2010,33587,1083.0,40093.69,24.98,3358.7,27053.34,0.0,1172889.0,624.0004,36.98679889298893
13925,India,"Rice, paddy",2010,33587,1083.0,40093.69,26.93,3358.7,29165.19,0.0,1172889.0,725.2248999999999,36.98679889298893
13926,India,"Rice, paddy",2010,33587,1083.0,40093.69,26.52,3358.7,28721.16,0.0,1172889.0,703.3104,36.98679889298893
13927,India,"Rice, paddy",2010,33587,1083.0,40093.69,26.54,3358.7,28742.82,0.0,1172889.0,704.3716,36.98679889298893
13928,India,"Rice, paddy",2010,33587,1083.0,40093.69,25.75,3358.7,27887.25,0.0,1172889.0,663.0625,36.98679889298893
13929,India,"Rice, paddy",2010,33587,1083.0,40093.69,27.16,3358.7,29414.28,0.0,1172889.0,737.6656,36.98679889298893
13930,India,"Rice, paddy",2010,33587,1083.0,40093.69,25.54,3358.7,27659.82,0.0,1172889.0,652.2915999999999,36.98679889298893
13931,India,"Rice, paddy",2010,33587,1083.0,40093.69,27.68,3358.7,29977.44,0.0,1172889.0,766.1824,36.98679889298893
13932,India,"Rice, paddy",2010,33587,1083.0,40093.69,27.68,3358.7,29977.44,0.0,1172889.0,766.1824,36.98679889298893
13933,India,"Rice, paddy",2010,33587,1083.0,40093.69,26.67,3358.7,28883.61,0.0,1172889.0,711.2889000000001,36.98679889298893
13934,India,Sorghum,2010,8602,1083.0,40093.69,26.51,860.2,28710.33,0.0,1172889.0,702.7801000000001,36.98679889298893
13935,India,Sorghum,2010,8602,1083.0,40093.69,28.02,860.2,30345.66,0.0,1172889.0,785.1204,36.98679889298893
13936,India,Sorghum,2010,8602,1083.0,40093.69,26.81,860.2,29035.23,0.0,1172889.0,718.7760999999999,36.98679889298893
13937,India,Sorghum,2010,8602,1083.0,40093.69,24.98,860.2,27053.34,0.0,1172889.0,624.0004,36.98679889298893
13938,India,Sorghum,2010,8602,1083.0,40093.69,25.71,860.2,27843.93,0.0,1172889.0,661.0041,36.98679889298893
13939,India,Sorghum,2010,8602,1083.0,40093.69,26.61,860.2,28818.63,0.0,1172889.0,708.0921,36.98679889298893
13940,India,Sorghum,2010,8602,1083.0,40093.69,26.52,860.2,28721.16,0.0,1172889.0,703.3104,36.98679889298893
13941,India,Sorghum,2010,8602,1083.0,40093.69,27.29,860.2,29555.07,0.0,1172889.0,744.7441,36.98679889298893
13942,India,Sorghum,2010,8602,1083.0,40093.69,27.69,860.2,29988.27,0.0,1172889.0,766.7361000000001,36.98679889298893
13943,India,Sorghum,2010,8602,1083.0,40093.69,26.31,860.2,28493.73,0.0,1172889.0,692.2161,36.98679889298893
13944,India,Sorghum,2010,8602,1083.0,40093.69,26.82,860.2,29046.06,0.0,1172889.0,719.3124,36.98679889298893
13945,India,Sorghum,2010,8602,1083.0,40093.69,26.02,860.2,28179.66,0.0,1172889.0,677.0404,36.98679889298893
13946,India,Sorghum,2010,8602,1083.0,40093.69,24.98,860.2,27053.34,0.0,1172889.0,624.0004,36.98679889298893
13947,India,Sorghum,2010,8602,1083.0,40093.69,26.93,860.2,29165.19,0.0,1172889.0,725.2248999999999,36.98679889298893
13948,India,Sorghum,2010,8602,1083.0,40093.69,26.52,860.2,28721.16,0.0,1172889.0,703.3104,36.98679889298893
13949,India,Sorghum,2010,8602,1083.0,40093.69,26.54,860.2,28742.82,0.0,1172889.0,704.3716,36.98679889298893
13950,India,Sorghum,2010,8602,1083.0,40093.69,25.75,860.2,27887.25,0.0,1172889.0,663.0625,36.98679889298893
13951,India,Sorghum,2010,8602,1083.0,40093.69,27.16,860.2,29414.28,0.0,1172889.0,737.6656,36.98679889298893
13952,India,Sorghum,2010,8602,1083.0,40093.69,25.54,860.2,27659.82,0.0,1172889.0,652.2915999999999,36.98679889298893
13953,India,Sorghum,2010,8602,1083.0,40093.69,27.68,860.2,29977.44,0.0,1172889.0,766.1824,36.98679889298893
13954,India,Sorghum,2010,8602,1083.0,40093.69,27.68,860.2,29977.44,0.0,1172889.0,766.1824,36.98679889298893
13955,India,Sorghum,2010,8602,1083.0,40093.69,26.67,860.2,28883.61,0.0,1172889.0,711.2889000000001,36.98679889298893
13956,India,Soybeans,2010,13330,1083.0,40093.69,26.51,1333.0,28710.33,0.0,1172889.0,702.7801000000001,36.98679889298893
13957,India,Soybeans,2010,13330,1083.0,40093.69,28.02,1333.0,30345.66,0.0,1172889.0,785.1204,36.98679889298893
13958,India,Soybeans,2010,13330,1083.0,40093.69,26.81,1333.0,29035.23,0.0,1172889.0,718.7760999999999,36.98679889298893
13959,India,Soybeans,2010,13330,1083.0,40093.69,24.98,1333.0,27053.34,0.0,1172889.0,624.0004,36.98679889298893
13960,India,Soybeans,2010,13330,1083.0,40093.69,25.71,1333.0,27843.93,0.0,1172889.0,661.0041,36.98679889298893
13961,India,Soybeans,2010,13330,1083.0,40093.69,26.61,1333.0,28818.63,0.0,1172889.0,708.0921,36.98679889298893
13962,India,Soybeans,2010,13330,1083.0,40093.69,26.52,1333.0,28721.16,0.0,1172889.0,703.3104,36.98679889298893
13963,India,Soybeans,2010,13330,1083.0,40093.69,27.29,1333.0,29555.07,0.0,1172889.0,744.7441,36.98679889298893
13964,India,Soybeans,2010,13330,1083.0,40093.69,27.69,1333.0,29988.27,0.0,1172889.0,766.7361000000001,36.98679889298893
13965,India,Soybeans,2010,13330,1083.0,40093.69,26.31,1333.0,28493.73,0.0,1172889.0,692.2161,36.98679889298893
13966,India,Soybeans,2010,13330,1083.0,40093.69,26.82,1333.0,29046.06,0.0,1172889.0,719.3124,36.98679889298893
13967,India,Soybeans,2010,13330,1083.0,40093.69,26.02,1333.0,28179.66,0.0,1172889.0,677.0404,36.98679889298893
13968,India,Soybeans,2010,13330,1083.0,40093.69,24.98,1333.0,27053.34,0.0,1172889.0,624.0004,36.98679889298893
13969,India,Soybeans,2010,13330,1083.0,40093.69,26.93,1333.0,29165.19,0.0,1172889.0,725.2248999999999,36.98679889298893
13970,India,Soybeans,2010,13330,1083.0,40093.69,26.52,1333.0,28721.16,0.0,1172889.0,703.3104,36.98679889298893
13971,India,Soybeans,2010,13330,1083.0,40093.69,26.54,1333.0,28742.82,0.0,1172889.0,704.3716,36.98679889298893
13972,India,Soybeans,2010,13330,1083.0,40093.69,25.75,1333.0,27887.25,0.0,1172889.0,663.0625,36.98679889298893
13973,India,Soybeans,2010,13330,1083.0,40093.69,27.16,1333.0,29414.28,0.0,1172889.0,737.6656,36.98679889298893
13974,India,Soybeans,2010,13330,1083.0,40093.69,25.54,1333.0,27659.82,0.0,1172889.0,652.2915999999999,36.98679889298893
13975,India,Soybeans,2010,13330,1083.0,40093.69,27.68,1333.0,29977.44,0.0,1172889.0,766.1824,36.98679889298893
13976,India,Soybeans,2010,13330,1083.0,40093.69,27.68,1333.0,29977.44,0.0,1172889.0,766.1824,36.98679889298893
13977,India,Soybeans,2010,13330,1083.0,40093.69,26.67,1333.0,28883.61,0.0,1172889.0,711.2889000000001,36.98679889298893
13978,India,Sweet potatoes,2010,92069,1083.0,40093.69,26.51,9206.9,28710.33,0.0,1172889.0,702.7801000000001,36.98679889298893
13979,India,Sweet potatoes,2010,92069,1083.0,40093.69,28.02,9206.9,30345.66,0.0,1172889.0,785.1204,36.98679889298893
13980,India,Sweet potatoes,2010,92069,1083.0,40093.69,26.81,9206.9,29035.23,0.0,1172889.0,718.7760999999999,36.98679889298893
13981,India,Sweet potatoes,2010,92069,1083.0,40093.69,24.98,9206.9,27053.34,0.0,1172889.0,624.0004,36.98679889298893
13982,India,Sweet potatoes,2010,92069,1083.0,40093.69,25.71,9206.9,27843.93,0.0,1172889.0,661.0041,36.98679889298893
13983,India,Sweet potatoes,2010,92069,1083.0,40093.69,26.61,9206.9,28818.63,0.0,1172889.0,708.0921,36.98679889298893
13984,India,Sweet potatoes,2010,92069,1083.0,40093.69,26.52,9206.9,28721.16,0.0,1172889.0,703.3104,36.98679889298893
13985,India,Sweet potatoes,2010,92069,1083.0,40093.69,27.29,9206.9,29555.07,0.0,1172889.0,744.7441,36.98679889298893
13986,India,Sweet potatoes,2010,92069,1083.0,40093.69,27.69,9206.9,29988.27,0.0,1172889.0,766.7361000000001,36.98679889298893
13987,India,Sweet potatoes,2010,92069,1083.0,40093.69,26.31,9206.9,28493.73,0.0,1172889.0,692.2161,36.98679889298893
13988,India,Sweet potatoes,2010,92069,1083.0,40093.69,26.82,9206.9,29046.06,0.0,1172889.0,719.3124,36.98679889298893
13989,India,Sweet potatoes,2010,92069,1083.0,40093.69,26.02,9206.9,28179.66,0.0,1172889.0,677.0404,36.98679889298893
13990,India,Sweet potatoes,2010,92069,1083.0,40093.69,24.98,9206.9,27053.34,0.0,1172889.0,624.0004,36.98679889298893
13991,India,Sweet potatoes,2010,92069,1083.0,40093.69,26.93,9206.9,29165.19,0.0,1172889.0,725.2248999999999,36.98679889298893
13992,India,Sweet potatoes,2010,92069,1083.0,40093.69,26.52,9206.9,28721.16,0.0,1172889.0,703.3104,36.98679889298893
13993,India,Sweet potatoes,2010,92069,1083.0,40093.69,26.54,9206.9,28742.82,0.0,1172889.0,704.3716,36.98679889298893
13994,India,Sweet potatoes,2010,92069,1083.0,40093.69,25.75,9206.9,27887.25,0.0,1172889.0,663.0625,36.98679889298893
13995,India,Sweet potatoes,2010,92069,1083.0,40093.69,27.16,9206.9,29414.28,0.0,1172889.0,737.6656,36.98679889298893
13996,India,Sweet potatoes,2010,92069,1083.0,40093.69,25.54,9206.9,27659.82,0.0,1172889.0,652.2915999999999,36.98679889298893
13997,India,Sweet potatoes,2010,92069,1083.0,40093.69,27.68,9206.9,29977.44,0.0,1172889.0,766.1824,36.98679889298893
13998,India,Sweet potatoes,2010,92069,1083.0,40093.69,27.68,9206.9,29977.44,0.0,1172889.0,766.1824,36.98679889298893
13999,India,Sweet potatoes,2010,92069,1083.0,40093.69,26.67,9206.9,28883.61,0.0,1172889.0,711.2889000000001,36.98679889298893
14000,India,Wheat,2010,28395,1083.0,40093.69,26.51,2839.5,28710.33,0.0,1172889.0,702.7801000000001,36.98679889298893
14001,India,Wheat,2010,28395,1083.0,40093.69,28.02,2839.5,30345.66,0.0,1172889.0,785.1204,36.98679889298893
14002,India,Wheat,2010,28395,1083.0,40093.69,26.81,2839.5,29035.23,0.0,1172889.0,718.7760999999999,36.98679889298893
14003,India,Wheat,2010,28395,1083.0,40093.69,24.98,2839.5,27053.34,0.0,1172889.0,624.0004,36.98679889298893
14004,India,Wheat,2010,28395,1083.0,40093.69,25.71,2839.5,27843.93,0.0,1172889.0,661.0041,36.98679889298893
14005,India,Wheat,2010,28395,1083.0,40093.69,26.61,2839.5,28818.63,0.0,1172889.0,708.0921,36.98679889298893
14006,India,Wheat,2010,28395,1083.0,40093.69,26.52,2839.5,28721.16,0.0,1172889.0,703.3104,36.98679889298893
14007,India,Wheat,2010,28395,1083.0,40093.69,27.29,2839.5,29555.07,0.0,1172889.0,744.7441,36.98679889298893
14008,India,Wheat,2010,28395,1083.0,40093.69,27.69,2839.5,29988.27,0.0,1172889.0,766.7361000000001,36.98679889298893
14009,India,Wheat,2010,28395,1083.0,40093.69,26.31,2839.5,28493.73,0.0,1172889.0,692.2161,36.98679889298893
14010,India,Wheat,2010,28395,1083.0,40093.69,26.82,2839.5,29046.06,0.0,1172889.0,719.3124,36.98679889298893
14011,India,Wheat,2010,28395,1083.0,40093.69,26.02,2839.5,28179.66,0.0,1172889.0,677.0404,36.98679889298893
14012,India,Wheat,2010,28395,1083.0,40093.69,24.98,2839.5,27053.34,0.0,1172889.0,624.0004,36.98679889298893
14013,India,Wheat,2010,28395,1083.0,40093.69,26.93,2839.5,29165.19,0.0,1172889.0,725.2248999999999,36.98679889298893
14014,India,Wheat,2010,28395,1083.0,40093.69,26.52,2839.5,28721.16,0.0,1172889.0,703.3104,36.98679889298893
14015,India,Wheat,2010,28395,1083.0,40093.69,26.54,2839.5,28742.82,0.0,1172889.0,704.3716,36.98679889298893
14016,India,Wheat,2010,28395,1083.0,40093.69,25.75,2839.5,27887.25,0.0,1172889.0,663.0625,36.98679889298893
14017,India,Wheat,2010,28395,1083.0,40093.69,27.16,2839.5,29414.28,0.0,1172889.0,737.6656,36.98679889298893
14018,India,Wheat,2010,28395,1083.0,40093.69,25.54,2839.5,27659.82,0.0,1172889.0,652.2915999999999,36.98679889298893
14019,India,Wheat,2010,28395,1083.0,40093.69,27.68,2839.5,29977.44,0.0,1172889.0,766.1824,36.98679889298893
14020,India,Wheat,2010,28395,1083.0,40093.69,27.68,2839.5,29977.44,0.0,1172889.0,766.1824,36.98679889298893
14021,India,Wheat,2010,28395,1083.0,40093.69,26.67,2839.5,28883.61,0.0,1172889.0,711.2889000000001,36.98679889298893
14022,India,Cassava,2011,364770,1083.0,55540.0,25.53,36477.0,27648.99,0.0,1172889.0,651.7809000000001,51.23616236162361
14023,India,Cassava,2011,364770,1083.0,55540.0,27.29,36477.0,29555.07,0.0,1172889.0,744.7441,51.23616236162361
14024,India,Cassava,2011,364770,1083.0,55540.0,25.81,36477.0,27952.23,0.0,1172889.0,666.1560999999999,51.23616236162361
14025,India,Cassava,2011,364770,1083.0,55540.0,24.35,36477.0,26371.050000000003,0.0,1172889.0,592.9225,51.23616236162361
14026,India,Cassava,2011,364770,1083.0,55540.0,25.36,36477.0,27464.88,0.0,1172889.0,643.1296,51.23616236162361
14027,India,Cassava,2011,364770,1083.0,55540.0,25.72,36477.0,27854.76,0.0,1172889.0,661.5183999999999,51.23616236162361
14028,India,Cassava,2011,364770,1083.0,55540.0,25.63,36477.0,27757.289999999997,0.0,1172889.0,656.8969,51.23616236162361
14029,India,Cassava,2011,364770,1083.0,55540.0,26.41,36477.0,28602.03,0.0,1172889.0,697.4881,51.23616236162361
14030,India,Cassava,2011,364770,1083.0,55540.0,27.41,36477.0,29685.03,0.0,1172889.0,751.3081,51.23616236162361
14031,India,Cassava,2011,364770,1083.0,55540.0,25.45,36477.0,27562.35,0.0,1172889.0,647.7025,51.23616236162361
14032,India,Cassava,2011,364770,1083.0,55540.0,25.92,36477.0,28071.36,0.0,1172889.0,671.8464000000001,51.23616236162361
14033,India,Cassava,2011,364770,1083.0,55540.0,25.06,36477.0,27139.98,0.0,1172889.0,628.0035999999999,51.23616236162361
14034,India,Cassava,2011,364770,1083.0,55540.0,24.35,36477.0,26371.050000000003,0.0,1172889.0,592.9225,51.23616236162361
14035,India,Cassava,2011,364770,1083.0,55540.0,26.0,36477.0,28158.0,0.0,1172889.0,676.0,51.23616236162361
14036,India,Cassava,2011,364770,1083.0,55540.0,25.63,36477.0,27757.289999999997,0.0,1172889.0,656.8969,51.23616236162361
14037,India,Cassava,2011,364770,1083.0,55540.0,25.48,36477.0,27594.84,0.0,1172889.0,649.2304,51.23616236162361
14038,India,Cassava,2011,364770,1083.0,55540.0,25.16,36477.0,27248.28,0.0,1172889.0,633.0256,51.23616236162361
14039,India,Cassava,2011,364770,1083.0,55540.0,26.84,36477.0,29067.72,0.0,1172889.0,720.3856,51.23616236162361
14040,India,Cassava,2011,364770,1083.0,55540.0,24.5,36477.0,26533.5,0.0,1172889.0,600.25,51.23616236162361
14041,India,Cassava,2011,364770,1083.0,55540.0,27.02,36477.0,29262.66,0.0,1172889.0,730.0803999999999,51.23616236162361
14042,India,Cassava,2011,364770,1083.0,55540.0,27.02,36477.0,29262.66,0.0,1172889.0,730.0803999999999,51.23616236162361
14043,India,Cassava,2011,364770,1083.0,55540.0,25.64,36477.0,27768.12,0.0,1172889.0,657.4096000000001,51.23616236162361
14044,India,Maize,2011,24784,1083.0,55540.0,25.53,2478.4,27648.99,0.0,1172889.0,651.7809000000001,51.23616236162361
14045,India,Maize,2011,24784,1083.0,55540.0,27.29,2478.4,29555.07,0.0,1172889.0,744.7441,51.23616236162361
14046,India,Maize,2011,24784,1083.0,55540.0,25.81,2478.4,27952.23,0.0,1172889.0,666.1560999999999,51.23616236162361
14047,India,Maize,2011,24784,1083.0,55540.0,24.35,2478.4,26371.050000000003,0.0,1172889.0,592.9225,51.23616236162361
14048,India,Maize,2011,24784,1083.0,55540.0,25.36,2478.4,27464.88,0.0,1172889.0,643.1296,51.23616236162361
14049,India,Maize,2011,24784,1083.0,55540.0,25.72,2478.4,27854.76,0.0,1172889.0,661.5183999999999,51.23616236162361
14050,India,Maize,2011,24784,1083.0,55540.0,25.63,2478.4,27757.289999999997,0.0,1172889.0,656.8969,51.23616236162361
14051,India,Maize,2011,24784,1083.0,55540.0,26.41,2478.4,28602.03,0.0,1172889.0,697.4881,51.23616236162361
14052,India,Maize,2011,24784,1083.0,55540.0,27.41,2478.4,29685.03,0.0,1172889.0,751.3081,51.23616236162361
14053,India,Maize,2011,24784,1083.0,55540.0,25.45,2478.4,27562.35,0.0,1172889.0,647.7025,51.23616236162361
14054,India,Maize,2011,24784,1083.0,55540.0,25.92,2478.4,28071.36,0.0,1172889.0,671.8464000000001,51.23616236162361
14055,India,Maize,2011,24784,1083.0,55540.0,25.06,2478.4,27139.98,0.0,1172889.0,628.0035999999999,51.23616236162361
14056,India,Maize,2011,24784,1083.0,55540.0,24.35,2478.4,26371.050000000003,0.0,1172889.0,592.9225,51.23616236162361
14057,India,Maize,2011,24784,1083.0,55540.0,26.0,2478.4,28158.0,0.0,1172889.0,676.0,51.23616236162361
14058,India,Maize,2011,24784,1083.0,55540.0,25.63,2478.4,27757.289999999997,0.0,1172889.0,656.8969,51.23616236162361
14059,India,Maize,2011,24784,1083.0,55540.0,25.48,2478.4,27594.84,0.0,1172889.0,649.2304,51.23616236162361
14060,India,Maize,2011,24784,1083.0,55540.0,25.16,2478.4,27248.28,0.0,1172889.0,633.0256,51.23616236162361
14061,India,Maize,2011,24784,1083.0,55540.0,26.84,2478.4,29067.72,0.0,1172889.0,720.3856,51.23616236162361
14062,India,Maize,2011,24784,1083.0,55540.0,24.5,2478.4,26533.5,0.0,1172889.0,600.25,51.23616236162361
14063,India,Maize,2011,24784,1083.0,55540.0,27.02,2478.4,29262.66,0.0,1172889.0,730.0803999999999,51.23616236162361
14064,India,Maize,2011,24784,1083.0,55540.0,27.02,2478.4,29262.66,0.0,1172889.0,730.0803999999999,51.23616236162361
14065,India,Maize,2011,24784,1083.0,55540.0,25.64,2478.4,27768.12,0.0,1172889.0,657.4096000000001,51.23616236162361
14066,India,Potatoes,2011,227240,1083.0,55540.0,25.53,22724.0,27648.99,0.0,1172889.0,651.7809000000001,51.23616236162361
14067,India,Potatoes,2011,227240,1083.0,55540.0,27.29,22724.0,29555.07,0.0,1172889.0,744.7441,51.23616236162361
14068,India,Potatoes,2011,227240,1083.0,55540.0,25.81,22724.0,27952.23,0.0,1172889.0,666.1560999999999,51.23616236162361
14069,India,Potatoes,2011,227240,1083.0,55540.0,24.35,22724.0,26371.050000000003,0.0,1172889.0,592.9225,51.23616236162361
14070,India,Potatoes,2011,227240,1083.0,55540.0,25.36,22724.0,27464.88,0.0,1172889.0,643.1296,51.23616236162361
14071,India,Potatoes,2011,227240,1083.0,55540.0,25.72,22724.0,27854.76,0.0,1172889.0,661.5183999999999,51.23616236162361
14072,India,Potatoes,2011,227240,1083.0,55540.0,25.63,22724.0,27757.289999999997,0.0,1172889.0,656.8969,51.23616236162361
14073,India,Potatoes,2011,227240,1083.0,55540.0,26.41,22724.0,28602.03,0.0,1172889.0,697.4881,51.23616236162361
14074,India,Potatoes,2011,227240,1083.0,55540.0,27.41,22724.0,29685.03,0.0,1172889.0,751.3081,51.23616236162361
14075,India,Potatoes,2011,227240,1083.0,55540.0,25.45,22724.0,27562.35,0.0,1172889.0,647.7025,51.23616236162361
14076,India,Potatoes,2011,227240,1083.0,55540.0,25.92,22724.0,28071.36,0.0,1172889.0,671.8464000000001,51.23616236162361
14077,India,Potatoes,2011,227240,1083.0,55540.0,25.06,22724.0,27139.98,0.0,1172889.0,628.0035999999999,51.23616236162361
14078,India,Potatoes,2011,227240,1083.0,55540.0,24.35,22724.0,26371.050000000003,0.0,1172889.0,592.9225,51.23616236162361
14079,India,Potatoes,2011,227240,1083.0,55540.0,26.0,22724.0,28158.0,0.0,1172889.0,676.0,51.23616236162361
14080,India,Potatoes,2011,227240,1083.0,55540.0,25.63,22724.0,27757.289999999997,0.0,1172889.0,656.8969,51.23616236162361
14081,India,Potatoes,2011,227240,1083.0,55540.0,25.48,22724.0,27594.84,0.0,1172889.0,649.2304,51.23616236162361
14082,India,Potatoes,2011,227240,1083.0,55540.0,25.16,22724.0,27248.28,0.0,1172889.0,633.0256,51.23616236162361
14083,India,Potatoes,2011,227240,1083.0,55540.0,26.84,22724.0,29067.72,0.0,1172889.0,720.3856,51.23616236162361
14084,India,Potatoes,2011,227240,1083.0,55540.0,24.5,22724.0,26533.5,0.0,1172889.0,600.25,51.23616236162361
14085,India,Potatoes,2011,227240,1083.0,55540.0,27.02,22724.0,29262.66,0.0,1172889.0,730.0803999999999,51.23616236162361
14086,India,Potatoes,2011,227240,1083.0,55540.0,27.02,22724.0,29262.66,0.0,1172889.0,730.0803999999999,51.23616236162361
14087,India,Potatoes,2011,227240,1083.0,55540.0,25.64,22724.0,27768.12,0.0,1172889.0,657.4096000000001,51.23616236162361
14088,India,"Rice, paddy",2011,35878,1083.0,55540.0,25.53,3587.8,27648.99,0.0,1172889.0,651.7809000000001,51.23616236162361
14089,India,"Rice, paddy",2011,35878,1083.0,55540.0,27.29,3587.8,29555.07,0.0,1172889.0,744.7441,51.23616236162361
14090,India,"Rice, paddy",2011,35878,1083.0,55540.0,25.81,3587.8,27952.23,0.0,1172889.0,666.1560999999999,51.23616236162361
14091,India,"Rice, paddy",2011,35878,1083.0,55540.0,24.35,3587.8,26371.050000000003,0.0,1172889.0,592.9225,51.23616236162361
14092,India,"Rice, paddy",2011,35878,1083.0,55540.0,25.36,3587.8,27464.88,0.0,1172889.0,643.1296,51.23616236162361
14093,India,"Rice, paddy",2011,35878,1083.0,55540.0,25.72,3587.8,27854.76,0.0,1172889.0,661.5183999999999,51.23616236162361
14094,India,"Rice, paddy",2011,35878,1083.0,55540.0,25.63,3587.8,27757.289999999997,0.0,1172889.0,656.8969,51.23616236162361
14095,India,"Rice, paddy",2011,35878,1083.0,55540.0,26.41,3587.8,28602.03,0.0,1172889.0,697.4881,51.23616236162361
14096,India,"Rice, paddy",2011,35878,1083.0,55540.0,27.41,3587.8,29685.03,0.0,1172889.0,751.3081,51.23616236162361
14097,India,"Rice, paddy",2011,35878,1083.0,55540.0,25.45,3587.8,27562.35,0.0,1172889.0,647.7025,51.23616236162361
14098,India,"Rice, paddy",2011,35878,1083.0,55540.0,25.92,3587.8,28071.36,0.0,1172889.0,671.8464000000001,51.23616236162361
14099,India,"Rice, paddy",2011,35878,1083.0,55540.0,25.06,3587.8,27139.98,0.0,1172889.0,628.0035999999999,51.23616236162361
14100,India,"Rice, paddy",2011,35878,1083.0,55540.0,24.35,3587.8,26371.050000000003,0.0,1172889.0,592.9225,51.23616236162361
14101,India,"Rice, paddy",2011,35878,1083.0,55540.0,26.0,3587.8,28158.0,0.0,1172889.0,676.0,51.23616236162361
14102,India,"Rice, paddy",2011,35878,1083.0,55540.0,25.63,3587.8,27757.289999999997,0.0,1172889.0,656.8969,51.23616236162361
14103,India,"Rice, paddy",2011,35878,1083.0,55540.0,25.48,3587.8,27594.84,0.0,1172889.0,649.2304,51.23616236162361
14104,India,"Rice, paddy",2011,35878,1083.0,55540.0,25.16,3587.8,27248.28,0.0,1172889.0,633.0256,51.23616236162361
14105,India,"Rice, paddy",2011,35878,1083.0,55540.0,26.84,3587.8,29067.72,0.0,1172889.0,720.3856,51.23616236162361
14106,India,"Rice, paddy",2011,35878,1083.0,55540.0,24.5,3587.8,26533.5,0.0,1172889.0,600.25,51.23616236162361
14107,India,"Rice, paddy",2011,35878,1083.0,55540.0,27.02,3587.8,29262.66,0.0,1172889.0,730.0803999999999,51.23616236162361
14108,India,"Rice, paddy",2011,35878,1083.0,55540.0,27.02,3587.8,29262.66,0.0,1172889.0,730.0803999999999,51.23616236162361
14109,India,"Rice, paddy",2011,35878,1083.0,55540.0,25.64,3587.8,27768.12,0.0,1172889.0,657.4096000000001,51.23616236162361
14110,India,Sorghum,2011,9487,1083.0,55540.0,25.53,948.7,27648.99,0.0,1172889.0,651.7809000000001,51.23616236162361
14111,India,Sorghum,2011,9487,1083.0,55540.0,27.29,948.7,29555.07,0.0,1172889.0,744.7441,51.23616236162361
14112,India,Sorghum,2011,9487,1083.0,55540.0,25.81,948.7,27952.23,0.0,1172889.0,666.1560999999999,51.23616236162361
14113,India,Sorghum,2011,9487,1083.0,55540.0,24.35,948.7,26371.050000000003,0.0,1172889.0,592.9225,51.23616236162361
14114,India,Sorghum,2011,9487,1083.0,55540.0,25.36,948.7,27464.88,0.0,1172889.0,643.1296,51.23616236162361
14115,India,Sorghum,2011,9487,1083.0,55540.0,25.72,948.7,27854.76,0.0,1172889.0,661.5183999999999,51.23616236162361
14116,India,Sorghum,2011,9487,1083.0,55540.0,25.63,948.7,27757.289999999997,0.0,1172889.0,656.8969,51.23616236162361
14117,India,Sorghum,2011,9487,1083.0,55540.0,26.41,948.7,28602.03,0.0,1172889.0,697.4881,51.23616236162361
14118,India,Sorghum,2011,9487,1083.0,55540.0,27.41,948.7,29685.03,0.0,1172889.0,751.3081,51.23616236162361
14119,India,Sorghum,2011,9487,1083.0,55540.0,25.45,948.7,27562.35,0.0,1172889.0,647.7025,51.23616236162361
14120,India,Sorghum,2011,9487,1083.0,55540.0,25.92,948.7,28071.36,0.0,1172889.0,671.8464000000001,51.23616236162361
14121,India,Sorghum,2011,9487,1083.0,55540.0,25.06,948.7,27139.98,0.0,1172889.0,628.0035999999999,51.23616236162361
14122,India,Sorghum,2011,9487,1083.0,55540.0,24.35,948.7,26371.050000000003,0.0,1172889.0,592.9225,51.23616236162361
14123,India,Sorghum,2011,9487,1083.0,55540.0,26.0,948.7,28158.0,0.0,1172889.0,676.0,51.23616236162361
14124,India,Sorghum,2011,9487,1083.0,55540.0,25.63,948.7,27757.289999999997,0.0,1172889.0,656.8969,51.23616236162361
14125,India,Sorghum,2011,9487,1083.0,55540.0,25.48,948.7,27594.84,0.0,1172889.0,649.2304,51.23616236162361
14126,India,Sorghum,2011,9487,1083.0,55540.0,25.16,948.7,27248.28,0.0,1172889.0,633.0256,51.23616236162361
14127,India,Sorghum,2011,9487,1083.0,55540.0,26.84,948.7,29067.72,0.0,1172889.0,720.3856,51.23616236162361
14128,India,Sorghum,2011,9487,1083.0,55540.0,24.5,948.7,26533.5,0.0,1172889.0,600.25,51.23616236162361
14129,India,Sorghum,2011,9487,1083.0,55540.0,27.02,948.7,29262.66,0.0,1172889.0,730.0803999999999,51.23616236162361
14130,India,Sorghum,2011,9487,1083.0,55540.0,27.02,948.7,29262.66,0.0,1172889.0,730.0803999999999,51.23616236162361
14131,India,Sorghum,2011,9487,1083.0,55540.0,25.64,948.7,27768.12,0.0,1172889.0,657.4096000000001,51.23616236162361
14132,India,Soybeans,2011,11998,1083.0,55540.0,25.53,1199.8,27648.99,0.0,1172889.0,651.7809000000001,51.23616236162361
14133,India,Soybeans,2011,11998,1083.0,55540.0,27.29,1199.8,29555.07,0.0,1172889.0,744.7441,51.23616236162361
14134,India,Soybeans,2011,11998,1083.0,55540.0,25.81,1199.8,27952.23,0.0,1172889.0,666.1560999999999,51.23616236162361
14135,India,Soybeans,2011,11998,1083.0,55540.0,24.35,1199.8,26371.050000000003,0.0,1172889.0,592.9225,51.23616236162361
14136,India,Soybeans,2011,11998,1083.0,55540.0,25.36,1199.8,27464.88,0.0,1172889.0,643.1296,51.23616236162361
14137,India,Soybeans,2011,11998,1083.0,55540.0,25.72,1199.8,27854.76,0.0,1172889.0,661.5183999999999,51.23616236162361
14138,India,Soybeans,2011,11998,1083.0,55540.0,25.63,1199.8,27757.289999999997,0.0,1172889.0,656.8969,51.23616236162361
14139,India,Soybeans,2011,11998,1083.0,55540.0,26.41,1199.8,28602.03,0.0,1172889.0,697.4881,51.23616236162361
14140,India,Soybeans,2011,11998,1083.0,55540.0,27.41,1199.8,29685.03,0.0,1172889.0,751.3081,51.23616236162361
14141,India,Soybeans,2011,11998,1083.0,55540.0,25.45,1199.8,27562.35,0.0,1172889.0,647.7025,51.23616236162361
14142,India,Soybeans,2011,11998,1083.0,55540.0,25.92,1199.8,28071.36,0.0,1172889.0,671.8464000000001,51.23616236162361
14143,India,Soybeans,2011,11998,1083.0,55540.0,25.06,1199.8,27139.98,0.0,1172889.0,628.0035999999999,51.23616236162361
14144,India,Soybeans,2011,11998,1083.0,55540.0,24.35,1199.8,26371.050000000003,0.0,1172889.0,592.9225,51.23616236162361
14145,India,Soybeans,2011,11998,1083.0,55540.0,26.0,1199.8,28158.0,0.0,1172889.0,676.0,51.23616236162361
14146,India,Soybeans,2011,11998,1083.0,55540.0,25.63,1199.8,27757.289999999997,0.0,1172889.0,656.8969,51.23616236162361
14147,India,Soybeans,2011,11998,1083.0,55540.0,25.48,1199.8,27594.84,0.0,1172889.0,649.2304,51.23616236162361
14148,India,Soybeans,2011,11998,1083.0,55540.0,25.16,1199.8,27248.28,0.0,1172889.0,633.0256,51.23616236162361
14149,India,Soybeans,2011,11998,1083.0,55540.0,26.84,1199.8,29067.72,0.0,1172889.0,720.3856,51.23616236162361
14150,India,Soybeans,2011,11998,1083.0,55540.0,24.5,1199.8,26533.5,0.0,1172889.0,600.25,51.23616236162361
14151,India,Soybeans,2011,11998,1083.0,55540.0,27.02,1199.8,29262.66,0.0,1172889.0,730.0803999999999,51.23616236162361
14152,India,Soybeans,2011,11998,1083.0,55540.0,27.02,1199.8,29262.66,0.0,1172889.0,730.0803999999999,51.23616236162361
14153,India,Soybeans,2011,11998,1083.0,55540.0,25.64,1199.8,27768.12,0.0,1172889.0,657.4096000000001,51.23616236162361
14154,India,Sweet potatoes,2011,92456,1083.0,55540.0,25.53,9245.6,27648.99,0.0,1172889.0,651.7809000000001,51.23616236162361
14155,India,Sweet potatoes,2011,92456,1083.0,55540.0,27.29,9245.6,29555.07,0.0,1172889.0,744.7441,51.23616236162361
14156,India,Sweet potatoes,2011,92456,1083.0,55540.0,25.81,9245.6,27952.23,0.0,1172889.0,666.1560999999999,51.23616236162361
14157,India,Sweet potatoes,2011,92456,1083.0,55540.0,24.35,9245.6,26371.050000000003,0.0,1172889.0,592.9225,51.23616236162361
14158,India,Sweet potatoes,2011,92456,1083.0,55540.0,25.36,9245.6,27464.88,0.0,1172889.0,643.1296,51.23616236162361
14159,India,Sweet potatoes,2011,92456,1083.0,55540.0,25.72,9245.6,27854.76,0.0,1172889.0,661.5183999999999,51.23616236162361
14160,India,Sweet potatoes,2011,92456,1083.0,55540.0,25.63,9245.6,27757.289999999997,0.0,1172889.0,656.8969,51.23616236162361
14161,India,Sweet potatoes,2011,92456,1083.0,55540.0,26.41,9245.6,28602.03,0.0,1172889.0,697.4881,51.23616236162361
14162,India,Sweet potatoes,2011,92456,1083.0,55540.0,27.41,9245.6,29685.03,0.0,1172889.0,751.3081,51.23616236162361
14163,India,Sweet potatoes,2011,92456,1083.0,55540.0,25.45,9245.6,27562.35,0.0,1172889.0,647.7025,51.23616236162361
14164,India,Sweet potatoes,2011,92456,1083.0,55540.0,25.92,9245.6,28071.36,0.0,1172889.0,671.8464000000001,51.23616236162361
14165,India,Sweet potatoes,2011,92456,1083.0,55540.0,25.06,9245.6,27139.98,0.0,1172889.0,628.0035999999999,51.23616236162361
14166,India,Sweet potatoes,2011,92456,1083.0,55540.0,24.35,9245.6,26371.050000000003,0.0,1172889.0,592.9225,51.23616236162361
14167,India,Sweet potatoes,2011,92456,1083.0,55540.0,26.0,9245.6,28158.0,0.0,1172889.0,676.0,51.23616236162361
14168,India,Sweet potatoes,2011,92456,1083.0,55540.0,25.63,9245.6,27757.289999999997,0.0,1172889.0,656.8969,51.23616236162361
14169,India,Sweet potatoes,2011,92456,1083.0,55540.0,25.48,9245.6,27594.84,0.0,1172889.0,649.2304,51.23616236162361
14170,India,Sweet potatoes,2011,92456,1083.0,55540.0,25.16,9245.6,27248.28,0.0,1172889.0,633.0256,51.23616236162361
14171,India,Sweet potatoes,2011,92456,1083.0,55540.0,26.84,9245.6,29067.72,0.0,1172889.0,720.3856,51.23616236162361
14172,India,Sweet potatoes,2011,92456,1083.0,55540.0,24.5,9245.6,26533.5,0.0,1172889.0,600.25,51.23616236162361
14173,India,Sweet potatoes,2011,92456,1083.0,55540.0,27.02,9245.6,29262.66,0.0,1172889.0,730.0803999999999,51.23616236162361
14174,India,Sweet potatoes,2011,92456,1083.0,55540.0,27.02,9245.6,29262.66,0.0,1172889.0,730.0803999999999,51.23616236162361
14175,India,Sweet potatoes,2011,92456,1083.0,55540.0,25.64,9245.6,27768.12,0.0,1172889.0,657.4096000000001,51.23616236162361
14176,India,Wheat,2011,29886,1083.0,55540.0,25.53,2988.6,27648.99,0.0,1172889.0,651.7809000000001,51.23616236162361
14177,India,Wheat,2011,29886,1083.0,55540.0,27.29,2988.6,29555.07,0.0,1172889.0,744.7441,51.23616236162361
14178,India,Wheat,2011,29886,1083.0,55540.0,25.81,2988.6,27952.23,0.0,1172889.0,666.1560999999999,51.23616236162361
14179,India,Wheat,2011,29886,1083.0,55540.0,24.35,2988.6,26371.050000000003,0.0,1172889.0,592.9225,51.23616236162361
14180,India,Wheat,2011,29886,1083.0,55540.0,25.36,2988.6,27464.88,0.0,1172889.0,643.1296,51.23616236162361
14181,India,Wheat,2011,29886,1083.0,55540.0,25.72,2988.6,27854.76,0.0,1172889.0,661.5183999999999,51.23616236162361
14182,India,Wheat,2011,29886,1083.0,55540.0,25.63,2988.6,27757.289999999997,0.0,1172889.0,656.8969,51.23616236162361
14183,India,Wheat,2011,29886,1083.0,55540.0,26.41,2988.6,28602.03,0.0,1172889.0,697.4881,51.23616236162361
14184,India,Wheat,2011,29886,1083.0,55540.0,27.41,2988.6,29685.03,0.0,1172889.0,751.3081,51.23616236162361
14185,India,Wheat,2011,29886,1083.0,55540.0,25.45,2988.6,27562.35,0.0,1172889.0,647.7025,51.23616236162361
14186,India,Wheat,2011,29886,1083.0,55540.0,25.92,2988.6,28071.36,0.0,1172889.0,671.8464000000001,51.23616236162361
14187,India,Wheat,2011,29886,1083.0,55540.0,25.06,2988.6,27139.98,0.0,1172889.0,628.0035999999999,51.23616236162361
14188,India,Wheat,2011,29886,1083.0,55540.0,24.35,2988.6,26371.050000000003,0.0,1172889.0,592.9225,51.23616236162361
14189,India,Wheat,2011,29886,1083.0,55540.0,26.0,2988.6,28158.0,0.0,1172889.0,676.0,51.23616236162361
14190,India,Wheat,2011,29886,1083.0,55540.0,25.63,2988.6,27757.289999999997,0.0,1172889.0,656.8969,51.23616236162361
14191,India,Wheat,2011,29886,1083.0,55540.0,25.48,2988.6,27594.84,0.0,1172889.0,649.2304,51.23616236162361
14192,India,Wheat,2011,29886,1083.0,55540.0,25.16,2988.6,27248.28,0.0,1172889.0,633.0256,51.23616236162361
14193,India,Wheat,2011,29886,1083.0,55540.0,26.84,2988.6,29067.72,0.0,1172889.0,720.3856,51.23616236162361
14194,India,Wheat,2011,29886,1083.0,55540.0,24.5,2988.6,26533.5,0.0,1172889.0,600.25,51.23616236162361
14195,India,Wheat,2011,29886,1083.0,55540.0,27.02,2988.6,29262.66,0.0,1172889.0,730.0803999999999,51.23616236162361
14196,India,Wheat,2011,29886,1083.0,55540.0,27.02,2988.6,29262.66,0.0,1172889.0,730.0803999999999,51.23616236162361
14197,India,Wheat,2011,29886,1083.0,55540.0,25.64,2988.6,27768.12,0.0,1172889.0,657.4096000000001,51.23616236162361
14198,India,Cassava,2012,385818,1083.0,52980.0,25.86,38581.8,28006.38,0.0,1172889.0,668.7396,48.874538745387454
14199,India,Cassava,2012,385818,1083.0,52980.0,27.03,38581.8,29273.49,0.0,1172889.0,730.6209,48.874538745387454
14200,India,Cassava,2012,385818,1083.0,52980.0,26.21,38581.8,28385.43,0.0,1172889.0,686.9641,48.874538745387454
14201,India,Cassava,2012,385818,1083.0,52980.0,24.37,38581.8,26392.710000000003,0.0,1172889.0,593.8969000000001,48.874538745387454
14202,India,Cassava,2012,385818,1083.0,52980.0,26.04,38581.8,28201.32,0.0,1172889.0,678.0816,48.874538745387454
14203,India,Cassava,2012,385818,1083.0,52980.0,25.82,38581.8,27963.06,0.0,1172889.0,666.6724,48.874538745387454
14204,India,Cassava,2012,385818,1083.0,52980.0,25.89,38581.8,28038.87,0.0,1172889.0,670.2921,48.874538745387454
14205,India,Cassava,2012,385818,1083.0,52980.0,26.94,38581.8,29176.02,0.0,1172889.0,725.7636000000001,48.874538745387454
14206,India,Cassava,2012,385818,1083.0,52980.0,28.02,38581.8,30345.66,0.0,1172889.0,785.1204,48.874538745387454
14207,India,Cassava,2012,385818,1083.0,52980.0,25.39,38581.8,27497.37,0.0,1172889.0,644.6521,48.874538745387454
14208,India,Cassava,2012,385818,1083.0,52980.0,25.88,38581.8,28028.039999999997,0.0,1172889.0,669.7743999999999,48.874538745387454
14209,India,Cassava,2012,385818,1083.0,52980.0,25.45,38581.8,27562.35,0.0,1172889.0,647.7025,48.874538745387454
14210,India,Cassava,2012,385818,1083.0,52980.0,24.37,38581.8,26392.710000000003,0.0,1172889.0,593.8969000000001,48.874538745387454
14211,India,Cassava,2012,385818,1083.0,52980.0,26.33,38581.8,28515.39,0.0,1172889.0,693.2688999999999,48.874538745387454
14212,India,Cassava,2012,385818,1083.0,52980.0,25.89,38581.8,28038.87,0.0,1172889.0,670.2921,48.874538745387454
14213,India,Cassava,2012,385818,1083.0,52980.0,25.98,38581.8,28136.34,0.0,1172889.0,674.9604,48.874538745387454
14214,India,Cassava,2012,385818,1083.0,52980.0,25.3,38581.8,27399.9,0.0,1172889.0,640.09,48.874538745387454
14215,India,Cassava,2012,385818,1083.0,52980.0,26.65,38581.8,28861.949999999997,0.0,1172889.0,710.2225,48.874538745387454
14216,India,Cassava,2012,385818,1083.0,52980.0,25.09,38581.8,27172.47,0.0,1172889.0,629.5081,48.874538745387454
14217,India,Cassava,2012,385818,1083.0,52980.0,26.89,38581.8,29121.87,0.0,1172889.0,723.0721,48.874538745387454
14218,India,Cassava,2012,385818,1083.0,52980.0,26.89,38581.8,29121.87,0.0,1172889.0,723.0721,48.874538745387454
14219,India,Cassava,2012,385818,1083.0,52980.0,26.09,38581.8,28255.47,0.0,1172889.0,680.6881,48.874538745387454
14220,India,Maize,2012,25557,1083.0,52980.0,25.86,2555.7,28006.38,0.0,1172889.0,668.7396,48.874538745387454
14221,India,Maize,2012,25557,1083.0,52980.0,27.03,2555.7,29273.49,0.0,1172889.0,730.6209,48.874538745387454
14222,India,Maize,2012,25557,1083.0,52980.0,26.21,2555.7,28385.43,0.0,1172889.0,686.9641,48.874538745387454
14223,India,Maize,2012,25557,1083.0,52980.0,24.37,2555.7,26392.710000000003,0.0,1172889.0,593.8969000000001,48.874538745387454
14224,India,Maize,2012,25557,1083.0,52980.0,26.04,2555.7,28201.32,0.0,1172889.0,678.0816,48.874538745387454
14225,India,Maize,2012,25557,1083.0,52980.0,25.82,2555.7,27963.06,0.0,1172889.0,666.6724,48.874538745387454
14226,India,Maize,2012,25557,1083.0,52980.0,25.89,2555.7,28038.87,0.0,1172889.0,670.2921,48.874538745387454
14227,India,Maize,2012,25557,1083.0,52980.0,26.94,2555.7,29176.02,0.0,1172889.0,725.7636000000001,48.874538745387454
14228,India,Maize,2012,25557,1083.0,52980.0,28.02,2555.7,30345.66,0.0,1172889.0,785.1204,48.874538745387454
14229,India,Maize,2012,25557,1083.0,52980.0,25.39,2555.7,27497.37,0.0,1172889.0,644.6521,48.874538745387454
14230,India,Maize,2012,25557,1083.0,52980.0,25.88,2555.7,28028.039999999997,0.0,1172889.0,669.7743999999999,48.874538745387454
14231,India,Maize,2012,25557,1083.0,52980.0,25.45,2555.7,27562.35,0.0,1172889.0,647.7025,48.874538745387454
14232,India,Maize,2012,25557,1083.0,52980.0,24.37,2555.7,26392.710000000003,0.0,1172889.0,593.8969000000001,48.874538745387454
14233,India,Maize,2012,25557,1083.0,52980.0,26.33,2555.7,28515.39,0.0,1172889.0,693.2688999999999,48.874538745387454
14234,India,Maize,2012,25557,1083.0,52980.0,25.89,2555.7,28038.87,0.0,1172889.0,670.2921,48.874538745387454
14235,India,Maize,2012,25557,1083.0,52980.0,25.98,2555.7,28136.34,0.0,1172889.0,674.9604,48.874538745387454
14236,India,Maize,2012,25557,1083.0,52980.0,25.3,2555.7,27399.9,0.0,1172889.0,640.09,48.874538745387454
14237,India,Maize,2012,25557,1083.0,52980.0,26.65,2555.7,28861.949999999997,0.0,1172889.0,710.2225,48.874538745387454
14238,India,Maize,2012,25557,1083.0,52980.0,25.09,2555.7,27172.47,0.0,1172889.0,629.5081,48.874538745387454
14239,India,Maize,2012,25557,1083.0,52980.0,26.89,2555.7,29121.87,0.0,1172889.0,723.0721,48.874538745387454
14240,India,Maize,2012,25557,1083.0,52980.0,26.89,2555.7,29121.87,0.0,1172889.0,723.0721,48.874538745387454
14241,India,Maize,2012,25557,1083.0,52980.0,26.09,2555.7,28255.47,0.0,1172889.0,680.6881,48.874538745387454
14242,India,Potatoes,2012,217530,1083.0,52980.0,25.86,21753.0,28006.38,0.0,1172889.0,668.7396,48.874538745387454
14243,India,Potatoes,2012,217530,1083.0,52980.0,27.03,21753.0,29273.49,0.0,1172889.0,730.6209,48.874538745387454
14244,India,Potatoes,2012,217530,1083.0,52980.0,26.21,21753.0,28385.43,0.0,1172889.0,686.9641,48.874538745387454
14245,India,Potatoes,2012,217530,1083.0,52980.0,24.37,21753.0,26392.710000000003,0.0,1172889.0,593.8969000000001,48.874538745387454
14246,India,Potatoes,2012,217530,1083.0,52980.0,26.04,21753.0,28201.32,0.0,1172889.0,678.0816,48.874538745387454
14247,India,Potatoes,2012,217530,1083.0,52980.0,25.82,21753.0,27963.06,0.0,1172889.0,666.6724,48.874538745387454
14248,India,Potatoes,2012,217530,1083.0,52980.0,25.89,21753.0,28038.87,0.0,1172889.0,670.2921,48.874538745387454
14249,India,Potatoes,2012,217530,1083.0,52980.0,26.94,21753.0,29176.02,0.0,1172889.0,725.7636000000001,48.874538745387454
14250,India,Potatoes,2012,217530,1083.0,52980.0,28.02,21753.0,30345.66,0.0,1172889.0,785.1204,48.874538745387454
14251,India,Potatoes,2012,217530,1083.0,52980.0,25.39,21753.0,27497.37,0.0,1172889.0,644.6521,48.874538745387454
14252,India,Potatoes,2012,217530,1083.0,52980.0,25.88,21753.0,28028.039999999997,0.0,1172889.0,669.7743999999999,48.874538745387454
14253,India,Potatoes,2012,217530,1083.0,52980.0,25.45,21753.0,27562.35,0.0,1172889.0,647.7025,48.874538745387454
14254,India,Potatoes,2012,217530,1083.0,52980.0,24.37,21753.0,26392.710000000003,0.0,1172889.0,593.8969000000001,48.874538745387454
14255,India,Potatoes,2012,217530,1083.0,52980.0,26.33,21753.0,28515.39,0.0,1172889.0,693.2688999999999,48.874538745387454
14256,India,Potatoes,2012,217530,1083.0,52980.0,25.89,21753.0,28038.87,0.0,1172889.0,670.2921,48.874538745387454
14257,India,Potatoes,2012,217530,1083.0,52980.0,25.98,21753.0,28136.34,0.0,1172889.0,674.9604,48.874538745387454
14258,India,Potatoes,2012,217530,1083.0,52980.0,25.3,21753.0,27399.9,0.0,1172889.0,640.09,48.874538745387454
14259,India,Potatoes,2012,217530,1083.0,52980.0,26.65,21753.0,28861.949999999997,0.0,1172889.0,710.2225,48.874538745387454
14260,India,Potatoes,2012,217530,1083.0,52980.0,25.09,21753.0,27172.47,0.0,1172889.0,629.5081,48.874538745387454
14261,India,Potatoes,2012,217530,1083.0,52980.0,26.89,21753.0,29121.87,0.0,1172889.0,723.0721,48.874538745387454
14262,India,Potatoes,2012,217530,1083.0,52980.0,26.89,21753.0,29121.87,0.0,1172889.0,723.0721,48.874538745387454
14263,India,Potatoes,2012,217530,1083.0,52980.0,26.09,21753.0,28255.47,0.0,1172889.0,680.6881,48.874538745387454
14264,India,"Rice, paddy",2012,36909,1083.0,52980.0,25.86,3690.9,28006.38,0.0,1172889.0,668.7396,48.874538745387454
14265,India,"Rice, paddy",2012,36909,1083.0,52980.0,27.03,3690.9,29273.49,0.0,1172889.0,730.6209,48.874538745387454
14266,India,"Rice, paddy",2012,36909,1083.0,52980.0,26.21,3690.9,28385.43,0.0,1172889.0,686.9641,48.874538745387454
14267,India,"Rice, paddy",2012,36909,1083.0,52980.0,24.37,3690.9,26392.710000000003,0.0,1172889.0,593.8969000000001,48.874538745387454
14268,India,"Rice, paddy",2012,36909,1083.0,52980.0,26.04,3690.9,28201.32,0.0,1172889.0,678.0816,48.874538745387454
14269,India,"Rice, paddy",2012,36909,1083.0,52980.0,25.82,3690.9,27963.06,0.0,1172889.0,666.6724,48.874538745387454
14270,India,"Rice, paddy",2012,36909,1083.0,52980.0,25.89,3690.9,28038.87,0.0,1172889.0,670.2921,48.874538745387454
14271,India,"Rice, paddy",2012,36909,1083.0,52980.0,26.94,3690.9,29176.02,0.0,1172889.0,725.7636000000001,48.874538745387454
14272,India,"Rice, paddy",2012,36909,1083.0,52980.0,28.02,3690.9,30345.66,0.0,1172889.0,785.1204,48.874538745387454
14273,India,"Rice, paddy",2012,36909,1083.0,52980.0,25.39,3690.9,27497.37,0.0,1172889.0,644.6521,48.874538745387454
14274,India,"Rice, paddy",2012,36909,1083.0,52980.0,25.88,3690.9,28028.039999999997,0.0,1172889.0,669.7743999999999,48.874538745387454
14275,India,"Rice, paddy",2012,36909,1083.0,52980.0,25.45,3690.9,27562.35,0.0,1172889.0,647.7025,48.874538745387454
14276,India,"Rice, paddy",2012,36909,1083.0,52980.0,24.37,3690.9,26392.710000000003,0.0,1172889.0,593.8969000000001,48.874538745387454
14277,India,"Rice, paddy",2012,36909,1083.0,52980.0,26.33,3690.9,28515.39,0.0,1172889.0,693.2688999999999,48.874538745387454
14278,India,"Rice, paddy",2012,36909,1083.0,52980.0,25.89,3690.9,28038.87,0.0,1172889.0,670.2921,48.874538745387454
14279,India,"Rice, paddy",2012,36909,1083.0,52980.0,25.98,3690.9,28136.34,0.0,1172889.0,674.9604,48.874538745387454
14280,India,"Rice, paddy",2012,36909,1083.0,52980.0,25.3,3690.9,27399.9,0.0,1172889.0,640.09,48.874538745387454
14281,India,"Rice, paddy",2012,36909,1083.0,52980.0,26.65,3690.9,28861.949999999997,0.0,1172889.0,710.2225,48.874538745387454
14282,India,"Rice, paddy",2012,36909,1083.0,52980.0,25.09,3690.9,27172.47,0.0,1172889.0,629.5081,48.874538745387454
14283,India,"Rice, paddy",2012,36909,1083.0,52980.0,26.89,3690.9,29121.87,0.0,1172889.0,723.0721,48.874538745387454
14284,India,"Rice, paddy",2012,36909,1083.0,52980.0,26.89,3690.9,29121.87,0.0,1172889.0,723.0721,48.874538745387454
14285,India,"Rice, paddy",2012,36909,1083.0,52980.0,26.09,3690.9,28255.47,0.0,1172889.0,680.6881,48.874538745387454
14286,India,Sorghum,2012,9568,1083.0,52980.0,25.86,956.8,28006.38,0.0,1172889.0,668.7396,48.874538745387454
14287,India,Sorghum,2012,9568,1083.0,52980.0,27.03,956.8,29273.49,0.0,1172889.0,730.6209,48.874538745387454
14288,India,Sorghum,2012,9568,1083.0,52980.0,26.21,956.8,28385.43,0.0,1172889.0,686.9641,48.874538745387454
14289,India,Sorghum,2012,9568,1083.0,52980.0,24.37,956.8,26392.710000000003,0.0,1172889.0,593.8969000000001,48.874538745387454
14290,India,Sorghum,2012,9568,1083.0,52980.0,26.04,956.8,28201.32,0.0,1172889.0,678.0816,48.874538745387454
14291,India,Sorghum,2012,9568,1083.0,52980.0,25.82,956.8,27963.06,0.0,1172889.0,666.6724,48.874538745387454
14292,India,Sorghum,2012,9568,1083.0,52980.0,25.89,956.8,28038.87,0.0,1172889.0,670.2921,48.874538745387454
14293,India,Sorghum,2012,9568,1083.0,52980.0,26.94,956.8,29176.02,0.0,1172889.0,725.7636000000001,48.874538745387454
14294,India,Sorghum,2012,9568,1083.0,52980.0,28.02,956.8,30345.66,0.0,1172889.0,785.1204,48.874538745387454
14295,India,Sorghum,2012,9568,1083.0,52980.0,25.39,956.8,27497.37,0.0,1172889.0,644.6521,48.874538745387454
14296,India,Sorghum,2012,9568,1083.0,52980.0,25.88,956.8,28028.039999999997,0.0,1172889.0,669.7743999999999,48.874538745387454
14297,India,Sorghum,2012,9568,1083.0,52980.0,25.45,956.8,27562.35,0.0,1172889.0,647.7025,48.874538745387454
14298,India,Sorghum,2012,9568,1083.0,52980.0,24.37,956.8,26392.710000000003,0.0,1172889.0,593.8969000000001,48.874538745387454
14299,India,Sorghum,2012,9568,1083.0,52980.0,26.33,956.8,28515.39,0.0,1172889.0,693.2688999999999,48.874538745387454
14300,India,Sorghum,2012,9568,1083.0,52980.0,25.89,956.8,28038.87,0.0,1172889.0,670.2921,48.874538745387454
14301,India,Sorghum,2012,9568,1083.0,52980.0,25.98,956.8,28136.34,0.0,1172889.0,674.9604,48.874538745387454
14302,India,Sorghum,2012,9568,1083.0,52980.0,25.3,956.8,27399.9,0.0,1172889.0,640.09,48.874538745387454
14303,India,Sorghum,2012,9568,1083.0,52980.0,26.65,956.8,28861.949999999997,0.0,1172889.0,710.2225,48.874538745387454
14304,India,Sorghum,2012,9568,1083.0,52980.0,25.09,956.8,27172.47,0.0,1172889.0,629.5081,48.874538745387454
14305,India,Sorghum,2012,9568,1083.0,52980.0,26.89,956.8,29121.87,0.0,1172889.0,723.0721,48.874538745387454
14306,India,Sorghum,2012,9568,1083.0,52980.0,26.89,956.8,29121.87,0.0,1172889.0,723.0721,48.874538745387454
14307,India,Sorghum,2012,9568,1083.0,52980.0,26.09,956.8,28255.47,0.0,1172889.0,680.6881,48.874538745387454
14308,India,Soybeans,2012,13530,1083.0,52980.0,25.86,1353.0,28006.38,0.0,1172889.0,668.7396,48.874538745387454
14309,India,Soybeans,2012,13530,1083.0,52980.0,27.03,1353.0,29273.49,0.0,1172889.0,730.6209,48.874538745387454
14310,India,Soybeans,2012,13530,1083.0,52980.0,26.21,1353.0,28385.43,0.0,1172889.0,686.9641,48.874538745387454
14311,India,Soybeans,2012,13530,1083.0,52980.0,24.37,1353.0,26392.710000000003,0.0,1172889.0,593.8969000000001,48.874538745387454
14312,India,Soybeans,2012,13530,1083.0,52980.0,26.04,1353.0,28201.32,0.0,1172889.0,678.0816,48.874538745387454
14313,India,Soybeans,2012,13530,1083.0,52980.0,25.82,1353.0,27963.06,0.0,1172889.0,666.6724,48.874538745387454
14314,India,Soybeans,2012,13530,1083.0,52980.0,25.89,1353.0,28038.87,0.0,1172889.0,670.2921,48.874538745387454
14315,India,Soybeans,2012,13530,1083.0,52980.0,26.94,1353.0,29176.02,0.0,1172889.0,725.7636000000001,48.874538745387454
14316,India,Soybeans,2012,13530,1083.0,52980.0,28.02,1353.0,30345.66,0.0,1172889.0,785.1204,48.874538745387454
14317,India,Soybeans,2012,13530,1083.0,52980.0,25.39,1353.0,27497.37,0.0,1172889.0,644.6521,48.874538745387454
14318,India,Soybeans,2012,13530,1083.0,52980.0,25.88,1353.0,28028.039999999997,0.0,1172889.0,669.7743999999999,48.874538745387454
14319,India,Soybeans,2012,13530,1083.0,52980.0,25.45,1353.0,27562.35,0.0,1172889.0,647.7025,48.874538745387454
14320,India,Soybeans,2012,13530,1083.0,52980.0,24.37,1353.0,26392.710000000003,0.0,1172889.0,593.8969000000001,48.874538745387454
14321,India,Soybeans,2012,13530,1083.0,52980.0,26.33,1353.0,28515.39,0.0,1172889.0,693.2688999999999,48.874538745387454
14322,India,Soybeans,2012,13530,1083.0,52980.0,25.89,1353.0,28038.87,0.0,1172889.0,670.2921,48.874538745387454
14323,India,Soybeans,2012,13530,1083.0,52980.0,25.98,1353.0,28136.34,0.0,1172889.0,674.9604,48.874538745387454
14324,India,Soybeans,2012,13530,1083.0,52980.0,25.3,1353.0,27399.9,0.0,1172889.0,640.09,48.874538745387454
14325,India,Soybeans,2012,13530,1083.0,52980.0,26.65,1353.0,28861.949999999997,0.0,1172889.0,710.2225,48.874538745387454
14326,India,Soybeans,2012,13530,1083.0,52980.0,25.09,1353.0,27172.47,0.0,1172889.0,629.5081,48.874538745387454
14327,India,Soybeans,2012,13530,1083.0,52980.0,26.89,1353.0,29121.87,0.0,1172889.0,723.0721,48.874538745387454
14328,India,Soybeans,2012,13530,1083.0,52980.0,26.89,1353.0,29121.87,0.0,1172889.0,723.0721,48.874538745387454
14329,India,Soybeans,2012,13530,1083.0,52980.0,26.09,1353.0,28255.47,0.0,1172889.0,680.6881,48.874538745387454
14330,India,Sweet potatoes,2012,97174,1083.0,52980.0,25.86,9717.4,28006.38,0.0,1172889.0,668.7396,48.874538745387454
14331,India,Sweet potatoes,2012,97174,1083.0,52980.0,27.03,9717.4,29273.49,0.0,1172889.0,730.6209,48.874538745387454
14332,India,Sweet potatoes,2012,97174,1083.0,52980.0,26.21,9717.4,28385.43,0.0,1172889.0,686.9641,48.874538745387454
14333,India,Sweet potatoes,2012,97174,1083.0,52980.0,24.37,9717.4,26392.710000000003,0.0,1172889.0,593.8969000000001,48.874538745387454
14334,India,Sweet potatoes,2012,97174,1083.0,52980.0,26.04,9717.4,28201.32,0.0,1172889.0,678.0816,48.874538745387454
14335,India,Sweet potatoes,2012,97174,1083.0,52980.0,25.82,9717.4,27963.06,0.0,1172889.0,666.6724,48.874538745387454
14336,India,Sweet potatoes,2012,97174,1083.0,52980.0,25.89,9717.4,28038.87,0.0,1172889.0,670.2921,48.874538745387454
14337,India,Sweet potatoes,2012,97174,1083.0,52980.0,26.94,9717.4,29176.02,0.0,1172889.0,725.7636000000001,48.874538745387454
14338,India,Sweet potatoes,2012,97174,1083.0,52980.0,28.02,9717.4,30345.66,0.0,1172889.0,785.1204,48.874538745387454
14339,India,Sweet potatoes,2012,97174,1083.0,52980.0,25.39,9717.4,27497.37,0.0,1172889.0,644.6521,48.874538745387454
14340,India,Sweet potatoes,2012,97174,1083.0,52980.0,25.88,9717.4,28028.039999999997,0.0,1172889.0,669.7743999999999,48.874538745387454
14341,India,Sweet potatoes,2012,97174,1083.0,52980.0,25.45,9717.4,27562.35,0.0,1172889.0,647.7025,48.874538745387454
14342,India,Sweet potatoes,2012,97174,1083.0,52980.0,24.37,9717.4,26392.710000000003,0.0,1172889.0,593.8969000000001,48.874538745387454
14343,India,Sweet potatoes,2012,97174,1083.0,52980.0,26.33,9717.4,28515.39,0.0,1172889.0,693.2688999999999,48.874538745387454
14344,India,Sweet potatoes,2012,97174,1083.0,52980.0,25.89,9717.4,28038.87,0.0,1172889.0,670.2921,48.874538745387454
14345,India,Sweet potatoes,2012,97174,1083.0,52980.0,25.98,9717.4,28136.34,0.0,1172889.0,674.9604,48.874538745387454
14346,India,Sweet potatoes,2012,97174,1083.0,52980.0,25.3,9717.4,27399.9,0.0,1172889.0,640.09,48.874538745387454
14347,India,Sweet potatoes,2012,97174,1083.0,52980.0,26.65,9717.4,28861.949999999997,0.0,1172889.0,710.2225,48.874538745387454
14348,India,Sweet potatoes,2012,97174,1083.0,52980.0,25.09,9717.4,27172.47,0.0,1172889.0,629.5081,48.874538745387454
14349,India,Sweet potatoes,2012,97174,1083.0,52980.0,26.89,9717.4,29121.87,0.0,1172889.0,723.0721,48.874538745387454
14350,India,Sweet potatoes,2012,97174,1083.0,52980.0,26.89,9717.4,29121.87,0.0,1172889.0,723.0721,48.874538745387454
14351,India,Sweet potatoes,2012,97174,1083.0,52980.0,26.09,9717.4,28255.47,0.0,1172889.0,680.6881,48.874538745387454
14352,India,Wheat,2012,31775,1083.0,52980.0,25.86,3177.5,28006.38,0.0,1172889.0,668.7396,48.874538745387454
14353,India,Wheat,2012,31775,1083.0,52980.0,27.03,3177.5,29273.49,0.0,1172889.0,730.6209,48.874538745387454
14354,India,Wheat,2012,31775,1083.0,52980.0,26.21,3177.5,28385.43,0.0,1172889.0,686.9641,48.874538745387454
14355,India,Wheat,2012,31775,1083.0,52980.0,24.37,3177.5,26392.710000000003,0.0,1172889.0,593.8969000000001,48.874538745387454
14356,India,Wheat,2012,31775,1083.0,52980.0,26.04,3177.5,28201.32,0.0,1172889.0,678.0816,48.874538745387454
14357,India,Wheat,2012,31775,1083.0,52980.0,25.82,3177.5,27963.06,0.0,1172889.0,666.6724,48.874538745387454
14358,India,Wheat,2012,31775,1083.0,52980.0,25.89,3177.5,28038.87,0.0,1172889.0,670.2921,48.874538745387454
14359,India,Wheat,2012,31775,1083.0,52980.0,26.94,3177.5,29176.02,0.0,1172889.0,725.7636000000001,48.874538745387454
14360,India,Wheat,2012,31775,1083.0,52980.0,28.02,3177.5,30345.66,0.0,1172889.0,785.1204,48.874538745387454
14361,India,Wheat,2012,31775,1083.0,52980.0,25.39,3177.5,27497.37,0.0,1172889.0,644.6521,48.874538745387454
14362,India,Wheat,2012,31775,1083.0,52980.0,25.88,3177.5,28028.039999999997,0.0,1172889.0,669.7743999999999,48.874538745387454
14363,India,Wheat,2012,31775,1083.0,52980.0,25.45,3177.5,27562.35,0.0,1172889.0,647.7025,48.874538745387454
14364,India,Wheat,2012,31775,1083.0,52980.0,24.37,3177.5,26392.710000000003,0.0,1172889.0,593.8969000000001,48.874538745387454
14365,India,Wheat,2012,31775,1083.0,52980.0,26.33,3177.5,28515.39,0.0,1172889.0,693.2688999999999,48.874538745387454
14366,India,Wheat,2012,31775,1083.0,52980.0,25.89,3177.5,28038.87,0.0,1172889.0,670.2921,48.874538745387454
14367,India,Wheat,2012,31775,1083.0,52980.0,25.98,3177.5,28136.34,0.0,1172889.0,674.9604,48.874538745387454
14368,India,Wheat,2012,31775,1083.0,52980.0,25.3,3177.5,27399.9,0.0,1172889.0,640.09,48.874538745387454
14369,India,Wheat,2012,31775,1083.0,52980.0,26.65,3177.5,28861.949999999997,0.0,1172889.0,710.2225,48.874538745387454
14370,India,Wheat,2012,31775,1083.0,52980.0,25.09,3177.5,27172.47,0.0,1172889.0,629.5081,48.874538745387454
14371,India,Wheat,2012,31775,1083.0,52980.0,26.89,3177.5,29121.87,0.0,1172889.0,723.0721,48.874538745387454
14372,India,Wheat,2012,31775,1083.0,52980.0,26.89,3177.5,29121.87,0.0,1172889.0,723.0721,48.874538745387454
14373,India,Wheat,2012,31775,1083.0,52980.0,26.09,3177.5,28255.47,0.0,1172889.0,680.6881,48.874538745387454
14374,India,Cassava,2013,349594,1083.0,45620.0,26.69,34959.4,28905.27,0.0,1172889.0,712.3561000000001,42.08487084870849
14375,India,Cassava,2013,349594,1083.0,45620.0,27.61,34959.4,29901.63,0.0,1172889.0,762.3121,42.08487084870849
14376,India,Cassava,2013,349594,1083.0,45620.0,27.1,34959.4,29349.300000000003,0.0,1172889.0,734.4100000000001,42.08487084870849
14377,India,Cassava,2013,349594,1083.0,45620.0,25.44,34959.4,27551.52,0.0,1172889.0,647.1936000000001,42.08487084870849
14378,India,Cassava,2013,349594,1083.0,45620.0,26.61,34959.4,28818.63,0.0,1172889.0,708.0921,42.08487084870849
14379,India,Cassava,2013,349594,1083.0,45620.0,26.37,34959.4,28558.710000000003,0.0,1172889.0,695.3769000000001,42.08487084870849
14380,India,Cassava,2013,349594,1083.0,45620.0,26.71,34959.4,28926.93,0.0,1172889.0,713.4241000000001,42.08487084870849
14381,India,Cassava,2013,349594,1083.0,45620.0,27.37,34959.4,29641.710000000003,0.0,1172889.0,749.1169000000001,42.08487084870849
14382,India,Cassava,2013,349594,1083.0,45620.0,28.85,34959.4,31244.550000000003,0.0,1172889.0,832.3225000000001,42.08487084870849
14383,India,Cassava,2013,349594,1083.0,45620.0,25.94,34959.4,28093.02,0.0,1172889.0,672.8836000000001,42.08487084870849
14384,India,Cassava,2013,349594,1083.0,45620.0,26.84,34959.4,29067.72,0.0,1172889.0,720.3856,42.08487084870849
14385,India,Cassava,2013,349594,1083.0,45620.0,26.12,34959.4,28287.960000000003,0.0,1172889.0,682.2544,42.08487084870849
14386,India,Cassava,2013,349594,1083.0,45620.0,25.44,34959.4,27551.52,0.0,1172889.0,647.1936000000001,42.08487084870849
14387,India,Cassava,2013,349594,1083.0,45620.0,27.11,34959.4,29360.13,0.0,1172889.0,734.9521,42.08487084870849
14388,India,Cassava,2013,349594,1083.0,45620.0,26.71,34959.4,28926.93,0.0,1172889.0,713.4241000000001,42.08487084870849
14389,India,Cassava,2013,349594,1083.0,45620.0,26.79,34959.4,29013.57,0.0,1172889.0,717.7040999999999,42.08487084870849
14390,India,Cassava,2013,349594,1083.0,45620.0,25.85,34959.4,27995.550000000003,0.0,1172889.0,668.2225000000001,42.08487084870849
14391,India,Cassava,2013,349594,1083.0,45620.0,27.14,34959.4,29392.62,0.0,1172889.0,736.5796,42.08487084870849
14392,India,Cassava,2013,349594,1083.0,45620.0,25.98,34959.4,28136.34,0.0,1172889.0,674.9604,42.08487084870849
14393,India,Cassava,2013,349594,1083.0,45620.0,27.44,34959.4,29717.52,0.0,1172889.0,752.9536,42.08487084870849
14394,India,Cassava,2013,349594,1083.0,45620.0,27.44,34959.4,29717.52,0.0,1172889.0,752.9536,42.08487084870849
14395,India,Cassava,2013,349594,1083.0,45620.0,26.99,34959.4,29230.17,0.0,1172889.0,728.4600999999999,42.08487084870849
14396,India,Maize,2013,25726,1083.0,45620.0,26.69,2572.6,28905.27,0.0,1172889.0,712.3561000000001,42.08487084870849
14397,India,Maize,2013,25726,1083.0,45620.0,27.61,2572.6,29901.63,0.0,1172889.0,762.3121,42.08487084870849
14398,India,Maize,2013,25726,1083.0,45620.0,27.1,2572.6,29349.300000000003,0.0,1172889.0,734.4100000000001,42.08487084870849
14399,India,Maize,2013,25726,1083.0,45620.0,25.44,2572.6,27551.52,0.0,1172889.0,647.1936000000001,42.08487084870849
14400,India,Maize,2013,25726,1083.0,45620.0,26.61,2572.6,28818.63,0.0,1172889.0,708.0921,42.08487084870849
14401,India,Maize,2013,25726,1083.0,45620.0,26.37,2572.6,28558.710000000003,0.0,1172889.0,695.3769000000001,42.08487084870849
14402,India,Maize,2013,25726,1083.0,45620.0,26.71,2572.6,28926.93,0.0,1172889.0,713.4241000000001,42.08487084870849
14403,India,Maize,2013,25726,1083.0,45620.0,27.37,2572.6,29641.710000000003,0.0,1172889.0,749.1169000000001,42.08487084870849
14404,India,Maize,2013,25726,1083.0,45620.0,28.85,2572.6,31244.550000000003,0.0,1172889.0,832.3225000000001,42.08487084870849
14405,India,Maize,2013,25726,1083.0,45620.0,25.94,2572.6,28093.02,0.0,1172889.0,672.8836000000001,42.08487084870849
14406,India,Maize,2013,25726,1083.0,45620.0,26.84,2572.6,29067.72,0.0,1172889.0,720.3856,42.08487084870849
14407,India,Maize,2013,25726,1083.0,45620.0,26.12,2572.6,28287.960000000003,0.0,1172889.0,682.2544,42.08487084870849
14408,India,Maize,2013,25726,1083.0,45620.0,25.44,2572.6,27551.52,0.0,1172889.0,647.1936000000001,42.08487084870849
14409,India,Maize,2013,25726,1083.0,45620.0,27.11,2572.6,29360.13,0.0,1172889.0,734.9521,42.08487084870849
14410,India,Maize,2013,25726,1083.0,45620.0,26.71,2572.6,28926.93,0.0,1172889.0,713.4241000000001,42.08487084870849
14411,India,Maize,2013,25726,1083.0,45620.0,26.79,2572.6,29013.57,0.0,1172889.0,717.7040999999999,42.08487084870849
14412,India,Maize,2013,25726,1083.0,45620.0,25.85,2572.6,27995.550000000003,0.0,1172889.0,668.2225000000001,42.08487084870849
14413,India,Maize,2013,25726,1083.0,45620.0,27.14,2572.6,29392.62,0.0,1172889.0,736.5796,42.08487084870849
14414,India,Maize,2013,25726,1083.0,45620.0,25.98,2572.6,28136.34,0.0,1172889.0,674.9604,42.08487084870849
14415,India,Maize,2013,25726,1083.0,45620.0,27.44,2572.6,29717.52,0.0,1172889.0,752.9536,42.08487084870849
14416,India,Maize,2013,25726,1083.0,45620.0,27.44,2572.6,29717.52,0.0,1172889.0,752.9536,42.08487084870849
14417,India,Maize,2013,25726,1083.0,45620.0,26.99,2572.6,29230.17,0.0,1172889.0,728.4600999999999,42.08487084870849
14418,India,Potatoes,2013,227606,1083.0,45620.0,26.69,22760.6,28905.27,0.0,1172889.0,712.3561000000001,42.08487084870849
14419,India,Potatoes,2013,227606,1083.0,45620.0,27.61,22760.6,29901.63,0.0,1172889.0,762.3121,42.08487084870849
14420,India,Potatoes,2013,227606,1083.0,45620.0,27.1,22760.6,29349.300000000003,0.0,1172889.0,734.4100000000001,42.08487084870849
14421,India,Potatoes,2013,227606,1083.0,45620.0,25.44,22760.6,27551.52,0.0,1172889.0,647.1936000000001,42.08487084870849
14422,India,Potatoes,2013,227606,1083.0,45620.0,26.61,22760.6,28818.63,0.0,1172889.0,708.0921,42.08487084870849
14423,India,Potatoes,2013,227606,1083.0,45620.0,26.37,22760.6,28558.710000000003,0.0,1172889.0,695.3769000000001,42.08487084870849
14424,India,Potatoes,2013,227606,1083.0,45620.0,26.71,22760.6,28926.93,0.0,1172889.0,713.4241000000001,42.08487084870849
14425,India,Potatoes,2013,227606,1083.0,45620.0,27.37,22760.6,29641.710000000003,0.0,1172889.0,749.1169000000001,42.08487084870849
14426,India,Potatoes,2013,227606,1083.0,45620.0,28.85,22760.6,31244.550000000003,0.0,1172889.0,832.3225000000001,42.08487084870849
14427,India,Potatoes,2013,227606,1083.0,45620.0,25.94,22760.6,28093.02,0.0,1172889.0,672.8836000000001,42.08487084870849
14428,India,Potatoes,2013,227606,1083.0,45620.0,26.84,22760.6,29067.72,0.0,1172889.0,720.3856,42.08487084870849
14429,India,Potatoes,2013,227606,1083.0,45620.0,26.12,22760.6,28287.960000000003,0.0,1172889.0,682.2544,42.08487084870849
14430,India,Potatoes,2013,227606,1083.0,45620.0,25.44,22760.6,27551.52,0.0,1172889.0,647.1936000000001,42.08487084870849
14431,India,Potatoes,2013,227606,1083.0,45620.0,27.11,22760.6,29360.13,0.0,1172889.0,734.9521,42.08487084870849
14432,India,Potatoes,2013,227606,1083.0,45620.0,26.71,22760.6,28926.93,0.0,1172889.0,713.4241000000001,42.08487084870849
14433,India,Potatoes,2013,227606,1083.0,45620.0,26.79,22760.6,29013.57,0.0,1172889.0,717.7040999999999,42.08487084870849
14434,India,Potatoes,2013,227606,1083.0,45620.0,25.85,22760.6,27995.550000000003,0.0,1172889.0,668.2225000000001,42.08487084870849
14435,India,Potatoes,2013,227606,1083.0,45620.0,27.14,22760.6,29392.62,0.0,1172889.0,736.5796,42.08487084870849
14436,India,Potatoes,2013,227606,1083.0,45620.0,25.98,22760.6,28136.34,0.0,1172889.0,674.9604,42.08487084870849
14437,India,Potatoes,2013,227606,1083.0,45620.0,27.44,22760.6,29717.52,0.0,1172889.0,752.9536,42.08487084870849
14438,India,Potatoes,2013,227606,1083.0,45620.0,27.44,22760.6,29717.52,0.0,1172889.0,752.9536,42.08487084870849
14439,India,Potatoes,2013,227606,1083.0,45620.0,26.99,22760.6,29230.17,0.0,1172889.0,728.4600999999999,42.08487084870849
14440,India,"Rice, paddy",2013,36070,1083.0,45620.0,26.69,3607.0,28905.27,0.0,1172889.0,712.3561000000001,42.08487084870849
14441,India,"Rice, paddy",2013,36070,1083.0,45620.0,27.61,3607.0,29901.63,0.0,1172889.0,762.3121,42.08487084870849
14442,India,"Rice, paddy",2013,36070,1083.0,45620.0,27.1,3607.0,29349.300000000003,0.0,1172889.0,734.4100000000001,42.08487084870849
14443,India,"Rice, paddy",2013,36070,1083.0,45620.0,25.44,3607.0,27551.52,0.0,1172889.0,647.1936000000001,42.08487084870849
14444,India,"Rice, paddy",2013,36070,1083.0,45620.0,26.61,3607.0,28818.63,0.0,1172889.0,708.0921,42.08487084870849
14445,India,"Rice, paddy",2013,36070,1083.0,45620.0,26.37,3607.0,28558.710000000003,0.0,1172889.0,695.3769000000001,42.08487084870849
14446,India,"Rice, paddy",2013,36070,1083.0,45620.0,26.71,3607.0,28926.93,0.0,1172889.0,713.4241000000001,42.08487084870849
14447,India,"Rice, paddy",2013,36070,1083.0,45620.0,27.37,3607.0,29641.710000000003,0.0,1172889.0,749.1169000000001,42.08487084870849
14448,India,"Rice, paddy",2013,36070,1083.0,45620.0,28.85,3607.0,31244.550000000003,0.0,1172889.0,832.3225000000001,42.08487084870849
14449,India,"Rice, paddy",2013,36070,1083.0,45620.0,25.94,3607.0,28093.02,0.0,1172889.0,672.8836000000001,42.08487084870849
14450,India,"Rice, paddy",2013,36070,1083.0,45620.0,26.84,3607.0,29067.72,0.0,1172889.0,720.3856,42.08487084870849
14451,India,"Rice, paddy",2013,36070,1083.0,45620.0,26.12,3607.0,28287.960000000003,0.0,1172889.0,682.2544,42.08487084870849
14452,India,"Rice, paddy",2013,36070,1083.0,45620.0,25.44,3607.0,27551.52,0.0,1172889.0,647.1936000000001,42.08487084870849
14453,India,"Rice, paddy",2013,36070,1083.0,45620.0,27.11,3607.0,29360.13,0.0,1172889.0,734.9521,42.08487084870849
14454,India,"Rice, paddy",2013,36070,1083.0,45620.0,26.71,3607.0,28926.93,0.0,1172889.0,713.4241000000001,42.08487084870849
14455,India,"Rice, paddy",2013,36070,1083.0,45620.0,26.79,3607.0,29013.57,0.0,1172889.0,717.7040999999999,42.08487084870849
14456,India,"Rice, paddy",2013,36070,1083.0,45620.0,25.85,3607.0,27995.550000000003,0.0,1172889.0,668.2225000000001,42.08487084870849
14457,India,"Rice, paddy",2013,36070,1083.0,45620.0,27.14,3607.0,29392.62,0.0,1172889.0,736.5796,42.08487084870849
14458,India,"Rice, paddy",2013,36070,1083.0,45620.0,25.98,3607.0,28136.34,0.0,1172889.0,674.9604,42.08487084870849
14459,India,"Rice, paddy",2013,36070,1083.0,45620.0,27.44,3607.0,29717.52,0.0,1172889.0,752.9536,42.08487084870849
14460,India,"Rice, paddy",2013,36070,1083.0,45620.0,27.44,3607.0,29717.52,0.0,1172889.0,752.9536,42.08487084870849
14461,India,"Rice, paddy",2013,36070,1083.0,45620.0,26.99,3607.0,29230.17,0.0,1172889.0,728.4600999999999,42.08487084870849
14462,India,Sorghum,2013,8502,1083.0,45620.0,26.69,850.2,28905.27,0.0,1172889.0,712.3561000000001,42.08487084870849
14463,India,Sorghum,2013,8502,1083.0,45620.0,27.61,850.2,29901.63,0.0,1172889.0,762.3121,42.08487084870849
14464,India,Sorghum,2013,8502,1083.0,45620.0,27.1,850.2,29349.300000000003,0.0,1172889.0,734.4100000000001,42.08487084870849
14465,India,Sorghum,2013,8502,1083.0,45620.0,25.44,850.2,27551.52,0.0,1172889.0,647.1936000000001,42.08487084870849
14466,India,Sorghum,2013,8502,1083.0,45620.0,26.61,850.2,28818.63,0.0,1172889.0,708.0921,42.08487084870849
14467,India,Sorghum,2013,8502,1083.0,45620.0,26.37,850.2,28558.710000000003,0.0,1172889.0,695.3769000000001,42.08487084870849
14468,India,Sorghum,2013,8502,1083.0,45620.0,26.71,850.2,28926.93,0.0,1172889.0,713.4241000000001,42.08487084870849
14469,India,Sorghum,2013,8502,1083.0,45620.0,27.37,850.2,29641.710000000003,0.0,1172889.0,749.1169000000001,42.08487084870849
14470,India,Sorghum,2013,8502,1083.0,45620.0,28.85,850.2,31244.550000000003,0.0,1172889.0,832.3225000000001,42.08487084870849
14471,India,Sorghum,2013,8502,1083.0,45620.0,25.94,850.2,28093.02,0.0,1172889.0,672.8836000000001,42.08487084870849
14472,India,Sorghum,2013,8502,1083.0,45620.0,26.84,850.2,29067.72,0.0,1172889.0,720.3856,42.08487084870849
14473,India,Sorghum,2013,8502,1083.0,45620.0,26.12,850.2,28287.960000000003,0.0,1172889.0,682.2544,42.08487084870849
14474,India,Sorghum,2013,8502,1083.0,45620.0,25.44,850.2,27551.52,0.0,1172889.0,647.1936000000001,42.08487084870849
14475,India,Sorghum,2013,8502,1083.0,45620.0,27.11,850.2,29360.13,0.0,1172889.0,734.9521,42.08487084870849
14476,India,Sorghum,2013,8502,1083.0,45620.0,26.71,850.2,28926.93,0.0,1172889.0,713.4241000000001,42.08487084870849
14477,India,Sorghum,2013,8502,1083.0,45620.0,26.79,850.2,29013.57,0.0,1172889.0,717.7040999999999,42.08487084870849
14478,India,Sorghum,2013,8502,1083.0,45620.0,25.85,850.2,27995.550000000003,0.0,1172889.0,668.2225000000001,42.08487084870849
14479,India,Sorghum,2013,8502,1083.0,45620.0,27.14,850.2,29392.62,0.0,1172889.0,736.5796,42.08487084870849
14480,India,Sorghum,2013,8502,1083.0,45620.0,25.98,850.2,28136.34,0.0,1172889.0,674.9604,42.08487084870849
14481,India,Sorghum,2013,8502,1083.0,45620.0,27.44,850.2,29717.52,0.0,1172889.0,752.9536,42.08487084870849
14482,India,Sorghum,2013,8502,1083.0,45620.0,27.44,850.2,29717.52,0.0,1172889.0,752.9536,42.08487084870849
14483,India,Sorghum,2013,8502,1083.0,45620.0,26.99,850.2,29230.17,0.0,1172889.0,728.4600999999999,42.08487084870849
14484,India,Soybeans,2013,10123,1083.0,45620.0,26.69,1012.3,28905.27,0.0,1172889.0,712.3561000000001,42.08487084870849
14485,India,Soybeans,2013,10123,1083.0,45620.0,27.61,1012.3,29901.63,0.0,1172889.0,762.3121,42.08487084870849
14486,India,Soybeans,2013,10123,1083.0,45620.0,27.1,1012.3,29349.300000000003,0.0,1172889.0,734.4100000000001,42.08487084870849
14487,India,Soybeans,2013,10123,1083.0,45620.0,25.44,1012.3,27551.52,0.0,1172889.0,647.1936000000001,42.08487084870849
14488,India,Soybeans,2013,10123,1083.0,45620.0,26.61,1012.3,28818.63,0.0,1172889.0,708.0921,42.08487084870849
14489,India,Soybeans,2013,10123,1083.0,45620.0,26.37,1012.3,28558.710000000003,0.0,1172889.0,695.3769000000001,42.08487084870849
14490,India,Soybeans,2013,10123,1083.0,45620.0,26.71,1012.3,28926.93,0.0,1172889.0,713.4241000000001,42.08487084870849
14491,India,Soybeans,2013,10123,1083.0,45620.0,27.37,1012.3,29641.710000000003,0.0,1172889.0,749.1169000000001,42.08487084870849
14492,India,Soybeans,2013,10123,1083.0,45620.0,28.85,1012.3,31244.550000000003,0.0,1172889.0,832.3225000000001,42.08487084870849
14493,India,Soybeans,2013,10123,1083.0,45620.0,25.94,1012.3,28093.02,0.0,1172889.0,672.8836000000001,42.08487084870849
14494,India,Soybeans,2013,10123,1083.0,45620.0,26.84,1012.3,29067.72,0.0,1172889.0,720.3856,42.08487084870849
14495,India,Soybeans,2013,10123,1083.0,45620.0,26.12,1012.3,28287.960000000003,0.0,1172889.0,682.2544,42.08487084870849
14496,India,Soybeans,2013,10123,1083.0,45620.0,25.44,1012.3,27551.52,0.0,1172889.0,647.1936000000001,42.08487084870849
14497,India,Soybeans,2013,10123,1083.0,45620.0,27.11,1012.3,29360.13,0.0,1172889.0,734.9521,42.08487084870849
14498,India,Soybeans,2013,10123,1083.0,45620.0,26.71,1012.3,28926.93,0.0,1172889.0,713.4241000000001,42.08487084870849
14499,India,Soybeans,2013,10123,1083.0,45620.0,26.79,1012.3,29013.57,0.0,1172889.0,717.7040999999999,42.08487084870849
14500,India,Soybeans,2013,10123,1083.0,45620.0,25.85,1012.3,27995.550000000003,0.0,1172889.0,668.2225000000001,42.08487084870849
14501,India,Soybeans,2013,10123,1083.0,45620.0,27.14,1012.3,29392.62,0.0,1172889.0,736.5796,42.08487084870849
14502,India,Soybeans,2013,10123,1083.0,45620.0,25.98,1012.3,28136.34,0.0,1172889.0,674.9604,42.08487084870849
14503,India,Soybeans,2013,10123,1083.0,45620.0,27.44,1012.3,29717.52,0.0,1172889.0,752.9536,42.08487084870849
14504,India,Soybeans,2013,10123,1083.0,45620.0,27.44,1012.3,29717.52,0.0,1172889.0,752.9536,42.08487084870849
14505,India,Soybeans,2013,10123,1083.0,45620.0,26.99,1012.3,29230.17,0.0,1172889.0,728.4600999999999,42.08487084870849
14506,India,Sweet potatoes,2013,101288,1083.0,45620.0,26.69,10128.8,28905.27,0.0,1172889.0,712.3561000000001,42.08487084870849
14507,India,Sweet potatoes,2013,101288,1083.0,45620.0,27.61,10128.8,29901.63,0.0,1172889.0,762.3121,42.08487084870849
14508,India,Sweet potatoes,2013,101288,1083.0,45620.0,27.1,10128.8,29349.300000000003,0.0,1172889.0,734.4100000000001,42.08487084870849
14509,India,Sweet potatoes,2013,101288,1083.0,45620.0,25.44,10128.8,27551.52,0.0,1172889.0,647.1936000000001,42.08487084870849
14510,India,Sweet potatoes,2013,101288,1083.0,45620.0,26.61,10128.8,28818.63,0.0,1172889.0,708.0921,42.08487084870849
14511,India,Sweet potatoes,2013,101288,1083.0,45620.0,26.37,10128.8,28558.710000000003,0.0,1172889.0,695.3769000000001,42.08487084870849
14512,India,Sweet potatoes,2013,101288,1083.0,45620.0,26.71,10128.8,28926.93,0.0,1172889.0,713.4241000000001,42.08487084870849
14513,India,Sweet potatoes,2013,101288,1083.0,45620.0,27.37,10128.8,29641.710000000003,0.0,1172889.0,749.1169000000001,42.08487084870849
14514,India,Sweet potatoes,2013,101288,1083.0,45620.0,28.85,10128.8,31244.550000000003,0.0,1172889.0,832.3225000000001,42.08487084870849
14515,India,Sweet potatoes,2013,101288,1083.0,45620.0,25.94,10128.8,28093.02,0.0,1172889.0,672.8836000000001,42.08487084870849
14516,India,Sweet potatoes,2013,101288,1083.0,45620.0,26.84,10128.8,29067.72,0.0,1172889.0,720.3856,42.08487084870849
14517,India,Sweet potatoes,2013,101288,1083.0,45620.0,26.12,10128.8,28287.960000000003,0.0,1172889.0,682.2544,42.08487084870849
14518,India,Sweet potatoes,2013,101288,1083.0,45620.0,25.44,10128.8,27551.52,0.0,1172889.0,647.1936000000001,42.08487084870849
14519,India,Sweet potatoes,2013,101288,1083.0,45620.0,27.11,10128.8,29360.13,0.0,1172889.0,734.9521,42.08487084870849
14520,India,Sweet potatoes,2013,101288,1083.0,45620.0,26.71,10128.8,28926.93,0.0,1172889.0,713.4241000000001,42.08487084870849
14521,India,Sweet potatoes,2013,101288,1083.0,45620.0,26.79,10128.8,29013.57,0.0,1172889.0,717.7040999999999,42.08487084870849
14522,India,Sweet potatoes,2013,101288,1083.0,45620.0,25.85,10128.8,27995.550000000003,0.0,1172889.0,668.2225000000001,42.08487084870849
14523,India,Sweet potatoes,2013,101288,1083.0,45620.0,27.14,10128.8,29392.62,0.0,1172889.0,736.5796,42.08487084870849
14524,India,Sweet potatoes,2013,101288,1083.0,45620.0,25.98,10128.8,28136.34,0.0,1172889.0,674.9604,42.08487084870849
14525,India,Sweet potatoes,2013,101288,1083.0,45620.0,27.44,10128.8,29717.52,0.0,1172889.0,752.9536,42.08487084870849
14526,India,Sweet potatoes,2013,101288,1083.0,45620.0,27.44,10128.8,29717.52,0.0,1172889.0,752.9536,42.08487084870849
14527,India,Sweet potatoes,2013,101288,1083.0,45620.0,26.99,10128.8,29230.17,0.0,1172889.0,728.4600999999999,42.08487084870849
14528,India,Wheat,2013,31538,1083.0,45620.0,26.69,3153.8,28905.27,0.0,1172889.0,712.3561000000001,42.08487084870849
14529,India,Wheat,2013,31538,1083.0,45620.0,27.61,3153.8,29901.63,0.0,1172889.0,762.3121,42.08487084870849
14530,India,Wheat,2013,31538,1083.0,45620.0,27.1,3153.8,29349.300000000003,0.0,1172889.0,734.4100000000001,42.08487084870849
14531,India,Wheat,2013,31538,1083.0,45620.0,25.44,3153.8,27551.52,0.0,1172889.0,647.1936000000001,42.08487084870849
14532,India,Wheat,2013,31538,1083.0,45620.0,26.61,3153.8,28818.63,0.0,1172889.0,708.0921,42.08487084870849
14533,India,Wheat,2013,31538,1083.0,45620.0,26.37,3153.8,28558.710000000003,0.0,1172889.0,695.3769000000001,42.08487084870849
14534,India,Wheat,2013,31538,1083.0,45620.0,26.71,3153.8,28926.93,0.0,1172889.0,713.4241000000001,42.08487084870849
14535,India,Wheat,2013,31538,1083.0,45620.0,27.37,3153.8,29641.710000000003,0.0,1172889.0,749.1169000000001,42.08487084870849
14536,India,Wheat,2013,31538,1083.0,45620.0,28.85,3153.8,31244.550000000003,0.0,1172889.0,832.3225000000001,42.08487084870849
14537,India,Wheat,2013,31538,1083.0,45620.0,25.94,3153.8,28093.02,0.0,1172889.0,672.8836000000001,42.08487084870849
14538,India,Wheat,2013,31538,1083.0,45620.0,26.84,3153.8,29067.72,0.0,1172889.0,720.3856,42.08487084870849
14539,India,Wheat,2013,31538,1083.0,45620.0,26.12,3153.8,28287.960000000003,0.0,1172889.0,682.2544,42.08487084870849
14540,India,Wheat,2013,31538,1083.0,45620.0,25.44,3153.8,27551.52,0.0,1172889.0,647.1936000000001,42.08487084870849
14541,India,Wheat,2013,31538,1083.0,45620.0,27.11,3153.8,29360.13,0.0,1172889.0,734.9521,42.08487084870849
14542,India,Wheat,2013,31538,1083.0,45620.0,26.71,3153.8,28926.93,0.0,1172889.0,713.4241000000001,42.08487084870849
14543,India,Wheat,2013,31538,1083.0,45620.0,26.79,3153.8,29013.57,0.0,1172889.0,717.7040999999999,42.08487084870849
14544,India,Wheat,2013,31538,1083.0,45620.0,25.85,3153.8,27995.550000000003,0.0,1172889.0,668.2225000000001,42.08487084870849
14545,India,Wheat,2013,31538,1083.0,45620.0,27.14,3153.8,29392.62,0.0,1172889.0,736.5796,42.08487084870849
14546,India,Wheat,2013,31538,1083.0,45620.0,25.98,3153.8,28136.34,0.0,1172889.0,674.9604,42.08487084870849
14547,India,Wheat,2013,31538,1083.0,45620.0,27.44,3153.8,29717.52,0.0,1172889.0,752.9536,42.08487084870849
14548,India,Wheat,2013,31538,1083.0,45620.0,27.44,3153.8,29717.52,0.0,1172889.0,752.9536,42.08487084870849
14549,India,Wheat,2013,31538,1083.0,45620.0,26.99,3153.8,29230.17,0.0,1172889.0,728.4600999999999,42.08487084870849
