year, Crop                                                                                                                              , Yield_kg_per_ha, rainfall_mean     , rainfall_std      , rainfall_total, rainfall_deviation
2009, "Anise, badian, coriander, cumin, caraway, fennel and juniper berries, raw                                                       ",           684.4, 3.977649748513946 ,  9.869378184789209,       43495.6 ,   3.167083676268862
2010, "Anise, badian, coriander, cumin, caraway, fennel and juniper berries, raw                                                       ",           736.7, 4.824177380125087 , 10.094051337355248,       55535.93,  51.041490618485064
2011, "Anise, badian, coriander, cumin, caraway, fennel and juniper berries, raw                                                       ",           774.7, 4.105025191104934 ,  8.813380149209374,       47257.05,  15.314797602501738
2012, "Anise, badian, coriander, cumin, caraway, fennel and juniper berries, raw                                                       ",           774.6, 3.762024843641418 ,  8.157801210441407,       43308.43,   3.660174600416956
2013, "Anise, badian, coriander, cumin, caraway, fennel and juniper berries, raw                                                       ",           784.0, 4.44156532314107  ,  9.58267274963374 ,       51131.3 ,  39.3843372133426
2014, "Anise, badian, coriander, cumin, caraway, fennel and juniper berries, raw                                                       ",           790.9, 4.032843988881167 ,  9.888358522551   ,       46426.1 ,  20.912805767894373
2015, "Anise, badian, coriander, cumin, caraway, fennel and juniper berries, raw                                                       ",           799.4, 4.212624218207089 ,  9.924950150928971,       48495.73,  50.438757817929115
2016, "Anise, badian, coriander, cumin, caraway, fennel and juniper berries, raw                                                       ",           714.9, 4.10388637943016  ,  9.115403997500591,       47243.94,   0.24271282140375267
2017, "Anise, badian, coriander, cumin, caraway, fennel and juniper berries, raw                                                       ",           989.0, 4.472613794301599 , 10.191874789441343,       51488.73,  17.21720552466991
2018, "Anise, badian, coriander, cumin, caraway, fennel and juniper berries, raw                                                     "  ,           961.0, 3.989807157748437 ,  9.067654711355752,       45930.66,  24.063577136900626
2019, "Anise, badian, coriander, cumin, caraway, fennel and juniper berries, raw                                                       ",           912.4, 4.676201355107714 , 11.032972340729101,       53832.43,  52.7271299513551
2020, "Anise, badian, coriander, cumin, caraway, fennel and juniper berries, raw                                                       ",           928.5, 4.673185605713763 , 10.597684142419439,       51035.86,  56.78357201721454
2021, "Anise, badian, coriander, cumin, caraway, fennel and juniper berries, raw                                                       ",           998.4, 4.50342180774749  ,  9.752263667206963,       50222.16, 122.47019279053086
2022, "Anise, badian, coriander, cumin, caraway, fennel and juniper berries, raw                                                       ",          1009.4, 4.8417415879183965, 11.416030339245731,       54823.04,  30.39448732668021
2023, "Anise, badian, coriander, cumin, caraway, fennel and juniper berries, raw                                                       ",          1026.4, 4.196803808525507 , 10.050079181186689,       48045.01,  99.49900506638716
2009, Apples                                                                                                                            ,          7244.5, 3.977649748513946 ,  9.869378184789209,       43495.6 ,   3.167083676268862
2010, Apples                                                                                                                            ,          6282.1, 4.824177380125087 , 10.094051337355248,       55535.93,  51.041490618485064
2011, Apples                                                                                                                            ,         10000.0, 4.105025191104934 ,  8.813380149209374,       47257.05,  15.314797602501738
2012, Apples                                                                                                                            ,          6845.0, 3.762024843641418 ,  8.157801210441407,       43308.43,   3.660174600416956
2013, Apples                                                                                                                            ,          6137.8, 4.44156532314107  ,  9.58267274963374 ,       51131.3 ,  39.3843372133426
2014, Apples                                                                                                                            ,          7978.8, 4.032843988881167 ,  9.888358522551   ,       46426.1 ,  20.912805767894373
2015, Apples                                                                                                                            ,          6689.7, 4.212624218207089 ,  9.924950150928971,       48495.73,  50.438757817929115
2016, Apples                                                                                                                            ,          9101.1, 4.10388637943016  ,  9.115403997500591,       47243.94,   0.24271282140375267
2017, Apples                                                                                                                            ,          7426.2, 4.472613794301599 , 10.191874789441343,       51488.73,  17.21720552466991
2018, Apples                                                                                                                            ,          7730.9, 3.989807157748437 ,  9.067654711355752,       45930.66,  24.063577136900626
2019, Apples                                                                                                                            ,          7519.5, 4.676201355107714 , 11.032972340729101,       53832.43,  52.7271299513551
2020, Apples                                                                                                                            ,          9077.4, 4.673185605713763 , 10.597684142419439,       51035.86,  56.78357201721454
2021, Apples                                                                                                                            ,          7271.6, 4.50342180774749  ,  9.752263667206963,       50222.16, 122.47019279053086
2022, Apples                                                                                                                            ,          8219.0, 4.8417415879183965, 11.416030339245731,       54823.04,  30.39448732668021
2023, Apples                                                                                                                            ,          9460.5, 4.196803808525507 , 10.050079181186689,       48045.01,  99.49900506638716
2009, Apricots                                                                                                                          ,          2826.3, 3.977649748513946 ,  9.869378184789209,       43495.6 ,   3.167083676268862
2010, Apricots                                                                                                                          ,          2827.5, 4.824177380125087 , 10.094051337355248,       55535.93,  51.041490618485064
2011, Apricots                                                                                                                          ,          2828.7, 4.105025191104934 ,  8.813380149209374,       47257.05,  15.314797602501738
2012, Apricots                                                                                                                          ,          2829.9, 3.762024843641418 ,  8.157801210441407,       43308.43,   3.660174600416956
2013, Apricots                                                                                                                          ,          2831.0, 4.44156532314107  ,  9.58267274963374 ,       51131.3 ,  39.3843372133426
2014, Apricots                                                                                                                          ,          2823.1, 4.032843988881167 ,  9.888358522551   ,       46426.1 ,  20.912805767894373
2015, Apricots                                                                                                                          ,          2825.2, 4.212624218207089 ,  9.924950150928971,       48495.73,  50.438757817929115
2016, Apricots                                                                                                                          ,          2820.7, 4.10388637943016  ,  9.115403997500591,       47243.94,   0.24271282140375267
2017, Apricots                                                                                                                          ,          2815.4, 4.472613794301599 , 10.191874789441343,       51488.73,  17.21720552466991
2018, Apricots                                                                                                                          ,          2808.0, 3.989807157748437 ,  9.067654711355752,       45930.66,  24.063577136900626
2019, Apricots                                                                                                                          ,          2802.2, 4.676201355107714 , 11.032972340729101,       53832.43,  52.7271299513551
2020, Apricots                                                                                                                          ,          2805.2, 4.673185605713763 , 10.597684142419439,       51035.86,  56.78357201721454
2021, Apricots                                                                                                                          ,          2808.2, 4.50342180774749  ,  9.752263667206963,       50222.16, 122.47019279053086
2022, Apricots                                                                                                                          ,          2806.5, 4.8417415879183965, 11.416030339245731,       54823.04,  30.39448732668021
2023, Apricots                                                                                                                          ,          2846.8, 4.196803808525507 , 10.050079181186689,       48045.01,  99.49900506638716
2009, Areca nuts                                                                                                                        ,          1243.3, 3.977649748513946 ,  9.869378184789209,       43495.6 ,   3.167083676268862
2010, Areca nuts                                                                                                                        ,          1194.7, 4.824177380125087 , 10.094051337355248,       55535.93,  51.041490618485064
2011, Areca nuts                                                                                                                        ,          1194.7, 4.105025191104934 ,  8.813380149209374,       47257.05,  15.314797602501738
2012, Areca nuts                                                                                                                        ,          1467.7, 3.762024843641418 ,  8.157801210441407,       43308.43,   3.660174600416956
2013, Areca nuts                                                                                                                        ,          1365.5, 4.44156532314107  ,  9.58267274963374 ,       51131.3 ,  39.3843372133426
2014, Areca nuts                                                                                                                        ,          1376.1, 4.032843988881167 ,  9.888358522551   ,       46426.1 ,  20.912805767894373
2015, Areca nuts                                                                                                                        ,          1660.0, 4.212624218207089 ,  9.924950150928971,       48495.73,  50.438757817929115
2016, Areca nuts                                                                                                                        ,          1506.3, 4.10388637943016  ,  9.115403997500591,       47243.94,   0.24271282140375267
2017, Areca nuts                                                                                                                        ,          1589.0, 4.472613794301599 , 10.191874789441343,       51488.73,  17.21720552466991
2018, Areca nuts                                                                                                                        ,          1676.1, 3.989807157748437 ,  9.067654711355752,       45930.66,  24.063577136900626
2019, Areca nuts                                                                                                                        ,          1726.1, 4.676201355107714 , 11.032972340729101,       53832.43,  52.7271299513551
2020, Areca nuts                                                                                                                        ,          1850.1, 4.673185605713763 , 10.597684142419439,       51035.86,  56.78357201721454
2021, Areca nuts                                                                                                                        ,          1968.5, 4.50342180774749  ,  9.752263667206963,       50222.16, 122.47019279053086
2022, Areca nuts                                                                                                                        ,          1962.3, 4.8417415879183965, 11.416030339245731,       54823.04,  30.39448732668021
2023, Areca nuts                                                                                                                        ,          1459.5, 4.196803808525507 , 10.050079181186689,       48045.01,  99.49900506638716
2009, Bananas                                                                                                                           ,         34362.6, 3.977649748513946 ,  9.869378184789209,       43495.6 ,   3.167083676268862
2010, Bananas                                                                                                                           ,         35879.5, 4.824177380125087 , 10.094051337355248,       55535.93,  51.041490618485064
2011, Bananas                                                                                                                           ,         35725.2, 4.105025191104934 ,  8.813380149209374,       47257.05,  15.314797602501738
2012, Bananas                                                                                                                           ,         34161.1, 3.762024843641418 ,  8.157801210441407,       43308.43,   3.660174600416956
2013, Bananas                                                                                                                           ,         34642.0, 4.44156532314107  ,  9.58267274963374 ,       51131.3 ,  39.3843372133426
2014, Bananas                                                                                                                           ,         37036.7, 4.032843988881167 ,  9.888358522551   ,       46426.1 ,  20.912805767894373
2015, Bananas                                                                                                                           ,         35548.7, 4.212624218207089 ,  9.924950150928971,       48495.73,  50.438757817929115
2016, Bananas                                                                                                                           ,         34643.3, 4.10388637943016  ,  9.115403997500591,       47243.94,   0.24271282140375267
2017, Bananas                                                                                                                           ,         35438.4, 4.472613794301599 , 10.191874789441343,       51488.73,  17.21720552466991
2018, Bananas                                                                                                                           ,         34850.7, 3.989807157748437 ,  9.067654711355752,       45930.66,  24.063577136900626
2019, Bananas                                                                                                                           ,         35173.2, 4.676201355107714 , 11.032972340729101,       53832.43,  52.7271299513551
2020, Bananas                                                                                                                           ,         36340.0, 4.673185605713763 , 10.597684142419439,       51035.86,  56.78357201721454
2021, Bananas                                                                                                                           ,         35781.4, 4.50342180774749  ,  9.752263667206963,       50222.16, 122.47019279053086
2022, Bananas                                                                                                                           ,         35854.6, 4.8417415879183965, 11.416030339245731,       54823.04,  30.39448732668021
2023, Bananas                                                                                                                           ,         36835.0, 4.196803808525507 , 10.050079181186689,       48045.01,  99.49900506638716
2009, Barley                                                                                                                            ,          2393.5, 3.977649748513946 ,  9.869378184789209,       43495.6 ,   3.167083676268862
2010, Barley                                                                                                                            ,          2171.7, 4.824177380125087 , 10.094051337355248,       55535.93,  51.041490618485064
2011, Barley                                                                                                                            ,          2357.4, 4.105025191104934 ,  8.813380149209374,       47257.05,  15.314797602501738
2012, Barley                                                                                                                            ,          2519.4, 3.762024843641418 ,  8.157801210441407,       43308.43,   3.660174600416956
2013, Barley                                                                                                                            ,          2518.0, 4.44156532314107  ,  9.58267274963374 ,       51131.3 ,  39.3843372133426
2014, Barley                                                                                                                            ,          2717.1, 4.032843988881167 ,  9.888358522551   ,       46426.1 ,  20.912805767894373
2015, Barley                                                                                                                            ,          2281.5, 4.212624218207089 ,  9.924950150928971,       48495.73,  50.438757817929115
2016, Barley                                                                                                                            ,          2440.7, 4.10388637943016  ,  9.115403997500591,       47243.94,   0.24271282140375267
2017, Barley                                                                                                                            ,          2662.8, 4.472613794301599 , 10.191874789441343,       51488.73,  17.21720552466991
2018, Barley                                                                                                                            ,          2694.9, 3.989807157748437 ,  9.067654711355752,       45930.66,  24.063577136900626
2019, Barley                                                                                                                            ,          2837.2, 4.676201355107714 , 11.032972340729101,       53832.43,  52.7271299513551
2020, Barley                                                                                                                            ,          2920.5, 4.673185605713763 , 10.597684142419439,       51035.86,  56.78357201721454
2021, Barley                                                                                                                            ,          2795.7, 4.50342180774749  ,  9.752263667206963,       50222.16, 122.47019279053086
2022, Barley                                                                                                                            ,          3025.1, 4.8417415879183965, 11.416030339245731,       54823.04,  30.39448732668021
2023, Barley                                                                                                                            ,          3044.5, 4.196803808525507 , 10.050079181186689,       48045.01,  99.49900506638716
2009, "Beans, dry                                                                                                                      ",           405.0, 3.977649748513946 ,  9.869378184789209,       43495.6 ,   3.167083676268862
2010, "Beans, dry                                                                                                                      ",           444.5, 4.824177380125087 , 10.094051337355248,       55535.93,  51.041490618485064
2011, "Beans, dry                                                                                                                      ",           393.6, 4.105025191104934 ,  8.813380149209374,       47257.05,  15.314797602501738
2012, "Beans, dry                                                                                                                      ",           413.2, 3.762024843641418 ,  8.157801210441407,       43308.43,   3.660174600416956
2013, "Beans, dry                                                                                                                      ",           441.8, 4.44156532314107  ,  9.58267274963374 ,       51131.3 ,  39.3843372133426
2014, "Beans, dry                                                                                                                      ",           423.0, 4.032843988881167 ,  9.888358522551   ,       46426.1 ,  20.912805767894373
2015, "Beans, dry                                                                                                                      ",           414.0, 4.212624218207089 ,  9.924950150928971,       48495.73,  50.438757817929115
2016, "Beans, dry                                                                                                                      ",           413.7, 4.10388637943016  ,  9.115403997500591,       47243.94,   0.24271282140375267
2017, "Beans, dry                                                                                                                      ",           413.7, 4.472613794301599 , 10.191874789441343,       51488.73,  17.21720552466991
2018, "Beans, dry                                                                                                                      ",           413.8, 3.989807157748437 ,  9.067654711355752,       45930.66,  24.063577136900626
2019, "Beans, dry                                                                                                                      ",           414.2, 4.676201355107714 , 11.032972340729101,       53832.43,  52.7271299513551
2020, "Beans, dry                                                                                                                      ",           414.9, 4.673185605713763 , 10.597684142419439,       51035.86,  56.78357201721454
2021, "Beans, dry                                                                                                                      ",           415.8, 4.50342180774749  ,  9.752263667206963,       50222.16, 122.47019279053086
2022, "Beans, dry                                                                                                                      ",           416.4, 4.8417415879183965, 11.416030339245731,       54823.04,  30.39448732668021
2023, "Beans, dry                                                                                                                      ",           417.1, 4.196803808525507 , 10.050079181186689,       48045.01,  99.49900506638716
2009, Cabbages                                                                                                                          ,         22145.7, 3.977649748513946 ,  9.869378184789209,       43495.6 ,   3.167083676268862
2010, Cabbages                                                                                                                          ,         24230.9, 4.824177380125087 , 10.094051337355248,       55535.93,  51.041490618485064
2011, Cabbages                                                                                                                          ,         21542.0, 4.105025191104934 ,  8.813380149209374,       47257.05,  15.314797602501738
2012, Cabbages                                                                                                                          ,         21569.2, 3.762024843641418 ,  8.157801210441407,       43308.43,   3.660174600416956
2013, Cabbages                                                                                                                          ,         22940.9, 4.44156532314107  ,  9.58267274963374 ,       51131.3 ,  39.3843372133426
2014, Cabbages                                                                                                                          ,         22590.1, 4.032843988881167 ,  9.888358522551   ,       46426.1 ,  20.912805767894373
2015, Cabbages                                                                                                                          ,         22240.9, 4.212624218207089 ,  9.924950150928971,       48495.73,  50.438757817929115
2016, Cabbages                                                                                                                          ,         22350.3, 4.10388637943016  ,  9.115403997500591,       47243.94,   0.24271282140375267
2017, Cabbages                                                                                                                          ,         22296.2, 4.472613794301599 , 10.191874789441343,       51488.73,  17.21720552466991
2018, Cabbages                                                                                                                          ,         22649.1, 3.989807157748437 ,  9.067654711355752,       45930.66,  24.063577136900626
2019, Cabbages                                                                                                                          ,         22817.5, 4.676201355107714 , 11.032972340729101,       53832.43,  52.7271299513551
2020, Cabbages                                                                                                                          ,         23122.2, 4.673185605713763 , 10.597684142419439,       51035.86,  56.78357201721454
2021, Cabbages                                                                                                                          ,         23203.9, 4.50342180774749  ,  9.752263667206963,       50222.16, 122.47019279053086
2022, Cabbages                                                                                                                          ,         23227.0, 4.8417415879183965, 11.416030339245731,       54823.04,  30.39448732668021
2023, Cabbages                                                                                                                          ,         23207.9, 4.196803808525507 , 10.050079181186689,       48045.01,  99.49900506638716
2009, Cantaloupes and other melons                                                                                                      ,         21841.6, 3.977649748513946 ,  9.869378184789209,       43495.6 ,   3.167083676268862
2010, Cantaloupes and other melons                                                                                                      ,         21938.1, 4.824177380125087 , 10.094051337355248,       55535.93,  51.041490618485064
2011, Cantaloupes and other melons                                                                                                      ,         18731.6, 4.105025191104934 ,  8.813380149209374,       47257.05,  15.314797602501738
2012, Cantaloupes and other melons                                                                                                      ,         20815.8, 3.762024843641418 ,  8.157801210441407,       43308.43,   3.660174600416956
2013, Cantaloupes and other melons                                                                                                      ,         20666.7, 4.44156532314107  ,  9.58267274963374 ,       51131.3 ,  39.3843372133426
2014, Cantaloupes and other melons                                                                                                      ,         20567.6, 4.032843988881167 ,  9.888358522551   ,       46426.1 ,  20.912805767894373
2015, Cantaloupes and other melons                                                                                                      ,         20547.6, 4.212624218207089 ,  9.924950150928971,       48495.73,  50.438757817929115
2016, Cantaloupes and other melons                                                                                                      ,         20777.8, 4.10388637943016  ,  9.115403997500591,       47243.94,   0.24271282140375267
2017, Cantaloupes and other melons                                                                                                      ,         21940.0, 4.472613794301599 , 10.191874789441343,       51488.73,  17.21720552466991
2018, Cantaloupes and other melons                                                                                                      ,         22796.3, 3.989807157748437 ,  9.067654711355752,       45930.66,  24.063577136900626
2019, Cantaloupes and other melons                                                                                                      ,         22210.5, 4.676201355107714 , 11.032972340729101,       53832.43,  52.7271299513551
2020, Cantaloupes and other melons                                                                                                      ,         22426.2, 4.673185605713763 , 10.597684142419439,       51035.86,  56.78357201721454
2021, Cantaloupes and other melons                                                                                                      ,         19706.7, 4.50342180774749  ,  9.752263667206963,       50222.16, 122.47019279053086
2022, Cantaloupes and other melons                                                                                                      ,         22029.4, 4.8417415879183965, 11.416030339245731,       54823.04,  30.39448732668021
2023, Cantaloupes and other melons                                                                                                      ,         22029.4, 4.196803808525507 , 10.050079181186689,       48045.01,  99.49900506638716
2009, Carrots and turnips                                                                                                               ,         15121.4, 3.977649748513946 ,  9.869378184789209,       43495.6 ,   3.167083676268862
2010, Carrots and turnips                                                                                                               ,         15171.1, 4.824177380125087 , 10.094051337355248,       55535.93,  51.041490618485064
2011, Carrots and turnips                                                                                                               ,         15219.9, 4.105025191104934 ,  8.813380149209374,       47257.05,  15.314797602501738
2012, Carrots and turnips                                                                                                               ,         15294.1, 3.762024843641418 ,  8.157801210441407,       43308.43,   3.660174600416956
2013, Carrots and turnips                                                                                                               ,         15294.1, 4.44156532314107  ,  9.58267274963374 ,       51131.3 ,  39.3843372133426
2014, Carrots and turnips                                                                                                               ,         15345.9, 4.032843988881167 ,  9.888358522551   ,       46426.1 ,  20.912805767894373
2015, Carrots and turnips                                                                                                               ,         15405.8, 4.212624218207089 ,  9.924950150928971,       48495.73,  50.438757817929115
2016, Carrots and turnips                                                                                                               ,         15349.6, 4.10388637943016  ,  9.115403997500591,       47243.94,   0.24271282140375267
2017, Carrots and turnips                                                                                                               ,         15413.2, 4.472613794301599 , 10.191874789441343,       51488.73,  17.21720552466991
2009, "Cashew nuts, in shell                                                                                                           ",           778.3, 3.977649748513946 ,  9.869378184789209,       43495.6 ,   3.167083676268862
2010, "Cashew nuts, in shell                                                                                                           ",           664.1, 4.824177380125087 , 10.094051337355248,       55535.93,  51.041490618485064
2011, "Cashew nuts, in shell                                                                                                           ",           707.7, 4.105025191104934 ,  8.813380149209374,       47257.05,  15.314797602501738
2012, "Cashew nuts, in shell                                                                                                           ",           740.6, 3.762024843641418 ,  8.157801210441407,       43308.43,   3.660174600416956
2013, "Cashew nuts, in shell                                                                                                           ",           759.1, 4.44156532314107  ,  9.58267274963374 ,       51131.3 ,  39.3843372133426
2014, "Cashew nuts, in shell                                                                                                           ",           744.8, 4.032843988881167 ,  9.888358522551   ,       46426.1 ,  20.912805767894373
2015, "Cashew nuts, in shell                                                                                                           ",           723.3, 4.212624218207089 ,  9.924950150928971,       48495.73,  50.438757817929115
2016, "Cashew nuts, in shell                                                                                                           ",           647.7, 4.10388637943016  ,  9.115403997500591,       47243.94,   0.24271282140375267
2017, "Cashew nuts, in shell                                                                                                           ",           761.8, 4.472613794301599 , 10.191874789441343,       51488.73,  17.21720552466991
2018, "Cashew nuts, in shell                                                                                                           ",           769.3, 3.989807157748437 ,  9.067654711355752,       45930.66,  24.063577136900626
2019, "Cashew nuts, in shell                                                                                                           ",           672.4, 4.676201355107714 , 11.032972340729101,       53832.43,  52.7271299513551
2020, "Cashew nuts, in shell                                                                                                           ",           624.9, 4.673185605713763 , 10.597684142419439,       51035.86,  56.78357201721454
2021, "Cashew nuts, in shell                                                                                                           ",           636.8, 4.50342180774749  ,  9.752263667206963,       50222.16, 122.47019279053086
2022, "Cashew nuts, in shell                                                                                                           ",           635.1, 4.8417415879183965, 11.416030339245731,       54823.04,  30.39448732668021
2023, "Cashew nuts, in shell                                                                                                           ",           654.4, 4.196803808525507 , 10.050079181186689,       48045.01,  99.49900506638716
2009, "Cassava, fresh                                                                                                                  ",         34343.3, 3.977649748513946 ,  9.869378184789209,       43495.6 ,   3.167083676268862
2010, "Cassava, fresh                                                                                                                  ",         34755.5, 4.824177380125087 , 10.094051337355248,       55535.93,  51.041490618485064
2011, "Cassava, fresh                                                                                                                  ",         36477.0, 4.105025191104934 ,  8.813380149209374,       47257.05,  15.314797602501738
2012, "Cassava, fresh                                                                                                                  ",         38581.8, 3.762024843641418 ,  8.157801210441407,       43308.43,   3.660174600416956
2013, "Cassava, fresh                                                                                                                  ",         34959.4, 4.44156532314107  ,  9.58267274963374 ,       51131.3 ,  39.3843372133426
2014, "Cassava, fresh                                                                                                                  ",         35655.5, 4.032843988881167 ,  9.888358522551   ,       46426.1 ,  20.912805767894373
2015, "Cassava, fresh                                                                                                                  ",         21024.0, 4.212624218207089 ,  9.924950150928971,       48495.73,  50.438757817929115
2016, "Cassava, fresh                                                                                                                  ",         21294.1, 4.10388637943016  ,  9.115403997500591,       47243.94,   0.24271282140375267
2017, "Cassava, fresh                                                                                                                  ",         20959.8, 4.472613794301599 , 10.191874789441343,       51488.73,  17.21720552466991
2018, "Cassava, fresh                                                                                                                  ",         28612.7, 3.989807157748437 ,  9.067654711355752,       45930.66,  24.063577136900626
2019, "Cassava, fresh                                                                                                                  ",         30527.6, 4.676201355107714 , 11.032972340729101,       53832.43,  52.7271299513551
2020, "Cassava, fresh                                                                                                                  ",         35028.9, 4.673185605713763 , 10.597684142419439,       51035.86,  56.78357201721454
2021, "Cassava, fresh                                                                                                                  ",         37929.0, 4.50342180774749  ,  9.752263667206963,       50222.16, 122.47019279053086
2022, "Cassava, fresh                                                                                                                  ",         36122.1, 4.8417415879183965, 11.416030339245731,       54823.04,  30.39448732668021
2023, "Cassava, fresh                                                                                                                  ",         35771.1, 4.196803808525507 , 10.050079181186689,       48045.01,  99.49900506638716
2009, Castor oil seeds                                                                                                                  ,          1373.0, 3.977649748513946 ,  9.869378184789209,       43495.6 ,   3.167083676268862
2010, Castor oil seeds                                                                                                                  ,          1526.0, 4.824177380125087 , 10.094051337355248,       55535.93,  51.041490618485064
2011, Castor oil seeds                                                                                                                  ,          1560.2, 4.105025191104934 ,  8.813380149209374,       47257.05,  15.314797602501738
2012, Castor oil seeds                                                                                                                  ,          1591.6, 3.762024843641418 ,  8.157801210441407,       43308.43,   3.660174600416956
2013, Castor oil seeds                                                                                                                  ,          1624.4, 4.44156532314107  ,  9.58267274963374 ,       51131.3 ,  39.3843372133426
2014, Castor oil seeds                                                                                                                  ,          1692.3, 4.032843988881167 ,  9.888358522551   ,       46426.1 ,  20.912805767894373
2015, Castor oil seeds                                                                                                                  ,          1608.8, 4.212624218207089 ,  9.924950150928971,       48495.73,  50.438757817929115
2016, Castor oil seeds                                                                                                                  ,          1326.9, 4.10388637943016  ,  9.115403997500591,       47243.94,   0.24271282140375267
2017, Castor oil seeds                                                                                                                  ,          1703.7, 4.472613794301599 , 10.191874789441343,       51488.73,  17.21720552466991
2018, Castor oil seeds                                                                                                                  ,          1902.1, 3.989807157748437 ,  9.067654711355752,       45930.66,  24.063577136900626
2019, Castor oil seeds                                                                                                                  ,          1592.8, 4.676201355107714 , 11.032972340729101,       53832.43,  52.7271299513551
2020, Castor oil seeds                                                                                                                  ,          1760.5, 4.673185605713763 , 10.597684142419439,       51035.86,  56.78357201721454
2021, Castor oil seeds                                                                                                                  ,          1855.7, 4.50342180774749  ,  9.752263667206963,       50222.16, 122.47019279053086
2022, Castor oil seeds                                                                                                                  ,          1948.0, 4.8417415879183965, 11.416030339245731,       54823.04,  30.39448732668021
2023, Castor oil seeds                                                                                                                  ,          1942.3, 4.196803808525507 , 10.050079181186689,       48045.01,  99.49900506638716
2009, Cauliflowers and broccoli                                                                                                         ,         18721.4, 3.977649748513946 ,  9.869378184789209,       43495.6 ,   3.167083676268862
2010, Cauliflowers and broccoli                                                                                                         ,         18881.9, 4.824177380125087 , 10.094051337355248,       55535.93,  51.041490618485064
2011, Cauliflowers and broccoli                                                                                                         ,         18279.1, 4.105025191104934 ,  8.813380149209374,       47257.05,  15.314797602501738
2012, Cauliflowers and broccoli                                                                                                         ,         18795.4, 3.762024843641418 ,  8.157801210441407,       43308.43,   3.660174600416956
2013, Cauliflowers and broccoli                                                                                                         ,         19619.4, 4.44156532314107  ,  9.58267274963374 ,       51131.3 ,  39.3843372133426
2014, Cauliflowers and broccoli                                                                                                         ,         19760.0, 4.032843988881167 ,  9.888358522551   ,       46426.1 ,  20.912805767894373
2015, Cauliflowers and broccoli                                                                                                         ,         19284.7, 4.212624218207089 ,  9.924950150928971,       48495.73,  50.438757817929115
2016, Cauliflowers and broccoli                                                                                                         ,         18990.6, 4.10388637943016  ,  9.115403997500591,       47243.94,   0.24271282140375267
2017, Cauliflowers and broccoli                                                                                                         ,         18848.0, 4.472613794301599 , 10.191874789441343,       51488.73,  17.21720552466991
2018, Cauliflowers and broccoli                                                                                                         ,         19134.7, 3.989807157748437 ,  9.067654711355752,       45930.66,  24.063577136900626
2019, Cauliflowers and broccoli                                                                                                         ,         19533.3, 4.676201355107714 , 11.032972340729101,       53832.43,  52.7271299513551
2020, Cauliflowers and broccoli                                                                                                         ,         19145.6, 4.673185605713763 , 10.597684142419439,       51035.86,  56.78357201721454
2021, Cauliflowers and broccoli                                                                                                         ,         19503.2, 4.50342180774749  ,  9.752263667206963,       50222.16, 122.47019279053086
2022, Cauliflowers and broccoli                                                                                                         ,         19887.7, 4.8417415879183965, 11.416030339245731,       54823.04,  30.39448732668021
2023, Cauliflowers and broccoli                                                                                                         ,         19446.0, 4.196803808525507 , 10.050079181186689,       48045.01,  99.49900506638716
2009, Cherries                                                                                                                          ,          2942.8, 3.977649748513946 ,  9.869378184789209,       43495.6 ,   3.167083676268862
2010, Cherries                                                                                                                          ,          2961.7, 4.824177380125087 , 10.094051337355248,       55535.93,  51.041490618485064
2011, Cherries                                                                                                                          ,          2980.5, 4.105025191104934 ,  8.813380149209374,       47257.05,  15.314797602501738
2012, Cherries                                                                                                                          ,          2999.3, 3.762024843641418 ,  8.157801210441407,       43308.43,   3.660174600416956
2013, Cherries                                                                                                                          ,          3018.1, 4.44156532314107  ,  9.58267274963374 ,       51131.3 ,  39.3843372133426
2014, Cherries                                                                                                                          ,          3024.4, 4.032843988881167 ,  9.888358522551   ,       46426.1 ,  20.912805767894373
2015, Cherries                                                                                                                          ,          3041.1, 4.212624218207089 ,  9.924950150928971,       48495.73,  50.438757817929115
2016, Cherries                                                                                                                          ,          3028.2, 4.10388637943016  ,  9.115403997500591,       47243.94,   0.24271282140375267
2017, Cherries                                                                                                                          ,          3047.3, 4.472613794301599 , 10.191874789441343,       51488.73,  17.21720552466991
2018, Cherries                                                                                                                          ,          2918.6, 3.989807157748437 ,  9.067654711355752,       45930.66,  24.063577136900626
2019, Cherries                                                                                                                          ,          2947.9, 4.676201355107714 , 11.032972340729101,       53832.43,  52.7271299513551
2020, Cherries                                                                                                                          ,          3024.7, 4.673185605713763 , 10.597684142419439,       51035.86,  56.78357201721454
2021, Cherries                                                                                                                          ,          3010.0, 4.50342180774749  ,  9.752263667206963,       50222.16, 122.47019279053086
2022, Cherries                                                                                                                          ,          2927.5, 4.8417415879183965, 11.416030339245731,       54823.04,  30.39448732668021
2023, Cherries                                                                                                                          ,          2987.2, 4.196803808525507 , 10.050079181186689,       48045.01,  99.49900506638716
2009, "Chick peas, dry                                                                                                                 ",           894.8, 3.977649748513946 ,  9.869378184789209,       43495.6 ,   3.167083676268862
2010, "Chick peas, dry                                                                                                                 ",           915.5, 4.824177380125087 , 10.094051337355248,       55535.93,  51.041490618485064
2011, "Chick peas, dry                                                                                                                 ",           894.5, 4.105025191104934 ,  8.813380149209374,       47257.05,  15.314797602501738
2012, "Chick peas, dry                                                                                                                 ",           925.5, 3.762024843641418 ,  8.157801210441407,       43308.43,   3.660174600416956
2013, "Chick peas, dry                                                                                                                 ",          1036.4, 4.44156532314107  ,  9.58267274963374 ,       51131.3 ,  39.3843372133426
2014, "Chick peas, dry                                                                                                                 ",           960.0, 4.032843988881167 ,  9.888358522551   ,       46426.1 ,  20.912805767894373
2015, "Chick peas, dry                                                                                                                 ",           888.6, 4.212624218207089 ,  9.924950150928971,       48495.73,  50.438757817929115
2016, "Chick peas, dry                                                                                                                 ",           840.3, 4.10388637943016  ,  9.115403997500591,       47243.94,   0.24271282140375267
2017, "Chick peas, dry                                                                                                                 ",           974.2, 4.472613794301599 , 10.191874789441343,       51488.73,  17.21720552466991
2018, "Chick peas, dry                                                                                                                 ",          1077.5, 3.989807157748437 ,  9.067654711355752,       45930.66,  24.063577136900626
2019, "Chick peas, dry                                                                                                                 ",          1041.0, 4.676201355107714 , 11.032972340729101,       53832.43,  52.7271299513551
2020, "Chick peas, dry                                                                                                                 ",          1142.3, 4.673185605713763 , 10.597684142419439,       51035.86,  56.78357201721454
2021, "Chick peas, dry                                                                                                                 ",          1191.6, 4.50342180774749  ,  9.752263667206963,       50222.16, 122.47019279053086
2022, "Chick peas, dry                                                                                                                 ",          1261.0, 4.8417415879183965, 11.416030339245731,       54823.04,  30.39448732668021
2023, "Chick peas, dry                                                                                                                 ",          1171.6, 4.196803808525507 , 10.050079181186689,       48045.01,  99.49900506638716
2009, "Chillies and peppers, dry (Capsicum spp., Pimenta spp.), raw                                                                    ",          1567.9, 3.977649748513946 ,  9.869378184789209,       43495.6 ,   3.167083676268862
2010, "Chillies and peppers, dry (Capsicum spp., Pimenta spp.), raw                                                                    ",          1544.5, 4.824177380125087 , 10.094051337355248,       55535.93,  51.041490618485064
2011, "Chillies and peppers, dry (Capsicum spp., Pimenta spp.), raw                                                                    ",          1585.9, 4.105025191104934 ,  8.813380149209374,       47257.05,  15.314797602501738
2012, "Chillies and peppers, dry (Capsicum spp., Pimenta spp.), raw                                                                    ",          1643.2, 3.762024843641418 ,  8.157801210441407,       43308.43,   3.660174600416956
2013, "Chillies and peppers, dry (Capsicum spp., Pimenta spp.), raw                                                                    ",          1925.2, 4.44156532314107  ,  9.58267274963374 ,       51131.3 ,  39.3843372133426
2014, "Chillies and peppers, dry (Capsicum spp., Pimenta spp.), raw                                                                    ",          1925.2, 4.032843988881167 ,  9.888358522551   ,       46426.1 ,  20.912805767894373
2015, "Chillies and peppers, dry (Capsicum spp., Pimenta spp.), raw                                                                    ",          2109.1, 4.212624218207089 ,  9.924950150928971,       48495.73,  50.438757817929115
2016, "Chillies and peppers, dry (Capsicum spp., Pimenta spp.), raw                                                                    ",          1874.4, 4.10388637943016  ,  9.115403997500591,       47243.94,   0.24271282140375267
2017, "Chillies and peppers, dry (Capsicum spp., Pimenta spp.), raw                                                                    ",          2495.2, 4.472613794301599 , 10.191874789441343,       51488.73,  17.21720552466991
2018, "Chillies and peppers, dry (Capsicum spp., Pimenta spp.), raw                                                                    ",          2857.7, 3.989807157748437 ,  9.067654711355752,       45930.66,  24.063577136900626
2019, "Chillies and peppers, dry (Capsicum spp., Pimenta spp.), raw                                                                    ",          2234.6, 4.676201355107714 , 11.032972340729101,       53832.43,  52.7271299513551
2020, "Chillies and peppers, dry (Capsicum spp., Pimenta spp.), raw                                                                    ",          2931.3, 4.673185605713763 , 10.597684142419439,       51035.86,  56.78357201721454
2021, "Chillies and peppers, dry (Capsicum spp., Pimenta spp.), raw                                                                    ",          2918.8, 4.50342180774749  ,  9.752263667206963,       50222.16, 122.47019279053086
2022, "Chillies and peppers, dry (Capsicum spp., Pimenta spp.), raw                                                                    ",          2764.0, 4.8417415879183965, 11.416030339245731,       54823.04,  30.39448732668021
2023, "Chillies and peppers, dry (Capsicum spp., Pimenta spp.), raw                                                                    ",          3265.3, 4.196803808525507 , 10.050079181186689,       48045.01,  99.49900506638716
2009, "Chillies and peppers, green (Capsicum spp. and Pimenta spp.)                                                                    ",          8659.2, 3.977649748513946 ,  9.869378184789209,       43495.6 ,   3.167083676268862
2010, "Chillies and peppers, green (Capsicum spp. and Pimenta spp.)                                                                    ",          8617.3, 4.824177380125087 , 10.094051337355248,       55535.93,  51.041490618485064
2011, "Chillies and peppers, green (Capsicum spp. and Pimenta spp.)                                                                    ",          8577.9, 4.105025191104934 ,  8.813380149209374,       47257.05,  15.314797602501738
2012, "Chillies and peppers, green (Capsicum spp. and Pimenta spp.)                                                                    ",          8500.0, 3.762024843641418 ,  8.157801210441407,       43308.43,   3.660174600416956
2013, "Chillies and peppers, green (Capsicum spp. and Pimenta spp.)                                                                    ",          8500.0, 4.44156532314107  ,  9.58267274963374 ,       51131.3 ,  39.3843372133426
2014, "Chillies and peppers, green (Capsicum spp. and Pimenta spp.)                                                                    ",          8473.9, 4.032843988881167 ,  9.888358522551   ,       46426.1 ,  20.912805767894373
2015, "Chillies and peppers, green (Capsicum spp. and Pimenta spp.)                                                                    ",          8428.1, 4.212624218207089 ,  9.924950150928971,       48495.73,  50.438757817929115
2016, "Chillies and peppers, green (Capsicum spp. and Pimenta spp.)                                                                    ",          8466.4, 4.10388637943016  ,  9.115403997500591,       47243.94,   0.24271282140375267
2017, "Chillies and peppers, green (Capsicum spp. and Pimenta spp.)                                                                    ",          8454.4, 4.472613794301599 , 10.191874789441343,       51488.73,  17.21720552466991
2018, "Chillies and peppers, green (Capsicum spp. and Pimenta spp.)                                                                    ",          8424.8, 3.989807157748437 ,  9.067654711355752,       45930.66,  24.063577136900626
2019, "Chillies and peppers, green (Capsicum spp. and Pimenta spp.)                                                                    ",          8390.5, 4.676201355107714 , 11.032972340729101,       53832.43,  52.7271299513551
2020, "Chillies and peppers, green (Capsicum spp. and Pimenta spp.)                                                                    ",          8700.2, 4.673185605713763 , 10.597684142419439,       51035.86,  56.78357201721454
2021, "Chillies and peppers, green (Capsicum spp. and Pimenta spp.)                                                                    ",          8504.6, 4.50342180774749  ,  9.752263667206963,       50222.16, 122.47019279053086
2022, "Chillies and peppers, green (Capsicum spp. and Pimenta spp.)                                                                    ",          8531.0, 4.8417415879183965, 11.416030339245731,       54823.04,  30.39448732668021
2023, "Chillies and peppers, green (Capsicum spp. and Pimenta spp.)                                                                    ",          8578.4, 4.196803808525507 , 10.050079181186689,       48045.01,  99.49900506638716
2009, Cocoa beans                                                                                                                       ,           347.1, 3.977649748513946 ,  9.869378184789209,       43495.6 ,   3.167083676268862
2010, Cocoa beans                                                                                                                       ,           278.6, 4.824177380125087 , 10.094051337355248,       55535.93,  51.041490618485064
2011, Cocoa beans                                                                                                                       ,           254.9, 4.105025191104934 ,  8.813380149209374,       47257.05,  15.314797602501738
2012, Cocoa beans                                                                                                                       ,           206.3, 3.762024843641418 ,  8.157801210441407,       43308.43,   3.660174600416956
2013, Cocoa beans                                                                                                                       ,           197.0, 4.44156532314107  ,  9.58267274963374 ,       51131.3 ,  39.3843372133426
2014, Cocoa beans                                                                                                                       ,           211.3, 4.032843988881167 ,  9.888358522551   ,       46426.1 ,  20.912805767894373
2015, Cocoa beans                                                                                                                       ,           205.1, 4.212624218207089 ,  9.924950150928971,       48495.73,  50.438757817929115
2016, Cocoa beans                                                                                                                       ,           209.9, 4.10388637943016  ,  9.115403997500591,       47243.94,   0.24271282140375267
2017, Cocoa beans                                                                                                                       ,           228.9, 4.472613794301599 , 10.191874789441343,       51488.73,  17.21720552466991
2018, Cocoa beans                                                                                                                       ,           224.7, 3.989807157748437 ,  9.067654711355752,       45930.66,  24.063577136900626
2019, Cocoa beans                                                                                                                       ,           255.3, 4.676201355107714 , 11.032972340729101,       53832.43,  52.7271299513551
2020, Cocoa beans                                                                                                                       ,           265.3, 4.673185605713763 , 10.597684142419439,       51035.86,  56.78357201721454
2021, Cocoa beans                                                                                                                       ,           262.1, 4.50342180774749  ,  9.752263667206963,       50222.16, 122.47019279053086
2022, Cocoa beans                                                                                                                       ,           264.2, 4.8417415879183965, 11.416030339245731,       54823.04,  30.39448732668021
2023, Cocoa beans                                                                                                                       ,           275.2, 4.196803808525507 , 10.050079181186689,       48045.01,  99.49900506638716
2009, "Coconuts, in shell                                                                                                              ",          5711.4, 3.977649748513946 ,  9.869378184789209,       43495.6 ,   3.167083676268862
2010, "Coconuts, in shell                                                                                                              ",          5717.6, 4.824177380125087 , 10.094051337355248,       55535.93,  51.041490618485064
2011, "Coconuts, in shell                                                                                                              ",          4964.2, 4.105025191104934 ,  8.813380149209374,       47257.05,  15.314797602501738
2012, "Coconuts, in shell                                                                                                              ",          4941.5, 3.762024843641418 ,  8.157801210441407,       43308.43,   3.660174600416956
2013, "Coconuts, in shell                                                                                                              ",          5574.8, 4.44156532314107  ,  9.58267274963374 ,       51131.3 ,  39.3843372133426
2014, "Coconuts, in shell                                                                                                              ",          5607.3, 4.032843988881167 ,  9.888358522551   ,       46426.1 ,  20.912805767894373
2015, "Coconuts, in shell                                                                                                              ",          5367.3, 4.212624218207089 ,  9.924950150928971,       48495.73,  50.438757817929115
2016, "Coconuts, in shell                                                                                                              ",          5448.8, 4.10388637943016  ,  9.115403997500591,       47243.94,   0.24271282140375267
2017, "Coconuts, in shell                                                                                                              ",          5366.1, 4.472613794301599 , 10.191874789441343,       51488.73,  17.21720552466991
2018, "Coconuts, in shell                                                                                                              ",          7826.9, 3.989807157748437 ,  9.067654711355752,       45930.66,  24.063577136900626
2019, "Coconuts, in shell                                                                                                              ",          6825.7, 4.676201355107714 , 11.032972340729101,       53832.43,  52.7271299513551
2020, "Coconuts, in shell                                                                                                              ",          6445.5, 4.673185605713763 , 10.597684142419439,       51035.86,  56.78357201721454
2021, "Coconuts, in shell                                                                                                              ",          6503.4, 4.50342180774749  ,  9.752263667206963,       50222.16, 122.47019279053086
2022, "Coconuts, in shell                                                                                                              ",          6182.5, 4.8417415879183965, 11.416030339245731,       54823.04,  30.39448732668021
2023, "Coconuts, in shell                                                                                                              ",          6220.0, 4.196803808525507 , 10.050079181186689,       48045.01,  99.49900506638716
2009, "Coffee, green                                                                                                                   ",           748.4, 3.977649748513946 ,  9.869378184789209,       43495.6 ,   3.167083676268862
2010, "Coffee, green                                                                                                                   ",           814.6, 4.824177380125087 , 10.094051337355248,       55535.93,  51.041490618485064
2011, "Coffee, green                                                                                                                   ",           837.8, 4.105025191104934 ,  8.813380149209374,       47257.05,  15.314797602501738
2012, "Coffee, green                                                                                                                   ",           851.7, 3.762024843641418 ,  8.157801210441407,       43308.43,   3.660174600416956
2013, "Coffee, green                                                                                                                   ",           845.6, 4.44156532314107  ,  9.58267274963374 ,       51131.3 ,  39.3843372133426
2014, "Coffee, green                                                                                                                   ",           798.6, 4.032843988881167 ,  9.888358522551   ,       46426.1 ,  20.912805767894373
2015, "Coffee, green                                                                                                                   ",           772.6, 4.212624218207089 ,  9.924950150928971,       48495.73,  50.438757817929115
2016, "Coffee, green                                                                                                                   ",           801.0, 4.10388637943016  ,  9.115403997500591,       47243.94,   0.24271282140375267
2017, "Coffee, green                                                                                                                   ",           694.3, 4.472613794301599 , 10.191874789441343,       51488.73,  17.21720552466991
2018, "Coffee, green                                                                                                                   ",           765.1, 3.989807157748437 ,  9.067654711355752,       45930.66,  24.063577136900626
2019, "Coffee, green                                                                                                                   ",           766.7, 4.676201355107714 , 11.032972340729101,       53832.43,  52.7271299513551
2020, "Coffee, green                                                                                                                   ",           712.6, 4.673185605713763 , 10.597684142419439,       51035.86,  56.78357201721454
2021, "Coffee, green                                                                                                                   ",           789.7, 4.50342180774749  ,  9.752263667206963,       50222.16, 122.47019279053086
2022, "Coffee, green                                                                                                                   ",           774.2, 4.8417415879183965, 11.416030339245731,       54823.04,  30.39448732668021
2023, "Coffee, green                                                                                                                   ",           760.2, 4.196803808525507 , 10.050079181186689,       48045.01,  99.49900506638716
2009, Cucumbers and gherkins                                                                                                            ,          6425.8, 3.977649748513946 ,  9.869378184789209,       43495.6 ,   3.167083676268862
2010, Cucumbers and gherkins                                                                                                            ,          6405.2, 4.824177380125087 , 10.094051337355248,       55535.93,  51.041490618485064
2011, Cucumbers and gherkins                                                                                                            ,          6386.3, 4.105025191104934 ,  8.813380149209374,       47257.05,  15.314797602501738
2012, Cucumbers and gherkins                                                                                                            ,          6339.6, 3.762024843641418 ,  8.157801210441407,       43308.43,   3.660174600416956
2013, Cucumbers and gherkins                                                                                                            ,          6339.6, 4.44156532314107  ,  9.58267274963374 ,       51131.3 ,  39.3843372133426
2014, Cucumbers and gherkins                                                                                                            ,          6331.5, 4.032843988881167 ,  9.888358522551   ,       46426.1 ,  20.912805767894373
2015, Cucumbers and gherkins                                                                                                            ,          6325.8, 4.212624218207089 ,  9.924950150928971,       48495.73,  50.438757817929115
2016, Cucumbers and gherkins                                                                                                            ,          6332.2, 4.10388637943016  ,  9.115403997500591,       47243.94,   0.24271282140375267
2017, Cucumbers and gherkins                                                                                                            ,          6322.5, 4.472613794301599 , 10.191874789441343,       51488.73,  17.21720552466991
2018, Cucumbers and gherkins                                                                                                            ,          6303.6, 3.989807157748437 ,  9.067654711355752,       45930.66,  24.063577136900626
2019, Cucumbers and gherkins                                                                                                            ,          6281.1, 4.676201355107714 , 11.032972340729101,       53832.43,  52.7271299513551
2020, Cucumbers and gherkins                                                                                                            ,          6490.1, 4.673185605713763 , 10.597684142419439,       51035.86,  56.78357201721454
2021, Cucumbers and gherkins                                                                                                            ,          6357.9, 4.50342180774749  ,  9.752263667206963,       50222.16, 122.47019279053086
2022, Cucumbers and gherkins                                                                                                            ,          6375.9, 4.8417415879183965, 11.416030339245731,       54823.04,  30.39448732668021
2023, Cucumbers and gherkins                                                                                                            ,          6407.8, 4.196803808525507 , 10.050079181186689,       48045.01,  99.49900506638716
2009, Eggplants (aubergines)                                                                                                            ,         17287.4, 3.977649748513946 ,  9.869378184789209,       43495.6 ,   3.167083676268862
2010, Eggplants (aubergines)                                                                                                            ,         17248.5, 4.824177380125087 , 10.094051337355248,       55535.93,  51.041490618485064
2011, Eggplants (aubergines)                                                                                                            ,         17494.1, 4.105025191104934 ,  8.813380149209374,       47257.05,  15.314797602501738
2012, Eggplants (aubergines)                                                                                                            ,         18257.2, 3.762024843641418 ,  8.157801210441407,       43308.43,   3.660174600416956
2013, Eggplants (aubergines)                                                                                                            ,         18620.5, 4.44156532314107  ,  9.58267274963374 ,       51131.3 ,  39.3843372133426
2014, Eggplants (aubergines)                                                                                                            ,         19060.4, 4.032843988881167 ,  9.888358522551   ,       46426.1 ,  20.912805767894373
2015, Eggplants (aubergines)                                                                                                            ,         18705.8, 4.212624218207089 ,  9.924950150928971,       48495.73,  50.438757817929115
2016, Eggplants (aubergines)                                                                                                            ,         18876.3, 4.10388637943016  ,  9.115403997500591,       47243.94,   0.24271282140375267
2017, Eggplants (aubergines)                                                                                                            ,         17066.8, 4.472613794301599 , 10.191874789441343,       51488.73,  17.21720552466991
2018, Eggplants (aubergines)                                                                                                            ,         17535.6, 3.989807157748437 ,  9.067654711355752,       45930.66,  24.063577136900626
2019, Eggplants (aubergines)                                                                                                            ,         17441.5, 4.676201355107714 , 11.032972340729101,       53832.43,  52.7271299513551
2020, Eggplants (aubergines)                                                                                                            ,         17045.7, 4.673185605713763 , 10.597684142419439,       51035.86,  56.78357201721454
2021, Eggplants (aubergines)                                                                                                            ,         17188.3, 4.50342180774749  ,  9.752263667206963,       50222.16, 122.47019279053086
2022, Eggplants (aubergines)                                                                                                            ,         18911.1, 4.8417415879183965, 11.416030339245731,       54823.04,  30.39448732668021
2023, Eggplants (aubergines)                                                                                                            ,         18784.1, 4.196803808525507 , 10.050079181186689,       48045.01,  99.49900506638716
2009, Figs                                                                                                                              ,          2436.2, 3.977649748513946 ,  9.869378184789209,       43495.6 ,   3.167083676268862
2010, Figs                                                                                                                              ,          2456.7, 4.824177380125087 , 10.094051337355248,       55535.93,  51.041490618485064
2011, Figs                                                                                                                              ,          2477.2, 4.105025191104934 ,  8.813380149209374,       47257.05,  15.314797602501738
2012, Figs                                                                                                                              ,          2497.7, 3.762024843641418 ,  8.157801210441407,       43308.43,   3.660174600416956
2013, Figs                                                                                                                              ,          2518.2, 4.44156532314107  ,  9.58267274963374 ,       51131.3 ,  39.3843372133426
2014, Figs                                                                                                                              ,          2525.9, 4.032843988881167 ,  9.888358522551   ,       46426.1 ,  20.912805767894373
2015, Figs                                                                                                                              ,          2530.3, 4.212624218207089 ,  9.924950150928971,       48495.73,  50.438757817929115
2016, Figs                                                                                                                              ,          2540.7, 4.10388637943016  ,  9.115403997500591,       47243.94,   0.24271282140375267
2017, Figs                                                                                                                              ,          2552.3, 4.472613794301599 , 10.191874789441343,       51488.73,  17.21720552466991
2018, Figs                                                                                                                              ,          2560.8, 3.989807157748437 ,  9.067654711355752,       45930.66,  24.063577136900626
2019, Figs                                                                                                                              ,          2568.9, 4.676201355107714 , 11.032972340729101,       53832.43,  52.7271299513551
2020, Figs                                                                                                                              ,          2584.0, 4.673185605713763 , 10.597684142419439,       51035.86,  56.78357201721454
2021, Figs                                                                                                                              ,          2523.3, 4.50342180774749  ,  9.752263667206963,       50222.16, 122.47019279053086
2022, Figs                                                                                                                              ,          2516.7, 4.8417415879183965, 11.416030339245731,       54823.04,  30.39448732668021
2023, Figs                                                                                                                              ,          2507.8, 4.196803808525507 , 10.050079181186689,       48045.01,  99.49900506638716
2009, "Ginger, raw                                                                                                                     ",          3498.7, 3.977649748513946 ,  9.869378184789209,       43495.6 ,   3.167083676268862
2010, "Ginger, raw                                                                                                                     ",          3583.1, 4.824177380125087 , 10.094051337355248,       55535.93,  51.041490618485064
2011, "Ginger, raw                                                                                                                     ",          4708.2, 4.105025191104934 ,  8.813380149209374,       47257.05,  15.314797602501738
2012, "Ginger, raw                                                                                                                     ",          4877.4, 3.762024843641418 ,  8.157801210441407,       43308.43,   3.660174600416956
2013, "Ginger, raw                                                                                                                     ",          5022.1, 4.44156532314107  ,  9.58267274963374 ,       51131.3 ,  39.3843372133426
2014, "Ginger, raw                                                                                                                     ",          4924.8, 4.032843988881167 ,  9.888358522551   ,       46426.1 ,  20.912805767894373
2015, "Ginger, raw                                                                                                                     ",          5352.1, 4.212624218207089 ,  9.924950150928971,       48495.73,  50.438757817929115
2016, "Ginger, raw                                                                                                                     ",          6721.2, 4.10388637943016  ,  9.115403997500591,       47243.94,   0.24271282140375267
2017, "Ginger, raw                                                                                                                     ",          6369.0, 4.472613794301599 , 10.191874789441343,       51488.73,  17.21720552466991
2018, "Ginger, raw                                                                                                                     ",         10678.8, 3.989807157748437 ,  9.067654711355752,       45930.66,  24.063577136900626
2019, "Ginger, raw                                                                                                                     ",         10902.4, 4.676201355107714 , 11.032972340729101,       53832.43,  52.7271299513551
2020, "Ginger, raw                                                                                                                     ",         10494.4, 4.673185605713763 , 10.597684142419439,       51035.86,  56.78357201721454
2021, "Ginger, raw                                                                                                                     ",         10853.7, 4.50342180774749  ,  9.752263667206963,       50222.16, 122.47019279053086
2022, "Ginger, raw                                                                                                                     ",         11497.4, 4.8417415879183965, 11.416030339245731,       54823.04,  30.39448732668021
2023, "Ginger, raw                                                                                                                     ",         11523.6, 4.196803808525507 , 10.050079181186689,       48045.01,  99.49900506638716
2009, Grapes                                                                                                                            ,         23475.0, 3.977649748513946 ,  9.869378184789209,       43495.6 ,   3.167083676268862
2010, Grapes                                                                                                                            ,          8277.3, 4.824177380125087 , 10.094051337355248,       55535.93,  51.041490618485064
2011, Grapes                                                                                                                            ,         11126.1, 4.105025191104934 ,  8.813380149209374,       47257.05,  15.314797602501738
2012, Grapes                                                                                                                            ,         19146.6, 3.762024843641418 ,  8.157801210441407,       43308.43,   3.660174600416956
2013, Grapes                                                                                                                            ,         21042.4, 4.44156532314107  ,  9.58267274963374 ,       51131.3 ,  39.3843372133426
2014, Grapes                                                                                                                            ,         21773.1, 4.032843988881167 ,  9.888358522551   ,       46426.1 ,  20.912805767894373
2015, Grapes                                                                                                                            ,         21683.3, 4.212624218207089 ,  9.924950150928971,       48495.73,  50.438757817929115
2016, Grapes                                                                                                                            ,         21229.5, 4.10388637943016  ,  9.115403997500591,       47243.94,   0.24271282140375267
2017, Grapes                                                                                                                            ,         21328.5, 4.472613794301599 , 10.191874789441343,       51488.73,  17.21720552466991
2018, Grapes                                                                                                                            ,         21007.2, 3.989807157748437 ,  9.067654711355752,       45930.66,  24.063577136900626
2019, Grapes                                                                                                                            ,         21721.4, 4.676201355107714 , 11.032972340729101,       53832.43,  52.7271299513551
2020, Grapes                                                                                                                            ,         21206.7, 4.673185605713763 , 10.597684142419439,       51035.86,  56.78357201721454
2021, Grapes                                                                                                                            ,         21664.5, 4.50342180774749  ,  9.752263667206963,       50222.16, 122.47019279053086
2022, Grapes                                                                                                                            ,         20865.0, 4.8417415879183965, 11.416030339245731,       54823.04,  30.39448732668021
2023, Grapes                                                                                                                            ,         22130.2, 4.196803808525507 , 10.050079181186689,       48045.01,  99.49900506638716
2009, Green garlic                                                                                                                      ,          5000.3, 3.977649748513946 ,  9.869378184789209,       43495.6 ,   3.167083676268862
2010, Green garlic                                                                                                                      ,          5058.7, 4.824177380125087 , 10.094051337355248,       55535.93,  51.041490618485064
2011, Green garlic                                                                                                                      ,          5273.2, 4.105025191104934 ,  8.813380149209374,       47257.05,  15.314797602501738
2012, Green garlic                                                                                                                      ,          5074.4, 3.762024843641418 ,  8.157801210441407,       43308.43,   3.660174600416956
2013, Green garlic                                                                                                                      ,          5076.6, 4.44156532314107  ,  9.58267274963374 ,       51131.3 ,  39.3843372133426
2014, Green garlic                                                                                                                      ,          5419.9, 4.032843988881167 ,  9.888358522551   ,       46426.1 ,  20.912805767894373
2015, Green garlic                                                                                                                      ,          5438.9, 4.212624218207089 ,  9.924950150928971,       48495.73,  50.438757817929115
2016, Green garlic                                                                                                                      ,          5754.4, 4.10388637943016  ,  9.115403997500591,       47243.94,   0.24271282140375267
2017, Green garlic                                                                                                                      ,          5274.1, 4.472613794301599 , 10.191874789441343,       51488.73,  17.21720552466991
2018, Green garlic                                                                                                                      ,          5082.0, 3.989807157748437 ,  9.067654711355752,       45930.66,  24.063577136900626
2019, Green garlic                                                                                                                      ,          8128.5, 4.676201355107714 , 11.032972340729101,       53832.43,  52.7271299513551
2020, Green garlic                                                                                                                      ,          8309.7, 4.673185605713763 , 10.597684142419439,       51035.86,  56.78357201721454
2021, Green garlic                                                                                                                      ,          8137.8, 4.50342180774749  ,  9.752263667206963,       50222.16, 122.47019279053086
2022, Green garlic                                                                                                                      ,          8162.8, 4.8417415879183965, 11.416030339245731,       54823.04,  30.39448732668021
2023, Green garlic                                                                                                                      ,          7994.0, 4.196803808525507 , 10.050079181186689,       48045.01,  99.49900506638716
2009, "Groundnuts, excluding shelled                                                                                                   ",           991.1, 3.977649748513946 ,  9.869378184789209,       43495.6 ,   3.167083676268862
2010, "Groundnuts, excluding shelled                                                                                                   ",          1410.4, 4.824177380125087 , 10.094051337355248,       55535.93,  51.041490618485064
2011, "Groundnuts, excluding shelled                                                                                                   ",          1311.5, 4.105025191104934 ,  8.813380149209374,       47257.05,  15.314797602501738
2012, "Groundnuts, excluding shelled                                                                                                   ",           984.3, 3.762024843641418 ,  8.157801210441407,       43308.43,   3.660174600416956
2013, "Groundnuts, excluding shelled                                                                                                   ",          1720.6, 4.44156532314107  ,  9.58267274963374 ,       51131.3 ,  39.3843372133426
2014, "Groundnuts, excluding shelled                                                                                                   ",          1579.9, 4.032843988881167 ,  9.888358522551   ,       46426.1 ,  20.912805767894373
2015, "Groundnuts, excluding shelled                                                                                                   ",          1476.5, 4.212624218207089 ,  9.924950150928971,       48495.73,  50.438757817929115
2016, "Groundnuts, excluding shelled                                                                                                   ",          1405.3, 4.10388637943016  ,  9.115403997500591,       47243.94,   0.24271282140375267
2017, "Groundnuts, excluding shelled                                                                                                   ",          1397.8, 4.472613794301599 , 10.191874789441343,       51488.73,  17.21720552466991
2018, "Groundnuts, excluding shelled                                                                                                   ",          1893.0, 3.989807157748437 ,  9.067654711355752,       45930.66,  24.063577136900626
2019, "Groundnuts, excluding shelled                                                                                                   ",          1422.0, 4.676201355107714 , 11.032972340729101,       53832.43,  52.7271299513551
2020, "Groundnuts, excluding shelled                                                                                                   ",          2062.5, 4.673185605713763 , 10.597684142419439,       51035.86,  56.78357201721454
2021, "Groundnuts, excluding shelled                                                                                                   ",          1703.1, 4.50342180774749  ,  9.752263667206963,       50222.16, 122.47019279053086
2022, "Groundnuts, excluding shelled                                                                                                   ",          1776.6, 4.8417415879183965, 11.416030339245731,       54823.04,  30.39448732668021
2023, "Groundnuts, excluding shelled                                                                                                   ",          2075.5, 4.196803808525507 , 10.050079181186689,       48045.01,  99.49900506638716
2009, "Jute, raw or retted                                                                                                             ",          2492.0, 3.977649748513946 ,  9.869378184789209,       43495.6 ,   3.167083676268862
2010, "Jute, raw or retted                                                                                                             ",          2343.7, 4.824177380125087 , 10.094051337355248,       55535.93,  51.041490618485064
2011, "Jute, raw or retted                                                                                                             ",          2450.5, 4.105025191104934 ,  8.813380149209374,       47257.05,  15.314797602501738
2012, "Jute, raw or retted                                                                                                             ",          2390.0, 3.762024843641418 ,  8.157801210441407,       43308.43,   3.660174600416956
2013, "Jute, raw or retted                                                                                                             ",          2430.0, 4.44156532314107  ,  9.58267274963374 ,       51131.3 ,  39.3843372133426
2014, "Jute, raw or retted                                                                                                             ",          2655.9, 4.032843988881167 ,  9.888358522551   ,       46426.1 ,  20.912805767894373
2015, "Jute, raw or retted                                                                                                             ",          2314.6, 4.212624218207089 ,  9.924950150928971,       48495.73,  50.438757817929115
2016, "Jute, raw or retted                                                                                                             ",          2519.3, 4.10388637943016  ,  9.115403997500591,       47243.94,   0.24271282140375267
2017, "Jute, raw or retted                                                                                                             ",          2659.5, 4.472613794301599 , 10.191874789441343,       51488.73,  17.21720552466991
2018, "Jute, raw or retted                                                                                                             ",          2517.5, 3.989807157748437 ,  9.067654711355752,       45930.66,  24.063577136900626
2019, "Jute, raw or retted                                                                                                             ",          2569.5, 4.676201355107714 , 11.032972340729101,       53832.43,  52.7271299513551
2020, "Jute, raw or retted                                                                                                             ",          2706.6, 4.673185605713763 , 10.597684142419439,       51035.86,  56.78357201721454
2021, "Jute, raw or retted                                                                                                             ",          2591.5, 4.50342180774749  ,  9.752263667206963,       50222.16, 122.47019279053086
2022, "Jute, raw or retted                                                                                                             ",          2792.5, 4.8417415879183965, 11.416030339245731,       54823.04,  30.39448732668021
2023, "Jute, raw or retted                                                                                                             ",          2613.6, 4.196803808525507 , 10.050079181186689,       48045.01,  99.49900506638716
2009, "Kenaf, and other textile bast fibres, raw or retted                                                                             ",          1096.5, 3.977649748513946 ,  9.869378184789209,       43495.6 ,   3.167083676268862
2010, "Kenaf, and other textile bast fibres, raw or retted                                                                             ",          1223.0, 4.824177380125087 , 10.094051337355248,       55535.93,  51.041490618485064
2011, "Kenaf, and other textile bast fibres, raw or retted                                                                             ",          1271.4, 4.105025191104934 ,  8.813380149209374,       47257.05,  15.314797602501738
2012, "Kenaf, and other textile bast fibres, raw or retted                                                                             ",          1298.9, 3.762024843641418 ,  8.157801210441407,       43308.43,   3.660174600416956
2013, "Kenaf, and other textile bast fibres, raw or retted                                                                             ",          1080.0, 4.44156532314107  ,  9.58267274963374 ,       51131.3 ,  39.3843372133426
2014, "Kenaf, and other textile bast fibres, raw or retted                                                                             ",          1176.7, 4.032843988881167 ,  9.888358522551   ,       46426.1 ,  20.912805767894373
2015, "Kenaf, and other textile bast fibres, raw or retted                                                                             ",          1216.1, 4.212624218207089 ,  9.924950150928971,       48495.73,  50.438757817929115
2016, "Kenaf, and other textile bast fibres, raw or retted                                                                             ",          1152.7, 4.10388637943016  ,  9.115403997500591,       47243.94,   0.24271282140375267
2017, "Kenaf, and other textile bast fibres, raw or retted                                                                             ",          1180.7, 4.472613794301599 , 10.191874789441343,       51488.73,  17.21720552466991
2018, "Kenaf, and other textile bast fibres, raw or retted                                                                             ",          1182.1, 3.989807157748437 ,  9.067654711355752,       45930.66,  24.063577136900626
2019, "Kenaf, and other textile bast fibres, raw or retted                                                                             ",          1171.5, 4.676201355107714 , 11.032972340729101,       53832.43,  52.7271299513551
2020, "Kenaf, and other textile bast fibres, raw or retted                                                                             ",          1178.1, 4.673185605713763 , 10.597684142419439,       51035.86,  56.78357201721454
2021, "Kenaf, and other textile bast fibres, raw or retted                                                                             ",          1177.2, 4.50342180774749  ,  9.752263667206963,       50222.16, 122.47019279053086
2022, "Kenaf, and other textile bast fibres, raw or retted                                                                             ",          1175.6, 4.8417415879183965, 11.416030339245731,       54823.04,  30.39448732668021
2023, "Kenaf, and other textile bast fibres, raw or retted                                                                             ",          1176.9, 4.196803808525507 , 10.050079181186689,       48045.01,  99.49900506638716
2009, Lemons and limes                                                                                                                  ,          8136.5, 3.977649748513946 ,  9.869378184789209,       43495.6 ,   3.167083676268862
2010, Lemons and limes                                                                                                                  ,          8894.5, 4.824177380125087 , 10.094051337355248,       55535.93,  51.041490618485064
2011, Lemons and limes                                                                                                                  ,          9625.6, 4.105025191104934 ,  8.813380149209374,       47257.05,  15.314797602501738
2012, Lemons and limes                                                                                                                  ,          9709.8, 3.762024843641418 ,  8.157801210441407,       43308.43,   3.660174600416956
2013, Lemons and limes                                                                                                                  ,          9888.3, 4.44156532314107  ,  9.58267274963374 ,       51131.3 ,  39.3843372133426
2014, Lemons and limes                                                                                                                  ,          9898.5, 4.032843988881167 ,  9.888358522551   ,       46426.1 ,  20.912805767894373
2015, Lemons and limes                                                                                                                  ,         11007.5, 4.212624218207089 ,  9.924950150928971,       48495.73,  50.438757817929115
2016, Lemons and limes                                                                                                                  ,          9951.0, 4.10388637943016  ,  9.115403997500591,       47243.94,   0.24271282140375267
2017, Lemons and limes                                                                                                                  ,          9532.3, 4.472613794301599 , 10.191874789441343,       51488.73,  17.21720552466991
2018, Lemons and limes                                                                                                                  ,         11007.0, 3.989807157748437 ,  9.067654711355752,       45930.66,  24.063577136900626
2019, Lemons and limes                                                                                                                  ,         11416.4, 4.676201355107714 , 11.032972340729101,       53832.43,  52.7271299513551
2020, Lemons and limes                                                                                                                  ,         11450.3, 4.673185605713763 , 10.597684142419439,       51035.86,  56.78357201721454
2021, Lemons and limes                                                                                                                  ,         10850.2, 4.50342180774749  ,  9.752263667206963,       50222.16, 122.47019279053086
2022, Lemons and limes                                                                                                                  ,         12063.9, 4.8417415879183965, 11.416030339245731,       54823.04,  30.39448732668021
2023, Lemons and limes                                                                                                                  ,         12137.8, 4.196803808525507 , 10.050079181186689,       48045.01,  99.49900506638716
2009, "Lentils, dry                                                                                                                    ",           692.9, 3.977649748513946 ,  9.869378184789209,       43495.6 ,   3.167083676268862
2010, "Lentils, dry                                                                                                                    ",           697.3, 4.824177380125087 , 10.094051337355248,       55535.93,  51.041490618485064
2011, "Lentils, dry                                                                                                                    ",           590.8, 4.105025191104934 ,  8.813380149209374,       47257.05,  15.314797602501738
2012, "Lentils, dry                                                                                                                    ",           677.8, 3.762024843641418 ,  8.157801210441407,       43308.43,   3.660174600416956
2013, "Lentils, dry                                                                                                                    ",           796.9, 4.44156532314107  ,  9.58267274963374 ,       51131.3 ,  39.3843372133426
2014, "Lentils, dry                                                                                                                    ",           758.4, 4.032843988881167 ,  9.888358522551   ,       46426.1 ,  20.912805767894373
2015, "Lentils, dry                                                                                                                    ",           704.6, 4.212624218207089 ,  9.924950150928971,       48495.73,  50.438757817929115
2016, "Lentils, dry                                                                                                                    ",           764.9, 4.10388637943016  ,  9.115403997500591,       47243.94,   0.24271282140375267
2017, "Lentils, dry                                                                                                                    ",           837.6, 4.472613794301599 , 10.191874789441343,       51488.73,  17.21720552466991
2018, "Lentils, dry                                                                                                                    ",          1046.9, 3.989807157748437 ,  9.067654711355752,       45930.66,  24.063577136900626
2019, "Lentils, dry                                                                                                                    ",           901.0, 4.676201355107714 , 11.032972340729101,       53832.43,  52.7271299513551
2020, "Lentils, dry                                                                                                                    ",           846.7, 4.673185605713763 , 10.597684142419439,       51035.86,  56.78357201721454
2021, "Lentils, dry                                                                                                                    ",          1017.4, 4.50342180774749  ,  9.752263667206963,       50222.16, 122.47019279053086
2022, "Lentils, dry                                                                                                                    ",           898.7, 4.8417415879183965, 11.416030339245731,       54823.04,  30.39448732668021
2023, "Lentils, dry                                                                                                                    ",           952.3, 4.196803808525507 , 10.050079181186689,       48045.01,  99.49900506638716
2009, Lettuce and chicory                                                                                                               ,          6400.9, 3.977649748513946 ,  9.869378184789209,       43495.6 ,   3.167083676268862
2010, Lettuce and chicory                                                                                                               ,          6392.5, 4.824177380125087 , 10.094051337355248,       55535.93,  51.041490618485064
2011, Lettuce and chicory                                                                                                               ,          6385.2, 4.105025191104934 ,  8.813380149209374,       47257.05,  15.314797602501738
2012, Lettuce and chicory                                                                                                               ,          6323.5, 3.762024843641418 ,  8.157801210441407,       43308.43,   3.660174600416956
2013, Lettuce and chicory                                                                                                               ,          6352.9, 4.44156532314107  ,  9.58267274963374 ,       51131.3 ,  39.3843372133426
2014, Lettuce and chicory                                                                                                               ,          6350.8, 4.032843988881167 ,  9.888358522551   ,       46426.1 ,  20.912805767894373
2015, Lettuce and chicory                                                                                                               ,          6345.2, 4.212624218207089 ,  9.924950150928971,       48495.73,  50.438757817929115
2016, Lettuce and chicory                                                                                                               ,          6349.5, 4.10388637943016  ,  9.115403997500591,       47243.94,   0.24271282140375267
2017, Lettuce and chicory                                                                                                               ,          6334.8, 4.472613794301599 , 10.191874789441343,       51488.73,  17.21720552466991
2018, Lettuce and chicory                                                                                                               ,          6319.3, 3.989807157748437 ,  9.067654711355752,       45930.66,  24.063577136900626
2019, Lettuce and chicory                                                                                                               ,          6307.7, 4.676201355107714 , 11.032972340729101,       53832.43,  52.7271299513551
2020, Lettuce and chicory                                                                                                               ,          6548.0, 4.673185605713763 , 10.597684142419439,       51035.86,  56.78357201721454
2021, Lettuce and chicory                                                                                                               ,          6391.4, 4.50342180774749  ,  9.752263667206963,       50222.16, 122.47019279053086
2022, Lettuce and chicory                                                                                                               ,          6415.3, 4.8417415879183965, 11.416030339245731,       54823.04,  30.39448732668021
2023, Lettuce and chicory                                                                                                               ,          6451.4, 4.196803808525507 , 10.050079181186689,       48045.01,  99.49900506638716
2009, Linseed                                                                                                                           ,           414.8, 3.977649748513946 ,  9.869378184789209,       43495.6 ,   3.167083676268862
2010, Linseed                                                                                                                           ,           449.4, 4.824177380125087 , 10.094051337355248,       55535.93,  51.041490618485064
2011, Linseed                                                                                                                           ,           409.5, 4.105025191104934 ,  8.813380149209374,       47257.05,  15.314797602501738
2012, Linseed                                                                                                                           ,           470.6, 3.762024843641418 ,  8.157801210441407,       43308.43,   3.660174600416956
2013, Linseed                                                                                                                           ,           496.6, 4.44156532314107  ,  9.58267274963374 ,       51131.3 ,  39.3843372133426
2014, Linseed                                                                                                                           ,           483.6, 4.032843988881167 ,  9.888358522551   ,       46426.1 ,  20.912805767894373
2015, Linseed                                                                                                                           ,           543.9, 4.212624218207089 ,  9.924950150928971,       48495.73,  50.438757817929115
2016, Linseed                                                                                                                           ,           419.5, 4.10388637943016  ,  9.115403997500591,       47243.94,   0.24271282140375267
2017, Linseed                                                                                                                           ,           566.5, 4.472613794301599 , 10.191874789441343,       51488.73,  17.21720552466991
2018, Linseed                                                                                                                           ,           532.7, 3.989807157748437 ,  9.067654711355752,       45930.66,  24.063577136900626
2019, Linseed                                                                                                                           ,           573.6, 4.676201355107714 , 11.032972340729101,       53832.43,  52.7271299513551
2020, Linseed                                                                                                                           ,           670.8, 4.673185605713763 , 10.597684142419439,       51035.86,  56.78357201721454
2021, Linseed                                                                                                                           ,           636.8, 4.50342180774749  ,  9.752263667206963,       50222.16, 122.47019279053086
2022, Linseed                                                                                                                           ,           642.1, 4.8417415879183965, 11.416030339245731,       54823.04,  30.39448732668021
2023, Linseed                                                                                                                           ,           698.5, 4.196803808525507 , 10.050079181186689,       48045.01,  99.49900506638716
2009, Maize (corn)                                                                                                                      ,          2023.8, 3.977649748513946 ,  9.869378184789209,       43495.6 ,   3.167083676268862
2010, Maize (corn)                                                                                                                      ,          2540.1, 4.824177380125087 , 10.094051337355248,       55535.93,  51.041490618485064
2011, Maize (corn)                                                                                                                      ,          2478.4, 4.105025191104934 ,  8.813380149209374,       47257.05,  15.314797602501738
2012, Maize (corn)                                                                                                                      ,          2555.7, 3.762024843641418 ,  8.157801210441407,       43308.43,   3.660174600416956
2013, Maize (corn)                                                                                                                      ,          2572.6, 4.44156532314107  ,  9.58267274963374 ,       51131.3 ,  39.3843372133426
2014, Maize (corn)                                                                                                                      ,          2572.6, 4.032843988881167 ,  9.888358522551   ,       46426.1 ,  20.912805767894373
2015, Maize (corn)                                                                                                                      ,          2610.7, 4.212624218207089 ,  9.924950150928971,       48495.73,  50.438757817929115
2016, Maize (corn)                                                                                                                      ,          2597.2, 4.10388637943016  ,  9.115403997500591,       47243.94,   0.24271282140375267
2017, Maize (corn)                                                                                                                      ,          2688.6, 4.472613794301599 , 10.191874789441343,       51488.73,  17.21720552466991
2018, Maize (corn)                                                                                                                      ,          3065.3, 3.989807157748437 ,  9.067654711355752,       45930.66,  24.063577136900626
2019, Maize (corn)                                                                                                                      ,          3070.2, 4.676201355107714 , 11.032972340729101,       53832.43,  52.7271299513551
2020, Maize (corn)                                                                                                                      ,          3006.1, 4.673185605713763 , 10.597684142419439,       51035.86,  56.78357201721454
2021, Maize (corn)                                                                                                                      ,          3199.3, 4.50342180774749  ,  9.752263667206963,       50222.16, 122.47019279053086
2022, Maize (corn)                                                                                                                      ,          3387.2, 4.8417415879183965, 11.416030339245731,       54823.04,  30.39448732668021
2023, Maize (corn)                                                                                                                      ,          3544.9, 4.196803808525507 , 10.050079181186689,       48045.01,  99.49900506638716
2009, "Mangoes, guavas and mangosteens                                                                                                 ",          5521.9, 3.977649748513946 ,  9.869378184789209,       43495.6 ,   3.167083676268862
2010, "Mangoes, guavas and mangosteens                                                                                                 ",          6498.6, 4.824177380125087 , 10.094051337355248,       55535.93,  51.041490618485064
2011, "Mangoes, guavas and mangosteens                                                                                                 ",          6612.1, 4.105025191104934 ,  8.813380149209374,       47257.05,  15.314797602501738
2012, "Mangoes, guavas and mangosteens                                                                                                 ",          6810.8, 3.762024843641418 ,  8.157801210441407,       43308.43,   3.660174600416956
2013, "Mangoes, guavas and mangosteens                                                                                                 ",          7200.8, 4.44156532314107  ,  9.58267274963374 ,       51131.3 ,  39.3843372133426
2014, "Mangoes, guavas and mangosteens                                                                                                 ",          7325.7, 4.032843988881167 ,  9.888358522551   ,       46426.1 ,  20.912805767894373
2015, "Mangoes, guavas and mangosteens                                                                                                 ",          8565.4, 4.212624218207089 ,  9.924950150928971,       48495.73,  50.438757817929115
2016, "Mangoes, guavas and mangosteens                                                                                                 ",          8439.6, 4.10388637943016  ,  9.115403997500591,       47243.94,   0.24271282140375267
2017, "Mangoes, guavas and mangosteens                                                                                                 ",          9438.5, 4.472613794301599 , 10.191874789441343,       51488.73,  17.21720552466991
2018, "Mangoes, guavas and mangosteens                                                                                                 ",          9879.7, 3.989807157748437 ,  9.067654711355752,       45930.66,  24.063577136900626
2019, "Mangoes, guavas and mangosteens                                                                                                 ",          9965.4, 4.676201355107714 , 11.032972340729101,       53832.43,  52.7271299513551
2020, "Mangoes, guavas and mangosteens                                                                                                 ",          9542.9, 4.673185605713763 , 10.597684142419439,       51035.86,  56.78357201721454
2021, "Mangoes, guavas and mangosteens                                                                                                 ",          9511.6, 4.50342180774749  ,  9.752263667206963,       50222.16, 122.47019279053086
2022, "Mangoes, guavas and mangosteens                                                                                                 ",          9726.0, 4.8417415879183965, 11.416030339245731,       54823.04,  30.39448732668021
2023, "Mangoes, guavas and mangosteens                                                                                                 ",          9724.2, 4.196803808525507 , 10.050079181186689,       48045.01,  99.49900506638716
2009, Millet                                                                                                                            ,           797.7, 3.977649748513946 ,  9.869378184789209,       43495.6 ,   3.167083676268862
2010, Millet                                                                                                                            ,          1127.3, 4.824177380125087 , 10.094051337355248,       55535.93,  51.041490618485064
2011, Millet                                                                                                                            ,          1185.4, 4.105025191104934 ,  8.813380149209374,       47257.05,  15.314797602501738
2012, Millet                                                                                                                            ,           999.8, 3.762024843641418 ,  8.157801210441407,       43308.43,   3.660174600416956
2013, Millet                                                                                                                            ,          1188.6, 4.44156532314107  ,  9.58267274963374 ,       51131.3 ,  39.3843372133426
2014, Millet                                                                                                                            ,          1178.9, 4.032843988881167 ,  9.888358522551   ,       46426.1 ,  20.912805767894373
2015, Millet                                                                                                                            ,          1275.8, 4.212624218207089 ,  9.924950150928971,       48495.73,  50.438757817929115
2016, Millet                                                                                                                            ,          1162.9, 4.10388637943016  ,  9.115403997500591,       47243.94,   0.24271282140375267
2017, Millet                                                                                                                            ,          1270.9, 4.472613794301599 , 10.191874789441343,       51488.73,  17.21720552466991
2018, Millet                                                                                                                            ,          1261.6, 3.989807157748437 ,  9.067654711355752,       45930.66,  24.063577136900626
2019, Millet                                                                                                                            ,          1211.4, 4.676201355107714 , 11.032972340729101,       53832.43,  52.7271299513551
2020, Millet                                                                                                                            ,          1386.8, 4.673185605713763 , 10.597684142419439,       51035.86,  56.78357201721454
2021, Millet                                                                                                                            ,          1427.1, 4.50342180774749  ,  9.752263667206963,       50222.16, 122.47019279053086
2022, Millet                                                                                                                            ,          1396.0, 4.8417415879183965, 11.416030339245731,       54823.04,  30.39448732668021
2023, Millet                                                                                                                            ,          1474.0, 4.196803808525507 , 10.050079181186689,       48045.01,  99.49900506638716
2009, Natural rubber in primary forms                                                                                                   ,          1776.5, 3.977649748513946 ,  9.869378184789209,       43495.6 ,   3.167083676268862
2010, Natural rubber in primary forms                                                                                                   ,          1807.1, 4.824177380125087 , 10.094051337355248,       55535.93,  51.041490618485064
2011, Natural rubber in primary forms                                                                                                   ,          1818.2, 4.105025191104934 ,  8.813380149209374,       47257.05,  15.314797602501738
2012, Natural rubber in primary forms                                                                                                   ,          2036.2, 3.762024843641418 ,  8.157801210441407,       43308.43,   3.660174600416956
2013, Natural rubber in primary forms                                                                                                   ,          2000.0, 4.44156532314107  ,  9.58267274963374 ,       51131.3 ,  39.3843372133426
2014, Natural rubber in primary forms                                                                                                   ,          2065.9, 4.032843988881167 ,  9.888358522551   ,       46426.1 ,  20.912805767894373
2015, Natural rubber in primary forms                                                                                                   ,          2071.3, 4.212624218207089 ,  9.924950150928971,       48495.73,  50.438757817929115
2016, Natural rubber in primary forms                                                                                                   ,          2078.2, 4.10388637943016  ,  9.115403997500591,       47243.94,   0.24271282140375267
2017, Natural rubber in primary forms                                                                                                   ,          2091.9, 4.472613794301599 , 10.191874789441343,       51488.73,  17.21720552466991
2018, Natural rubber in primary forms                                                                                                   ,          2112.7, 3.989807157748437 ,  9.067654711355752,       45930.66,  24.063577136900626
2019, Natural rubber in primary forms                                                                                                   ,          2140.7, 4.676201355107714 , 11.032972340729101,       53832.43,  52.7271299513551
2020, Natural rubber in primary forms                                                                                                   ,          2199.6, 4.673185605713763 , 10.597684142419439,       51035.86,  56.78357201721454
2021, Natural rubber in primary forms                                                                                                   ,          2211.7, 4.50342180774749  ,  9.752263667206963,       50222.16, 122.47019279053086
2022, Natural rubber in primary forms                                                                                                   ,          2238.4, 4.8417415879183965, 11.416030339245731,       54823.04,  30.39448732668021
2023, Natural rubber in primary forms                                                                                                   ,          2265.1, 4.196803808525507 , 10.050079181186689,       48045.01,  99.49900506638716
2009, "Nutmeg, mace, cardamoms, raw                                                                                                    ",           174.3, 3.977649748513946 ,  9.869378184789209,       43495.6 ,   3.167083676268862
2010, "Nutmeg, mace, cardamoms, raw                                                                                                    ",           181.1, 4.824177380125087 , 10.094051337355248,       55535.93,  51.041490618485064
2011, "Nutmeg, mace, cardamoms, raw                                                                                                    ",           177.7, 4.105025191104934 ,  8.813380149209374,       47257.05,  15.314797602501738
2012, "Nutmeg, mace, cardamoms, raw                                                                                                    ",           196.4, 3.762024843641418 ,  8.157801210441407,       43308.43,   3.660174600416956
2013, "Nutmeg, mace, cardamoms, raw                                                                                                    ",           172.7, 4.44156532314107  ,  9.58267274963374 ,       51131.3 ,  39.3843372133426
2014, "Nutmeg, mace, cardamoms, raw                                                                                                    ",           225.8, 4.032843988881167 ,  9.888358522551   ,       46426.1 ,  20.912805767894373
2015, "Nutmeg, mace, cardamoms, raw                                                                                                    ",           239.1, 4.212624218207089 ,  9.924950150928971,       48495.73,  50.438757817929115
2016, "Nutmeg, mace, cardamoms, raw                                                                                                    ",           355.1, 4.10388637943016  ,  9.115403997500591,       47243.94,   0.24271282140375267
2017, "Nutmeg, mace, cardamoms, raw                                                                                                    ",           398.1, 4.472613794301599 , 10.191874789441343,       51488.73,  17.21720552466991
2018, "Nutmeg, mace, cardamoms, raw                                                                                                    ",           398.1, 3.989807157748437 ,  9.067654711355752,       45930.66,  24.063577136900626
2019, "Nutmeg, mace, cardamoms, raw                                                                                                    ",           361.9, 4.676201355107714 , 11.032972340729101,       53832.43,  52.7271299513551
2020, "Nutmeg, mace, cardamoms, raw                                                                                                    ",           339.4, 4.673185605713763 , 10.597684142419439,       51035.86,  56.78357201721454
2021, "Nutmeg, mace, cardamoms, raw                                                                                                    ",           458.7, 4.50342180774749  ,  9.752263667206963,       50222.16, 122.47019279053086
2022, "Nutmeg, mace, cardamoms, raw                                                                                                    ",           504.6, 4.8417415879183965, 11.416030339245731,       54823.04,  30.39448732668021
2023, "Nutmeg, mace, cardamoms, raw                                                                                                    ",           486.5, 4.196803808525507 , 10.050079181186689,       48045.01,  99.49900506638716
2009, Okra                                                                                                                              ,         10481.5, 3.977649748513946 ,  9.869378184789209,       43495.6 ,   3.167083676268862
2010, Okra                                                                                                                              ,         10626.1, 4.824177380125087 , 10.094051337355248,       55535.93,  51.041490618485064
2011, Okra                                                                                                                              ,         11614.5, 4.105025191104934 ,  8.813380149209374,       47257.05,  15.314797602501738
2012, Okra                                                                                                                              ,         12083.0, 3.762024843641418 ,  8.157801210441407,       43308.43,   3.660174600416956
2013, Okra                                                                                                                              ,         11963.3, 4.44156532314107  ,  9.58267274963374 ,       51131.3 ,  39.3843372133426
2014, Okra                                                                                                                              ,         11914.5, 4.032843988881167 ,  9.888358522551   ,       46426.1 ,  20.912805767894373
2015, Okra                                                                                                                              ,         11327.4, 4.212624218207089 ,  9.924950150928971,       48495.73,  50.438757817929115
2016, Okra                                                                                                                              ,         11446.2, 4.10388637943016  ,  9.115403997500591,       47243.94,   0.24271282140375267
2017, Okra                                                                                                                              ,         11840.2, 4.472613794301599 , 10.191874789441343,       51488.73,  17.21720552466991
2018, Okra                                                                                                                              ,         11974.5, 3.989807157748437 ,  9.067654711355752,       45930.66,  24.063577136900626
2019, Okra                                                                                                                              ,         12039.0, 4.676201355107714 , 11.032972340729101,       53832.43,  52.7271299513551
2020, Okra                                                                                                                              ,         12197.7, 4.673185605713763 , 10.597684142419439,       51035.86,  56.78357201721454
2021, Okra                                                                                                                              ,         12177.0, 4.50342180774749  ,  9.752263667206963,       50222.16, 122.47019279053086
2022, Okra                                                                                                                              ,         12496.4, 4.8417415879183965, 11.416030339245731,       54823.04,  30.39448732668021
2023, Okra                                                                                                                              ,         13038.3, 4.196803808525507 , 10.050079181186689,       48045.01,  99.49900506638716
2009, "Onions and shallots, dry (excluding dehydrated)                                                                                 ",         16078.8, 3.977649748513946 ,  9.869378184789209,       43495.6 ,   3.167083676268862
2010, "Onions and shallots, dry (excluding dehydrated)                                                                                 ",         14208.6, 4.824177380125087 , 10.094051337355248,       55535.93,  51.041490618485064
2011, "Onions and shallots, dry (excluding dehydrated)                                                                                 ",         16106.2, 4.105025191104934 ,  8.813380149209374,       47257.05,  15.314797602501738
2012, "Onions and shallots, dry (excluding dehydrated)                                                                                 ",         15981.9, 3.762024843641418 ,  8.157801210441407,       43308.43,   3.660174600416956
2013, "Onions and shallots, dry (excluding dehydrated)                                                                                 ",         15857.8, 4.44156532314107  ,  9.58267274963374 ,       51131.3 ,  39.3843372133426
2014, "Onions and shallots, dry (excluding dehydrated)                                                                                 ",         16120.1, 4.032843988881167 ,  9.888358522551   ,       46426.1 ,  20.912805767894373
2015, "Onions and shallots, dry (excluding dehydrated)                                                                                 ",         16135.5, 4.212624218207089 ,  9.924950150928971,       48495.73,  50.438757817929115
2016, "Onions and shallots, dry (excluding dehydrated)                                                                                 ",         15856.8, 4.10388637943016  ,  9.115403997500591,       47243.94,   0.24271282140375267
2017, "Onions and shallots, dry (excluding dehydrated)                                                                                 ",         17172.3, 4.472613794301599 , 10.191874789441343,       51488.73,  17.21720552466991
2018, "Onions and shallots, dry (excluding dehydrated)                                                                                 ",         18102.7, 3.989807157748437 ,  9.067654711355752,       45930.66,  24.063577136900626
2019, "Onions and shallots, dry (excluding dehydrated)                                                                                 ",         18704.1, 4.676201355107714 , 11.032972340729101,       53832.43,  52.7271299513551
2020, "Onions and shallots, dry (excluding dehydrated)                                                                                 ",         18232.7, 4.673185605713763 , 10.597684142419439,       51035.86,  56.78357201721454
2021, "Onions and shallots, dry (excluding dehydrated)                                                                                 ",         16404.6, 4.50342180774749  ,  9.752263667206963,       50222.16, 122.47019279053086
2022, "Onions and shallots, dry (excluding dehydrated)                                                                                 ",         16325.1, 4.8417415879183965, 11.416030339245731,       54823.04,  30.39448732668021
2023, "Onions and shallots, dry (excluding dehydrated)                                                                                 ",         17360.9, 4.196803808525507 , 10.050079181186689,       48045.01,  99.49900506638716
2009, Oranges                                                                                                                           ,          9233.2, 3.977649748513946 ,  9.869378184789209,       43495.6 ,   3.167083676268862
2010, Oranges                                                                                                                           ,          9451.0, 4.824177380125087 , 10.094051337355248,       55535.93,  51.041490618485064
2011, Oranges                                                                                                                           ,          8382.2, 4.105025191104934 ,  8.813380149209374,       47257.05,  15.314797602501738
2012, Oranges                                                                                                                           ,          7604.9, 3.762024843641418 ,  8.157801210441407,       43308.43,   3.660174600416956
2013, Oranges                                                                                                                           ,         10897.8, 4.44156532314107  ,  9.58267274963374 ,       51131.3 ,  39.3843372133426
2014, Oranges                                                                                                                           ,         11600.0, 4.032843988881167 ,  9.888358522551   ,       46426.1 ,  20.912805767894373
2015, Oranges                                                                                                                           ,         15378.2, 4.212624218207089 ,  9.924950150928971,       48495.73,  50.438757817929115
2016, Oranges                                                                                                                           ,         14213.1, 4.10388637943016  ,  9.115403997500591,       47243.94,   0.24271282140375267
2017, Oranges                                                                                                                           ,         16801.0, 4.472613794301599 , 10.191874789441343,       51488.73,  17.21720552466991
2018, Oranges                                                                                                                           ,         17654.1, 3.989807157748437 ,  9.067654711355752,       45930.66,  24.063577136900626
2019, Oranges                                                                                                                           ,         16801.0, 4.676201355107714 , 11.032972340729101,       53832.43,  52.7271299513551
2020, Oranges                                                                                                                           ,         17654.1, 4.673185605713763 , 10.597684142419439,       51035.86,  56.78357201721454
2021, Oranges                                                                                                                           ,         17465.2, 4.50342180774749  ,  9.752263667206963,       50222.16, 122.47019279053086
2022, Oranges                                                                                                                           ,         17083.3, 4.8417415879183965, 11.416030339245731,       54823.04,  30.39448732668021
2023, Oranges                                                                                                                           ,         17000.0, 4.196803808525507 , 10.050079181186689,       48045.01,  99.49900506638716
2009, "Other beans, green                                                                                                              ",          2792.7, 3.977649748513946 ,  9.869378184789209,       43495.6 ,   3.167083676268862
2010, "Other beans, green                                                                                                              ",          2795.6, 4.824177380125087 , 10.094051337355248,       55535.93,  51.041490618485064
2011, "Other beans, green                                                                                                              ",          2798.3, 4.105025191104934 ,  8.813380149209374,       47257.05,  15.314797602501738
2012, "Other beans, green                                                                                                              ",          2818.2, 3.762024843641418 ,  8.157801210441407,       43308.43,   3.660174600416956
2013, "Other beans, green                                                                                                              ",          2818.2, 4.44156532314107  ,  9.58267274963374 ,       51131.3 ,  39.3843372133426
2014, "Other beans, green                                                                                                              ",          2818.8, 4.032843988881167 ,  9.888358522551   ,       46426.1 ,  20.912805767894373
2015, "Other beans, green                                                                                                              ",          2826.1, 4.212624218207089 ,  9.924950150928971,       48495.73,  50.438757817929115
2016, "Other beans, green                                                                                                              ",          2821.1, 4.10388637943016  ,  9.115403997500591,       47243.94,   0.24271282140375267
2017, "Other beans, green                                                                                                              ",          2826.6, 4.472613794301599 , 10.191874789441343,       51488.73,  17.21720552466991
2018, "Other beans, green                                                                                                              ",          2831.9, 3.989807157748437 ,  9.067654711355752,       45930.66,  24.063577136900626
2019, "Other beans, green                                                                                                              ",          2835.5, 4.676201355107714 , 11.032972340729101,       53832.43,  52.7271299513551
2020, "Other beans, green                                                                                                              ",          2841.2, 4.673185605713763 , 10.597684142419439,       51035.86,  56.78357201721454
2021, "Other beans, green                                                                                                              ",          2836.3, 4.50342180774749  ,  9.752263667206963,       50222.16, 122.47019279053086
2022, "Other beans, green                                                                                                              ",          2837.7, 4.8417415879183965, 11.416030339245731,       54823.04,  30.39448732668021
2023, "Other beans, green                                                                                                              ",          2838.4, 4.196803808525507 , 10.050079181186689,       48045.01,  99.49900506638716
2009, Other berries and fruits of the genus vaccinium n.e.c.                                                                            ,          6573.4, 3.977649748513946 ,  9.869378184789209,       43495.6 ,   3.167083676268862
2010, Other berries and fruits of the genus vaccinium n.e.c.                                                                            ,          6686.6, 4.824177380125087 , 10.094051337355248,       55535.93,  51.041490618485064
2011, Other berries and fruits of the genus vaccinium n.e.c.                                                                            ,          6800.0, 4.105025191104934 ,  8.813380149209374,       47257.05,  15.314797602501738
2012, Other berries and fruits of the genus vaccinium n.e.c.                                                                            ,          6816.2, 3.762024843641418 ,  8.157801210441407,       43308.43,   3.660174600416956
2013, Other berries and fruits of the genus vaccinium n.e.c.                                                                            ,          7008.7, 4.44156532314107  ,  9.58267274963374 ,       51131.3 ,  39.3843372133426
2014, Other berries and fruits of the genus vaccinium n.e.c.                                                                            ,          7098.1, 4.032843988881167 ,  9.888358522551   ,       46426.1 ,  20.912805767894373
2015, Other berries and fruits of the genus vaccinium n.e.c.                                                                            ,          7192.4, 4.212624218207089 ,  9.924950150928971,       48495.73,  50.438757817929115
2016, Other berries and fruits of the genus vaccinium n.e.c.                                                                            ,          6863.6, 4.10388637943016  ,  9.115403997500591,       47243.94,   0.24271282140375267
2017, Other berries and fruits of the genus vaccinium n.e.c.                                                                            ,          7057.0, 4.472613794301599 , 10.191874789441343,       51488.73,  17.21720552466991
2018, Other berries and fruits of the genus vaccinium n.e.c.                                                                            ,          7175.4, 3.989807157748437 ,  9.067654711355752,       45930.66,  24.063577136900626
2019, Other berries and fruits of the genus vaccinium n.e.c.                                                                            ,          6844.4, 4.676201355107714 , 11.032972340729101,       53832.43,  52.7271299513551
2020, Other berries and fruits of the genus vaccinium n.e.c.                                                                            ,          6857.1, 4.673185605713763 , 10.597684142419439,       51035.86,  56.78357201721454
2021, Other berries and fruits of the genus vaccinium n.e.c.                                                                            ,          6957.5, 4.50342180774749  ,  9.752263667206963,       50222.16, 122.47019279053086
2022, Other berries and fruits of the genus vaccinium n.e.c.                                                                            ,          6886.2, 4.8417415879183965, 11.416030339245731,       54823.04,  30.39448732668021
2023, Other berries and fruits of the genus vaccinium n.e.c.                                                                            ,          6900.1, 4.196803808525507 , 10.050079181186689,       48045.01,  99.49900506638716
2009, "Other citrus fruit, n.e.c.                                                                                                      ",         12508.9, 3.977649748513946 ,  9.869378184789209,       43495.6 ,   3.167083676268862
2010, "Other citrus fruit, n.e.c.                                                                                                      ",         12409.5, 4.824177380125087 , 10.094051337355248,       55535.93,  51.041490618485064
2011, "Other citrus fruit, n.e.c.                                                                                                      ",         12531.9, 4.105025191104934 ,  8.813380149209374,       47257.05,  15.314797602501738
2012, "Other citrus fruit, n.e.c.                                                                                                      ",         12558.4, 3.762024843641418 ,  8.157801210441407,       43308.43,   3.660174600416956
2013, "Other citrus fruit, n.e.c.                                                                                                      ",         12573.5, 4.44156532314107  ,  9.58267274963374 ,       51131.3 ,  39.3843372133426
2014, "Other citrus fruit, n.e.c.                                                                                                      ",         13078.9, 4.032843988881167 ,  9.888358522551   ,       46426.1 ,  20.912805767894373
2015, "Other citrus fruit, n.e.c.                                                                                                      ",         13025.0, 4.212624218207089 ,  9.924950150928971,       48495.73,  50.438757817929115
2016, "Other citrus fruit, n.e.c.                                                                                                      ",         11839.5, 4.10388637943016  ,  9.115403997500591,       47243.94,   0.24271282140375267
2017, "Other citrus fruit, n.e.c.                                                                                                      ",         10352.9, 4.472613794301599 , 10.191874789441343,       51488.73,  17.21720552466991
2018, "Other citrus fruit, n.e.c.                                                                                                      ",         10000.0, 3.989807157748437 ,  9.067654711355752,       45930.66,  24.063577136900626
2019, "Other citrus fruit, n.e.c.                                                                                                      ",          9125.0, 4.676201355107714 , 11.032972340729101,       53832.43,  52.7271299513551
2020, "Other citrus fruit, n.e.c.                                                                                                      ",          6089.6, 4.673185605713763 , 10.597684142419439,       51035.86,  56.78357201721454
2021, "Other citrus fruit, n.e.c.                                                                                                      ",          6350.6, 4.50342180774749  ,  9.752263667206963,       50222.16, 122.47019279053086
2022, "Other citrus fruit, n.e.c.                                                                                                      ",          7592.2, 4.8417415879183965, 11.416030339245731,       54823.04,  30.39448732668021
2023, "Other citrus fruit, n.e.c.                                                                                                      ",          7350.5, 4.196803808525507 , 10.050079181186689,       48045.01,  99.49900506638716
2009, "Other fruits, n.e.c.                                                                                                            ",          6679.6, 3.977649748513946 ,  9.869378184789209,       43495.6 ,   3.167083676268862
2010, "Other fruits, n.e.c.                                                                                                            ",          6516.7, 4.824177380125087 , 10.094051337355248,       55535.93,  51.041490618485064
2011, "Other fruits, n.e.c.                                                                                                            ",          5994.5, 4.105025191104934 ,  8.813380149209374,       47257.05,  15.314797602501738
2012, "Other fruits, n.e.c.                                                                                                            ",          5946.5, 3.762024843641418 ,  8.157801210441407,       43308.43,   3.660174600416956
2013, "Other fruits, n.e.c.                                                                                                            ",          6644.1, 4.44156532314107  ,  9.58267274963374 ,       51131.3 ,  39.3843372133426
2014, "Other fruits, n.e.c.                                                                                                            ",          6652.3, 4.032843988881167 ,  9.888358522551   ,       46426.1 ,  20.912805767894373
2015, "Other fruits, n.e.c.                                                                                                            ",          7525.1, 4.212624218207089 ,  9.924950150928971,       48495.73,  50.438757817929115
2016, "Other fruits, n.e.c.                                                                                                            ",          8065.8, 4.10388637943016  ,  9.115403997500591,       47243.94,   0.24271282140375267
2017, "Other fruits, n.e.c.                                                                                                            ",          9490.1, 4.472613794301599 , 10.191874789441343,       51488.73,  17.21720552466991
2018, "Other fruits, n.e.c.                                                                                                            ",          9087.4, 3.989807157748437 ,  9.067654711355752,       45930.66,  24.063577136900626
2019, "Other fruits, n.e.c.                                                                                                            ",          9106.7, 4.676201355107714 , 11.032972340729101,       53832.43,  52.7271299513551
2020, "Other fruits, n.e.c.                                                                                                            ",          8438.6, 4.673185605713763 , 10.597684142419439,       51035.86,  56.78357201721454
2021, "Other fruits, n.e.c.                                                                                                            ",          8289.7, 4.50342180774749  ,  9.752263667206963,       50222.16, 122.47019279053086
2022, "Other fruits, n.e.c.                                                                                                            ",          8567.1, 4.8417415879183965, 11.416030339245731,       54823.04,  30.39448732668021
2023, "Other fruits, n.e.c.                                                                                                            ",          8655.7, 4.196803808525507 , 10.050079181186689,       48045.01,  99.49900506638716
2009, "Other oil seeds, n.e.c.                                                                                                         ",           266.3, 3.977649748513946 ,  9.869378184789209,       43495.6 ,   3.167083676268862
2010, "Other oil seeds, n.e.c.                                                                                                         ",           277.8, 4.824177380125087 , 10.094051337355248,       55535.93,  51.041490618485064
2011, "Other oil seeds, n.e.c.                                                                                                         ",           316.1, 4.105025191104934 ,  8.813380149209374,       47257.05,  15.314797602501738
2012, "Other oil seeds, n.e.c.                                                                                                         ",           323.8, 3.762024843641418 ,  8.157801210441407,       43308.43,   3.660174600416956
2013, "Other oil seeds, n.e.c.                                                                                                         ",           328.0, 4.44156532314107  ,  9.58267274963374 ,       51131.3 ,  39.3843372133426
2014, "Other oil seeds, n.e.c.                                                                                                         ",           324.8, 4.032843988881167 ,  9.888358522551   ,       46426.1 ,  20.912805767894373
2015, "Other oil seeds, n.e.c.                                                                                                         ",           293.7, 4.212624218207089 ,  9.924950150928971,       48495.73,  50.438757817929115
2016, "Other oil seeds, n.e.c.                                                                                                         ",           302.3, 4.10388637943016  ,  9.115403997500591,       47243.94,   0.24271282140375267
2017, "Other oil seeds, n.e.c.                                                                                                         ",           309.2, 4.472613794301599 , 10.191874789441343,       51488.73,  17.21720552466991
2018, "Other oil seeds, n.e.c.                                                                                                         ",           310.8, 3.989807157748437 ,  9.067654711355752,       45930.66,  24.063577136900626
2019, "Other oil seeds, n.e.c.                                                                                                         ",           311.4, 4.676201355107714 , 11.032972340729101,       53832.43,  52.7271299513551
2020, "Other oil seeds, n.e.c.                                                                                                         ",           311.7, 4.673185605713763 , 10.597684142419439,       51035.86,  56.78357201721454
2021, "Other oil seeds, n.e.c.                                                                                                         ",           312.4, 4.50342180774749  ,  9.752263667206963,       50222.16, 122.47019279053086
2022, "Other oil seeds, n.e.c.                                                                                                         ",           313.1, 4.8417415879183965, 11.416030339245731,       54823.04,  30.39448732668021
2023, "Other oil seeds, n.e.c.                                                                                                         ",           313.8, 4.196803808525507 , 10.050079181186689,       48045.01,  99.49900506638716
2009, Other pulses n.e.c.                                                                                                               ,           432.1, 3.977649748513946 ,  9.869378184789209,       43495.6 ,   3.167083676268862
2010, Other pulses n.e.c.                                                                                                               ,           424.2, 4.824177380125087 , 10.094051337355248,       55535.93,  51.041490618485064
2011, Other pulses n.e.c.                                                                                                               ,           411.8, 4.105025191104934 ,  8.813380149209374,       47257.05,  15.314797602501738
2012, Other pulses n.e.c.                                                                                                               ,           436.4, 3.762024843641418 ,  8.157801210441407,       43308.43,   3.660174600416956
2013, Other pulses n.e.c.                                                                                                               ,           496.4, 4.44156532314107  ,  9.58267274963374 ,       51131.3 ,  39.3843372133426
2014, Other pulses n.e.c.                                                                                                               ,           513.3, 4.032843988881167 ,  9.888358522551   ,       46426.1 ,  20.912805767894373
2015, Other pulses n.e.c.                                                                                                               ,           459.5, 4.212624218207089 ,  9.924950150928971,       48495.73,  50.438757817929115
2016, Other pulses n.e.c.                                                                                                               ,           444.3, 4.10388637943016  ,  9.115403997500591,       47243.94,   0.24271282140375267
2017, Other pulses n.e.c.                                                                                                               ,           440.3, 4.472613794301599 , 10.191874789441343,       51488.73,  17.21720552466991
2018, Other pulses n.e.c.                                                                                                               ,           438.5, 3.989807157748437 ,  9.067654711355752,       45930.66,  24.063577136900626
2019, Other pulses n.e.c.                                                                                                               ,           439.4, 4.676201355107714 , 11.032972340729101,       53832.43,  52.7271299513551
2020, Other pulses n.e.c.                                                                                                               ,           437.6, 4.673185605713763 , 10.597684142419439,       51035.86,  56.78357201721454
2021, Other pulses n.e.c.                                                                                                               ,           438.5, 4.50342180774749  ,  9.752263667206963,       50222.16, 122.47019279053086
2022, Other pulses n.e.c.                                                                                                               ,           438.5, 4.8417415879183965, 11.416030339245731,       54823.04,  30.39448732668021
2023, Other pulses n.e.c.                                                                                                               ,           438.2, 4.196803808525507 , 10.050079181186689,       48045.01,  99.49900506638716
2009, "Other stimulant, spice and aromatic crops, n.e.c.                                                                               ",          1903.3, 3.977649748513946 ,  9.869378184789209,       43495.6 ,   3.167083676268862
2010, "Other stimulant, spice and aromatic crops, n.e.c.                                                                               ",          2032.7, 4.824177380125087 , 10.094051337355248,       55535.93,  51.041490618485064
2011, "Other stimulant, spice and aromatic crops, n.e.c.                                                                               ",          2189.0, 4.105025191104934 ,  8.813380149209374,       47257.05,  15.314797602501738
2012, "Other stimulant, spice and aromatic crops, n.e.c.                                                                               ",          2020.3, 3.762024843641418 ,  8.157801210441407,       43308.43,   3.660174600416956
2013, "Other stimulant, spice and aromatic crops, n.e.c.                                                                               ",          2026.8, 4.44156532314107  ,  9.58267274963374 ,       51131.3 ,  39.3843372133426
2014, "Other stimulant, spice and aromatic crops, n.e.c.                                                                               ",          2211.8, 4.032843988881167 ,  9.888358522551   ,       46426.1 ,  20.912805767894373
2015, "Other stimulant, spice and aromatic crops, n.e.c.                                                                               ",          1753.1, 4.212624218207089 ,  9.924950150928971,       48495.73,  50.438757817929115
2016, "Other stimulant, spice and aromatic crops, n.e.c.                                                                               ",          1989.6, 4.10388637943016  ,  9.115403997500591,       47243.94,   0.24271282140375267
2017, "Other stimulant, spice and aromatic crops, n.e.c.                                                                               ",          3026.6, 4.472613794301599 , 10.191874789441343,       51488.73,  17.21720552466991
2018, "Other stimulant, spice and aromatic crops, n.e.c.                                                                               ",          1631.6, 3.989807157748437 ,  9.067654711355752,       45930.66,  24.063577136900626
2019, "Other stimulant, spice and aromatic crops, n.e.c.                                                                               ",          1740.3, 4.676201355107714 , 11.032972340729101,       53832.43,  52.7271299513551
2020, "Other stimulant, spice and aromatic crops, n.e.c.                                                                               ",          2013.5, 4.673185605713763 , 10.597684142419439,       51035.86,  56.78357201721454
2021, "Other stimulant, spice and aromatic crops, n.e.c.                                                                               ",          2205.9, 4.50342180774749  ,  9.752263667206963,       50222.16, 122.47019279053086
2022, "Other stimulant, spice and aromatic crops, n.e.c.                                                                               ",          2117.0, 4.8417415879183965, 11.416030339245731,       54823.04,  30.39448732668021
2023, "Other stimulant, spice and aromatic crops, n.e.c.                                                                               ",          2114.0, 4.196803808525507 , 10.050079181186689,       48045.01,  99.49900506638716
2009, Other stone fruits                                                                                                                ,          3278.6, 3.977649748513946 ,  9.869378184789209,       43495.6 ,   3.167083676268862
2010, Other stone fruits                                                                                                                ,          3392.4, 4.824177380125087 , 10.094051337355248,       55535.93,  51.041490618485064
2011, Other stone fruits                                                                                                                ,          3446.0, 4.105025191104934 ,  8.813380149209374,       47257.05,  15.314797602501738
2012, Other stone fruits                                                                                                                ,          3536.8, 3.762024843641418 ,  8.157801210441407,       43308.43,   3.660174600416956
2013, Other stone fruits                                                                                                                ,          3634.7, 4.44156532314107  ,  9.58267274963374 ,       51131.3 ,  39.3843372133426
2014, Other stone fruits                                                                                                                ,          3717.1, 4.032843988881167 ,  9.888358522551   ,       46426.1 ,  20.912805767894373
2015, Other stone fruits                                                                                                                ,          3799.1, 4.212624218207089 ,  9.924950150928971,       48495.73,  50.438757817929115
2016, Other stone fruits                                                                                                                ,          3885.2, 4.10388637943016  ,  9.115403997500591,       47243.94,   0.24271282140375267
2017, Other stone fruits                                                                                                                ,          3972.2, 4.472613794301599 , 10.191874789441343,       51488.73,  17.21720552466991
2018, Other stone fruits                                                                                                                ,          4058.4, 3.989807157748437 ,  9.067654711355752,       45930.66,  24.063577136900626
2019, Other stone fruits                                                                                                                ,          3941.2, 4.676201355107714 , 11.032972340729101,       53832.43,  52.7271299513551
2020, Other stone fruits                                                                                                                ,          3958.6, 4.673185605713763 , 10.597684142419439,       51035.86,  56.78357201721454
2021, Other stone fruits                                                                                                                ,          3952.1, 4.50342180774749  ,  9.752263667206963,       50222.16, 122.47019279053086
2022, Other stone fruits                                                                                                                ,          3919.2, 4.8417415879183965, 11.416030339245731,       54823.04,  30.39448732668021
2023, Other stone fruits                                                                                                                ,          3913.8, 4.196803808525507 , 10.050079181186689,       48045.01,  99.49900506638716
2009, "Other tropical fruits, n.e.c.                                                                                                   ",          9261.6, 3.977649748513946 ,  9.869378184789209,       43495.6 ,   3.167083676268862
2010, "Other tropical fruits, n.e.c.                                                                                                   ",          9716.6, 4.824177380125087 , 10.094051337355248,       55535.93,  51.041490618485064
2011, "Other tropical fruits, n.e.c.                                                                                                   ",          9893.9, 4.105025191104934 ,  8.813380149209374,       47257.05,  15.314797602501738
2012, "Other tropical fruits, n.e.c.                                                                                                   ",          9663.1, 3.762024843641418 ,  8.157801210441407,       43308.43,   3.660174600416956
2013, "Other tropical fruits, n.e.c.                                                                                                   ",         10917.2, 4.44156532314107  ,  9.58267274963374 ,       51131.3 ,  39.3843372133426
2014, "Other tropical fruits, n.e.c.                                                                                                   ",         11329.9, 4.032843988881167 ,  9.888358522551   ,       46426.1 ,  20.912805767894373
2015, "Other tropical fruits, n.e.c.                                                                                                   ",         13411.9, 4.212624218207089 ,  9.924950150928971,       48495.73,  50.438757817929115
2016, "Other tropical fruits, n.e.c.                                                                                                   ",         13055.3, 4.10388637943016  ,  9.115403997500591,       47243.94,   0.24271282140375267
2017, "Other tropical fruits, n.e.c.                                                                                                   ",         12455.8, 4.472613794301599 , 10.191874789441343,       51488.73,  17.21720552466991
2018, "Other tropical fruits, n.e.c.                                                                                                   ",         13030.8, 3.989807157748437 ,  9.067654711355752,       45930.66,  24.063577136900626
2019, "Other tropical fruits, n.e.c.                                                                                                   ",         13317.7, 4.676201355107714 , 11.032972340729101,       53832.43,  52.7271299513551
2020, "Other tropical fruits, n.e.c.                                                                                                   ",         12810.4, 4.673185605713763 , 10.597684142419439,       51035.86,  56.78357201721454
2021, "Other tropical fruits, n.e.c.                                                                                                   ",         13040.5, 4.50342180774749  ,  9.752263667206963,       50222.16, 122.47019279053086
2022, "Other tropical fruits, n.e.c.                                                                                                   ",         13081.7, 4.8417415879183965, 11.416030339245731,       54823.04,  30.39448732668021
2023, "Other tropical fruits, n.e.c.                                                                                                   ",         13020.2, 4.196803808525507 , 10.050079181186689,       48045.01,  99.49900506638716
2009, "Other vegetables, fresh n.e.c.                                                                                                  ",         12308.3, 3.977649748513946 ,  9.869378184789209,       43495.6 ,   3.167083676268862
2010, "Other vegetables, fresh n.e.c.                                                                                                  ",         13603.8, 4.824177380125087 , 10.094051337355248,       55535.93,  51.041490618485064
2011, "Other vegetables, fresh n.e.c.                                                                                                  ",         13229.5, 4.105025191104934 ,  8.813380149209374,       47257.05,  15.314797602501738
2012, "Other vegetables, fresh n.e.c.                                                                                                  ",         12950.3, 3.762024843641418 ,  8.157801210441407,       43308.43,   3.660174600416956
2013, "Other vegetables, fresh n.e.c.                                                                                                  ",         11798.6, 4.44156532314107  ,  9.58267274963374 ,       51131.3 ,  39.3843372133426
2014, "Other vegetables, fresh n.e.c.                                                                                                  ",         14044.2, 4.032843988881167 ,  9.888358522551   ,       46426.1 ,  20.912805767894373
2015, "Other vegetables, fresh n.e.c.                                                                                                  ",         14005.5, 4.212624218207089 ,  9.924950150928971,       48495.73,  50.438757817929115
2016, "Other vegetables, fresh n.e.c.                                                                                                  ",         13735.5, 4.10388637943016  ,  9.115403997500591,       47243.94,   0.24271282140375267
2017, "Other vegetables, fresh n.e.c.                                                                                                  ",         13829.1, 4.472613794301599 , 10.191874789441343,       51488.73,  17.21720552466991
2018, "Other vegetables, fresh n.e.c.                                                                                                  ",         14119.5, 3.989807157748437 ,  9.067654711355752,       45930.66,  24.063577136900626
2019, "Other vegetables, fresh n.e.c.                                                                                                  ",         14212.5, 4.676201355107714 , 11.032972340729101,       53832.43,  52.7271299513551
2020, "Other vegetables, fresh n.e.c.                                                                                                  ",         14160.5, 4.673185605713763 , 10.597684142419439,       51035.86,  56.78357201721454
2021, "Other vegetables, fresh n.e.c.                                                                                                  ",         14268.0, 4.50342180774749  ,  9.752263667206963,       50222.16, 122.47019279053086
2022, "Other vegetables, fresh n.e.c.                                                                                                  ",         14293.7, 4.8417415879183965, 11.416030339245731,       54823.04,  30.39448732668021
2023, "Other vegetables, fresh n.e.c.                                                                                                  ",         14386.5, 4.196803808525507 , 10.050079181186689,       48045.01,  99.49900506638716
2009, Papayas                                                                                                                           ,         40893.4, 3.977649748513946 ,  9.869378184789209,       43495.6 ,   3.167083676268862
2010, Papayas                                                                                                                           ,         39584.9, 4.824177380125087 , 10.094051337355248,       55535.93,  51.041490618485064
2011, Papayas                                                                                                                           ,         37965.1, 4.105025191104934 ,  8.813380149209374,       47257.05,  15.314797602501738
2012, Papayas                                                                                                                           ,         40772.7, 3.762024843641418 ,  8.157801210441407,       43308.43,   3.660174600416956
2013, Papayas                                                                                                                           ,         41066.7, 4.44156532314107  ,  9.58267274963374 ,       51131.3 ,  39.3843372133426
2014, Papayas                                                                                                                           ,         42286.3, 4.032843988881167 ,  9.888358522551   ,       46426.1 ,  20.912805767894373
2015, Papayas                                                                                                                           ,         42721.7, 4.212624218207089 ,  9.924950150928971,       48495.73,  50.438757817929115
2016, Papayas                                                                                                                           ,         42931.8, 4.10388637943016  ,  9.115403997500591,       47243.94,   0.24271282140375267
2017, Papayas                                                                                                                           ,         44328.4, 4.472613794301599 , 10.191874789441343,       51488.73,  17.21720552466991
2018, Papayas                                                                                                                           ,         43398.6, 3.989807157748437 ,  9.067654711355752,       45930.66,  24.063577136900626
2019, Papayas                                                                                                                           ,         40604.0, 4.676201355107714 , 11.032972340729101,       53832.43,  52.7271299513551
2020, Papayas                                                                                                                           ,         40704.2, 4.673185605713763 , 10.597684142419439,       51035.86,  56.78357201721454
2021, Papayas                                                                                                                           ,         37945.2, 4.50342180774749  ,  9.752263667206963,       50222.16, 122.47019279053086
2022, Papayas                                                                                                                           ,         35606.7, 4.8417415879183965, 11.416030339245731,       54823.04,  30.39448732668021
2023, Papayas                                                                                                                           ,         35405.4, 4.196803808525507 , 10.050079181186689,       48045.01,  99.49900506638716
2009, Peaches and nectarines                                                                                                            ,          6412.6, 3.977649748513946 ,  9.869378184789209,       43495.6 ,   3.167083676268862
2010, Peaches and nectarines                                                                                                            ,          6594.6, 4.824177380125087 , 10.094051337355248,       55535.93,  51.041490618485064
2011, Peaches and nectarines                                                                                                            ,          6584.4, 4.105025191104934 ,  8.813380149209374,       47257.05,  15.314797602501738
2012, Peaches and nectarines                                                                                                            ,          6666.7, 3.762024843641418 ,  8.157801210441407,       43308.43,   3.660174600416956
2013, Peaches and nectarines                                                                                                            ,          6666.7, 4.44156532314107  ,  9.58267274963374 ,       51131.3 ,  39.3843372133426
2014, Peaches and nectarines                                                                                                            ,          6878.3, 4.032843988881167 ,  9.888358522551   ,       46426.1 ,  20.912805767894373
2015, Peaches and nectarines                                                                                                            ,          7010.7, 4.212624218207089 ,  9.924950150928971,       48495.73,  50.438757817929115
2016, Peaches and nectarines                                                                                                            ,          7113.3, 4.10388637943016  ,  9.115403997500591,       47243.94,   0.24271282140375267
2009, Pears                                                                                                                             ,          7515.9, 3.977649748513946 ,  9.869378184789209,       43495.6 ,   3.167083676268862
2010, Pears                                                                                                                             ,          7514.5, 4.824177380125087 , 10.094051337355248,       55535.93,  51.041490618485064
2011, Pears                                                                                                                             ,          7511.5, 4.105025191104934 ,  8.813380149209374,       47257.05,  15.314797602501738
2012, Pears                                                                                                                             ,          7508.0, 3.762024843641418 ,  8.157801210441407,       43308.43,   3.660174600416956
2013, Pears                                                                                                                             ,          7506.5, 4.44156532314107  ,  9.58267274963374 ,       51131.3 ,  39.3843372133426
2014, Pears                                                                                                                             ,          7490.5, 4.032843988881167 ,  9.888358522551   ,       46426.1 ,  20.912805767894373
2015, Pears                                                                                                                             ,          7214.3, 4.212624218207089 ,  9.924950150928971,       48495.73,  50.438757817929115
2016, Pears                                                                                                                             ,          8075.0, 4.10388637943016  ,  9.115403997500591,       47243.94,   0.24271282140375267
2017, Pears                                                                                                                             ,          7863.6, 4.472613794301599 , 10.191874789441343,       51488.73,  17.21720552466991
2018, Pears                                                                                                                             ,          7227.3, 3.989807157748437 ,  9.067654711355752,       45930.66,  24.063577136900626
2019, Pears                                                                                                                             ,          7142.9, 4.676201355107714 , 11.032972340729101,       53832.43,  52.7271299513551
2020, Pears                                                                                                                             ,          6744.2, 4.673185605713763 , 10.597684142419439,       51035.86,  56.78357201721454
2021, Pears                                                                                                                             ,          6571.4, 4.50342180774749  ,  9.752263667206963,       50222.16, 122.47019279053086
2022, Pears                                                                                                                             ,          7022.7, 4.8417415879183965, 11.416030339245731,       54823.04,  30.39448732668021
2023, Pears                                                                                                                             ,          7742.9, 4.196803808525507 , 10.050079181186689,       48045.01,  99.49900506638716
2009, "Peas, dry                                                                                                                       ",           916.3, 3.977649748513946 ,  9.869378184789209,       43495.6 ,   3.167083676268862
2010, "Peas, dry                                                                                                                       ",           882.7, 4.824177380125087 , 10.094051337355248,       55535.93,  51.041490618485064
2011, "Peas, dry                                                                                                                       ",           815.7, 4.105025191104934 ,  8.813380149209374,       47257.05,  15.314797602501738
2012, "Peas, dry                                                                                                                       ",           933.9, 3.762024843641418 ,  8.157801210441407,       43308.43,   3.660174600416956
2013, "Peas, dry                                                                                                                       ",          1099.1, 4.44156532314107  ,  9.58267274963374 ,       51131.3 ,  39.3843372133426
2014, "Peas, dry                                                                                                                       ",           960.5, 4.032843988881167 ,  9.888358522551   ,       46426.1 ,  20.912805767894373
2015, "Peas, dry                                                                                                                       ",           911.8, 4.212624218207089 ,  9.924950150928971,       48495.73,  50.438757817929115
2016, "Peas, dry                                                                                                                       ",           821.7, 4.10388637943016  ,  9.115403997500591,       47243.94,   0.24271282140375267
2017, "Peas, dry                                                                                                                       ",           955.0, 4.472613794301599 , 10.191874789441343,       51488.73,  17.21720552466991
2018, "Peas, dry                                                                                                                       ",          1203.6, 3.989807157748437 ,  9.067654711355752,       45930.66,  24.063577136900626
2019, "Peas, dry                                                                                                                       ",          1338.0, 4.676201355107714 , 11.032972340729101,       53832.43,  52.7271299513551
2020, "Peas, dry                                                                                                                       ",          1440.1, 4.673185605713763 , 10.597684142419439,       51035.86,  56.78357201721454
2021, "Peas, dry                                                                                                                       ",          1374.8, 4.50342180774749  ,  9.752263667206963,       50222.16, 122.47019279053086
2022, "Peas, dry                                                                                                                       ",          1318.2, 4.8417415879183965, 11.416030339245731,       54823.04,  30.39448732668021
2023, "Peas, dry                                                                                                                       ",          1352.1, 4.196803808525507 , 10.050079181186689,       48045.01,  99.49900506638716
2009, "Peas, green                                                                                                                     ",          8379.3, 3.977649748513946 ,  9.869378184789209,       43495.6 ,   3.167083676268862
2010, "Peas, green                                                                                                                     ",          8302.0, 4.824177380125087 , 10.094051337355248,       55535.93,  51.041490618485064
2011, "Peas, green                                                                                                                     ",          9505.4, 4.105025191104934 ,  8.813380149209374,       47257.05,  15.314797602501738
2012, "Peas, green                                                                                                                     ",          9173.9, 3.762024843641418 ,  8.157801210441407,       43308.43,   3.660174600416956
2013, "Peas, green                                                                                                                     ",          9518.2, 4.44156532314107  ,  9.58267274963374 ,       51131.3 ,  39.3843372133426
2014, "Peas, green                                                                                                                     ",          8922.9, 4.032843988881167 ,  9.888358522551   ,       46426.1 ,  20.912805767894373
2015, "Peas, green                                                                                                                     ",          9773.1, 4.212624218207089 ,  9.924950150928971,       48495.73,  50.438757817929115
2016, "Peas, green                                                                                                                     ",          9660.6, 4.10388637943016  ,  9.115403997500591,       47243.94,   0.24271282140375267
2017, "Peas, green                                                                                                                     ",         10084.9, 4.472613794301599 , 10.191874789441343,       51488.73,  17.21720552466991
2018, "Peas, green                                                                                                                     ",         10040.7, 3.989807157748437 ,  9.067654711355752,       45930.66,  24.063577136900626
2019, "Peas, green                                                                                                                     ",         10076.1, 4.676201355107714 , 11.032972340729101,       53832.43,  52.7271299513551
2020, "Peas, green                                                                                                                     ",         10295.8, 4.673185605713763 , 10.597684142419439,       51035.86,  56.78357201721454
2021, "Peas, green                                                                                                                     ",         10310.4, 4.50342180774749  ,  9.752263667206963,       50222.16, 122.47019279053086
2022, "Peas, green                                                                                                                     ",         10478.0, 4.8417415879183965, 11.416030339245731,       54823.04,  30.39448732668021
2023, "Peas, green                                                                                                                     ",         10824.3, 4.196803808525507 , 10.050079181186689,       48045.01,  99.49900506638716
2009, "Pepper (Piper spp.), raw                                                                                                        ",           198.6, 3.977649748513946 ,  9.869378184789209,       43495.6 ,   3.167083676268862
2010, "Pepper (Piper spp.), raw                                                                                                        ",           260.4, 4.824177380125087 , 10.094051337355248,       55535.93,  51.041490618485064
2011, "Pepper (Piper spp.), raw                                                                                                        ",           282.6, 4.105025191104934 ,  8.813380149209374,       47257.05,  15.314797602501738
2012, "Pepper (Piper spp.), raw                                                                                                        ",           205.0, 3.762024843641418 ,  8.157801210441407,       43308.43,   3.660174600416956
2013, "Pepper (Piper spp.), raw                                                                                                        ",           424.0, 4.44156532314107  ,  9.58267274963374 ,       51131.3 ,  39.3843372133426
2014, "Pepper (Piper spp.), raw                                                                                                        ",           411.3, 4.032843988881167 ,  9.888358522551   ,       46426.1 ,  20.912805767894373
2015, "Pepper (Piper spp.), raw                                                                                                        ",           503.9, 4.212624218207089 ,  9.924950150928971,       48495.73,  50.438757817929115
2016, "Pepper (Piper spp.), raw                                                                                                        ",           426.4, 4.10388637943016  ,  9.115403997500591,       47243.94,   0.24271282140375267
2017, "Pepper (Piper spp.), raw                                                                                                        ",           545.5, 4.472613794301599 , 10.191874789441343,       51488.73,  17.21720552466991
2018, "Pepper (Piper spp.), raw                                                                                                        ",           492.5, 3.989807157748437 ,  9.067654711355752,       45930.66,  24.063577136900626
2019, "Pepper (Piper spp.), raw                                                                                                        ",           478.3, 4.676201355107714 , 11.032972340729101,       53832.43,  52.7271299513551
2020, "Pepper (Piper spp.), raw                                                                                                        ",           481.8, 4.673185605713763 , 10.597684142419439,       51035.86,  56.78357201721454
2021, "Pepper (Piper spp.), raw                                                                                                        ",           484.6, 4.50342180774749  ,  9.752263667206963,       50222.16, 122.47019279053086
2022, "Pepper (Piper spp.), raw                                                                                                        ",           501.9, 4.8417415879183965, 11.416030339245731,       54823.04,  30.39448732668021
2023, "Pepper (Piper spp.), raw                                                                                                        ",           519.0, 4.196803808525507 , 10.050079181186689,       48045.01,  99.49900506638716
2009, "Pigeon peas, dry                                                                                                                ",           671.6, 3.977649748513946 ,  9.869378184789209,       43495.6 ,   3.167083676268862
2010, "Pigeon peas, dry                                                                                                                ",           709.8, 4.824177380125087 , 10.094051337355248,       55535.93,  51.041490618485064
2011, "Pigeon peas, dry                                                                                                                ",           654.9, 4.105025191104934 ,  8.813380149209374,       47257.05,  15.314797602501738
2012, "Pigeon peas, dry                                                                                                                ",           651.1, 3.762024843641418 ,  8.157801210441407,       43308.43,   3.660174600416956
2013, "Pigeon peas, dry                                                                                                                ",           776.4, 4.44156532314107  ,  9.58267274963374 ,       51131.3 ,  39.3843372133426
2014, "Pigeon peas, dry                                                                                                                ",           812.0, 4.032843988881167 ,  9.888358522551   ,       46426.1 ,  20.912805767894373
2015, "Pigeon peas, dry                                                                                                                ",           729.1, 4.212624218207089 ,  9.924950150928971,       48495.73,  50.438757817929115
2016, "Pigeon peas, dry                                                                                                                ",           646.0, 4.10388637943016  ,  9.115403997500591,       47243.94,   0.24271282140375267
2017, "Pigeon peas, dry                                                                                                                ",           913.0, 4.472613794301599 , 10.191874789441343,       51488.73,  17.21720552466991
2018, "Pigeon peas, dry                                                                                                                ",           966.5, 3.989807157748437 ,  9.067654711355752,       45930.66,  24.063577136900626
2019, "Pigeon peas, dry                                                                                                                ",           728.7, 4.676201355107714 , 11.032972340729101,       53832.43,  52.7271299513551
2020, "Pigeon peas, dry                                                                                                                ",           858.6, 4.673185605713763 , 10.597684142419439,       51035.86,  56.78357201721454
2021, "Pigeon peas, dry                                                                                                                ",           913.5, 4.50342180774749  ,  9.752263667206963,       50222.16, 122.47019279053086
2022, "Pigeon peas, dry                                                                                                                ",           861.2, 4.8417415879183965, 11.416030339245731,       54823.04,  30.39448732668021
2023, "Pigeon peas, dry                                                                                                                ",           814.0, 4.196803808525507 , 10.050079181186689,       48045.01,  99.49900506638716
2009, Pineapples                                                                                                                        ,         15964.3, 3.977649748513946 ,  9.869378184789209,       43495.6 ,   3.167083676268862
2010, Pineapples                                                                                                                        ,         15090.3, 4.824177380125087 , 10.094051337355248,       55535.93,  51.041490618485064
2011, Pineapples                                                                                                                        ,         15898.9, 4.105025191104934 ,  8.813380149209374,       47257.05,  15.314797602501738
2012, Pineapples                                                                                                                        ,         14705.9, 3.762024843641418 ,  8.157801210441407,       43308.43,   3.660174600416956
2013, Pineapples                                                                                                                        ,         14961.9, 4.44156532314107  ,  9.58267274963374 ,       51131.3 ,  39.3843372133426
2014, Pineapples                                                                                                                        ,         15805.8, 4.032843988881167 ,  9.888358522551   ,       46426.1 ,  20.912805767894373
2015, Pineapples                                                                                                                        ,         17103.4, 4.212624218207089 ,  9.924950150928971,       48495.73,  50.438757817929115
2016, Pineapples                                                                                                                        ,         17490.9, 4.10388637943016  ,  9.115403997500591,       47243.94,   0.24271282140375267
2017, Pineapples                                                                                                                        ,         16765.8, 4.472613794301599 , 10.191874789441343,       51488.73,  17.21720552466991
2018, Pineapples                                                                                                                        ,         16563.1, 3.989807157748437 ,  9.067654711355752,       45930.66,  24.063577136900626
2019, Pineapples                                                                                                                        ,         16451.9, 4.676201355107714 , 11.032972340729101,       53832.43,  52.7271299513551
2020, Pineapples                                                                                                                        ,         16339.6, 4.673185605713763 , 10.597684142419439,       51035.86,  56.78357201721454
2021, Pineapples                                                                                                                        ,         16971.7, 4.50342180774749  ,  9.752263667206963,       50222.16, 122.47019279053086
2022, Pineapples                                                                                                                        ,         17138.9, 4.8417415879183965, 11.416030339245731,       54823.04,  30.39448732668021
2023, Pineapples                                                                                                                        ,         16925.9, 4.196803808525507 , 10.050079181186689,       48045.01,  99.49900506638716
2009, Plums and sloes                                                                                                                   ,          7923.5, 3.977649748513946 ,  9.869378184789209,       43495.6 ,   3.167083676268862
2010, Plums and sloes                                                                                                                   ,          8000.0, 4.824177380125087 , 10.094051337355248,       55535.93,  51.041490618485064
2011, Plums and sloes                                                                                                                   ,          8076.9, 4.105025191104934 ,  8.813380149209374,       47257.05,  15.314797602501738
2012, Plums and sloes                                                                                                                   ,          7963.0, 3.762024843641418 ,  8.157801210441407,       43308.43,   3.660174600416956
2013, Plums and sloes                                                                                                                   ,          8000.0, 4.44156532314107  ,  9.58267274963374 ,       51131.3 ,  39.3843372133426
2014, Plums and sloes                                                                                                                   ,          8152.2, 4.032843988881167 ,  9.888358522551   ,       46426.1 ,  20.912805767894373
2015, Plums and sloes                                                                                                                   ,          8257.5, 4.212624218207089 ,  9.924950150928971,       48495.73,  50.438757817929115
2016, Plums and sloes                                                                                                                   ,          8326.5, 4.10388637943016  ,  9.115403997500591,       47243.94,   0.24271282140375267
2009, Pomelos and grapefruits                                                                                                           ,         24000.0, 3.977649748513946 ,  9.869378184789209,       43495.6 ,   3.167083676268862
2010, Pomelos and grapefruits                                                                                                           ,         23703.8, 4.824177380125087 , 10.094051337355248,       55535.93,  51.041490618485064
2011, Pomelos and grapefruits                                                                                                           ,         23614.3, 4.105025191104934 ,  8.813380149209374,       47257.05,  15.314797602501738
2012, Pomelos and grapefruits                                                                                                           ,         23486.4, 3.762024843641418 ,  8.157801210441407,       43308.43,   3.660174600416956
2013, Pomelos and grapefruits                                                                                                           ,         23379.0, 4.44156532314107  ,  9.58267274963374 ,       51131.3 ,  39.3843372133426
2014, Pomelos and grapefruits                                                                                                           ,         23359.8, 4.032843988881167 ,  9.888358522551   ,       46426.1 ,  20.912805767894373
2015, Pomelos and grapefruits                                                                                                           ,         23053.1, 4.212624218207089 ,  9.924950150928971,       48495.73,  50.438757817929115
2016, Pomelos and grapefruits                                                                                                           ,         23999.8, 4.10388637943016  ,  9.115403997500591,       47243.94,   0.24271282140375267
2009, Potatoes                                                                                                                          ,         18810.3, 3.977649748513946 ,  9.869378184789209,       43495.6 ,   3.167083676268862
2010, Potatoes                                                                                                                          ,         19929.9, 4.824177380125087 , 10.094051337355248,       55535.93,  51.041490618485064
2011, Potatoes                                                                                                                          ,         22724.0, 4.105025191104934 ,  8.813380149209374,       47257.05,  15.314797602501738
2012, Potatoes                                                                                                                          ,         21753.0, 3.762024843641418 ,  8.157801210441407,       43308.43,   3.660174600416956
2013, Potatoes                                                                                                                          ,         22760.6, 4.44156532314107  ,  9.58267274963374 ,       51131.3 ,  39.3843372133426
2014, Potatoes                                                                                                                          ,         22922.4, 4.032843988881167 ,  9.888358522551   ,       46426.1 ,  20.912805767894373
2015, Potatoes                                                                                                                          ,         23125.7, 4.212624218207089 ,  9.924950150928971,       48495.73,  50.438757817929115
2016, Potatoes                                                                                                                          ,         20508.7, 4.10388637943016  ,  9.115403997500591,       47243.94,   0.24271282140375267
2017, Potatoes                                                                                                                          ,         22306.1, 4.472613794301599 , 10.191874789441343,       51488.73,  17.21720552466991
2018, Potatoes                                                                                                                          ,         23954.2, 3.989807157748437 ,  9.067654711355752,       45930.66,  24.063577136900626
2019, Potatoes                                                                                                                          ,         23097.1, 4.676201355107714 , 11.032972340729101,       53832.43,  52.7271299513551
2020, Potatoes                                                                                                                          ,         23677.2, 4.673185605713763 , 10.597684142419439,       51035.86,  56.78357201721454
2021, Potatoes                                                                                                                          ,         24123.7, 4.50342180774749  ,  9.752263667206963,       50222.16, 122.47019279053086
2022, Potatoes                                                                                                                          ,         25236.3, 4.8417415879183965, 11.416030339245731,       54823.04,  30.39448732668021
2023, Potatoes                                                                                                                          ,         25789.9, 4.196803808525507 , 10.050079181186689,       48045.01,  99.49900506638716
2009, "Pumpkins, squash and gourds                                                                                                     ",          9601.3, 3.977649748513946 ,  9.869378184789209,       43495.6 ,   3.167083676268862
2010, "Pumpkins, squash and gourds                                                                                                     ",          9602.2, 4.824177380125087 , 10.094051337355248,       55535.93,  51.041490618485064
2011, "Pumpkins, squash and gourds                                                                                                     ",          9603.0, 4.105025191104934 ,  8.813380149209374,       47257.05,  15.314797602501738
2012, "Pumpkins, squash and gourds                                                                                                     ",          9607.8, 3.762024843641418 ,  8.157801210441407,       43308.43,   3.660174600416956
2013, "Pumpkins, squash and gourds                                                                                                     ",          9607.8, 4.44156532314107  ,  9.58267274963374 ,       51131.3 ,  39.3843372133426
2014, "Pumpkins, squash and gourds                                                                                                     ",          9601.1, 4.032843988881167 ,  9.888358522551   ,       46426.1 ,  20.912805767894373
2015, "Pumpkins, squash and gourds                                                                                                     ",          9599.0, 4.212624218207089 ,  9.924950150928971,       48495.73,  50.438757817929115
2016, "Pumpkins, squash and gourds                                                                                                     ",          9602.6, 4.10388637943016  ,  9.115403997500591,       47243.94,   0.24271282140375267
2017, "Pumpkins, squash and gourds                                                                                                     ",          9600.9, 4.472613794301599 , 10.191874789441343,       51488.73,  17.21720552466991
2009, Rape or colza seed                                                                                                                ,          1143.3, 3.977649748513946 ,  9.869378184789209,       43495.6 ,   3.167083676268862
2010, Rape or colza seed                                                                                                                ,          1184.2, 4.824177380125087 , 10.094051337355248,       55535.93,  51.041490618485064
2011, Rape or colza seed                                                                                                                ,          1257.1, 4.105025191104934 ,  8.813380149209374,       47257.05,  15.314797602501738
2012, Rape or colza seed                                                                                                                ,          1120.5, 3.762024843641418 ,  8.157801210441407,       43308.43,   3.660174600416956
2013, Rape or colza seed                                                                                                                ,          1233.4, 4.44156532314107  ,  9.58267274963374 ,       51131.3 ,  39.3843372133426
2014, Rape or colza seed                                                                                                                ,          1185.3, 4.032843988881167 ,  9.888358522551   ,       46426.1 ,  20.912805767894373
2015, Rape or colza seed                                                                                                                ,          1084.8, 4.212624218207089 ,  9.924950150928971,       48495.73,  50.438757817929115
2016, Rape or colza seed                                                                                                                ,          1179.6, 4.10388637943016  ,  9.115403997500591,       47243.94,   0.24271282140375267
2017, Rape or colza seed                                                                                                                ,          1303.5, 4.472613794301599 , 10.191874789441343,       51488.73,  17.21720552466991
2018, Rape or colza seed                                                                                                                ,          1410.3, 3.989807157748437 ,  9.067654711355752,       45930.66,  24.063577136900626
2019, Rape or colza seed                                                                                                                ,          1511.4, 4.676201355107714 , 11.032972340729101,       53832.43,  52.7271299513551
2020, Rape or colza seed                                                                                                                ,          1330.7, 4.673185605713763 , 10.597684142419439,       51035.86,  56.78357201721454
2021, Rape or colza seed                                                                                                                ,          1523.9, 4.50342180774749  ,  9.752263667206963,       50222.16, 122.47019279053086
2022, Rape or colza seed                                                                                                                ,          1497.0, 4.8417415879183965, 11.416030339245731,       54823.04,  30.39448732668021
2023, Rape or colza seed                                                                                                                ,          1428.4, 4.196803808525507 , 10.050079181186689,       48045.01,  99.49900506638716
2009, Rice                                                                                                                              ,          3236.6, 3.977649748513946 ,  9.869378184789209,       43495.6 ,   3.167083676268862
2010, Rice                                                                                                                              ,          3358.7, 4.824177380125087 , 10.094051337355248,       55535.93,  51.041490618485064
2011, Rice                                                                                                                              ,          3587.8, 4.105025191104934 ,  8.813380149209374,       47257.05,  15.314797602501738
2012, Rice                                                                                                                              ,          3690.9, 3.762024843641418 ,  8.157801210441407,       43308.43,   3.660174600416956
2013, Rice                                                                                                                              ,          3624.3, 4.44156532314107  ,  9.58267274963374 ,       51131.3 ,  39.3843372133426
2014, Rice                                                                                                                              ,          3586.8, 4.032843988881167 ,  9.888358522551   ,       46426.1 ,  20.912805767894373
2015, Rice                                                                                                                              ,          3600.2, 4.212624218207089 ,  9.924950150928971,       48495.73,  50.438757817929115
2016, Rice                                                                                                                              ,          3740.1, 4.10388637943016  ,  9.115403997500591,       47243.94,   0.24271282140375267
2017, Rice                                                                                                                              ,          3863.7, 4.472613794301599 , 10.191874789441343,       51488.73,  17.21720552466991
2018, Rice                                                                                                                              ,          3956.7, 3.989807157748437 ,  9.067654711355752,       45930.66,  24.063577136900626
2019, Rice                                                                                                                              ,          4083.6, 4.676201355107714 , 11.032972340729101,       53832.43,  52.7271299513551
2020, Rice                                                                                                                              ,          4075.7, 4.673185605713763 , 10.597684142419439,       51035.86,  56.78357201721454
2021, Rice                                                                                                                              ,          4196.2, 4.50342180774749  ,  9.752263667206963,       50222.16, 122.47019279053086
2022, Rice                                                                                                                              ,          4257.1, 4.8417415879183965, 11.416030339245731,       54823.04,  30.39448732668021
2023, Rice                                                                                                                              ,          4322.3, 4.196803808525507 , 10.050079181186689,       48045.01,  99.49900506638716
2009, Safflower seed                                                                                                                    ,           642.2, 3.977649748513946 ,  9.869378184789209,       43495.6 ,   3.167083676268862
2010, Safflower seed                                                                                                                    ,           621.3, 4.824177380125087 , 10.094051337355248,       55535.93,  51.041490618485064
2011, Safflower seed                                                                                                                    ,           654.9, 4.105025191104934 ,  8.813380149209374,       47257.05,  15.314797602501738
2012, Safflower seed                                                                                                                    ,           814.6, 3.762024843641418 ,  8.157801210441407,       43308.43,   3.660174600416956
2013, Safflower seed                                                                                                                    ,           726.7, 4.44156532314107  ,  9.58267274963374 ,       51131.3 ,  39.3843372133426
2014, Safflower seed                                                                                                                    ,           635.8, 4.032843988881167 ,  9.888358522551   ,       46426.1 ,  20.912805767894373
2015, Safflower seed                                                                                                                    ,           514.3, 4.212624218207089 ,  9.924950150928971,       48495.73,  50.438757817929115
2016, Safflower seed                                                                                                                    ,           368.1, 4.10388637943016  ,  9.115403997500591,       47243.94,   0.24271282140375267
2017, Safflower seed                                                                                                                    ,           650.9, 4.472613794301599 , 10.191874789441343,       51488.73,  17.21720552466991
2018, Safflower seed                                                                                                                    ,           672.9, 3.989807157748437 ,  9.067654711355752,       45930.66,  24.063577136900626
2019, Safflower seed                                                                                                                    ,           536.9, 4.676201355107714 , 11.032972340729101,       53832.43,  52.7271299513551
2020, Safflower seed                                                                                                                    ,           843.2, 4.673185605713763 , 10.597684142419439,       51035.86,  56.78357201721454
2021, Safflower seed                                                                                                                    ,           640.4, 4.50342180774749  ,  9.752263667206963,       50222.16, 122.47019279053086
2022, Safflower seed                                                                                                                    ,           776.9, 4.8417415879183965, 11.416030339245731,       54823.04,  30.39448732668021
2023, Safflower seed                                                                                                                    ,           826.3, 4.196803808525507 , 10.050079181186689,       48045.01,  99.49900506638716
2009, "Seed cotton, unginned                                                                                                           ",          1237.7, 3.977649748513946 ,  9.869378184789209,       43495.6 ,   3.167083676268862
2010, "Seed cotton, unginned                                                                                                           ",          1594.0, 4.824177380125087 , 10.094051337355248,       55535.93,  51.041490618485064
2011, "Seed cotton, unginned                                                                                                           ",          1574.8, 4.105025191104934 ,  8.813380149209374,       47257.05,  15.314797602501738
2012, "Seed cotton, unginned                                                                                                           ",          1517.4, 3.762024843641418 ,  8.157801210441407,       43308.43,   3.660174600416956
2013, "Seed cotton, unginned                                                                                                           ",          1617.9, 4.44156532314107  ,  9.58267274963374 ,       51131.3 ,  39.3843372133426
2014, "Seed cotton, unginned                                                                                                           ",          1413.1, 4.032843988881167 ,  9.888358522551   ,       46426.1 ,  20.912805767894373
2015, "Seed cotton, unginned                                                                                                           ",          1343.1, 4.212624218207089 ,  9.924950150928971,       48495.73,  50.438757817929115
2016, "Seed cotton, unginned                                                                                                           ",          1598.2, 4.10388637943016  ,  9.115403997500591,       47243.94,   0.24271282140375267
2017, "Seed cotton, unginned                                                                                                           ",          1401.9, 4.472613794301599 , 10.191874789441343,       51488.73,  17.21720552466991
2018, "Seed cotton, unginned                                                                                                           ",          1164.5, 3.989807157748437 ,  9.067654711355752,       45930.66,  24.063577136900626
2019, "Seed cotton, unginned                                                                                                           ",          1471.2, 4.676201355107714 , 11.032972340729101,       53832.43,  52.7271299513551
2020, "Seed cotton, unginned                                                                                                           ",          1315.7, 4.673185605713763 , 10.597684142419439,       51035.86,  56.78357201721454
2021, "Seed cotton, unginned                                                                                                           ",          1294.9, 4.50342180774749  ,  9.752263667206963,       50222.16, 122.47019279053086
2022, "Seed cotton, unginned                                                                                                           ",          1212.5, 4.8417415879183965, 11.416030339245731,       54823.04,  30.39448732668021
2023, "Seed cotton, unginned                                                                                                           ",          1268.7, 4.196803808525507 , 10.050079181186689,       48045.01,  99.49900506638716
2009, Sesame seed                                                                                                                       ,           303.0, 3.977649748513946 ,  9.869378184789209,       43495.6 ,   3.167083676268862
2010, Sesame seed                                                                                                                       ,           429.5, 4.824177380125087 , 10.094051337355248,       55535.93,  51.041490618485064
2011, Sesame seed                                                                                                                       ,           425.9, 4.105025191104934 ,  8.813380149209374,       47257.05,  15.314797602501738
2012, Sesame seed                                                                                                                       ,           401.5, 3.762024843641418 ,  8.157801210441407,       43308.43,   3.660174600416956
2013, Sesame seed                                                                                                                       ,           426.1, 4.44156532314107  ,  9.58267274963374 ,       51131.3 ,  39.3843372133426
2014, Sesame seed                                                                                                                       ,           465.7, 4.032843988881167 ,  9.888358522551   ,       46426.1 ,  20.912805767894373
2015, Sesame seed                                                                                                                       ,           436.6, 4.212624218207089 ,  9.924950150928971,       48495.73,  50.438757817929115
2016, Sesame seed                                                                                                                       ,           393.2, 4.10388637943016  ,  9.115403997500591,       47243.94,   0.24271282140375267
2017, Sesame seed                                                                                                                       ,           448.1, 4.472613794301599 , 10.191874789441343,       51488.73,  17.21720552466991
2018, Sesame seed                                                                                                                       ,           478.2, 3.989807157748437 ,  9.067654711355752,       45930.66,  24.063577136900626
2019, Sesame seed                                                                                                                       ,           485.4, 4.676201355107714 , 11.032972340729101,       53832.43,  52.7271299513551
2020, Sesame seed                                                                                                                       ,           405.2, 4.673185605713763 , 10.597684142419439,       51035.86,  56.78357201721454
2021, Sesame seed                                                                                                                       ,           474.2, 4.50342180774749  ,  9.752263667206963,       50222.16, 122.47019279053086
2022, Sesame seed                                                                                                                       ,           484.8, 4.8417415879183965, 11.416030339245731,       54823.04,  30.39448732668021
2023, Sesame seed                                                                                                                       ,           526.7, 4.196803808525507 , 10.050079181186689,       48045.01,  99.49900506638716
2009, Sorghum                                                                                                                           ,           962.1, 3.977649748513946 ,  9.869378184789209,       43495.6 ,   3.167083676268862
2010, Sorghum                                                                                                                           ,           860.2, 4.824177380125087 , 10.094051337355248,       55535.93,  51.041490618485064
2011, Sorghum                                                                                                                           ,           948.7, 4.105025191104934 ,  8.813380149209374,       47257.05,  15.314797602501738
2012, Sorghum                                                                                                                           ,           956.8, 3.762024843641418 ,  8.157801210441407,       43308.43,   3.660174600416956
2013, Sorghum                                                                                                                           ,           850.2, 4.44156532314107  ,  9.58267274963374 ,       51131.3 ,  39.3843372133426
2014, Sorghum                                                                                                                           ,           956.8, 4.032843988881167 ,  9.888358522551   ,       46426.1 ,  20.912805767894373
2015, Sorghum                                                                                                                           ,           884.7, 4.212624218207089 ,  9.924950150928971,       48495.73,  50.438757817929115
2016, Sorghum                                                                                                                           ,           697.4, 4.10388637943016  ,  9.115403997500591,       47243.94,   0.24271282140375267
2017, Sorghum                                                                                                                           ,           812.2, 4.472613794301599 , 10.191874789441343,       51488.73,  17.21720552466991
2018, Sorghum                                                                                                                           ,           956.0, 3.989807157748437 ,  9.067654711355752,       45930.66,  24.063577136900626
2019, Sorghum                                                                                                                           ,           849.1, 4.676201355107714 , 11.032972340729101,       53832.43,  52.7271299513551
2020, Sorghum                                                                                                                           ,           989.3, 4.673185605713763 , 10.597684142419439,       51035.86,  56.78357201721454
2021, Sorghum                                                                                                                           ,          1099.2, 4.50342180774749  ,  9.752263667206963,       50222.16, 122.47019279053086
2022, Sorghum                                                                                                                           ,          1092.0, 4.8417415879183965, 11.416030339245731,       54823.04,  30.39448732668021
2023, Sorghum                                                                                                                           ,          1079.1, 4.196803808525507 , 10.050079181186689,       48045.01,  99.49900506638716
2009, Soya beans                                                                                                                        ,          1023.6, 3.977649748513946 ,  9.869378184789209,       43495.6 ,   3.167083676268862
2010, Soya beans                                                                                                                        ,          1333.0, 4.824177380125087 , 10.094051337355248,       55535.93,  51.041490618485064
2011, Soya beans                                                                                                                        ,          1199.8, 4.105025191104934 ,  8.813380149209374,       47257.05,  15.314797602501738
2012, Soya beans                                                                                                                        ,          1353.0, 3.762024843641418 ,  8.157801210441407,       43308.43,   3.660174600416956
2013, Soya beans                                                                                                                        ,          1012.3, 4.44156532314107  ,  9.58267274963374 ,       51131.3 ,  39.3843372133426
2014, Soya beans                                                                                                                        ,           935.8, 4.032843988881167 ,  9.888358522551   ,       46426.1 ,  20.912805767894373
2015, Soya beans                                                                                                                        ,           734.4, 4.212624218207089 ,  9.924950150928971,       48495.73,  50.438757817929115
2016, Soya beans                                                                                                                        ,          1177.0, 4.10388637943016  ,  9.115403997500591,       47243.94,   0.24271282140375267
2017, Soya beans                                                                                                                        ,          1176.6, 4.472613794301599 , 10.191874789441343,       51488.73,  17.21720552466991
2018, Soya beans                                                                                                                        ,          1058.5, 3.989807157748437 ,  9.067654711355752,       45930.66,  24.063577136900626
2019, Soya beans                                                                                                                        ,          1191.9, 4.676201355107714 , 11.032972340729101,       53832.43,  52.7271299513551
2020, Soya beans                                                                                                                        ,           920.7, 4.673185605713763 , 10.597684142419439,       51035.86,  56.78357201721454
2021, Soya beans                                                                                                                        ,           976.2, 4.50342180774749  ,  9.752263667206963,       50222.16, 122.47019279053086
2022, Soya beans                                                                                                                        ,          1069.2, 4.8417415879183965, 11.416030339245731,       54823.04,  30.39448732668021
2023, Soya beans                                                                                                                        ,          1145.3, 4.196803808525507 , 10.050079181186689,       48045.01,  99.49900506638716
2009, Sugar cane                                                                                                                        ,         64553.5, 3.977649748513946 ,  9.869378184789209,       43495.6 ,   3.167083676268862
2010, Sugar cane                                                                                                                        ,         70019.1, 4.824177380125087 , 10.094051337355248,       55535.93,  51.041490618485064
2011, Sugar cane                                                                                                                        ,         69246.6, 4.105025191104934 ,  8.813380149209374,       47257.05,  15.314797602501738
2012, Sugar cane                                                                                                                        ,         71634.3, 3.762024843641418 ,  8.157801210441407,       43308.43,   3.660174600416956
2013, Sugar cane                                                                                                                        ,         68240.0, 4.44156532314107  ,  9.58267274963374 ,       51131.3 ,  39.3843372133426
2014, Sugar cane                                                                                                                        ,         70569.5, 4.032843988881167 ,  9.888358522551   ,       46426.1 ,  20.912805767894373
2015, Sugar cane                                                                                                                        ,         71466.1, 4.212624218207089 ,  9.924950150928971,       48495.73,  50.438757817929115
2016, Sugar cane                                                                                                                        ,         70393.5, 4.10388637943016  ,  9.115403997500591,       47243.94,   0.24271282140375267
2017, Sugar cane                                                                                                                        ,         69001.4, 4.472613794301599 , 10.191874789441343,       51488.73,  17.21720552466991
2018, Sugar cane                                                                                                                        ,         80198.4, 3.989807157748437 ,  9.067654711355752,       45930.66,  24.063577136900626
2019, Sugar cane                                                                                                                        ,         80104.5, 4.676201355107714 , 11.032972340729101,       53832.43,  52.7271299513551
2020, Sugar cane                                                                                                                        ,         80496.6, 4.673185605713763 , 10.597684142419439,       51035.86,  56.78357201721454
2021, Sugar cane                                                                                                                        ,         83566.2, 4.50342180774749  ,  9.752263667206963,       50222.16, 122.47019279053086
2022, Sugar cane                                                                                                                        ,         84906.3, 4.8417415879183965, 11.416030339245731,       54823.04,  30.39448732668021
2023, Sugar cane                                                                                                                        ,         83348.7, 4.196803808525507 , 10.050079181186689,       48045.01,  99.49900506638716
2009, Sunflower seed                                                                                                                    ,           576.1, 3.977649748513946 ,  9.869378184789209,       43495.6 ,   3.167083676268862
2010, Sunflower seed                                                                                                                    ,           700.0, 4.824177380125087 , 10.094051337355248,       55535.93,  51.041490618485064
2011, Sunflower seed                                                                                                                    ,           708.2, 4.105025191104934 ,  8.813380149209374,       47257.05,  15.314797602501738
2012, Sunflower seed                                                                                                                    ,           663.4, 3.762024843641418 ,  8.157801210441407,       43308.43,   3.660174600416956
2013, Sunflower seed                                                                                                                    ,           750.6, 4.44156532314107  ,  9.58267274963374 ,       51131.3 ,  39.3843372133426
2014, Sunflower seed                                                                                                                    ,           786.2, 4.032843988881167 ,  9.888358522551   ,       46426.1 ,  20.912805767894373
2015, Sunflower seed                                                                                                                    ,           629.8, 4.212624218207089 ,  9.924950150928971,       48495.73,  50.438757817929115
2016, Sunflower seed                                                                                                                    ,           529.5, 4.10388637943016  ,  9.115403997500591,       47243.94,   0.24271282140375267
2017, Sunflower seed                                                                                                                    ,           659.6, 4.472613794301599 , 10.191874789441343,       51488.73,  17.21720552466991
2018, Sunflower seed                                                                                                                    ,           781.8, 3.989807157748437 ,  9.067654711355752,       45930.66,  24.063577136900626
2019, Sunflower seed                                                                                                                    ,           825.5, 4.676201355107714 , 11.032972340729101,       53832.43,  52.7271299513551
2020, Sunflower seed                                                                                                                    ,           931.0, 4.673185605713763 , 10.597684142419439,       51035.86,  56.78357201721454
2021, Sunflower seed                                                                                                                    ,          1010.8, 4.50342180774749  ,  9.752263667206963,       50222.16, 122.47019279053086
2022, Sunflower seed                                                                                                                    ,           922.7, 4.8417415879183965, 11.416030339245731,       54823.04,  30.39448732668021
2023, Sunflower seed                                                                                                                    ,           996.4, 4.196803808525507 , 10.050079181186689,       48045.01,  99.49900506638716
2009, Sweet potatoes                                                                                                                    ,          9008.0, 3.977649748513946 ,  9.869378184789209,       43495.6 ,   3.167083676268862
2010, Sweet potatoes                                                                                                                    ,          9206.9, 4.824177380125087 , 10.094051337355248,       55535.93,  51.041490618485064
2011, Sweet potatoes                                                                                                                    ,          9245.6, 4.105025191104934 ,  8.813380149209374,       47257.05,  15.314797602501738
2012, Sweet potatoes                                                                                                                    ,          9717.4, 3.762024843641418 ,  8.157801210441407,       43308.43,   3.660174600416956
2013, Sweet potatoes                                                                                                                    ,         10128.8, 4.44156532314107  ,  9.58267274963374 ,       51131.3 ,  39.3843372133426
2014, Sweet potatoes                                                                                                                    ,         10275.6, 4.032843988881167 ,  9.888358522551   ,       46426.1 ,  20.912805767894373
2015, Sweet potatoes                                                                                                                    ,         11476.6, 4.212624218207089 ,  9.924950150928971,       48495.73,  50.438757817929115
2016, Sweet potatoes                                                                                                                    ,         11539.7, 4.10388637943016  ,  9.115403997500591,       47243.94,   0.24271282140375267
2017, Sweet potatoes                                                                                                                    ,         11406.3, 4.472613794301599 , 10.191874789441343,       51488.73,  17.21720552466991
2018, Sweet potatoes                                                                                                                    ,         11450.4, 3.989807157748437 ,  9.067654711355752,       45930.66,  24.063577136900626
2019, Sweet potatoes                                                                                                                    ,         10509.1, 4.676201355107714 , 11.032972340729101,       53832.43,  52.7271299513551
2020, Sweet potatoes                                                                                                                    ,         10564.8, 4.673185605713763 , 10.597684142419439,       51035.86,  56.78357201721454
2021, Sweet potatoes                                                                                                                    ,         10575.5, 4.50342180774749  ,  9.752263667206963,       50222.16, 122.47019279053086
2022, Sweet potatoes                                                                                                                    ,         11065.4, 4.8417415879183965, 11.416030339245731,       54823.04,  30.39448732668021
2023, Sweet potatoes                                                                                                                    ,         11718.2, 4.196803808525507 , 10.050079181186689,       48045.01,  99.49900506638716
2011, "Tangerines, mandarins, clementines                                                                                              ",         10046.3, 4.105025191104934 ,  8.813380149209374,       47257.05,  15.314797602501738
2012, "Tangerines, mandarins, clementines                                                                                              ",          9507.6, 3.762024843641418 ,  8.157801210441407,       43308.43,   3.660174600416956
2013, "Tangerines, mandarins, clementines                                                                                              ",          9344.1, 4.44156532314107  ,  9.58267274963374 ,       51131.3 ,  39.3843372133426
2014, "Tangerines, mandarins, clementines                                                                                              ",         10397.0, 4.032843988881167 ,  9.888358522551   ,       46426.1 ,  20.912805767894373
2015, "Tangerines, mandarins, clementines                                                                                              ",         12371.2, 4.212624218207089 ,  9.924950150928971,       48495.73,  50.438757817929115
2016, "Tangerines, mandarins, clementines                                                                                              ",         10360.2, 4.10388637943016  ,  9.115403997500591,       47243.94,   0.24271282140375267
2017, "Tangerines, mandarins, clementines                                                                                              ",         10824.4, 4.472613794301599 , 10.191874789441343,       51488.73,  17.21720552466991
2018, "Tangerines, mandarins, clementines                                                                                              ",         11918.2, 3.989807157748437 ,  9.067654711355752,       45930.66,  24.063577136900626
2019, "Tangerines, mandarins, clementines                                                                                              ",         13311.3, 4.676201355107714 , 11.032972340729101,       53832.43,  52.7271299513551
2020, "Tangerines, mandarins, clementines                                                                                              ",         13497.8, 4.673185605713763 , 10.597684142419439,       51035.86,  56.78357201721454
2021, "Tangerines, mandarins, clementines                                                                                              ",         13037.7, 4.50342180774749  ,  9.752263667206963,       50222.16, 122.47019279053086
2022, "Tangerines, mandarins, clementines                                                                                              ",         13883.3, 4.8417415879183965, 11.416030339245731,       54823.04,  30.39448732668021
2023, "Tangerines, mandarins, clementines                                                                                              ",         13430.4, 4.196803808525507 , 10.050079181186689,       48045.01,  99.49900506638716
2009, Tea leaves                                                                                                                        ,          7304.0, 3.977649748513946 ,  9.869378184789209,       43495.6 ,   3.167083676268862
2010, Tea leaves                                                                                                                        ,          7442.1, 4.824177380125087 , 10.094051337355248,       55535.93,  51.041490618485064
2011, Tea leaves                                                                                                                        ,          7938.3, 4.105025191104934 ,  8.813380149209374,       47257.05,  15.314797602501738
2012, Tea leaves                                                                                                                        ,          8157.0, 3.762024843641418 ,  8.157801210441407,       43308.43,   3.660174600416956
2013, Tea leaves                                                                                                                        ,          9319.5, 4.44156532314107  ,  9.58267274963374 ,       51131.3 ,  39.3843372133426
2014, Tea leaves                                                                                                                        ,          8690.4, 4.032843988881167 ,  9.888358522551   ,       46426.1 ,  20.912805767894373
2015, Tea leaves                                                                                                                        ,          9460.7, 4.212624218207089 ,  9.924950150928971,       48495.73,  50.438757817929115
2016, Tea leaves                                                                                                                        ,          9415.0, 4.10388637943016  ,  9.115403997500591,       47243.94,   0.24271282140375267
2017, Tea leaves                                                                                                                        ,          9267.9, 4.472613794301599 , 10.191874789441343,       51488.73,  17.21720552466991
2018, Tea leaves                                                                                                                        ,          9357.1, 3.989807157748437 ,  9.067654711355752,       45930.66,  24.063577136900626
2019, Tea leaves                                                                                                                        ,          9484.9, 4.676201355107714 , 11.032972340729101,       53832.43,  52.7271299513551
2020, Tea leaves                                                                                                                        ,          9767.2, 4.673185605713763 , 10.597684142419439,       51035.86,  56.78357201721454
2021, Tea leaves                                                                                                                        ,          9951.9, 4.50342180774749  ,  9.752263667206963,       50222.16, 122.47019279053086
2022, Tea leaves                                                                                                                        ,         10101.1, 4.8417415879183965, 11.416030339245731,       54823.04,  30.39448732668021
2023, Tea leaves                                                                                                                        ,         10250.4, 4.196803808525507 , 10.050079181186689,       48045.01,  99.49900506638716
2009, Tomatoes                                                                                                                          ,         18609.2, 3.977649748513946 ,  9.869378184789209,       43495.6 ,   3.167083676268862
2010, Tomatoes                                                                                                                          ,         19598.4, 4.824177380125087 , 10.094051337355248,       55535.93,  51.041490618485064
2011, Tomatoes                                                                                                                          ,         19105.2, 4.105025191104934 ,  8.813380149209374,       47257.05,  15.314797602501738
2012, Tomatoes                                                                                                                          ,         20565.6, 3.762024843641418 ,  8.157801210441407,       43308.43,   3.660174600416956
2013, Tomatoes                                                                                                                          ,         20712.5, 4.44156532314107  ,  9.58267274963374 ,       51131.3 ,  39.3843372133426
2014, Tomatoes                                                                                                                          ,         21241.8, 4.032843988881167 ,  9.888358522551   ,       46426.1 ,  20.912805767894373
2015, Tomatoes                                                                                                                          ,         21362.5, 4.212624218207089 ,  9.924950150928971,       48495.73,  50.438757817929115
2016, Tomatoes                                                                                                                          ,         24201.6, 4.10388637943016  ,  9.115403997500591,       47243.94,   0.24271282140375267
2017, Tomatoes                                                                                                                          ,         25982.4, 4.472613794301599 , 10.191874789441343,       51488.73,  17.21720552466991
2018, Tomatoes                                                                                                                          ,         25043.1, 3.989807157748437 ,  9.067654711355752,       45930.66,  24.063577136900626
2019, Tomatoes                                                                                                                          ,         24336.7, 4.676201355107714 , 11.032972340729101,       53832.43,  52.7271299513551
2020, Tomatoes                                                                                                                          ,         25122.2, 4.673185605713763 , 10.597684142419439,       51035.86,  56.78357201721454
2021, Tomatoes                                                                                                                          ,         25066.3, 4.50342180774749  ,  9.752263667206963,       50222.16, 122.47019279053086
2022, Tomatoes                                                                                                                          ,         24548.0, 4.8417415879183965, 11.416030339245731,       54823.04,  30.39448732668021
2023, Tomatoes                                                                                                                          ,         24057.7, 4.196803808525507 , 10.050079181186689,       48045.01,  99.49900506638716
2009, Unmanufactured tobacco                                                                                                            ,          1594.2, 3.977649748513946 ,  9.869378184789209,       43495.6 ,   3.167083676268862
2010, Unmanufactured tobacco                                                                                                            ,          1553.1, 4.824177380125087 , 10.094051337355248,       55535.93,  51.041490618485064
2011, Unmanufactured tobacco                                                                                                            ,          1693.9, 4.105025191104934 ,  8.813380149209374,       47257.05,  15.314797602501738
2012, Unmanufactured tobacco                                                                                                            ,          1782.6, 3.762024843641418 ,  8.157801210441407,       43308.43,   3.660174600416956
2013, Unmanufactured tobacco                                                                                                            ,          1716.1, 4.44156532314107  ,  9.58267274963374 ,       51131.3 ,  39.3843372133426
2014, Unmanufactured tobacco                                                                                                            ,          1694.7, 4.032843988881167 ,  9.888358522551   ,       46426.1 ,  20.912805767894373
2015, Unmanufactured tobacco                                                                                                            ,          1712.5, 4.212624218207089 ,  9.924950150928971,       48495.73,  50.438757817929115
2016, Unmanufactured tobacco                                                                                                            ,          1717.4, 4.10388637943016  ,  9.115403997500591,       47243.94,   0.24271282140375267
2017, Unmanufactured tobacco                                                                                                            ,          1724.0, 4.472613794301599 , 10.191874789441343,       51488.73,  17.21720552466991
2018, Unmanufactured tobacco                                                                                                            ,          1738.5, 3.989807157748437 ,  9.067654711355752,       45930.66,  24.063577136900626
2019, Unmanufactured tobacco                                                                                                            ,          1754.3, 4.676201355107714 , 11.032972340729101,       53832.43,  52.7271299513551
2020, Unmanufactured tobacco                                                                                                            ,          1775.2, 4.673185605713763 , 10.597684142419439,       51035.86,  56.78357201721454
2021, Unmanufactured tobacco                                                                                                            ,          1793.7, 4.50342180774749  ,  9.752263667206963,       50222.16, 122.47019279053086
2022, Unmanufactured tobacco                                                                                                            ,          1808.5, 4.8417415879183965, 11.416030339245731,       54823.04,  30.39448732668021
2023, Unmanufactured tobacco                                                                                                            ,          1823.4, 4.196803808525507 , 10.050079181186689,       48045.01,  99.49900506638716
2009, "Walnuts, in shell                                                                                                               ",          1168.8, 3.977649748513946 ,  9.869378184789209,       43495.6 ,   3.167083676268862
2010, "Walnuts, in shell                                                                                                               ",          1233.8, 4.824177380125087 , 10.094051337355248,       55535.93,  51.041490618485064
2011, "Walnuts, in shell                                                                                                               ",          1168.8, 4.105025191104934 ,  8.813380149209374,       47257.05,  15.314797602501738
2012, "Walnuts, in shell                                                                                                               ",          1269.8, 3.762024843641418 ,  8.157801210441407,       43308.43,   3.660174600416956
2013, "Walnuts, in shell                                                                                                               ",          1161.3, 4.44156532314107  ,  9.58267274963374 ,       51131.3 ,  39.3843372133426
2014, "Walnuts, in shell                                                                                                               ",          1387.1, 4.032843988881167 ,  9.888358522551   ,       46426.1 ,  20.912805767894373
2015, "Walnuts, in shell                                                                                                               ",          1129.0, 4.212624218207089 ,  9.924950150928971,       48495.73,  50.438757817929115
2016, "Walnuts, in shell                                                                                                               ",          1064.5, 4.10388637943016  ,  9.115403997500591,       47243.94,   0.24271282140375267
2009, Watermelons                                                                                                                       ,         13729.0, 3.977649748513946 ,  9.869378184789209,       43495.6 ,   3.167083676268862
2010, Watermelons                                                                                                                       ,         13807.1, 4.824177380125087 , 10.094051337355248,       55535.93,  51.041490618485064
2011, Watermelons                                                                                                                       ,         21313.1, 4.105025191104934 ,  8.813380149209374,       47257.05,  15.314797602501738
2012, Watermelons                                                                                                                       ,         24323.9, 3.762024843641418 ,  8.157801210441407,       43308.43,   3.660174600416956
2013, Watermelons                                                                                                                       ,         22086.4, 4.44156532314107  ,  9.58267274963374 ,       51131.3 ,  39.3843372133426
2014, Watermelons                                                                                                                       ,         24133.3, 4.032843988881167 ,  9.888358522551   ,       46426.1 ,  20.912805767894373
2015, Watermelons                                                                                                                       ,         24101.1, 4.212624218207089 ,  9.924950150928971,       48495.73,  50.438757817929115
2016, Watermelons                                                                                                                       ,         24473.7, 4.10388637943016  ,  9.115403997500591,       47243.94,   0.24271282140375267
2017, Watermelons                                                                                                                       ,         23978.0, 4.472613794301599 , 10.191874789441343,       51488.73,  17.21720552466991
2018, Watermelons                                                                                                                       ,         24950.5, 3.989807157748437 ,  9.067654711355752,       45930.66,  24.063577136900626
2019, Watermelons                                                                                                                       ,         24950.0, 4.676201355107714 , 11.032972340729101,       53832.43,  52.7271299513551
2020, Watermelons                                                                                                                       ,         27215.5, 4.673185605713763 , 10.597684142419439,       51035.86,  56.78357201721454
2021, Watermelons                                                                                                                       ,         27344.5, 4.50342180774749  ,  9.752263667206963,       50222.16, 122.47019279053086
2022, Watermelons                                                                                                                       ,         27566.7, 4.8417415879183965, 11.416030339245731,       54823.04,  30.39448732668021
2023, Watermelons                                                                                                                       ,         28777.8, 4.196803808525507 , 10.050079181186689,       48045.01,  99.49900506638716
2009, Wheat                                                                                                                             ,          2907.1, 3.977649748513946 ,  9.869378184789209,       43495.6 ,   3.167083676268862
2010, Wheat                                                                                                                             ,          2839.5, 4.824177380125087 , 10.094051337355248,       55535.93,  51.041490618485064
2011, Wheat                                                                                                                             ,          2988.6, 4.105025191104934 ,  8.813380149209374,       47257.05,  15.314797602501738
2012, Wheat                                                                                                                             ,          3177.5, 3.762024843641418 ,  8.157801210441407,       43308.43,   3.660174600416956
2013, Wheat                                                                                                                             ,          3153.8, 4.44156532314107  ,  9.58267274963374 ,       51131.3 ,  39.3843372133426
2014, Wheat                                                                                                                             ,          3145.7, 4.032843988881167 ,  9.888358522551   ,       46426.1 ,  20.912805767894373
2015, Wheat                                                                                                                             ,          2749.6, 4.212624218207089 ,  9.924950150928971,       48495.73,  50.438757817929115
2016, Wheat                                                                                                                             ,          3033.9, 4.10388637943016  ,  9.115403997500591,       47243.94,   0.24271282140375267
2017, Wheat                                                                                                                             ,          3199.9, 4.472613794301599 , 10.191874789441343,       51488.73,  17.21720552466991
2018, Wheat                                                                                                                             ,          3368.2, 3.989807157748437 ,  9.067654711355752,       45930.66,  24.063577136900626
2019, Wheat                                                                                                                             ,          3533.4, 4.676201355107714 , 11.032972340729101,       53832.43,  52.7271299513551
2020, Wheat                                                                                                                             ,          3439.8, 4.673185605713763 , 10.597684142419439,       51035.86,  56.78357201721454
2021, Wheat                                                                                                                             ,          3520.8, 4.50342180774749  ,  9.752263667206963,       50222.16, 122.47019279053086
2022, Wheat                                                                                                                             ,          3537.3, 4.8417415879183965, 11.416030339245731,       54823.04,  30.39448732668021
2023, Wheat                                                                                                                             ,          3520.7, 4.196803808525507 , 10.050079181186689,       48045.01,  99.49900506638716
