state,crop_year,season,crop,yield_kg_ha
Madhya Pradesh,2009,Whole Year,Sweet potato,5948.813268515871
Madhya Pradesh,2025,Kharif,Sunflower,1100.3416040698635
Nagaland,2001,Kharif,Jute,1000.0
Jharkhand,2004,Whole Year,Sugarcane,25706.76096285246
Uttar Pradesh,2026,Rabi,Linseed,610.6412799563795
Bihar,2014,Rabi,Lentil,975.0001594974343
Jammu and Kashmir,2011,Kharif,Potato,7306.403940886699
Chhattisgarh,2024,Whole Year,Sweet potato,5210.1507860574975
Odisha,2015,Winter,Potato,10173.480270174192
Uttar Pradesh,2004,Kharif,Arhar/Tur,814.7561963899041
Jammu and Kashmir,2018,Kharif,Peas & beans (Pulses),4293.939393939394
Assam,2006,Rabi,Peas & beans (Pulses),612.0252833934076
Andhra Pradesh,2018,Kharif,Castor seed,419.09347788478175
Madhya Pradesh,2024,Whole Year,Sesamum,579.9333566497075
Mizoram,2023,Kharif,Maize,1741.0795537274314
Puducherry,2017,Kharif,Turmeric,3000.0
Goa,2021,Whole Year,other oilseeds,3206.1936002815273
Madhya Pradesh,2020,Kharif,Arhar/Tur,1275.0436173525095
Karnataka,2013,Whole Year,Mango,7087.374041140197
Odisha,2026,Kharif,Small millets,466.55405202034154
Puducherry,2013,Kharif,Dry chillies,4000.0
Odisha,2009,Autumn,Moong(Green Gram),227.73917445124476
Uttarakhand,2008,Kharif,Other Cereals,1181.9534593690655
Rajasthan,2020,Rabi,Barley,2650.872942574389
Tripura,2000,Kharif,Rice,2252.5198502488993
Puducherry,2024,Rabi,Other  Rabi pulses,1457.0168993387215
Jammu and Kashmir,2006,Kharif,Groundnut,512.8205128205128
Kerala,2023,Whole Year,Garlic,1240.8646791453418
Tamil Nadu,2004,Whole Year,Tapioca,41267.90187089132
Chhattisgarh,2012,Rabi,Gram,1138.000671917578
Meghalaya,2011,Rabi,Linseed,482.3529411764706
Bihar,2020,Rabi,Gram,1130.4488346558628
Sikkim,2009,Kharif,Small millets,983.5294117647059
Himachal Pradesh,2012,Rabi,Linseed,369.09871244635195
Tamil Nadu,2014,Whole Year,Ginger,4231.511254019292
Kerala,2016,Whole Year,Groundnut,1410.6145251396647
Jharkhand,2014,Autumn,Maize,2166.178513762157
Uttar Pradesh,2018,Kharif,Small millets,755.0180980585719
Sikkim,2015,Kharif,Small millets,1020.3294777427269
Andhra Pradesh,2023,Whole Year,Ginger,3599.5422418864796
Himachal Pradesh,2023,Kharif,Turmeric,762.2946776500766
Jammu and Kashmir,2008,Rabi,Urad,454.54545454545456
Maharashtra,2010,Whole Year,Sugarcane,88845.51581130119
Bihar,2009,Rabi,Rapeseed &Mustard,1019.4375055758766
Jammu and Kashmir,2001,Kharif,Jowar,571.4285714285714
Uttarakhand,2005,Rabi,Gram,698.0088495575221
Kerala,2014,Whole Year,Arhar/Tur,1289.2953929539296
Telangana,2015,Kharif,Arhar/Tur,419.78635551928375
Jammu and Kashmir,2010,Rabi,Linseed,1129.4117647058824
Karnataka,2001,Kharif,Horse-gram,527.8821187188722
Himachal Pradesh,2012,Kharif,Groundnut,863.6363636363636
Chhattisgarh,2011,Kharif,Bajra,467.741935483871
Assam,2016,Kharif,Small millets,616.3402821646663
Uttar Pradesh,2004,Kharif,Urad,493.95391059950003
Bihar,2008,Rabi,Safflower,813.953488372093
Meghalaya,2003,Kharif,Arhar/Tur,786.9458128078818
Bihar,2002,Kharif,Jowar,1009.9954566106315
Maharashtra,2024,Whole Year,Mango,8812.476318119583
Andhra Pradesh,2010,Rabi,Linseed,228.52081488042515
Rajasthan,2025,Rabi,Wheat,4616.578428301394
Nagaland,2000,Kharif,Arhar/Tur,1125.0
Manipur,2017,Rabi,Other  Rabi pulses,936.7807031373168
Himachal Pradesh,2012,Rabi,Barley,1726.5647533890972
Gujarat,2014,Rabi,Wheat,2811.4642634890633
Andhra Pradesh,2017,Kharif,Cotton(lint),3235.9342922188644
Karnataka,2006,Rabi,Linseed,306.03272816087275
Punjab,2022,Kharif,Moong(Green Gram),937.5997599166303
Chhattisgarh,2006,Kharif,Moong(Green Gram),283.62757461118116
Chhattisgarh,2006,Whole Year,Dry chillies,341.81876400896573
Chhattisgarh,2025,Whole Year,Sweet potato,6152.845750829515
Nagaland,2017,Kharif,Niger seed,1120.5846528623629
Chhattisgarh,2010,Rabi,Gram,956.5382281553398
Nagaland,2021,Rabi,Linseed,903.8729480447179
Karnataka,2017,Whole Year,Cashewnut,734.0847996089932
Karnataka,2007,Kharif,Bajra,774.232723482663
Chhattisgarh,2019,Kharif,Sannhamp,509.5541401273885
Odisha,2013,Winter,Potato,11598.439278166152
Haryana,2005,Kharif,Arhar/Tur,811.5209365749826
Arunachal Pradesh,2010,Whole Year,Sugarcane,19213.527851458886
Chhattisgarh,2019,Kharif,Sesamum,402.01979668271804
Chhattisgarh,2024,Rabi,Barley,936.6671906362603
Telangana,2013,Kharif,Dry chillies,3162.768031189084
Haryana,2019,Kharif,Castor seed,666.2677636499626
Puducherry,2026,Kharif,Cotton(lint),10.012322858903266
Himachal Pradesh,2013,Rabi,Linseed,251.14995400183992
Tripura,2004,Rabi,Masoor,509.478672985782
Delhi,2012,Kharif,Rice,3257.745550428477
Punjab,2003,Rabi,Sunflower,1700.0
Jammu and Kashmir,2021,Rabi,Peas & beans (Pulses),2219.1659623917176
Madhya Pradesh,2006,Kharif,Rice,829.9033520050323
Tripura,2024,Rabi,Masoor,782.0591712703363
Punjab,2006,Kharif,Groundnut,863.6363636363636
Arunachal Pradesh,2002,Whole Year,Oilseeds total,1046.5712079736086
Punjab,2008,Kharif,Moong(Green Gram),887.6404494382023
Himachal Pradesh,2002,Whole Year,Coriander,319.3916349809886
Puducherry,2002,Kharif,Rice,2382.321265843758
Assam,2024,Rabi,Urad,718.5547985460818
Manipur,2018,Kharif,Soyabean,900.2854812398042
Assam,2013,Rabi,Moong(Green Gram),640.7583716349311
Bihar,2005,Kharif,Horse-gram,860.0987738419618
Tripura,2016,Kharif,Sesamum,586.046511627907
Rajasthan,2019,Kharif,Cotton(lint),571.3798158739717
Kerala,2026,Whole Year,Wheat,2632.478632478633
Jammu and Kashmir,2011,Rabi,Wheat,1700.521243587197
Manipur,2005,Rabi,Rapeseed &Mustard,480.0
Puducherry,2003,Rabi,Other  Rabi pulses,978.7234042553191
Meghalaya,2022,Rabi,Peas & beans (Pulses),2215.983415559162
Jharkhand,2010,Rabi,Potato,5789.855072463768
Bihar,2004,Kharif,Maize,1637.871669871168
Uttar Pradesh,2016,Rabi,Lentil,1034.7298824383547
Odisha,2026,Autumn,Sesamum,401.6841210062897
Haryana,2025,Kharif,Jowar,808.0809994904185
Puducherry,2026,Kharif,Other Cereals,926.6401173758122
Tamil Nadu,2018,Whole Year,Black pepper,211.09316101238556
Maharashtra,2004,Rabi,Gram,561.7544282443667
Chhattisgarh,2001,Rabi,Other  Rabi pulses,347.65625
Goa,2011,Kharif,Groundnut,2862.7450980392155
Assam,2025,Rabi,Peas & beans (Pulses),930.7566447769692
Bihar,2025,Kharif,Arhar/Tur,2266.893509065798
Chhattisgarh,2025,Whole Year,Dry chillies,628.267765311083
West Bengal,2006,Rabi,Peas & beans (Pulses),675.1500600240096
Assam,2014,Rabi,Peas & beans (Pulses),924.0117521367522
Madhya Pradesh,2020,Kharif,Soyabean,1572.869916421483
Jammu and Kashmir,2004,Kharif,Jowar,599.9665383971892
Goa,2026,Whole Year,Arecanut,2044.2297562472145
Himachal Pradesh,2025,Kharif,Turmeric,669.5143884892086
Tripura,2012,Kharif,Other Kharif pulses,656.1203319502075
Assam,2018,Kharif,Castor seed,464.08839779005524
West Bengal,2013,Autumn,Rice,2350.3161362813994
Uttar Pradesh,2021,Rabi,Turmeric,1844.7551027316115
Sikkim,2026,Kharif,Small millets,1055.7178680890022
Puducherry,2001,Whole Year,Banana,33160.0
Bihar,2007,Whole Year,Garlic,1444.8441247002397
Kerala,2019,Autumn,Rice,2595.5094373378656
Meghalaya,2013,Whole Year,Arecanut,1505.8160450893392
Uttarakhand,2003,Kharif,Groundnut,995.2867242733699
Punjab,2021,Kharif,Maize,4120.613383677509
Odisha,2013,Autumn,Moong(Green Gram),320.1988812927284
Jammu and Kashmir,2023,Kharif,Cowpea(Lobia),307.17413270461435
Nagaland,2017,Rabi,Masoor,822.4299065420561
Delhi,2010,Kharif,Bajra,1878.5107772697584
Jharkhand,2018,Rabi,Potato,24452.707123217795
Bihar,2019,Kharif,Jute,10532.134738582352
Uttar Pradesh,2025,Kharif,Groundnut,1072.4288081447758
Maharashtra,2008,Kharif,Jowar,1162.2801841142452
Punjab,2025,Kharif,Groundnut,2729.7619500564374
Gujarat,2006,Rabi,Rapeseed &Mustard,1368.890166762507
Karnataka,2018,Kharif,Cotton(lint),1958.7268990963455
Arunachal Pradesh,2026,Rabi,Rapeseed &Mustard,1198.1613947512503
Chhattisgarh,2010,Whole Year,Sugarcane,2447.7453580901856
Uttarakhand,2000,Kharif,Small millets,1098.6824121152479
Tripura,2008,Kharif,Cotton(lint),1469.5562435500517
Assam,2004,Rabi,Peas & beans (Pulses),599.82912132386
Karnataka,2014,Kharif,Soyabean,739.9330040933247
Bihar,2012,Kharif,Jowar,1071.455720258457
Bihar,2018,Rabi,Sunflower,1416.9403393541324
Uttar Pradesh,2017,Rabi,Gram,1155.339262963244
Andhra Pradesh,2004,Rabi,Safflower,436.0498763613406
Bihar,2005,Autumn,Rice,944.1426168297911
Andhra Pradesh,2008,Whole Year,Ginger,5325.432999088423
Meghalaya,2026,Kharif,Arhar/Tur,1308.3362210863727
Puducherry,2024,Kharif,Banana,17550.87664370695
Rajasthan,2010,Kharif,Sesamum,620.9075265870887
Kerala,2009,Kharif,Cotton(lint),1300.5893909626718
Bihar,2012,Rabi,Sunflower,1410.4922608475006
Maharashtra,2014,Kharif,Soyabean,500.41206527113894
Meghalaya,2019,Rabi,Masoor,1111.111111111111
Madhya Pradesh,2023,Rabi,Masoor,1110.638239117977
Tamil Nadu,2008,Whole Year,Black pepper,229.3401665598975
Tripura,2019,Rabi,other oilseeds,795.6989247311828
Puducherry,2000,Kharif,Groundnut,1836.595744680851
Himachal Pradesh,2009,Kharif,Soyabean,781.8181818181819
Gujarat,2024,Kharif,Arhar/Tur,1361.5833841401854
Chhattisgarh,2000,Kharif,Horse-gram,296.42016397434855
Kerala,2023,Whole Year,Tapioca,44315.45192052277
Andhra Pradesh,2008,Kharif,Sesamum,209.248278708108
Bihar,2021,Rabi,Other  Rabi pulses,1029.4794598938806
Maharashtra,2010,Whole Year,Mango,6724.6767606077865
Haryana,2019,Whole Year,Garlic,13443.798449612403
Jammu and Kashmir,2025,Kharif,Rice,2060.2024093654245
West Bengal,2016,Autumn,Ragi,1108.320726172466
Jammu and Kashmir,2022,Kharif,Ragi,576.6829574702782
Punjab,2018,Kharif,Bajra,636.3636363636364
Nagaland,2012,Kharif,Rice,2203.9715207475806
Maharashtra,2015,Kharif,Bajra,415.81314014489135
Odisha,2001,Kharif,Bajra,566.0847880299252
Himachal Pradesh,2009,Kharif,Sesamum,84.02452217814641
Jharkhand,2008,Rabi,Potato,6710.3767059420825
Karnataka,2003,Kharif,Maize,1954.2018454905729
Chhattisgarh,2012,Rabi,Other  Rabi pulses,159.7081475476287
Haryana,2014,Whole Year,Onion,22316.473786949246
Himachal Pradesh,2023,Kharif,Tobacco,1266.2116040955632
Jammu and Kashmir,2018,Rabi,Linseed,1119.205298013245
Meghalaya,2016,Kharif,Arhar/Tur,1293.2651321398125
Haryana,2023,Kharif,Urad,846.9571136827774
Gujarat,2013,Kharif,Maize,1266.498566647155
Kerala,2024,Whole Year,Tapioca,41940.74147069
Bihar,2015,Kharif,Groundnut,1018.2926829268292
Uttar Pradesh,2014,Kharif,Rice,2266.595732407354
Himachal Pradesh,2006,Rabi,Linseed,243.8858695652174
Maharashtra,2026,Kharif,Moong(Green Gram),318.7830218531226
Maharashtra,2004,Kharif,Castor seed,284.5528455284553
Madhya Pradesh,2010,Whole Year,Potato,8570.997097356241
Nagaland,2007,Rabi,Linseed,766.6666666666666
West Bengal,2002,Kharif,Jute,13372.074596032488
Kerala,2026,Whole Year,Turmeric,2963.242943807169
Madhya Pradesh,2019,Whole Year,Garlic,10175.781062888267
Uttar Pradesh,2003,Kharif,Rice,2181.305795015431
Maharashtra,2000,Kharif,Sesamum,215.12158054711247
Gujarat,2004,Whole Year,Potato,27643.76590330789
Jharkhand,2006,Rabi,Gram,734.2928468136471
Himachal Pradesh,2021,Kharif,Sesamum,452.3636394029052
Uttarakhand,2004,Kharif,Other Cereals,1165.1073125156265
Jammu and Kashmir,2009,Kharif,Sugarcane,2000.0
Meghalaya,2023,Rabi,Other  Rabi pulses,784.9341321311098
Odisha,2026,Winter,Sugarcane,67564.49959126067
Maharashtra,2003,Kharif,Turmeric,4845.1920389229335
Meghalaya,2001,Whole Year,Tobacco,659.3406593406594
Himachal Pradesh,2019,Rabi,Garlic,653.0560486938879
Uttarakhand,2020,Kharif,Other Cereals,561.7977528089888
Maharashtra,2007,Kharif,Turmeric,5133.6253152696745
Madhya Pradesh,2017,Rabi,Mustard,1543.8538718859857
Uttarakhand,2013,Kharif,Moth,407.4074074074074
Gujarat,2008,Rabi,Rapeseed &Mustard,1137.4617216740387
Madhya Pradesh,2017,Rabi,Masoor,1139.5446385127766
Punjab,2021,Rabi,Potato,24325.05119548125
Kerala,2023,Whole Year,Small millets,756.4802182810369
Maharashtra,2018,Kharif,Other Kharif pulses,471.9586541987532
Chhattisgarh,2003,Whole Year,Garlic,2830.769230769231
Nagaland,2022,Kharif,Other Kharif pulses,1276.9225435129324
Jammu and Kashmir,2019,Rabi,Garlic,808.1570996978852
Meghalaya,2015,Rabi,Castor seed,902.7777777777778
Odisha,2024,Whole Year,Dry chillies,1128.9364891047048
Chhattisgarh,2023,Rabi,Gram,976.4094206697523
West Bengal,2010,Kharif,Niger seed,680.9369951534734
Punjab,2005,Rabi,Barley,3315.7894736842104
Tamil Nadu,2017,Autumn,Rice,3853.7586873817772
Tamil Nadu,2004,Kharif,Urad,366.65724231768303
Meghalaya,2007,Kharif,Maize,1474.5424683247302
Assam,2003,Whole Year,Tapioca,4738.2526975287155
Tripura,2009,Kharif,Rice,2606.5619170963355
Assam,2026,Rabi,Other  Rabi pulses,695.5233531246146
Manipur,2002,Kharif,Other Kharif pulses,507.8125
Kerala,2023,Whole Year,Wheat,2267.8571428571427
Maharashtra,2012,Rabi,Linseed,279.04411764705884
Jharkhand,2003,Rabi,Gram,848.685039666227
Manipur,2000,Whole Year,Onion,2114.285714285714
Maharashtra,2007,Rabi,Other  Rabi pulses,494.37412095639945
Uttarakhand,2015,Kharif,Moong(Green Gram),666.6666666666666
Bihar,2002,Whole Year,Potato,9989.257132033095
Jammu and Kashmir,2026,Kharif,Cotton(lint),571.0144927536231
Uttar Pradesh,2005,Kharif,Arhar/Tur,922.4001574475654
Karnataka,2023,Kharif,Maize,3556.5082699585387
Andhra Pradesh,2000,Kharif,Niger seed,325.2221981357034
Andhra Pradesh,2004,Kharif,Dry chillies,3221.4162905652265
Puducherry,2024,Kharif,Sesamum,1008.5561497326203
Himachal Pradesh,2006,Kharif,Rice,1559.035931621342
Delhi,2000,Kharif,Maize,1636.3636363636363
Chhattisgarh,2023,Rabi,Other  Rabi pulses,243.9035339750036
Nagaland,2010,Kharif,Moong(Green Gram),950.0
West Bengal,2007,Kharif,Bajra,359.375
Rajasthan,2025,Rabi,Gram,1222.6188650394274
Odisha,2006,Autumn,Sesamum,184.33734939759037
Nagaland,2008,Kharif,Arhar/Tur,958.8607594936709
Meghalaya,2002,Kharif,Cotton(lint),1070.998632010944
Karnataka,2005,Whole Year,Coriander,152.57011895667358
Karnataka,2005,Whole Year,Arecanut,6414.220203411707
Punjab,2025,Rabi,Potato,26272.27675545218
Odisha,2000,Rabi,Rapeseed &Mustard,133.03751512706737
Chhattisgarh,2012,Rabi,Peas & beans (Pulses),375.4573393824089
Karnataka,2004,Rabi,Safflower,517.014293276866
Karnataka,2010,Whole Year,Mesta,1261.143156790771
West Bengal,2011,Kharif,Bajra,372.8813559322034
Tripura,2018,Kharif,Mesta,8352.941176470587
Madhya Pradesh,2010,Rabi,Wheat,1989.9702684473223
Chhattisgarh,2008,Whole Year,Dry chillies,530.5172127058041
Arunachal Pradesh,2023,Kharif,Small millets,936.8575363578659
Madhya Pradesh,2003,Rabi,Rapeseed &Mustard,1083.0003361093475
Maharashtra,2013,Rabi,Linseed,268.59504132231405
Assam,2022,Kharif,Sesamum,766.5958251605633
Madhya Pradesh,2005,Kharif,Small millets,378.32340977421444
Rajasthan,2011,Kharif,Cotton(lint),529.6363120590341
Nagaland,2010,Rabi,Rapeseed &Mustard,1001.1090573012939
Maharashtra,2023,Kharif,Other Kharif pulses,398.2810893372983
Uttar Pradesh,2024,Kharif,Sugarcane,62969.16365922708
Gujarat,2015,Rabi,Wheat,2700.0813808155804
Gujarat,2011,Kharif,Moong(Green Gram),438.5
Uttar Pradesh,2014,Rabi,Gram,317.2203489434588
Uttarakhand,2006,Whole Year,Sugarcane,61136.528447282304
Haryana,2016,Kharif,Moth,166.66666666666666
Maharashtra,2023,Kharif,Ragi,1054.4161015552243
Goa,2001,Whole Year,Cashewnut,425.0092489826119
Gujarat,2023,Whole Year,Guar seed,997.7281964363456
Mizoram,2002,Kharif,Moong(Green Gram),692.3076923076923
Meghalaya,2018,Kharif,Cotton(lint),1217.6308539944903
Punjab,2024,Rabi,Wheat,4712.250335828154
Mizoram,2016,Kharif,Soyabean,1574.0922473012758
Odisha,2023,Autumn,Maize,2513.4985487127715
Chhattisgarh,2009,Whole Year,Tobacco,500.0
Himachal Pradesh,2014,Rabi,Rapeseed &Mustard,547.5307210758173
Nagaland,2018,Kharif,Sesamum,610.8108108108108
Goa,2003,Whole Year,Sugarcane,47609.09090909091
Karnataka,2003,Whole Year,Cardamom,56.776180698151954
Chhattisgarh,2014,Kharif,Sunflower,347.20776968435655
Bihar,2008,Whole Year,Turmeric,1159.7701149425288
Manipur,2011,Whole Year,Potato,8472.222222222223
West Bengal,2021,Kharif,Castor seed,372.3165652034604
Nagaland,2026,Kharif,Sugarcane,45998.40579218561
Maharashtra,2008,Kharif,Maize,2405.0172695873475
Tripura,2007,Whole Year,Sugarcane,48673.61835245047
Andhra Pradesh,2025,Kharif,Oilseeds total,4933.439230544556
Tamil Nadu,2018,Whole Year,Ginger,19265.25198938992
Gujarat,2008,Rabi,Wheat,2375.4810335349093
Uttarakhand,2008,Kharif,Sesamum,214.54219030520647
Kerala,2015,Whole Year,Small millets,714.2857142857143
Bihar,2016,Kharif,Mesta,2368.8047540280586
Karnataka,2016,Whole Year,Banana,32827.31729739597
Uttar Pradesh,2018,Rabi,Onion,15478.57967275443
Himachal Pradesh,2001,Rabi,Gram,877.6223776223776
Meghalaya,2022,Whole Year,Sugarcane,2954.121732772802
Meghalaya,2009,Rabi,Gram,625.6684491978609
Gujarat,2018,Kharif,Rice,2247.7565801422593
Mizoram,2026,Kharif,Soyabean,1432.3182767051408
Mizoram,2007,Kharif,other oilseeds,206.59211300765156
Tamil Nadu,2000,Kharif,Ragi,1714.2069951073004
Meghalaya,2009,Whole Year,Potato,9171.465672990063
Himachal Pradesh,2024,Kharif,Other Kharif pulses,952.1842874622166
Jammu and Kashmir,2001,Kharif,Cotton(lint),492.7536231884058
Punjab,2005,Whole Year,Guar seed,744.7698744769874
Nagaland,2016,Rabi,Rapeseed &Mustard,1013.1386861313869
Jammu and Kashmir,2023,Kharif,Small millets,488.54420518556987
Karnataka,2002,Whole Year,Cardamom,56.84102035557846
Tripura,2017,Kharif,Sesamum,590.0497512437811
West Bengal,2022,Rabi,Peas & beans (Pulses),1150.3414906952362
Uttar Pradesh,2014,Kharif,Sesamum,197.01071804720897
Madhya Pradesh,2021,Whole Year,Coriander,1993.3409171663948
Maharashtra,2021,Kharif,Turmeric,6920.419450984759
Assam,2009,Whole Year,Sweet potato,3521.745518660006
Bihar,2024,Kharif,Other Kharif pulses,928.2524364096059
Karnataka,2015,Whole Year,Tomato,22126.77934557927
Andhra Pradesh,2010,Rabi,Safflower,679.6791443850267
Uttar Pradesh,2005,Kharif,Sugarcane,58201.31496977212
Tripura,2023,Kharif,Jute,9010.324729392174
Rajasthan,2005,Kharif,Sesamum,455.72035075516084
Odisha,2021,Rabi,Mustard,1787.3035304880584
Manipur,2022,Kharif,Moong(Green Gram),1208.8702229649502
Bihar,2019,Autumn,Maize,2077.704042387498
West Bengal,2004,Kharif,Ginger,2058.1917808219177
Jharkhand,2007,Rabi,Arhar/Tur,1458.0342347684316
Haryana,2023,Rabi,Barley,4179.114221221229
Haryana,2025,Kharif,Sunflower,3358.153481224108
Nagaland,2007,Kharif,Jowar,1312.5
Assam,2014,Rabi,Urad,648.0598144993374
Maharashtra,2018,Kharif,Urad,421.3505212566896
Haryana,2018,Rabi,Wheat,4924.601464885825
Chhattisgarh,2009,Kharif,Sesamum,441.15096168562826
Uttar Pradesh,2008,Kharif,Maize,1495.5254204701785
Andhra Pradesh,2025,Kharif,Cowpea(Lobia),412.48484475490045
Puducherry,2000,Rabi,Other  Rabi pulses,1953.125
Meghalaya,2025,Whole Year,Coriander,2596.4480201406564
Tamil Nadu,2006,Whole Year,Sweet potato,16799.46761313221
Tamil Nadu,2016,Whole Year,Tapioca,26337.948181104424
Gujarat,2007,Whole Year,Sugarcane,71990.52132701421
Haryana,2007,Whole Year,Potato,17908.641726328526
Tripura,2026,Rabi,Peas & beans (Pulses),1040.5510996713626
Manipur,2021,Kharif,Sesamum,244.68361959997023
Gujarat,2011,Whole Year,Guar seed,580.6703039750585
Meghalaya,2008,Whole Year,Tobacco,656.6265060240963
Puducherry,2018,Summer,Other Summer Pulses,1000.0
Rajasthan,2015,Rabi,Barley,2823.8901094663606
Puducherry,2026,Kharif,Ginger,863.5936959636382
Andhra Pradesh,2014,Kharif,Arecanut,699.7929606625258
West Bengal,2014,Rabi,Masoor,962.7720851270236
Kerala,2006,Whole Year,Rubber,1352.2971317956722
Puducherry,2011,Kharif,Groundnut,1875.0
Maharashtra,2020,Kharif,Bajra,1918.6621241918594
Bihar,2025,Whole Year,Sugarcane,78046.95358484639
Meghalaya,2016,Rabi,Cowpea(Lobia),1512.3419626730886
Telangana,2020,Kharif,Rice,3739.4212471444935
Sikkim,2000,Kharif,Rice,1403.4695755026942
West Bengal,2003,Rabi,Onion,15648.008933568892
Delhi,2000,Kharif,Cotton(lint),1000.0
Bihar,2017,Kharif,Urad,890.3331650681474
Kerala,2025,Whole Year,Tapioca,49981.49041432655
Odisha,2026,Whole Year,Garlic,4131.8141783632855
Rajasthan,2022,Rabi,Mustard,1747.8901047297543
Punjab,2004,Kharif,Urad,529.4117647058823
Jharkhand,2019,Rabi,Onion,19151.578467923002
Bihar,2017,Rabi,Potato,14297.300370715731
Haryana,2026,Rabi,Wheat,5192.321541968946
Odisha,2005,Autumn,Moong(Green Gram),216.51796839954145
Punjab,2002,Rabi,Masoor,675.0
Puducherry,2005,Whole Year,Dry chillies,2125.0
Tamil Nadu,2013,Whole Year,Cardamom,90.50445103857567
Jharkhand,2005,Rabi,Rapeseed &Mustard,677.5721611012134
Madhya Pradesh,2011,Rabi,Masoor,367.1996587030717
Maharashtra,2007,Rabi,Onion,17833.018770047915
Madhya Pradesh,2007,Whole Year,Sweet potato,5479.744136460555
Rajasthan,2020,Rabi,Mustard,1689.8738905815705
Tamil Nadu,2014,Kharif,Rice,4428.677915376735
Uttar Pradesh,2000,Kharif,Maize,1622.4993859638496
Gujarat,2002,Whole Year,Guar seed,310.1336302895323
Himachal Pradesh,2004,Kharif,Rice,1372.3638375734101
Punjab,2009,Kharif,Jowar,1000.0
Andhra Pradesh,2022,Kharif,Urad,1092.7705152018134
West Bengal,2013,Kharif,Mesta,13107.426270283075
Bihar,2002,Kharif,Ragi,687.9439478134815
Gujarat,2008,Whole Year,Sugarcane,70094.89380930863
Bihar,2023,Kharif,Jowar,1194.4637883008356
Assam,2024,Whole Year,Sweet potato,5456.584201629337
Jammu and Kashmir,2016,Rabi,other oilseeds,776.3371150729336
Gujarat,2000,Kharif,Bajra,650.2596789423985
Rajasthan,2013,Kharif,Groundnut,1727.5931202665706
Meghalaya,2001,Kharif,Small millets,791.1764705882352
Andhra Pradesh,2026,Kharif,Niger seed,430.7935928141227
Mizoram,2016,Rabi,Other  Rabi pulses,1613.8044371405094
Assam,2017,Whole Year,Dry chillies,938.3460132397985
Gujarat,2025,Kharif,Other Cereals,1108.4872146882685
Rajasthan,2004,Rabi,Barley,2485.9681054478315
Telangana,2005,Kharif,Cotton(lint),445.38083440505017
Chhattisgarh,2023,Whole Year,Tobacco,698.5381272224417
Karnataka,2009,Kharif,Other Kharif pulses,721.4217519641934
Punjab,2014,Kharif,Urad,550.0
Uttarakhand,2000,Whole Year,Garlic,7892.3375363724535
Uttar Pradesh,2019,Rabi,Masoor,978.1860872642833
Karnataka,2018,Kharif,Sunflower,851.9834035330358
Uttar Pradesh,2007,Rabi,Turmeric,3069.4444444444443
Andhra Pradesh,2026,Kharif,Moong(Green Gram),860.2857698747804
Tamil Nadu,2003,Whole Year,Garlic,5732.773109243697
Odisha,2006,Rabi,Mustard,1344.7696664490877
Uttar Pradesh,2000,Kharif,Cotton(lint),893.2057057057057
Jharkhand,2019,Kharif,Jowar,752.2271714922049
Manipur,2013,Rabi,Peas & beans (Pulses),917.1840354767183
Andhra Pradesh,2024,Kharif,Arhar/Tur,536.3475156401662
Andhra Pradesh,2000,Whole Year,Tapioca,7724.54198828234
Jharkhand,2004,Autumn,Ragi,821.4498800516446
West Bengal,2000,Whole Year,Dry chillies,893.8664672021854
Chhattisgarh,2013,Kharif,Mesta,1826.047358834244
Meghalaya,2000,Whole Year,Potato,7877.060814499399
Odisha,2003,Kharif,Ginger,1939.2764857881136
Haryana,2022,Whole Year,Ginger,13324.2257832193
Kerala,2023,Kharif,Jowar,983.673964829229
Uttar Pradesh,2007,Rabi,Rapeseed &Mustard,1157.507359374975
Haryana,2010,Whole Year,Sugarcane,7146.491238449069
Telangana,2014,Kharif,Bajra,937.2151898734177
Bihar,2024,Rabi,Khesari,811.2456499846876
Tamil Nadu,2009,Whole Year,Arecanut,1912.9398826979473
Maharashtra,2016,Whole Year,Mango,7343.749770203656
Nagaland,2002,Kharif,Peas & beans (Pulses),1136.3636363636363
West Bengal,2017,Whole Year,Sugarcane,90674.37369519833
Chhattisgarh,2026,Whole Year,Dry chillies,777.1609091925847
Karnataka,2007,Kharif,Moong(Green Gram),224.74309970612526
Uttar Pradesh,2013,Rabi,Lentil,782.5206049435908
Tripura,2005,Kharif,Moong(Green Gram),537.9023883696781
Nagaland,2023,Kharif,Peas & beans (Pulses),1286.312431684847
Puducherry,2008,Kharif,Sugarcane,83456.55526992287
Chhattisgarh,2026,Rabi,Safflower,404.86812358703844
Nagaland,2019,Kharif,Other Cereals,1039.0625
Delhi,2003,Kharif,Arhar/Tur,1410.44776119403
Haryana,2016,Rabi,other oilseeds,1153.8461538461538
Jammu and Kashmir,2023,Rabi,Linseed,806.5368642468044
Himachal Pradesh,2024,Kharif,Potato,7248.2465986091565
Karnataka,2019,Whole Year,Garlic,5123.681125439625
Meghalaya,2009,Rabi,Other  Rabi pulses,710.2803738317757
Puducherry,2008,Kharif,Other Kharif pulses,1000.0
Arunachal Pradesh,2003,Whole Year,Oilseeds total,1016.2003996574365
Andhra Pradesh,2004,Whole Year,Cashewnut,223.28269660529958
Uttarakhand,2022,Rabi,Wheat,2621.563096829375
Jharkhand,2024,Rabi,Wheat,2090.6560964541573
Puducherry,2022,Kharif,Cashewnut,211.4672155248456
Tamil Nadu,2012,Kharif,Urad,425.193529059317
Odisha,2025,Summer,Wheat,1978.292231432823
Arunachal Pradesh,2011,Kharif,Rice,1291.8461538461538
Madhya Pradesh,2019,Rabi,Masoor,776.5700674451645
Gujarat,2024,Rabi,Onion,27634.67458217243
Karnataka,2008,Kharif,Jowar,1309.162902926437
Rajasthan,2011,Kharif,Bajra,1458.2133076978776
Bihar,2021,Rabi,Peas & beans (Pulses),1028.837737467964
Chhattisgarh,2014,Kharif,Arhar/Tur,633.9999276751166
Andhra Pradesh,2009,Whole Year,Sweet potato,7653.498871331828
Haryana,2023,Whole Year,Ginger,12746.683482810164
Chhattisgarh,2026,Kharif,Cotton(lint),2243.1130131558093
Haryana,2015,Kharif,Jowar,545.4545454545455
Uttarakhand,2025,Kharif,Groundnut,1416.399806787484
Uttar Pradesh,2011,Kharif,Arhar/Tur,1044.7691123171396
Bihar,2011,Whole Year,Tobacco,1885.0331925165963
Chhattisgarh,2006,Whole Year,Ginger,1106.4618644067796
Chhattisgarh,2001,Kharif,Soyabean,768.4051967614386
West Bengal,2021,Kharif,Soyabean,854.0668975171296
Bihar,2024,Whole Year,Mango,8396.033334757165
Maharashtra,2002,Kharif,Sunflower,477.4127310061602
Meghalaya,2010,Kharif,Ginger,5999.364272091545
Haryana,2014,Rabi,Barley,3142.8571428571427
Tripura,2014,Kharif,Groundnut,1076.305220883534
Tamil Nadu,2011,Whole Year,Horse-gram,539.1050922166802
Himachal Pradesh,2009,Kharif,Urad,198.06135705006494
West Bengal,2014,Kharif,Other Kharif pulses,668.7697160883281
Madhya Pradesh,2004,Kharif,Horse-gram,258.57422006603326
Telangana,2021,Kharif,Horse-gram,677.6584612318118
Himachal Pradesh,2014,Kharif,Ginger,6861.940298507463
Madhya Pradesh,2000,Whole Year,Sannhamp,1412.6440361258176
Nagaland,2001,Rabi,Rapeseed &Mustard,961.875
Madhya Pradesh,2015,Rabi,Other  Rabi pulses,1116.6410256410256
Haryana,2011,Kharif,Bajra,2039.3392887825926
Mizoram,2016,Kharif,Tapioca,11487.80487804878
Karnataka,2022,Whole Year,Tapioca,9619.70937608119
Mizoram,2008,Whole Year,Tobacco,570.2479338842975
West Bengal,2016,Autumn,Jowar,384.61538461538464
Telangana,2024,Kharif,Cowpea(Lobia),1081.0961463604515
Sikkim,2019,Kharif,Other Cereals,984.6938775510204
West Bengal,2013,Rabi,Ragi,1095.0826160087067
Jammu and Kashmir,2023,Kharif,Sesamum,434.0784598677697
Kerala,2007,Kharif,Cotton(lint),1297.2972972972973
Kerala,2012,Whole Year,Black pepper,546.5663994711181
Odisha,2023,Rabi,Mustard,1668.320658661236
Madhya Pradesh,2001,Rabi,Gram,943.9999434806722
Tripura,2011,Rabi,Peas & beans (Pulses),775.2808988764045
Uttarakhand,2000,Rabi,Other  Rabi pulses,425.1968503937008
Puducherry,2018,Kharif,Turmeric,2500.0
Puducherry,2024,Kharif,Small millets,1596.8992248062016
Tripura,2013,Kharif,Cotton(lint),1469.968387776607
Jharkhand,2024,Kharif,Sesamum,394.04411151947903
West Bengal,2022,Autumn,Rice,3260.4302574045864
Chhattisgarh,2022,Rabi,Masoor,349.51419126746094
Himachal Pradesh,2012,Kharif,Rice,1475.8821968691962
Meghalaya,2018,Rabi,Masoor,1107.3131955484896
Mizoram,2019,Kharif,Potato,3339.622641509434
West Bengal,2003,Rabi,Peas & beans (Pulses),1177.9283904977067
Punjab,2026,Rabi,Mustard,1787.718291153199
Uttarakhand,2012,Whole Year,Garlic,7900.872993522951
Uttar Pradesh,2015,Kharif,Rice,2130.05056150422
Meghalaya,2024,Rabi,Masoor,2083.3546271453515
Haryana,2001,Rabi,Gram,856.2845672253573
Tamil Nadu,2026,Kharif,Rice,4598.255069451784
Manipur,2012,Rabi,Masoor,823.7179487179487
Arunachal Pradesh,2010,Whole Year,Potato,8267.651130595294
Uttar Pradesh,2014,Rabi,Barley,1690.36165101294
Mizoram,2017,Whole Year,Sugarcane,28763.15114190403
Gujarat,2008,Whole Year,Potato,20992.83154121864
Assam,2019,Rabi,Gram,699.9080882352941
Uttarakhand,2010,Whole Year,Garlic,6589.0
Karnataka,2025,Kharif,Bajra,1192.3860952945547
Haryana,2008,Kharif,Cotton(lint),4082.563376205365
Punjab,2008,Kharif,Guar seed,795.6989247311828
Maharashtra,2016,Summer,Other Summer Pulses,664.9769585253456
Jammu and Kashmir,2013,Rabi,Onion,2421.296296296296
West Bengal,2018,Kharif,Urad,656.9843293094399
Manipur,2011,Rabi,Peas & beans (Pulses),934.0333257247204
Karnataka,2004,Kharif,Sunflower,436.3692541791186
Odisha,2023,Whole Year,Turmeric,2364.47293355334
Odisha,2012,Autumn,Groundnut,1052.1466301282815
West Bengal,2024,Rabi,Masoor,804.726946739819
Andhra Pradesh,2013,Kharif,Potato,17428.571428571428
Tamil Nadu,2024,Whole Year,Sugarcane,86367.0648340782
Odisha,2008,Autumn,Urad,236.6631980575789
Tripura,2025,Kharif,Moong(Green Gram),520.6642432001951
Nagaland,2021,Kharif,Soyabean,1214.40133048942
Kerala,2015,Whole Year,Jowar,741.5730337078652
Haryana,2000,Rabi,Peas & beans (Pulses),1071.080817916261
Maharashtra,2019,Rabi,Safflower,690.5059482479285
Chhattisgarh,2021,Kharif,Moong(Green Gram),348.99797926610313
Uttar Pradesh,2001,Rabi,Rapeseed &Mustard,1012.6561272497771
Himachal Pradesh,2002,Kharif,Urad,241.91002367797947
Nagaland,2024,Kharif,other oilseeds,578.6378544937619
Tripura,2022,Kharif,Other Kharif pulses,879.3745932066403
Odisha,2026,Kharif,Other Kharif pulses,427.0852760658184
Kerala,2017,Whole Year,Black pepper,445.78992494802736
Himachal Pradesh,2023,Kharif,Moth,643.2552954292084
Maharashtra,2008,Kharif,Soyabean,600.6463828675894
Uttar Pradesh,2002,Rabi,Linseed,432.48092114071494
Haryana,2017,Whole Year,Ginger,7547.2972972972975
Tripura,2002,Kharif,Cotton(lint),1156.2043795620439
Kerala,2019,Whole Year,Ragi,1225.3521126760563
Uttarakhand,2014,Kharif,Horse-gram,807.9114708068379
Odisha,2026,Winter,Rapeseed &Mustard,332.44850450379744
Bihar,2013,Rabi,Safflower,805.352798053528
Himachal Pradesh,2005,Kharif,Ragi,1025.880228708998
Karnataka,2008,Whole Year,Cardamom,100.41334811977013
West Bengal,2009,Kharif,Bajra,433.9622641509434
Kerala,2006,Kharif,Ragi,808.1395348837209
Manipur,2013,Kharif,Rice,2682.54039497307
Punjab,2019,Rabi,other oilseeds,1269.2307692307693
Telangana,2019,Kharif,Turmeric,6972.729240314552
Punjab,2011,Kharif,Rice,3740.9510290986514
Chhattisgarh,2014,Whole Year,Ginger,1245.3044963005123
Telangana,2016,Kharif,Sunflower,756.0462670872765
West Bengal,2006,Whole Year,Sannhamp,5604.327666151468
Haryana,2004,Kharif,Moth,130.6091986192742
Uttarakhand,2002,Kharif,Other Cereals,281.680596340637
Punjab,2008,Rabi,Potato,24691.908171876017
West Bengal,2016,Rabi,Linseed,370.4769114307343
Gujarat,2007,Kharif,Moth,581.4889336016097
Madhya Pradesh,2024,Rabi,Linseed,882.2650785685036
Uttar Pradesh,2004,Rabi,Potato,22383.067323933952
Uttar Pradesh,2014,Kharif,Guar seed,818.0487804878048
Chhattisgarh,2016,Whole Year,Onion,3220.0985221674878
Andhra Pradesh,2010,Whole Year,Coriander,676.8571850539064
Madhya Pradesh,2025,Kharif,Soyabean,1009.5424043568702
Chhattisgarh,2005,Rabi,Rapeseed &Mustard,317.9584914237756
Madhya Pradesh,2013,Kharif,Jowar,1480.0374936555495
Himachal Pradesh,2006,Rabi,Coriander,208.33333333333334
Chhattisgarh,2025,Kharif,Jowar,1336.968919415782
Haryana,2015,Kharif,Cotton(lint),1617.8861788617887
Tamil Nadu,2024,Rabi,Gram,848.2539779169489
Uttar Pradesh,2021,Kharif,Moong,851.1065829411922
Meghalaya,2021,Whole Year,Arecanut,1336.9263104242432
Uttar Pradesh,2021,Kharif,Jowar,1115.596815000199
Jammu and Kashmir,2006,Rabi,Linseed,568.4647302904565
Rajasthan,2024,Kharif,Moong,818.3337256238739
Delhi,2000,Kharif,Jowar,948.0579710144928
Haryana,2006,Whole Year,Onion,19543.845851356666
Chhattisgarh,2003,Rabi,Wheat,1066.2432027443479
Odisha,2004,Whole Year,Sweet potato,8369.141619969434
Kerala,2005,Whole Year,Black pepper,368.0913284985588
Puducherry,2001,Rabi,Rapeseed &Mustard,7464.788732394366
Assam,2006,Whole Year,Onion,2441.7758369723433
Haryana,2019,Kharif,Jowar,527.072192513369
Haryana,2007,Kharif,Maize,2685.6354794222257
Jammu and Kashmir,2018,Kharif,Moong(Green Gram),435.6955380577428
Gujarat,2014,Whole Year,Guar seed,795.2944145963293
Tamil Nadu,2012,Whole Year,Mango,6514.244319055683
Rajasthan,2015,Rabi,Coriander,795.3320297609171
Maharashtra,2024,Rabi,Linseed,290.20492007543623
Chhattisgarh,2006,Kharif,Cotton(lint),1690.721649484536
Bihar,2010,Rabi,Barley,1326.8482490272374
Uttar Pradesh,2017,Rabi,Lentil,975.262354504579
Madhya Pradesh,2018,Whole Year,Sweet potato,15163.693060410893
Karnataka,2015,Whole Year,Sannhamp,238.93805309734512
Jammu and Kashmir,2002,Rabi,Wheat,1646.0719946591742
Kerala,2017,Kharif,Other Kharif pulses,904.2016806722689
Kerala,2018,Whole Year,Turmeric,2695.1616734642935
Telangana,2019,Kharif,Castor seed,1309.5559584892558
Chhattisgarh,2011,Rabi,Gram,1001.9984012789769
Bihar,2024,Rabi,Safflower,991.5365467300295
Meghalaya,2019,Kharif,Soyabean,1906.0331019754406
Manipur,2011,Kharif,Cowpea(Lobia),1090.1001112347053
Madhya Pradesh,2004,Kharif,Castor seed,378.4545967287084
Mizoram,2023,Kharif,Cowpea(Lobia),1742.7891965347374
Kerala,2024,Whole Year,Turmeric,3434.6818991403006
Delhi,2019,Kharif,Bajra,3303.728813559322
Nagaland,2018,Rabi,Barley,1035.7142857142858
Uttar Pradesh,2006,Kharif,Sannhamp,278.01724137931035
Jharkhand,2023,Kharif,Groundnut,1073.9723372522405
Arunachal Pradesh,2014,Whole Year,Dry chillies,2819.5488721804513
Andhra Pradesh,2021,Rabi,Safflower,581.3536851911571
Goa,2003,Whole Year,Banana,7755.8513079394215
Chhattisgarh,2022,Kharif,Jute,10.016545186245137
Manipur,2023,Rabi,Peas & beans (Pulses),1253.5799236374355
Rajasthan,2020,Rabi,Gram,1158.8964981706604
West Bengal,2007,Kharif,Jute,13472.958280926901
Uttarakhand,2007,Kharif,Bajra,952.3809523809524
Bihar,2022,Kharif,Castor seed,1091.0180485053581
Tamil Nadu,2009,Whole Year,Onion,9752.546415678185
Uttar Pradesh,2017,Kharif,Moong(Green Gram),394.36182019977804
Uttar Pradesh,2024,Rabi,Garlic,7583.172169652969
Karnataka,2020,Kharif,Arhar/Tur,1086.139045184533
Haryana,2001,Kharif,Maize,2619.2599197503346
Uttarakhand,2009,Whole Year,Sugarcane,60892.18706244749
Madhya Pradesh,2001,Rabi,Barley,1287.256916240623
Delhi,2007,Whole Year,Sugarcane,92000.0
Odisha,2025,Autumn,Groundnut,1378.158586984852
Uttar Pradesh,2023,Rabi,Wheat,3955.6988758309217
Kerala,2017,Whole Year,Turmeric,3175.665946724262
Karnataka,2016,Kharif,Cowpea(Lobia),765.7142857142857
Himachal Pradesh,2005,Kharif,Rice,1412.9350099538844
Punjab,2008,Rabi,Barley,3437.5
Arunachal Pradesh,2004,Whole Year,Dry chillies,1312.1272365805169
Andhra Pradesh,2018,Kharif,Arhar/Tur,179.96540144499846
Uttar Pradesh,2013,Rabi,Wheat,3200.7343688717688
Himachal Pradesh,2011,Kharif,Rice,1447.8099223112083
Bihar,2005,Kharif,Other Kharif pulses,547.8260869565217
Meghalaya,2003,Kharif,Small millets,830.1390454716272
Nagaland,2006,Rabi,Gram,1305.5555555555557
Delhi,2025,Kharif,Rice,3400.1272026637735
Gujarat,2000,Whole Year,Garlic,5000.0
Haryana,2018,Kharif,Jowar,528.5359801488834
Punjab,2018,Rabi,Masoor,714.2857142857143
Andhra Pradesh,2023,Kharif,Moong(Green Gram),773.7593012668116
Uttar Pradesh,2011,Rabi,Linseed,453.9238138244686
Assam,2015,Rabi,Mustard,1585.8087236160961
Rajasthan,2001,Rabi,Gram,833.6496745815075
Uttar Pradesh,2024,Kharif,Cotton(lint),426.8483492924067
Goa,2018,Whole Year,Black pepper,407.53828032979976
Bihar,2012,Whole Year,Sugarcane,50895.627616399834
Madhya Pradesh,2009,Whole Year,Linseed,454.00407606155227
Jammu and Kashmir,2022,Kharif,Turmeric,878.3638320775028
Andhra Pradesh,2024,Whole Year,Banana,95279.58819516149
Telangana,2018,Kharif,Dry chillies,4293.069917783232
Andhra Pradesh,2003,Kharif,Rice,2769.940689571455
Mizoram,2007,Whole Year,Tobacco,411.1111111111111
Himachal Pradesh,2017,Kharif,Moong(Green Gram),707.6923076923077
Bihar,2020,Whole Year,Banana,30486.004269721427
Uttarakhand,2017,Kharif,Other Kharif pulses,1072.1080346526244
Kerala,2002,Autumn,Rice,2074.1831053558403
Karnataka,2006,Kharif,Jowar,1165.15660052519
Mizoram,2019,Kharif,Sesamum,699.7354497354497
Jharkhand,2013,Rabi,Wheat,1444.4761788186652
Kerala,2005,Kharif,Other Cereals,1909.090909090909
Kerala,2022,Whole Year,Black pepper,425.0161778391337
Madhya Pradesh,2002,Whole Year,Turmeric,686.9281708345854
Telangana,2010,Kharif,Soyabean,1454.6039044568126
West Bengal,2006,Whole Year,Sugarcane,76385.75649761804
Nagaland,2010,Kharif,Maize,1958.064007567397
West Bengal,2000,Whole Year,Sesamum,861.096854266011
Assam,2012,Rabi,Gram,554.5350172215844
Karnataka,2002,Rabi,Rapeseed &Mustard,265.57377049180326
Uttarakhand,2018,Kharif,Horse-gram,885.331059078927
Bihar,2010,Kharif,Urad,871.9588580470759
Uttar Pradesh,2002,Kharif,Small millets,637.9381443298969
Himachal Pradesh,2001,Kharif,Maize,2217.9486328423204
Manipur,2021,Whole Year,Turmeric,16398.307028642885
Rajasthan,2025,Kharif,Sesamum,669.4435429117145
Uttarakhand,2024,Kharif,Soyabean,1196.8283769243196
Maharashtra,2009,Rabi,Other  Rabi pulses,441.97780020181636
Kerala,2012,Whole Year,Tobacco,1769.2307692307693
Madhya Pradesh,2008,Kharif,Sannhamp,340.6370002258866
West Bengal,2010,Rabi,Peas & beans (Pulses),1169.678196523834
Andhra Pradesh,2013,Kharif,Coriander,644.100580270793
Chhattisgarh,2018,Whole Year,Sweet potato,5667.317454119485
Telangana,2007,Kharif,Jowar,1053.9078328533526
Mizoram,2004,Kharif,Groundnut,1040.0
Andhra Pradesh,2025,Whole Year,Tapioca,16349.839384477693
Haryana,2007,Whole Year,Sweet potato,18461.53846153846
Karnataka,2001,Kharif,Small millets,525.83070579675
Madhya Pradesh,2007,Whole Year,Coriander,323.3294476262191
Telangana,2018,Kharif,Soyabean,1583.9190347910042
Maharashtra,2025,Kharif,Maize,2044.5839985970383
Haryana,2024,Whole Year,Sugarcane,82927.77277311716
Karnataka,2024,Kharif,Groundnut,1636.1532460608428
Himachal Pradesh,2006,Rabi,Gram,766.566265060241
West Bengal,2024,Rabi,Safflower,959.9442464125766
Nagaland,2007,Kharif,Jute,1200.0
Andhra Pradesh,2001,Whole Year,Potato,6240.630323679728
Chhattisgarh,2003,Kharif,Soyabean,881.9774418046557
Uttar Pradesh,2003,Rabi,Onion,14352.92107960369
Uttar Pradesh,2016,Rabi,Barley,2706.9447304173896
Chhattisgarh,2017,Whole Year,Ginger,1205.8222676200205
Andhra Pradesh,2001,Whole Year,Tapioca,8271.787046456426
Gujarat,2016,Rabi,Other  Rabi pulses,894.1333578927979
Assam,2024,Rabi,Peas & beans (Pulses),878.0894343599838
Maharashtra,2019,Rabi,Other  Rabi pulses,527.8918849799402
Jharkhand,2013,Rabi,Onion,6759.340659340659
Karnataka,2000,Whole Year,Arecanut,1366.5034888700427
Haryana,2016,Kharif,Sunflower,1406.9767441860465
Karnataka,2019,Kharif,Rice,3204.0023358887734
West Bengal,2019,Autumn,Groundnut,1120.4379562043796
Uttar Pradesh,2010,Rabi,Onion,18408.036622583928
Madhya Pradesh,2006,Kharif,Other Kharif pulses,200.26947574718275
Andhra Pradesh,2009,Kharif,Bajra,1301.0984406333243
Himachal Pradesh,2006,Kharif,Ginger,1750.4173622704507
Chhattisgarh,2003,Whole Year,Dry chillies,654.9491211840888
Tamil Nadu,2000,Kharif,Sesamum,563.0286102853161
Telangana,2026,Kharif,Ragi,1195.2620652390297
Delhi,2005,Rabi,Wheat,4344.001312982111
Arunachal Pradesh,2019,Kharif,Urad,905.0522648083623
Mizoram,2024,Kharif,Arhar/Tur,1347.9012640114477
Odisha,2024,Summer,Horse-gram,457.7995843303814
Rajasthan,2023,Kharif,Jowar,1574.0232283810437
Andhra Pradesh,2013,Whole Year,Banana,31144.40998911358
Telangana,2021,Rabi,Rapeseed &Mustard,1693.283351102246
Chhattisgarh,2020,Rabi,Linseed,627.780969660748
Himachal Pradesh,2019,Kharif,Small millets,920.981971614883
Chhattisgarh,2016,Kharif,Ragi,243.21314214116666
Chhattisgarh,2018,Kharif,Other Kharif pulses,248.6119679210364
Chhattisgarh,2026,Kharif,Horse-gram,391.46220819256934
Tripura,2013,Whole Year,Sugarcane,51450.20746887967
West Bengal,2013,Kharif,Cotton(lint),3620.879120879121
Kerala,2001,Whole Year,Arecanut,908.6412069576041
Haryana,2021,Kharif,Moth,524.4925552373675
Meghalaya,2006,Autumn,Rice,1368.9525383273663
Karnataka,2012,Kharif,Cotton(lint),2296.4302499944047
Rajasthan,2007,Kharif,Sesamum,439.0489826827079
Uttarakhand,2023,Rabi,Wheat,1890.975838251771
Andhra Pradesh,2000,Kharif,Bajra,1050.1177833558602
West Bengal,2014,Kharif,Cotton(lint),2559.349593495935
Karnataka,2004,Whole Year,Sugarcane,64224.533673552614
Uttar Pradesh,2026,Summer,Banana,59817.79340156479
Tripura,2009,Rabi,Wheat,1983.5082458770614
Haryana,2007,Kharif,Horse-gram,218.34061135371178
Tripura,2019,Whole Year,Sugarcane,52943.23144104803
Maharashtra,2013,Rabi,Safflower,654.7901821060966
Odisha,2021,Autumn,Ragi,758.105850797043
Madhya Pradesh,2025,Kharif,Cowpea(Lobia),10.00226400636244
Jharkhand,2025,Rabi,Other  Rabi pulses,728.8246731661559
Telangana,2023,Kharif,Cashewnut,10.000120823046593
Maharashtra,2026,Rabi,Linseed,231.6603602558023
Tamil Nadu,2002,Whole Year,Tobacco,1537.8059174479483
West Bengal,2010,Whole Year,Sugarcane,75518.34587467537
Assam,2010,Rabi,Moong(Green Gram),470.294834848149
Himachal Pradesh,2011,Rabi,Masoor,919.7324414715719
Kerala,2005,Whole Year,Arecanut,1098.7107468459342
West Bengal,2013,Rabi,Khesari,1240.9528768549858
Telangana,2014,Kharif,Rice,3102.0876729178417
Nagaland,2018,Kharif,Cotton(lint),615.3846153846154
Manipur,2022,Kharif,Maize,2303.5083862205092
Haryana,2000,Rabi,Masoor,800.8624672724472
Karnataka,2005,Kharif,Dry chillies,726.9813092970951
Punjab,2014,Rabi,Wheat,4293.865905848787
Nagaland,2015,Kharif,Jowar,960.0
Andhra Pradesh,2026,Kharif,Sunflower,976.4208436439937
Andhra Pradesh,2015,Whole Year,Sugarcane,76865.82569749764
Karnataka,2012,Whole Year,Cardamom,81.82101005911024
Uttarakhand,2010,Kharif,Sesamum,216.7461579226285
Karnataka,2018,Kharif,Urad,482.1609044115919
Andhra Pradesh,2004,Kharif,Niger seed,390.0895140664962
Maharashtra,2024,Kharif,Sunflower,503.7551551547166
Jharkhand,2022,Rabi,Gram,1204.573885062363
Chhattisgarh,2019,Kharif,Moong(Green Gram),415.3066966797974
Assam,2022,Kharif,Mesta,6112.960969162224
Chhattisgarh,2012,Kharif,Bajra,423.5924932975871
West Bengal,2022,Rabi,Groundnut,1819.5602117868314
Uttar Pradesh,2007,Rabi,Wheat,2817.2712092753827
Andhra Pradesh,2024,Kharif,Maize,6275.681203783393
Maharashtra,2009,Kharif,Sesamum,259.11708253358927
Haryana,2008,Kharif,Urad,387.5968992248062
Manipur,2014,Kharif,Arhar/Tur,992.1722113502935
Odisha,2016,Autumn,Rice,1285.3484507868243
Andhra Pradesh,2010,Kharif,Niger seed,382.0325771959628
Uttarakhand,2007,Rabi,Rapeseed &Mustard,640.6120073174787
Karnataka,2015,Whole Year,Ginger,37336.417961413696
Nagaland,2008,Kharif,Jowar,928.5714285714286
Meghalaya,2024,Kharif,Sweet potato,4376.725533726151
Jammu and Kashmir,2005,Kharif,Turmeric,1000.0
Chhattisgarh,2024,Kharif,Jute,10.013654984069186
Karnataka,2016,Kharif,Soyabean,746.4718281058294
Gujarat,2016,Kharif,Rice,2282.578921923184
Punjab,2018,Kharif,Sesamum,275.86206896551727
Bihar,2025,Whole Year,Garlic,1597.5784063706942
Mizoram,2023,Kharif,Tapioca,9913.14393740482
Tripura,2014,Kharif,Moong(Green Gram),548.3304042179262
Haryana,2021,Kharif,Bajra,2453.3813230774663
Manipur,2008,Kharif,Rice,2456.2775486989904
Tamil Nadu,2022,Whole Year,Sweet potato,22535.131018118434
West Bengal,2010,Kharif,Sannhamp,3988.795518207283
Sikkim,2017,Rabi,Barley,1073.8095238095239
Karnataka,2011,Kharif,Dry chillies,807.7036432474098
Arunachal Pradesh,2018,Kharif,Maize,1530.0
Kerala,2010,Whole Year,Rubber,1385.3982646956636
Tamil Nadu,2005,Whole Year,Cashewnut,413.50569022902346
Chhattisgarh,2012,Kharif,Small millets,225.89567774526503
West Bengal,2014,Kharif,Moth,875.0
Chhattisgarh,2007,Rabi,Other  Rabi pulses,128.06439809732893
Meghalaya,2015,Autumn,Rice,2337.427571221632
Meghalaya,2025,Whole Year,Dry chillies,1574.2924413095086
Haryana,2025,Rabi,Masoor,905.3481510463424
Tamil Nadu,2019,Whole Year,Arecanut,1979.1027327195675
Arunachal Pradesh,2011,Whole Year,Ginger,7848.837209302325
Sikkim,2008,Rabi,Wheat,897.4358974358975
Tamil Nadu,2011,Whole Year,Small millets,1207.5290215588723
Jharkhand,2024,Autumn,Maize,2233.927572632427
Arunachal Pradesh,2017,Kharif,Sunflower,816.1120840630473
Andhra Pradesh,2003,Whole Year,Banana,13312.47094074495
Andhra Pradesh,2019,Kharif,Castor seed,686.1813343470823
Karnataka,2001,Kharif,Jowar,1250.5538924129928
Telangana,2017,Kharif,Onion,18315.582310720074
Karnataka,2011,Kharif,Other Kharif pulses,969.740142172358
Karnataka,2002,Kharif,Mesta,1340.8143635780698
Manipur,2000,Rabi,Rapeseed &Mustard,448.9795918367347
Jharkhand,2014,Rabi,Peas & beans (Pulses),955.8427571351642
Maharashtra,2026,Kharif,Rice,2099.1552643027417
Jammu and Kashmir,2024,Rabi,Masoor,1265.2632631631582
Bihar,2013,Rabi,Gram,1146.9873624133713
Bihar,2010,Whole Year,Mango,7345.195933885388
Himachal Pradesh,2009,Rabi,Masoor,389.20454545454544
Maharashtra,2003,Kharif,Cotton(lint),1115.0086880973067
Madhya Pradesh,2009,Whole Year,Wheat,1988.2009286846028
West Bengal,2016,Rabi,Khesari,1215.194065439131
Goa,2018,Rabi,Other  Rabi pulses,1024.2002320570198
Uttar Pradesh,2015,Kharif,Sugarcane,67031.95277948884
Puducherry,2002,Kharif,Ragi,2201.754385964912
Assam,2007,Rabi,Moong(Green Gram),459.90413265967095
Andhra Pradesh,2023,Whole Year,Coriander,612.0425087563546
Delhi,2014,Kharif,Bajra,2511.184210526316
Rajasthan,2017,Kharif,Sesamum,519.882306179094
Tamil Nadu,2000,Kharif,Groundnut,1765.4991194611805
Puducherry,2019,Kharif,Groundnut,3000.0
Puducherry,2003,Whole Year,Coriander,500.0
Jammu and Kashmir,2001,Whole Year,Onion,2237.4517374517372
Assam,2024,Rabi,Wheat,1527.785380875726
Assam,2004,Whole Year,Sweet potato,3492.3997009718414
Maharashtra,2006,Rabi,Rapeseed &Mustard,352.51798561151077
West Bengal,2014,Autumn,Sesamum,745.7475380483438
West Bengal,2025,Rabi,Horse-gram,636.9489293374253
Arunachal Pradesh,2002,Whole Year,Sugarcane,19152.882205513786
Odisha,2003,Kharif,Maize,1417.5592719940953
Puducherry,2016,Rabi,Other  Rabi pulses,954.5454545454545
Assam,2021,Kharif,Castor seed,687.5094182408055
Gujarat,2021,Rabi,Small millets,1629.1800616158032
Haryana,2024,Kharif,Horse-gram,648.841902931283
Meghalaya,2018,Rabi,Cashewnut,1416.9692337091535
Uttarakhand,2017,Kharif,Soyabean,1210.8759608996868
Assam,2008,Whole Year,Arecanut,967.0510957743069
Chhattisgarh,2015,Kharif,Potato,6715.029277813923
Arunachal Pradesh,2018,Kharif,Small millets,1023.4173669467787
Madhya Pradesh,2008,Whole Year,Sugarcane,44336.17607626993
West Bengal,2021,Rabi,Gram,1349.0873513315194
Rajasthan,2016,Kharif,Sesamum,582.1042912720967
Gujarat,2006,Kharif,Moth,306.1224489795918
Andhra Pradesh,2021,Whole Year,Banana,82101.67674396386
Karnataka,2000,Kharif,Bajra,738.5304783883673
Haryana,2006,Kharif,Moong(Green Gram),434.98596819457435
Uttarakhand,2018,Kharif,Soyabean,1069.2511597084163
Jammu and Kashmir,2007,Rabi,Masoor,434.1085271317829
Uttar Pradesh,2019,Rabi,Lentil,1093.7857138418447
Karnataka,2018,Rabi,Other  Rabi pulses,715.2048037743941
Assam,2001,Rabi,Urad,556.2522436280962
Meghalaya,2018,Kharif,Mesta,5899.664804469274
Haryana,2016,Kharif,Sesamum,825.0
Manipur,2026,Whole Year,Potato,12228.167883288788
Puducherry,2017,Kharif,Other Kharif pulses,2800.0
Uttarakhand,2024,Kharif,Moong(Green Gram),1055.9002800505189
Bihar,2024,Kharif,Moong(Green Gram),850.0198633327573
Jammu and Kashmir,2005,Kharif,Maize,1412.951352968304
Madhya Pradesh,2000,Kharif,Ragi,371.28435221536733
Sikkim,2009,Kharif,Urad,841.6666666666666
Andhra Pradesh,2011,Rabi,Linseed,212.36559139784947
Goa,2018,Whole Year,Sugarcane,39747.747747747744
Kerala,2009,Whole Year,Sweet potato,11466.165413533834
Bihar,2023,Rabi,Sunflower,1396.8007240954153
Rajasthan,2025,Kharif,Cotton(lint),617.6465752441137
Chhattisgarh,2008,Whole Year,Ginger,1134.6257404415724
Andhra Pradesh,2025,Kharif,Castor seed,772.0492488795991
Uttarakhand,2011,Whole Year,Sugarcane,60916.20765761443
Uttarakhand,2000,Kharif,Other Kharif pulses,592.6567370973329
Gujarat,2006,Whole Year,Potato,20858.80077369439
Himachal Pradesh,2016,Kharif,Maize,1841.0137283649726
Nagaland,2024,Kharif,Niger seed,1096.5740609031525
Jammu and Kashmir,2003,Rabi,Barley,490.6110592385102
Karnataka,2000,Kharif,Mesta,1554.5708955223881
Assam,2023,Rabi,Masoor,832.4106350055899
Assam,2014,Rabi,Arecanut,1106.8340850177558
Kerala,2006,Whole Year,Ginger,3834.6868796246167
Gujarat,2019,Kharif,Rice,2143.5241802309088
Chhattisgarh,2026,Rabi,Wheat,1999.6090027676912
Uttar Pradesh,2000,Whole Year,Potato,21310.73910825892
Assam,2008,Kharif,Small millets,511.02941176470586
Maharashtra,2004,Whole Year,Sugarcane,73152.95197308045
Andhra Pradesh,2014,Kharif,Ragi,951.7083014404008
Telangana,2023,Rabi,Rapeseed &Mustard,2166.000947803128
Maharashtra,2011,Kharif,Cotton(lint),1636.8109055127559
Karnataka,2016,Whole Year,Arecanut,10158.635721017909
Kerala,2008,Kharif,Groundnut,739.7576457010964
Haryana,2008,Whole Year,Dry chillies,8989.460632362057
Nagaland,2019,Kharif,Tapioca,20261.81818181818
Jammu and Kashmir,2026,Rabi,Other  Rabi pulses,543.524504692388
Jharkhand,2003,Kharif,Arhar/Tur,1432.0406256694425
Nagaland,2017,Rabi,Urad,819.277108433735
Karnataka,2001,Whole Year,Black pepper,2287.349211258893
Odisha,2016,Summer,Horse-gram,375.0
Kerala,2012,Whole Year,Tapioca,35330.59810881499
Karnataka,2002,Kharif,Niger seed,191.31860250674498
Gujarat,2002,Whole Year,Mango,5075.128255531498
Meghalaya,2016,Summer,Potato,11379.560299506133
Himachal Pradesh,2011,Rabi,Onion,8649.171270718232
Punjab,2000,Whole Year,Sugarcane,64214.87603305785
Odisha,2007,Winter,Potato,11070.589617101245
Maharashtra,2009,Whole Year,Banana,22767.81663230909
Tamil Nadu,2022,Kharif,Other Kharif pulses,674.4355821767352
Tripura,2016,Kharif,Mesta,8509.433962264151
Jammu and Kashmir,2023,Rabi,Gram,336.72651868608324
Telangana,2021,Kharif,Tobacco,3776.103698305404
Tamil Nadu,2005,Whole Year,Onion,8015.221639411704
Uttar Pradesh,2016,Summer,Banana,55217.12085308057
West Bengal,2025,Rabi,Groundnut,2167.3851899995175
Delhi,2008,Kharif,Barley,2805.5555555555557
Andhra Pradesh,2026,Kharif,Castor seed,905.899168785739
Punjab,2014,Kharif,Maize,3650.7936507936506
Tamil Nadu,2007,Whole Year,Maize,3625.5840807777004
Haryana,2008,Whole Year,Sugarcane,57641.76773952343
Punjab,2020,Whole Year,Sugarcane,76784.53625909048
Sikkim,2008,Kharif,Other Kharif pulses,1108.2089552238806
Jharkhand,2006,Rabi,Masoor,600.8815156150445
Chhattisgarh,2007,Kharif,Bajra,455.88235294117646
Nagaland,2006,Rabi,Other  Rabi pulses,1197.9166666666667
Nagaland,2018,Kharif,Castor seed,666.6666666666666
Andhra Pradesh,2014,Kharif,Dry chillies,5621.473526290753
Uttar Pradesh,2017,Kharif,Bajra,1939.8679701792853
Nagaland,2008,Rabi,Masoor,698.4126984126984
Himachal Pradesh,2026,Kharif,Cotton(lint),439.31088488645264
Karnataka,2022,Kharif,Other Kharif pulses,1002.7442474738145
Maharashtra,2003,Rabi,Linseed,231.86119873817034
Assam,2005,Kharif,Small millets,511.6670987814363
Tamil Nadu,2001,Kharif,Maize,2235.462501575313
Manipur,2005,Kharif,Other Kharif pulses,509.6774193548387
Haryana,2025,Kharif,Maize,3721.7062803593385
Uttar Pradesh,2022,Rabi,Potato,23134.902951464548
West Bengal,2025,Kharif,Jute,20477.529770853955
Assam,2019,Whole Year,Dry chillies,978.7244769347113
Uttarakhand,2018,Kharif,other oilseeds,941.1764705882352
Nagaland,2015,Kharif,Tapioca,20211.453744493392
Nagaland,2024,Kharif,Mesta,679.242160527292
Andhra Pradesh,2022,Whole Year,Coriander,547.8307464604452
Nagaland,2011,Kharif,Peas & beans (Pulses),1246.5753424657535
Chhattisgarh,2006,Rabi,Peas & beans (Pulses),356.97107973114635
Madhya Pradesh,2003,Rabi,Other  Rabi pulses,512.8635490939681
Andhra Pradesh,2009,Whole Year,Sugarcane,74102.30368615127
Madhya Pradesh,2013,Whole Year,Potato,12934.000370576246
Tamil Nadu,2008,Whole Year,Mango,5291.5736872375155
Uttar Pradesh,2016,Rabi,Tobacco,4465.866666666667
Puducherry,2013,Rabi,Moong(Green Gram),513.5135135135135
Chhattisgarh,2007,Rabi,Peas & beans (Pulses),360.83358872203496
Puducherry,2010,Rabi,Onion,7000.0
Gujarat,2023,Whole Year,Potato,30453.0406269114
Maharashtra,2003,Kharif,Maize,2152.020525978191
Assam,2024,Rabi,Masoor,813.4713387672905
Assam,2014,Kharif,Cotton(lint),469.29824561403507
Sikkim,2000,Kharif,Maize,1493.8977019271733
Chhattisgarh,2021,Rabi,Safflower,388.3128014655216
Kerala,2002,Whole Year,Rubber,1347.9911565627071
Chhattisgarh,2007,Whole Year,Sannhamp,333.9563862928349
Bihar,2016,Whole Year,Mango,9112.422112442655
Tripura,2015,Rabi,Masoor,644.9480642115203
Puducherry,2021,Summer,Onion,6662.460567823344
West Bengal,2026,Rabi,Horse-gram,640.5546365223785
Punjab,2012,Kharif,Sesamum,351.85185185185185
Andhra Pradesh,2007,Kharif,Moong(Green Gram),489.5104895104895
Telangana,2010,Kharif,Rice,3262.2453580029724
Andhra Pradesh,2003,Whole Year,Mango,5193.858694775203
Assam,2002,Autumn,Rice,957.7758306296919
Haryana,2015,Rabi,Wheat,4406.055900621118
Assam,2015,Kharif,Niger seed,604.3771043771044
Maharashtra,2012,Kharif,Small millets,434.75836431226764
Chhattisgarh,2013,Rabi,Linseed,379.3446516255336
Sikkim,2025,Rabi,Wheat,782.6381213020375
Haryana,2005,Whole Year,Potato,24807.493847741527
Gujarat,2012,Kharif,Tobacco,1758.5421412300684
Maharashtra,2001,Kharif,Bajra,593.767867352773
Jammu and Kashmir,2021,Kharif,Bajra,534.6384964275574
Assam,2017,Kharif,Arhar/Tur,832.9470493849171
Nagaland,2011,Kharif,Jute,1802.6315789473683
Gujarat,2019,Kharif,Other Kharif pulses,617.532971295578
Maharashtra,2022,Kharif,Sesamum,2591.888214935689
Jammu and Kashmir,2021,Kharif,other oilseeds,765.6565656565657
Gujarat,2003,Whole Year,Dry chillies,923.0769230769231
Rajasthan,2016,Kharif,Groundnut,1787.0955055536613
Odisha,2001,Kharif,Groundnut,980.9553441302177
Manipur,2026,Rabi,Other  Rabi pulses,976.217877951069
Mizoram,2017,Kharif,Rapeseed &Mustard,347.82608695652175
Gujarat,2013,Kharif,Jowar,1436.8493590601333
Andhra Pradesh,2011,Kharif,Sesamum,239.28506841883177
Gujarat,2010,Kharif,other oilseeds,361.7647058823529
Rajasthan,2002,Kharif,Cotton(lint),466.7325980533225
Manipur,2012,Whole Year,Banana,13400.091171554475
Telangana,2016,Kharif,Small millets,938.8954171562867
Punjab,2006,Kharif,Rice,3867.9893170545593
Mizoram,2019,Kharif,Maize,1860.580204778157
Punjab,2024,Rabi,Gram,1285.8278634305195
Andhra Pradesh,2013,Kharif,Turmeric,5837.261161920423
Nagaland,2011,Kharif,Castor seed,678.5714285714286
Andhra Pradesh,2003,Whole Year,Tobacco,2702.2300162278175
Nagaland,2008,Kharif,Turmeric,4500.0
Arunachal Pradesh,2010,Kharif,Rice,1283.1537385868223
Tripura,2006,Kharif,Mesta,7328.9473684210525
Tamil Nadu,2016,Kharif,Ragi,1645.358851674641
Karnataka,2012,Kharif,Cowpea(Lobia),274.04550713459315
Kerala,2026,Whole Year,Black pepper,474.2747816580324
Meghalaya,2014,Rabi,Linseed,555.5555555555555
Manipur,2017,Whole Year,Banana,13484.852856318523
Uttar Pradesh,2014,Kharif,Ginger,4612.28813559322
Madhya Pradesh,2000,Whole Year,Turmeric,908.8471849865952
Chhattisgarh,2012,Kharif,Rice,1970.8844821368841
Bihar,2005,Rabi,Khesari,795.5717992468223
Meghalaya,2005,Kharif,Ginger,5569.766233766234
Jammu and Kashmir,2009,Kharif,Bajra,596.9428801287208
Uttar Pradesh,2009,Summer,Banana,41121.147260273974
West Bengal,2010,Rabi,Linseed,350.8260447035957
Telangana,2023,Kharif,Coriander,1451.505105073373
Tripura,2022,Kharif,Sesamum,630.1562301683456
Jammu and Kashmir,2001,Kharif,Sesamum,471.1153784605537
Karnataka,2019,Whole Year,Sugarcane,84085.56494142904
Arunachal Pradesh,2026,Kharif,Peas & beans (Pulses),2005.7082945013979
Gujarat,2010,Kharif,Urad,672.8697355533791
Uttarakhand,2020,Kharif,Rice,2766.7316976390453
Andhra Pradesh,2019,Kharif,Sugarcane,78159.12979711562
Nagaland,2010,Kharif,Arhar/Tur,852.0
Tamil Nadu,2004,Kharif,Jowar,669.0653210843582
Haryana,2006,Rabi,Peas & beans (Pulses),1238.390092879257
Madhya Pradesh,2023,Kharif,Sunflower,901.3664505923103
Tamil Nadu,2023,Kharif,Other Kharif pulses,743.5630660785811
Madhya Pradesh,2006,Whole Year,Dry chillies,860.007175872185
Karnataka,2002,Kharif,Bajra,393.18059157265657
Goa,2004,Whole Year,Sugarcane,50068.59504132231
Telangana,2014,Kharif,Ginger,7566.331198536139
Andhra Pradesh,2018,Kharif,Rice,3352.7038718270564
Odisha,2003,Whole Year,Sweet potato,8368.27556878588
Madhya Pradesh,2016,Rabi,Gram,1410.487123797704
Karnataka,2022,Whole Year,Turmeric,5974.533106960951
Chhattisgarh,2000,Whole Year,Potato,7269.027716673999
Uttarakhand,2014,Whole Year,Turmeric,1926.9102990033223
Karnataka,2013,Kharif,Groundnut,844.2562296239603
Karnataka,2015,Kharif,Rice,2703.843890256447
Jharkhand,2010,Kharif,Rice,2797.312442247734
Bihar,2019,Kharif,Small millets,754.5143972669595
Madhya Pradesh,2016,Whole Year,Banana,69473.59639300255
Uttarakhand,2019,Kharif,Other Cereals,1015.4440154440155
Tripura,2022,Kharif,Mesta,8759.138809055614
Jammu and Kashmir,2018,Kharif,Barley,351.47392290249434
Haryana,2022,Kharif,Sunflower,2496.5892536317842
Puducherry,2007,Rabi,Sweet potato,1000.0
Andhra Pradesh,2006,Whole Year,Ginger,4223.452234522345
West Bengal,2022,Rabi,Masoor,830.7833467115781
Sikkim,2024,Rabi,Other Cereals,1097.8929792955016
Chhattisgarh,2010,Kharif,Ragi,278.18429864814584
Jammu and Kashmir,2007,Kharif,Dry chillies,1000.0
Mizoram,2021,Whole Year,Sugarcane,23363.388762580213
West Bengal,2007,Autumn,Sesamum,633.1198536139067
West Bengal,2006,Whole Year,Mango,5730.030922322145
Karnataka,2017,Kharif,Rice,2878.596211495674
Goa,2008,Kharif,Groundnut,1395.638629283489
Maharashtra,2023,Whole Year,Mango,7280.216843896184
Assam,2023,Kharif,Mesta,7283.931088268847
Nagaland,2012,Kharif,Ragi,935.483870967742
Jammu and Kashmir,2025,Kharif,Potato,12189.245543025765
Chhattisgarh,2011,Kharif,Horse-gram,292.40900179012874
Himachal Pradesh,2001,Kharif,Cotton(lint),650.0
Gujarat,2014,Whole Year,Dry chillies,930.770568794573
Madhya Pradesh,2010,Whole Year,Coriander,393.5850393790794
Andhra Pradesh,2006,Kharif,Onion,16496.04859953766
Chhattisgarh,2001,Whole Year,Coriander,262.8524046434494
Punjab,2017,Rabi,Potato,23731.430548877754
Karnataka,2010,Kharif,Dry chillies,823.5347186719995
Uttarakhand,2022,Kharif,Arhar/Tur,858.6070099059878
Delhi,2022,Kharif,Barley,3646.193140355145
Gujarat,2000,Rabi,Wheat,2268.437609227543
Bihar,2022,Whole Year,Dry chillies,1323.5426735381645
Jharkhand,2009,Whole Year,Sugarcane,43541.3870246085
Manipur,2013,Rabi,Wheat,2500.0
Bihar,2019,Whole Year,Banana,31149.264152295087
Uttar Pradesh,2024,Rabi,Wheat,3980.696490888256
Uttar Pradesh,2012,Rabi,Wheat,3218.9918711615633
Delhi,2000,Rabi,Wheat,3517.998275614312
Uttarakhand,2012,Rabi,Masoor,816.1625282167043
Uttarakhand,2017,Rabi,Peas & beans (Pulses),941.8123275068997
Bihar,2003,Kharif,Moong(Green Gram),503.8104310550131
Goa,2023,Rabi,Other  Rabi pulses,984.5644522490061
Madhya Pradesh,2010,Whole Year,Sugarcane,40692.67482880266
Arunachal Pradesh,2016,Rabi,Other  Rabi pulses,615.4465004022526
Nagaland,2002,Kharif,Jute,3666.6666666666665
Uttar Pradesh,2019,Kharif,Bajra,2114.6550502131745
Karnataka,2009,Kharif,Ragi,1559.3459636567202
Meghalaya,2013,Rabi,Wheat,1869.6682464454977
Andhra Pradesh,2002,Rabi,Other  Rabi pulses,276.5616657768286
Jammu and Kashmir,2014,Kharif,Rice,1249.9882187043474
Puducherry,2004,Whole Year,Onion,3000.0
Andhra Pradesh,2004,Kharif,Castor seed,388.20692194403534
Nagaland,2014,Kharif,Sugarcane,43524.137931034486
Andhra Pradesh,2018,Rabi,Other  Rabi pulses,776.7119637623234
Tamil Nadu,2004,Whole Year,Cashewnut,425.1617156670712
West Bengal,2002,Rabi,Gram,780.0917161008035
Haryana,2012,Rabi,Wheat,4452.311962209215
Odisha,2010,Summer,Wheat,1461.6730836541826
Karnataka,2025,Kharif,Arhar/Tur,725.3293229337177
Meghalaya,2011,Rabi,Rapeseed &Mustard,681.4958987904907
Meghalaya,2023,Whole Year,Dry chillies,1302.0297699594046
Gujarat,2026,Rabi,Gram,1763.6955669058807
West Bengal,2022,Kharif,Soyabean,967.1918521826029
Tamil Nadu,2003,Kharif,Rice,2307.5027333242165
Maharashtra,2024,Kharif,Ragi,1045.3193044367456
Uttarakhand,2023,Kharif,Urad,1075.1268562594785
Himachal Pradesh,2010,Kharif,Soyabean,1453.211009174312
West Bengal,2008,Rabi,Masoor,652.3173479240425
Puducherry,2012,Rabi,Turmeric,1800.0
Uttar Pradesh,2013,Rabi,Mustard,1496.8309911224526
Gujarat,2014,Rabi,Onion,27878.55909711665
Uttarakhand,2011,Summer,Moong(Green Gram),666.6666666666666
Arunachal Pradesh,2017,Kharif,Soyabean,1417.3857462448066
Karnataka,2015,Kharif,Dry chillies,867.7687811799682
Himachal Pradesh,2001,Whole Year,Dry chillies,190.4296875
Uttarakhand,2005,Kharif,Sunflower,1193.2773109243697
Manipur,2023,Whole Year,Dry chillies,11136.694551700371
West Bengal,2002,Rabi,Barley,952.0130134200895
Madhya Pradesh,2018,Whole Year,Turmeric,17436.491466338062
Assam,2004,Kharif,Arhar/Tur,705.6289915342344
Jharkhand,2019,Kharif,Other Kharif pulses,686.2273340766387
Kerala,2026,Kharif,Other Cereals,10.008838353677472
Meghalaya,2012,Kharif,Banana,12101.401601830663
Maharashtra,2013,Kharif,Niger seed,323.0769230769231
Uttar Pradesh,2016,Rabi,Peas & beans (Pulses),1376.9460353311285
Arunachal Pradesh,2021,Rabi,Masoor,1375.797080912569
Assam,2010,Whole Year,Tobacco,510.2040816326531
Tripura,2014,Kharif,Mesta,8100.478468899521
Odisha,2000,Whole Year,Garlic,3142.222222222222
Uttar Pradesh,2012,Kharif,Jowar,1347.835766998094
Delhi,2014,Rabi,Gram,1317.0731707317073
Odisha,2023,Kharif,Castor seed,804.0810230162657
Tamil Nadu,2007,Whole Year,Moong(Green Gram),291.2137424302575
Odisha,2015,Winter,Sugarcane,64400.58022762776
Arunachal Pradesh,2017,Kharif,Arhar/Tur,825.0620347394541
Puducherry,2023,Kharif,Ginger,786.0250563505792
Bihar,2005,Whole Year,Mango,6114.0989028034055
Karnataka,2011,Whole Year,Turmeric,5022.761998041136
Madhya Pradesh,2003,Kharif,Jowar,1219.0003656468891
Haryana,2022,Kharif,Arhar/Tur,1120.5289973095425
Madhya Pradesh,2001,Kharif,Jowar,903.0003727171077
Haryana,2000,Whole Year,Garlic,8041.958041958042
Odisha,2026,Kharif,Ginger,17028.299142198062
Bihar,2019,Rabi,Rapeseed &Mustard,1187.4667729930889
Manipur,2026,Kharif,Urad,1285.968917101848
Mizoram,2019,Kharif,Cowpea(Lobia),1422.0716360116166
Tamil Nadu,2015,Whole Year,Sweet potato,16273.037542662116
Gujarat,2001,Whole Year,Banana,60401.639344262294
Assam,2017,Kharif,Maize,3132.289057297777
Uttar Pradesh,2021,Kharif,Maize,2410.6067343090863
Karnataka,2010,Whole Year,Arecanut,10813.007360424112
Uttarakhand,2014,Rabi,Peas & beans (Pulses),967.8750897343862
Andhra Pradesh,2009,Whole Year,Coriander,549.9359453400235
Gujarat,2026,Rabi,Onion,30410.14068303833
Jharkhand,2017,Kharif,Soyabean,798.7519500780031
Andhra Pradesh,2020,Kharif,Bajra,2028.71581015848
Uttar Pradesh,2026,Kharif,Maize,2569.771986954636
Uttar Pradesh,2015,Rabi,Barley,2166.0360418136343
Haryana,2001,Kharif,Rice,2653.02845241629
Meghalaya,2012,Whole Year,Turmeric,5811.141304347826
Uttar Pradesh,2020,Kharif,Maize,3520.5700426820704
Odisha,2007,Autumn,Urad,228.48473703567487
Himachal Pradesh,2025,Rabi,Coriander,195.38493235354713
Uttarakhand,2017,Kharif,other oilseeds,705.8823529411765
Gujarat,2010,Kharif,Other Cereals,650.0
Odisha,2007,Kharif,Arhar/Tur,941.3394982863582
Karnataka,2026,Kharif,Potato,13330.326891145922
Punjab,2009,Kharif,Maize,3417.26618705036
Meghalaya,2019,Rabi,Peas & beans (Pulses),1940.5982905982905
Puducherry,2014,Rabi,Moong(Green Gram),750.0
Gujarat,2009,Kharif,Groundnut,929.2216659080565
Meghalaya,2009,Whole Year,Arecanut,1423.9776815211806
Karnataka,2014,Kharif,Cowpea(Lobia),439.18365862087785
Gujarat,2009,Whole Year,Dry chillies,944.4444444444445
Uttar Pradesh,2014,Rabi,Potato,22558.85684109591
Uttar Pradesh,2010,Kharif,Arhar/Tur,896.0823508219393
Uttar Pradesh,2018,Summer,Sunflower,1364.6586345381527
Nagaland,2001,Kharif,Groundnut,1100.0
Arunachal Pradesh,2009,Kharif,Maize,1378.5010314004126
Gujarat,2010,Whole Year,Potato,23279.491833030854
Assam,2025,Autumn,Rice,2179.3313321996807
Jharkhand,2026,Rabi,Safflower,335.07404520654717
Goa,2015,Kharif,Other Kharif pulses,748.5380116959064
Bihar,2017,Whole Year,Turmeric,1038.5462555066078
Meghalaya,2014,Kharif,Sweet potato,3564.516129032258
Chhattisgarh,2018,Rabi,Gram,1043.9996131902137
Meghalaya,2008,Rabi,Wheat,1776.4423076923076
Telangana,2013,Kharif,Jowar,1085.2004009430632
Gujarat,2014,Kharif,Sesamum,578.307722573171
Karnataka,2017,Kharif,Cowpea(Lobia),226.75755300098203
Jammu and Kashmir,2004,Kharif,Urad,412.49825832520554
Maharashtra,2023,Summer,Other Summer Pulses,195.04072713408533
Uttar Pradesh,2000,Rabi,Masoor,626.1059027511393
Sikkim,2000,Rabi,Wheat,1400.2772002772003
Meghalaya,2021,Kharif,Mesta,6973.061751617839
Madhya Pradesh,2022,Rabi,Peas & beans (Pulses),1094.2877992785013
Tamil Nadu,2026,Kharif,Horse-gram,740.0777056631132
Meghalaya,2018,Rabi,Rapeseed &Mustard,935.5197894523737
Bihar,2003,Whole Year,Tobacco,1111.9626558907546
Assam,2000,Autumn,Rice,1033.5374723207915
Puducherry,2018,Kharif,Bajra,2428.5714285714284
West Bengal,2014,Whole Year,Tobacco,1674.4905130007028
Assam,2010,Kharif,Jute,10046.653925835515
West Bengal,2005,Kharif,Mesta,12092.488897470554
Tamil Nadu,2024,Whole Year,Arecanut,2861.198037428941
Karnataka,2004,Kharif,Mesta,1417.4377224199288
Telangana,2014,Kharif,Small millets,634.3283582089553
Nagaland,2010,Kharif,Potato,12723.636363636364
Himachal Pradesh,2003,Rabi,Wheat,1360.114298539245
Uttar Pradesh,2001,Kharif,Moong,546.9466250132355
Himachal Pradesh,2018,Kharif,Arhar/Tur,510.2040816326531
Madhya Pradesh,2015,Kharif,Other Cereals,799.6923076923077
Maharashtra,2020,Whole Year,Grapes,25111.348185439914
Uttar Pradesh,2007,Rabi,Lentil,906.6891884317243
Chhattisgarh,2006,Rabi,Linseed,250.54543766537205
Chhattisgarh,2002,Whole Year,Onion,8402.895054282268
West Bengal,2002,Whole Year,Sugarcane,65841.5210688592
Madhya Pradesh,2021,Kharif,Sunflower,820.2249913185332
Karnataka,2004,Kharif,Soyabean,625.8842615590671
Arunachal Pradesh,2005,Whole Year,Dry chillies,1220.479704797048
Odisha,2003,Kharif,Arhar/Tur,700.0878863336751
Uttarakhand,2018,Rabi,Rapeseed &Mustard,932.5928180158247
Chhattisgarh,2007,Kharif,Other Kharif pulses,255.56323427781618
Chhattisgarh,2015,Kharif,Horse-gram,346.7232530596131
Kerala,2015,Whole Year,Rubber,1585.697041286353
Telangana,2011,Whole Year,Mango,6164.924141896957
Mizoram,2022,Kharif,Other Kharif pulses,1380.0753014832299
Odisha,2002,Kharif,Rice,767.1425228176925
Uttar Pradesh,2001,Kharif,Moong(Green Gram),275.0320467169919
Goa,2023,Whole Year,Black pepper,437.66500440011737
Sikkim,2009,Kharif,Rice,1705.7864710676447
Andhra Pradesh,2015,Rabi,Niger seed,385.6394913986537
Meghalaya,2009,Kharif,Ginger,5794.228087115116
Punjab,2001,Kharif,Groundnut,1000.0
Karnataka,2017,Whole Year,Sugarcane,93652.3775
Kerala,2021,Kharif,Jowar,834.4550008385163
Uttarakhand,2013,Rabi,Peas & beans (Pulses),987.0275464445868
Karnataka,2003,Whole Year,Tomato,21777.22500981921
Nagaland,2000,Kharif,Castor seed,750.0
Madhya Pradesh,2016,Kharif,Soyabean,1231.0255460940393
Himachal Pradesh,2000,Kharif,Small millets,428.5901295981149
Tamil Nadu,2014,Whole Year,Dry chillies,658.9023898130297
Uttarakhand,2009,Rabi,Wheat,2224.2936762094805
Uttar Pradesh,2022,Kharif,Sweet potato,11720.61457101792
Nagaland,2000,Rabi,Gram,800.0
Andhra Pradesh,2018,Kharif,Urad,810.1860132355572
Maharashtra,2009,Kharif,Groundnut,1013.0568356374808
Andhra Pradesh,2009,Kharif,Small millets,353.1781925828468
Goa,2006,Kharif,Ragi,907.1428571428571
Karnataka,2009,Whole Year,Cotton(lint),1543.5111930333055
Jammu and Kashmir,2009,Rabi,Rapeseed &Mustard,787.6273605257044
Odisha,2009,Kharif,Arhar/Tur,1049.575214280516
Karnataka,2010,Kharif,Moong(Green Gram),275.3101803639006
Punjab,2017,Kharif,Moong(Green Gram),857.1428571428571
Nagaland,2004,Rabi,Barley,1590.909090909091
Kerala,2016,Whole Year,Rubber,1530.1300085562273
Uttar Pradesh,2013,Rabi,Tobacco,5502.103400825634
Jammu and Kashmir,2021,Rabi,Rapeseed &Mustard,1002.572192901834
West Bengal,2012,Rabi,Gram,1175.7310523174856
Tripura,2009,Kharif,Maize,1005.9464816650149
Madhya Pradesh,2007,Rabi,Masoor,423.875861194715
Maharashtra,2001,Rabi,Wheat,1388.4020618556701
Arunachal Pradesh,2016,Whole Year,Turmeric,4500.0
Karnataka,2023,Whole Year,Banana,31852.79523198413
Haryana,2001,Whole Year,Sannhamp,369.39313984168865
Karnataka,2017,Kharif,Groundnut,1101.8938752903891
Tripura,2025,Whole Year,Potato,2793.3761163680256
Karnataka,2014,Kharif,Other Kharif pulses,790.6882317114434
Punjab,2008,Kharif,Groundnut,925.925925925926
Tripura,2023,Kharif,Urad,617.8021651532877
Assam,2005,Rabi,Other  Rabi pulses,540.366523465115
Himachal Pradesh,2012,Rabi,Garlic,1402.0474639367148
Himachal Pradesh,2017,Kharif,Ragi,1055.5861309851402
Punjab,2026,Rabi,Linseed,314.9840882930462
Jammu and Kashmir,2025,Kharif,Other Kharif pulses,1380.1999897382689
Assam,2020,Kharif,Maize,3919.8957123289238
Puducherry,2022,Rabi,Moong(Green Gram),788.1594048043056
Odisha,2021,Autumn,Urad,390.05403885384516
Chhattisgarh,2025,Whole Year,Ginger,1095.6912503304256
Himachal Pradesh,2025,Rabi,Garlic,853.8584243565765
Jammu and Kashmir,2024,Kharif,Other Kharif pulses,1099.1997291474972
Kerala,2023,Whole Year,Moong(Green Gram),10.016562820411703
Meghalaya,2004,Rabi,Wheat,1812.2827346465817
Maharashtra,2018,Rabi,Safflower,476.27577422179763
Odisha,2002,Kharif,Moong(Green Gram),227.84825168592732
Rajasthan,2005,Rabi,Gram,867.3526578406795
Bihar,2015,Rabi,Linseed,858.8438768043637
Maharashtra,2018,Summer,other oilseeds,180.72289156626505
Maharashtra,2002,Rabi,Linseed,218.28358208955223
Meghalaya,2021,Whole Year,Cashewnut,1853.0144441340158
Uttar Pradesh,2016,Rabi,Gram,1115.0251207970289
Madhya Pradesh,2014,Kharif,Moong(Green Gram),456.3758389261745
Nagaland,2002,Kharif,Sunflower,2000.0
Uttarakhand,2014,Kharif,Rice,2268.310604042019
Kerala,2025,Whole Year,Maize,4352.483069977427
West Bengal,2005,Rabi,Peas & beans (Pulses),876.0947376437438
Gujarat,2022,Kharif,Bajra,2244.551702155212
Kerala,2012,Whole Year,Arhar/Tur,1595.2782462057335
Chhattisgarh,2007,Whole Year,Sugarcane,2485.3182564289623
Assam,2018,Whole Year,Tapioca,9438.4661117717
Assam,2010,Whole Year,Sweet potato,3455.868089233754
Andhra Pradesh,2022,Kharif,Ragi,1470.5543638826446
Assam,2011,Kharif,Cotton(lint),472.3577235772358
Chhattisgarh,2004,Whole Year,Dry chillies,553.0640454615267
Madhya Pradesh,2017,Rabi,Safflower,495.0495049504951
Manipur,2003,Kharif,Soyabean,906.25
Uttar Pradesh,2026,Rabi,Gram,1179.0399632657027
Gujarat,2023,Kharif,Castor seed,2217.958531522799
Odisha,2016,Kharif,Arhar/Tur,1062.4990667212558
Jammu and Kashmir,2016,Kharif,Potato,7328.014184397163
Assam,2022,Whole Year,Dry chillies,990.0425596451151
Jammu and Kashmir,2000,Kharif,Barley,264.70588235294116
Mizoram,2010,Kharif,Soyabean,1893.6473947180584
Assam,2003,Whole Year,Sugarcane,38589.12351067595
Sikkim,2025,Kharif,Urad,981.3748527626803
Uttarakhand,2021,Kharif,Maize,2058.748284859712
Kerala,2025,Whole Year,Garlic,10.020732550103663
Tripura,2025,Rabi,Other  Rabi pulses,898.2385432219936
Kerala,2001,Kharif,Sesamum,323.4624145785877
Himachal Pradesh,2025,Kharif,Cotton(lint),481.58756137479537
Bihar,2013,Kharif,Small millets,754.335260115607
Gujarat,2009,Rabi,Gram,944.7806354009077
Gujarat,2022,Kharif,Other Kharif pulses,542.8826213914778
Maharashtra,2011,Rabi,Linseed,250.32258064516128
Odisha,2011,Summer,Wheat,1639.9726214921286
Karnataka,2021,Kharif,Sesamum,712.1577916173203
Manipur,2013,Kharif,Moong(Green Gram),959.0909090909091
Bihar,2015,Rabi,Wheat,2243.9644676063012
Uttarakhand,2017,Rabi,Rapeseed &Mustard,818.5697469099471
Odisha,2024,Autumn,Moong(Green Gram),451.35279005890925
Punjab,2000,Kharif,Sesamum,398.9583333333333
Telangana,2013,Whole Year,Banana,31143.88961892247
Tamil Nadu,2023,Whole Year,Ginger,11111.551841167488
Gujarat,2009,Kharif,Ragi,748.2993197278912
Andhra Pradesh,2005,Kharif,Cotton(lint),2041.3759443130107
Meghalaya,2024,Kharif,Sesamum,1179.451253137063
Maharashtra,2018,Kharif,Rice,2217.8976962069073
Meghalaya,2021,Kharif,Sesamum,1051.5251219556208
West Bengal,2009,Autumn,Sesamum,639.7694524495678
Kerala,2011,Whole Year,Arecanut,1163.318104655109
Madhya Pradesh,2008,Kharif,Niger seed,229.4163393088596
Arunachal Pradesh,2011,Whole Year,Dry chillies,1720.0
Tamil Nadu,2002,Kharif,Other Kharif pulses,204.94000247412478
Arunachal Pradesh,2000,Whole Year,Potato,6536.737235367373
Rajasthan,2001,Kharif,Maize,2390.878160403634
Jammu and Kashmir,2024,Kharif,Sesamum,445.20138005135357
Jammu and Kashmir,2019,Kharif,Masoor,572.7699530516431
Tamil Nadu,2022,Whole Year,Dry chillies,749.2101920539911
Mizoram,2017,Rabi,Onion,3877.36699729486
Andhra Pradesh,2024,Kharif,Moong(Green Gram),797.6964490797732
West Bengal,2021,Autumn,Rice,2676.84079808258
Uttar Pradesh,2021,Summer,Sunflower,1475.1364370864965
Gujarat,2017,Rabi,Small millets,1715.2777777777778
Rajasthan,2018,Kharif,Maize,4009.0545297753833
Tamil Nadu,2000,Kharif,Maize,1618.119897831422
Assam,2026,Whole Year,Dry chillies,962.4562308486368
Bihar,2019,Rabi,Lentil,1080.5826310768186
Nagaland,2019,Kharif,Sugarcane,43510.11235955056
Uttar Pradesh,2009,Kharif,Moong(Green Gram),147.87258119271246
Kerala,2016,Whole Year,Garlic,4935.064935064935
Uttar Pradesh,2023,Kharif,Sannhamp,237.5170829987179
Karnataka,2006,Whole Year,Turmeric,5049.083857161963
Madhya Pradesh,2024,Whole Year,Dry chillies,4233.442147217913
West Bengal,2013,Rabi,Linseed,360.1390498261877
Delhi,2022,Kharif,Other Kharif pulses,1878.4985660870511
Andhra Pradesh,2003,Rabi,Wheat,565.1408450704225
Uttar Pradesh,2013,Kharif,Dry chillies,807.3514455905855
Uttar Pradesh,2000,Kharif,Moth,304.63576158940396
Tamil Nadu,2015,Kharif,Jowar,1046.7188284654387
Madhya Pradesh,2024,Rabi,Other  Rabi pulses,823.3976046549864
Chhattisgarh,2015,Kharif,Arhar/Tur,469.9964674622556
Gujarat,2006,Kharif,Maize,450.52490507035964
Chhattisgarh,2016,Kharif,Rice,2169.792530055493
Uttarakhand,2007,Whole Year,Tobacco,3000.0
Chhattisgarh,2002,Kharif,Moong(Green Gram),234.07792207792207
Chhattisgarh,2004,Kharif,Moong(Green Gram),256.9675017607405
Karnataka,2005,Whole Year,Mesta,1269.4325226514068
West Bengal,2013,Rabi,Arhar/Tur,1432.2319622387054
Tamil Nadu,2016,Kharif,Onion,10374.724305249229
Tamil Nadu,2013,Whole Year,Turmeric,3672.922922922923
Bihar,2007,Whole Year,Dry chillies,1318.6567164179105
Sikkim,2018,Rabi,Rapeseed &Mustard,875.6843800322061
Arunachal Pradesh,2008,Whole Year,Potato,8221.757322175732
West Bengal,2024,Rabi,Rapeseed &Mustard,1052.6566320872562
Manipur,2003,Whole Year,Turmeric,690.9090909090909
Kerala,2000,Whole Year,Tobacco,5568.075117370892
Andhra Pradesh,2010,Whole Year,Garlic,2107.7586206896553
Nagaland,2021,Kharif,Arhar/Tur,964.3276351181769
Karnataka,2004,Whole Year,Tobacco,738.509676925265
Haryana,2020,Kharif,Bajra,2102.858528818322
Gujarat,2021,Kharif,Ragi,907.1134552112024
Assam,2025,Whole Year,Ginger,10667.165845730096
Uttar Pradesh,2011,Rabi,Barley,2559.6642065484793
Bihar,2017,Rabi,Gram,1153.8276566874495
Maharashtra,2000,Rabi,Wheat,1256.430654998674
Uttarakhand,2010,Kharif,Horse-gram,844.0660474716202
Punjab,2025,Rabi,Mustard,1714.3887538729841
Madhya Pradesh,2010,Kharif,Rice,1122.6925362321142
Tamil Nadu,2025,Whole Year,Mango,8233.984604302726
Tamil Nadu,2012,Kharif,Castor seed,143.74897322161985
Nagaland,2013,Kharif,Peas & beans (Pulses),1327.5862068965516
Himachal Pradesh,2012,Kharif,Maize,2192.5405746214306
Chhattisgarh,2001,Kharif,Cotton(lint),699.0291262135922
Assam,2025,Kharif,Sesamum,858.4061750049896
Assam,2024,Whole Year,Potato,6793.712898059406
West Bengal,2013,Rabi,Mustard,1475.8096790783045
Bihar,2026,Kharif,Bajra,1247.0123219715153
Andhra Pradesh,2010,Rabi,Rapeseed &Mustard,2423.7214677838774
West Bengal,2019,Rabi,Peas & beans (Pulses),949.6033132079237
Assam,2022,Whole Year,Sugarcane,38660.01342349327
Manipur,2022,Kharif,Cotton(lint),312.8591495339037
Tripura,2018,Autumn,Rice,2644.3972835314094
Madhya Pradesh,2023,Kharif,Mesta,165.12212611075307
Jammu and Kashmir,2024,Kharif,Maize,1577.9374488449978
Assam,2021,Kharif,Maize,3226.0855831201566
Haryana,2002,Whole Year,Sannhamp,193.7984496124031
Odisha,2000,Kharif,Jowar,575.3846153846154
West Bengal,2005,Rabi,Khesari,913.4514179171804
Haryana,2014,Kharif,Peas & beans (Pulses),7093.790382915051
Uttarakhand,2012,Rabi,Wheat,2441.649102436876
Bihar,2012,Whole Year,Banana,29016.45162149894
Delhi,2005,Kharif,Other Kharif pulses,1500.0
Maharashtra,2004,Whole Year,Banana,28531.692723766322
Goa,2023,Whole Year,Banana,13657.284175444336
Puducherry,2007,Kharif,Jowar,1666.6666666666667
Karnataka,2006,Kharif,Horse-gram,359.8168042721816
Odisha,2014,Summer,Horse-gram,338.9830508474576
Jharkhand,2006,Rabi,Onion,5736.056979744196
Assam,2010,Kharif,Maize,713.6354440623103
Kerala,2022,Whole Year,Wheat,1984.9624060150375
Gujarat,2021,Kharif,Other Kharif pulses,620.761025063599
Chhattisgarh,2017,Kharif,Small millets,245.63062771263847
Maharashtra,2003,Kharif,Small millets,555.3935860058309
Rajasthan,2021,Rabi,Mustard,1558.460493754294
Punjab,2023,Rabi,Wheat,5342.551902843889
Meghalaya,2004,Whole Year,Coriander,5773.584905660377
Haryana,2025,Kharif,Moong(Green Gram),836.5359232402029
Jammu and Kashmir,2022,Rabi,Garlic,746.7099413124666
Himachal Pradesh,2023,Kharif,Bajra,624.2739593417232
Karnataka,2019,Kharif,Urad,470.1297563965963
Telangana,2013,Kharif,Sunflower,857.843137254902
Nagaland,2011,Kharif,Ginger,9117.460317460318
Telangana,2018,Kharif,Cashewnut,245.85818422796555
Bihar,2001,Whole Year,Onion,9546.616487964213
Punjab,2012,Kharif,Arhar/Tur,1208.3333333333333
Rajasthan,2023,Kharif,Bajra,2002.9908835891927
Arunachal Pradesh,2012,Whole Year,Turmeric,4138.7696709585125
Jammu and Kashmir,2022,Kharif,Rice,2094.7976422508395
West Bengal,2007,Rabi,Linseed,274.97042420145345
West Bengal,2015,Rabi,Rapeseed &Mustard,1070.7399220674833
Telangana,2013,Kharif,Castor seed,707.4354890092386
West Bengal,2016,Rabi,Mustard,1548.8337229583883
Karnataka,2023,Kharif,Groundnut,1534.730195952411
Manipur,2011,Kharif,Urad,1095.617529880478
Maharashtra,2007,Rabi,Wheat,1892.640485312899
Jammu and Kashmir,2021,Rabi,Masoor,991.9594997022036
Meghalaya,2005,Kharif,Maize,1445.3781512605042
Chhattisgarh,2018,Rabi,Other  Rabi pulses,82.80060882800609
Odisha,2020,Rabi,Wheat,4095.7307082192515
Karnataka,2001,Kharif,Castor seed,740.2633148309556
Arunachal Pradesh,2004,Whole Year,Oilseeds total,968.3849810236192
Madhya Pradesh,2003,Whole Year,Garlic,4158.121720248507
Nagaland,2022,Kharif,Ragi,1029.4649858254418
Andhra Pradesh,2008,Kharif,Bajra,1029.5321402776663
Bihar,2003,Kharif,Groundnut,493.5897435897436
Andhra Pradesh,2012,Rabi,Rapeseed &Mustard,434.412265758092
Assam,2023,Whole Year,Tobacco,613.7528527067979
Goa,2005,Whole Year,Black pepper,218.84984025559106
Andhra Pradesh,2016,Kharif,Sweet potato,15181.208053691274
Punjab,2003,Kharif,Urad,423.0769230769231
Maharashtra,2014,Kharif,Sunflower,309.59752321981426
Bihar,2006,Rabi,Sunflower,1336.341335202383
West Bengal,2005,Rabi,Arhar/Tur,865.5737704918033
Meghalaya,2025,Kharif,Jute,11261.336638776986
Karnataka,2014,Kharif,Onion,5135.998743604767
Andhra Pradesh,2003,Kharif,Onion,13909.737872138536
West Bengal,2003,Kharif,Maize,2270.1062488744824
Odisha,2020,Rabi,Potato,24658.40573848398
Maharashtra,2004,Kharif,Cotton(lint),1034.86529318542
Kerala,2021,Whole Year,Arhar/Tur,1343.7428459849984
Bihar,2000,Whole Year,Dry chillies,1058.3808437856328
Chhattisgarh,2005,Kharif,Other Kharif pulses,254.36696982820845
Delhi,2024,Kharif,Cotton(lint),1070.0
Gujarat,2017,Kharif,Tobacco,1855.93778832213
Himachal Pradesh,2026,Rabi,Barley,2175.463976082949
Assam,2012,Rabi,Masoor,578.466964007883
Himachal Pradesh,2014,Rabi,Wheat,1849.841411323463
Uttar Pradesh,2025,Kharif,Sweet potato,11567.215869133866
Telangana,2013,Kharif,Arhar/Tur,528.8968934979122
Karnataka,2021,Whole Year,Cardamom,93.68999832866399
Mizoram,2015,Whole Year,Tobacco,342.77620396600565
Haryana,2008,Whole Year,Potato,21661.91991958452
Haryana,2023,Kharif,Arhar/Tur,979.8125621804903
Andhra Pradesh,2003,Kharif,Groundnut,482.34734151304866
Himachal Pradesh,2013,Kharif,Turmeric,545.1127819548872
Bihar,2013,Rabi,Onion,18003.662934376294
Odisha,2025,Autumn,Rice,2364.928643959817
Jharkhand,2005,Rabi,Onion,10907.013432939702
Andhra Pradesh,2025,Whole Year,Ginger,3269.6427034007747
Jammu and Kashmir,2010,Kharif,Jowar,596.4912280701755
Uttar Pradesh,2000,Rabi,Rapeseed &Mustard,1000.4261501558955
Goa,2001,Whole Year,Banana,7372.380952380952
Arunachal Pradesh,2009,Whole Year,Sugarcane,18390.921409214094
Gujarat,2016,Kharif,Tobacco,1961.9695651027243
Punjab,2021,Rabi,Linseed,394.00210333480345
Kerala,2010,Whole Year,Black pepper,262.9027326098528
Sikkim,2022,Kharif,Small millets,1020.9346202333535
West Bengal,2006,Rabi,Masoor,664.2382353399025
Assam,2020,Whole Year,Sugarcane,77319.22930226153
Jharkhand,2022,Kharif,Jowar,1031.3716317006485
Sikkim,2001,Rabi,Wheat,1203.788748564868
West Bengal,2002,Whole Year,Mango,5463.602156647347
Mizoram,2014,Kharif,Sesamum,774.5222929936306
Puducherry,2002,Kharif,Bajra,1917.8743961352657
Assam,2000,Rabi,Rapeseed &Mustard,514.5795911229
Andhra Pradesh,2003,Kharif,Urad,700.0963815031324
Bihar,2009,Kharif,Bajra,1111.148763131142
Assam,2016,Whole Year,Sweet potato,5440.426341834793
Bihar,2017,Kharif,Small millets,752.3852794184462
Uttarakhand,2022,Kharif,Sesamum,306.97099581898027
Telangana,2006,Kharif,Rice,3075.6450994700826
Madhya Pradesh,2017,Kharif,Soyabean,1062.2226835154
Bihar,2000,Kharif,Jute,8009.852471617786
Himachal Pradesh,2011,Kharif,Peas & beans (Pulses),1316.6023166023167
Maharashtra,2013,Kharif,Arhar/Tur,906.1596425129238
Jammu and Kashmir,2017,Kharif,Horse-gram,427.6672694394213
Uttarakhand,2010,Rabi,Barley,1256.0366739288309
Bihar,2019,Whole Year,Coriander,901.749663526245
Manipur,2024,Rabi,Wheat,2661.146504611355
Andhra Pradesh,2004,Kharif,Rice,2886.0151859966313
Haryana,2014,Kharif,Rice,3123.727486296006
Assam,2013,Whole Year,Black pepper,1728.125
Chhattisgarh,2004,Kharif,Urad,276.35092403906964
Madhya Pradesh,2017,Whole Year,Dry chillies,2464.685129148048
Madhya Pradesh,2025,Whole Year,Sannhamp,1476.5854489844426
Haryana,2017,Kharif,Sunflower,1938.7755102040817
Jammu and Kashmir,2015,Kharif,Other Cereals,502.55102040816325
Bihar,2022,Kharif,Groundnut,1289.9998676706057
Uttar Pradesh,2014,Rabi,Linseed,578.9943589951706
Gujarat,2001,Kharif,Arhar/Tur,562.7445079747216
Meghalaya,2017,Rabi,Rapeseed &Mustard,934.8464890059784
Uttar Pradesh,2016,Kharif,Bajra,1914.0108887720423
Punjab,2017,Rabi,Gram,1176.4705882352941
Assam,2019,Kharif,Mesta,6212.3564110524685
West Bengal,2012,Rabi,Wheat,2786.085231301233
Puducherry,2026,Rabi,Other  Rabi pulses,1307.3522568636577
Gujarat,2004,Kharif,Moth,358.5365853658537
Karnataka,2023,Kharif,Niger seed,203.10118402797576
Gujarat,2017,Whole Year,Guar seed,665.1045295294041
Nagaland,2018,Kharif,Ginger,9148.9898989899
Himachal Pradesh,2006,Kharif,Sannhamp,184.21052631578948
Jammu and Kashmir,2004,Kharif,Moong(Green Gram),486.1111111111111
Haryana,2022,Whole Year,Turmeric,14484.228313931655
Andhra Pradesh,2026,Whole Year,Sweet potato,19516.288398890774
Karnataka,2022,Whole Year,Coriander,545.5131825757101
Uttar Pradesh,2011,Summer,Sunflower,1706.9062324536776
Puducherry,2005,Kharif,Other Kharif pulses,863.6363636363636
West Bengal,2001,Kharif,Other Kharif pulses,543.0006277463905
Chhattisgarh,2026,Rabi,Linseed,432.8646410675134
West Bengal,2000,Rabi,Masoor,901.3869516014422
Tamil Nadu,2026,Rabi,Rapeseed &Mustard,75.2566195390532
Haryana,2018,Kharif,Urad,575.2351097178683
Maharashtra,2025,Kharif,Cotton(lint),2393.1363568592783
Madhya Pradesh,2001,Whole Year,Garlic,3772.669164646242
Assam,2012,Kharif,Jute,8572.328396730782
West Bengal,2018,Rabi,Onion,19872.551390772904
Uttar Pradesh,2009,Rabi,Rapeseed &Mustard,1112.8578323625904
Kerala,2017,Whole Year,Arecanut,1147.3461619792768
Himachal Pradesh,2011,Kharif,Moth,250.0
Karnataka,2006,Kharif,Sunflower,282.3418700006722
Uttar Pradesh,2022,Rabi,Coriander,605.8971795953203
Bihar,2003,Kharif,Ragi,673.9974978600119
Tamil Nadu,2005,Whole Year,Mango,5602.210427912845
Karnataka,2018,Kharif,Castor seed,573.5849056603773
Chhattisgarh,2014,Kharif,Soyabean,487.01014482886075
Telangana,2016,Rabi,Gram,1299.2181877335331
Nagaland,2003,Rabi,Barley,1666.6666666666667
Tripura,2025,Whole Year,Sugarcane,56231.47845419473
Karnataka,2005,Kharif,Bajra,905.8617457064498
West Bengal,2016,Rabi,Onion,21042.6860437278
Tamil Nadu,2008,Whole Year,Arecanut,1970.9550962223807
Maharashtra,2010,Kharif,Other Kharif pulses,474.34312210200926
Madhya Pradesh,2026,Kharif,Sunflower,1062.3792879283217
Nagaland,2009,Kharif,Peas & beans (Pulses),1097.560975609756
Tamil Nadu,2012,Kharif,Bajra,1748.1627620616387
Haryana,2019,Kharif,Guar seed,889.8355006406197
Tamil Nadu,2024,Kharif,Maize,9630.406395177986
Karnataka,2014,Whole Year,Sweet potato,16961.004431314625
Rajasthan,2002,Kharif,Maize,2821.885037860959
Haryana,2025,Rabi,Peas & beans (Pulses),6710.860257986472
Bihar,2012,Kharif,Sesamum,882.2463768115942
Punjab,2022,Kharif,Groundnut,2279.1822143145446
Haryana,2015,Kharif,Castor seed,800.0
Maharashtra,2025,Whole Year,Grapes,26032.09381268323
Chhattisgarh,2015,Kharif,Moong(Green Gram),460.0100857286939
Uttarakhand,2025,Kharif,Horse-gram,1031.2338254182082
Arunachal Pradesh,2015,Whole Year,Sugarcane,20900.0
Maharashtra,2025,Kharif,Rice,2479.402412075526
Arunachal Pradesh,2022,Rabi,Other  Rabi pulses,730.2772695728977
Gujarat,2013,Kharif,Cotton(lint),4029.87873838852
Manipur,2015,Kharif,Groundnut,882.074074074074
Jammu and Kashmir,2013,Rabi,Potato,11691.310975609756
Rajasthan,2008,Kharif,Maize,2778.475739631619
Mizoram,2022,Whole Year,Sugarcane,29517.218836648357
Gujarat,2012,Rabi,Wheat,2876.4044943820227
Jammu and Kashmir,2003,Kharif,Bajra,597.6281744130331
Chhattisgarh,2006,Rabi,Barley,815.4949784791966
Uttar Pradesh,2026,Kharif,Guar seed,602.0363102296803
Meghalaya,2022,Kharif,Mesta,6660.198825921256
West Bengal,2021,Whole Year,Mango,7647.876783664557
Madhya Pradesh,2021,Whole Year,Turmeric,17412.611838355693
Haryana,2005,Rabi,Masoor,749.2795389048991
Manipur,2023,Whole Year,Cashewnut,578.2901056676272
Gujarat,2014,Kharif,Castor seed,2077.101540387036
Jammu and Kashmir,2026,Kharif,Sannhamp,1108.8827027710995
Tamil Nadu,2017,Whole Year,Ginger,19539.473684210527
Tamil Nadu,2019,Whole Year,Dry chillies,617.157383676106
Andhra Pradesh,2025,Kharif,Rice,4214.964350202934
Karnataka,2001,Rabi,Gram,587.1028532237656
Karnataka,2003,Kharif,Moong(Green Gram),149.28590880208176
Uttar Pradesh,2007,Rabi,Potato,21976.215094145286
Bihar,2015,Autumn,Rice,1320.9292328765127
Nagaland,2017,Kharif,Bajra,1014.2857142857143
Chhattisgarh,2015,Rabi,Rapeseed &Mustard,560.9766637856526
Andhra Pradesh,2007,Rabi,Gram,1447.6190476190477
Meghalaya,2015,Rabi,Arecanut,1579.840848806366
Telangana,2018,Kharif,Cotton(lint),2091.2446629541755
Tamil Nadu,2004,Kharif,Castor seed,314.1855121538276
West Bengal,2018,Kharif,Niger seed,500.8445945945946
Chhattisgarh,2005,Kharif,Urad,290.47482837528605
Madhya Pradesh,2009,Whole Year,Arhar/Tur,780.0012312617355
Goa,2007,Whole Year,Cashewnut,394.55513198590234
Karnataka,2000,Whole Year,Banana,18383.104570539126
Meghalaya,2011,Rabi,Small millets,766.3755458515284
Punjab,2006,Kharif,Arhar/Tur,930.5555555555555
Madhya Pradesh,2007,Kharif,Cotton(lint),236.2013972162481
Rajasthan,2005,Rabi,Coriander,761.3966289564513
Assam,2021,Rabi,Urad,648.6596464227383
Delhi,2006,Kharif,Barley,2613.3333333333335
Bihar,2021,Autumn,Rice,2218.455778976142
Uttarakhand,2000,Whole Year,Tobacco,6990.196078431372
Karnataka,2014,Kharif,Sunflower,553.1540506795878
Himachal Pradesh,2017,Kharif,Arhar/Tur,511.1111111111111
Meghalaya,2002,Whole Year,Banana,12286.489520958085
Uttarakhand,2026,Kharif,Soyabean,1159.6514979876404
Nagaland,2015,Kharif,Maize,1978.629792583281
Tripura,2004,Whole Year,Sugarcane,48944.66019417476
Gujarat,2011,Kharif,Arhar/Tur,1053.6006546644844
Puducherry,2023,Kharif,Cashewnut,200.39462325810825
Bihar,2010,Rabi,Linseed,817.9645402398749
Uttar Pradesh,2001,Rabi,Peas & beans (Pulses),1208.6147101564313
Chhattisgarh,2021,Kharif,Arhar/Tur,586.0316920250085
Manipur,2026,Rabi,Masoor,1254.1352487109946
Himachal Pradesh,2012,Kharif,Soyabean,1351.7017828200972
Manipur,2012,Kharif,Urad,1092.4137931034484
Himachal Pradesh,2019,Kharif,Potato,8242.424242424242
Nagaland,2012,Kharif,Soyabean,1251.7227401702473
Andhra Pradesh,2016,Rabi,Niger seed,390.26951347567376
Himachal Pradesh,2007,Kharif,Horse-gram,452.9314616019818
Puducherry,2022,Kharif,Black pepper,1680.385288966725
Meghalaya,2001,Whole Year,Potato,8761.610930527244
Uttarakhand,2025,Kharif,Potato,5860.087189257458
Bihar,2006,Rabi,Potato,23171.761646441955
Assam,2019,Kharif,Niger seed,559.0551181102362
Madhya Pradesh,2010,Whole Year,Mesta,2470.2702702702704
West Bengal,2008,Autumn,Sesamum,673.665791776028
Jammu and Kashmir,2019,Kharif,Moong(Green Gram),431.8181818181818
Kerala,2007,Whole Year,Black pepper,238.79917349256314
Tripura,2026,Whole Year,Potato,2229.172687331683
Nagaland,2016,Kharif,Sunflower,857.1428571428571
Himachal Pradesh,2024,Kharif,Urad,824.2720979275452
Meghalaya,2001,Whole Year,Turmeric,5631.648063033486
Karnataka,2011,Kharif,Bajra,909.0205572575177
Bihar,2026,Whole Year,Onion,14737.663056579851
Nagaland,2011,Rabi,Rapeseed &Mustard,1004.7935103244838
Manipur,2009,Kharif,Other Kharif pulses,874.1258741258741
Manipur,2000,Kharif,Maize,2325.4817987152032
Tamil Nadu,2012,Kharif,Moong(Green Gram),283.8932681364077
Gujarat,2018,Whole Year,Banana,77331.87748935586
Chhattisgarh,2015,Whole Year,Garlic,2604.2194092827003
Sikkim,2024,Kharif,Small millets,1115.9882789792748
Jharkhand,2010,Rabi,Onion,5759.087904824852
Jammu and Kashmir,2025,Kharif,Ragi,480.4100530198057
Nagaland,2001,Kharif,Bajra,666.6666666666666
Tripura,2009,Rabi,Peas & beans (Pulses),743.0939226519337
Gujarat,2007,Kharif,Bajra,1169.5962647624278
Tamil Nadu,2002,Kharif,Maize,1583.1054792370537
Andhra Pradesh,2013,Kharif,Niger seed,523.8095238095239
Andhra Pradesh,2012,Kharif,Maize,4143.362831858407
Maharashtra,2021,Rabi,Safflower,567.1635621401366
West Bengal,2015,Kharif,Castor seed,607.1428571428571
West Bengal,2011,Whole Year,Banana,25874.5914405238
Kerala,2021,Whole Year,Small millets,757.8940458215716
Puducherry,2004,Kharif,Groundnut,1934.436274509804
Tamil Nadu,2001,Kharif,Groundnut,1884.8626357880003
Odisha,2025,Winter,Sugarcane,57644.36406342551
Tamil Nadu,2018,Autumn,Rice,4285.745958297425
Tripura,2018,Rabi,Peas & beans (Pulses),839.9646330680813
Uttar Pradesh,2014,Rabi,Coriander,485.2191641182467
Jharkhand,2025,Rabi,Peas & beans (Pulses),1631.7295407298545
Odisha,2018,Autumn,Urad,261.1516034985423
Tamil Nadu,2026,Kharif,Cowpea(Lobia),929.5981122802029
Punjab,2021,Kharif,Arhar/Tur,1072.6275016139446
Arunachal Pradesh,2015,Kharif,Rice,1583.858695652174
Jammu and Kashmir,2009,Kharif,Tobacco,363.6363636363636
Uttar Pradesh,2004,Kharif,Sugarcane,60807.27356266731
West Bengal,2025,Rabi,Rapeseed &Mustard,1042.5437848245588
Uttarakhand,2015,Rabi,Barley,983.3396853051669
Tripura,2012,Whole Year,Sugarcane,50485.555555555555
Punjab,2011,Rabi,Rapeseed &Mustard,1275.8620689655172
Tripura,2019,Rabi,Gram,621.9931271477664
Rajasthan,2008,Rabi,Coriander,764.8390511626226
Odisha,2000,Autumn,Rice,543.2556724434511
Maharashtra,2019,Kharif,Urad,444.0003641393244
Tamil Nadu,2016,Kharif,Groundnut,1567.3509005284538
Gujarat,2019,Kharif,Ragi,862.4849215922799
Nagaland,2026,Kharif,Castor seed,557.2637929356816
Maharashtra,2016,Rabi,Gram,1006.114155085453
Jammu and Kashmir,2023,Kharif,Ginger,1758.9416952474278
Andhra Pradesh,2014,Kharif,Cashewnut,349.5651716058375
Madhya Pradesh,2016,Whole Year,Sugarcane,51408.68051778527
Haryana,2005,Kharif,Moong(Green Gram),430.98623082950854
Madhya Pradesh,2009,Whole Year,Barley,1301.005794977686
Uttarakhand,2004,Rabi,Peas & beans (Pulses),775.4413291796469
Meghalaya,2018,Rabi,Arecanut,1317.178924259056
Andhra Pradesh,2008,Whole Year,Sunflower,779.334781227078
Odisha,2002,Rabi,Safflower,400.0
Himachal Pradesh,2025,Rabi,Masoor,931.030797184432
West Bengal,2016,Kharif,Safflower,881.5261044176707
Odisha,2017,Kharif,Arhar/Tur,1180.267212213762
Meghalaya,2002,Rabi,Gram,613.9630390143737
Maharashtra,2022,Kharif,Other Kharif pulses,417.0952390809504
West Bengal,2007,Kharif,Cotton(lint),1603.6452004860266
Andhra Pradesh,2008,Kharif,Turmeric,5187.560837100561
Uttarakhand,2007,Whole Year,Onion,5110.323886639676
Madhya Pradesh,2000,Kharif,Sesamum,281.03646431929786
Delhi,2008,Rabi,Wheat,4360.010851871948
Jharkhand,2019,Rabi,Wheat,2045.818977558432
Madhya Pradesh,2024,Kharif,Mesta,69.31913425035744
Puducherry,2005,Whole Year,Onion,3222.222222222222
Gujarat,2009,Whole Year,Garlic,6130.718954248366
Uttarakhand,2023,Kharif,Maize,1964.9790884709619
Uttar Pradesh,2022,Summer,Banana,48244.592297273295
Meghalaya,2011,Kharif,Mesta,4468.606060606061
Uttar Pradesh,2005,Rabi,Barley,1925.1759292464035
Himachal Pradesh,2025,Kharif,Small millets,1000.7564017415689
Andhra Pradesh,2007,Whole Year,Mango,6132.64163429354
Madhya Pradesh,2006,Kharif,Maize,961.9999545154761
Haryana,2006,Kharif,Castor seed,432.9785314811474
Madhya Pradesh,2021,Rabi,Gram,1520.7885108769208
Tamil Nadu,2015,Kharif,Groundnut,2174.9842922538373
Manipur,2011,Rabi,Masoor,839.458413926499
Meghalaya,2005,Kharif,Mesta,4556.357078449053
West Bengal,2003,Whole Year,Sugarcane,74106.84493876826
Andhra Pradesh,2025,Kharif,other oilseeds,20701.72067460806
Himachal Pradesh,2001,Kharif,Arhar/Tur,229.05405405405406
Puducherry,2015,Kharif,Sesamum,666.6666666666666
Jammu and Kashmir,2010,Kharif,Ginger,1280.0
Himachal Pradesh,2015,Kharif,Bajra,582.2784810126582
West Bengal,2015,Rabi,Mustard,1658.0974037958
Rajasthan,2012,Rabi,Barley,2333.7796720498754
Karnataka,2003,Whole Year,Turmeric,4876.34011090573
Madhya Pradesh,2006,Kharif,Mesta,2267.6864244741873
Sikkim,2025,Kharif,Other Kharif pulses,982.0648478833396
Manipur,2008,Kharif,Ginger,11817.921830314584
Assam,2005,Rabi,Masoor,531.5072916106119
Manipur,2018,Kharif,Arhar/Tur,1048.689138576779
Gujarat,2008,Kharif,Urad,671.2041884816754
Himachal Pradesh,2000,Rabi,Potato,19496.398067679107
Meghalaya,2007,Rabi,Gram,617.6470588235294
Bihar,2014,Kharif,Jowar,1068.2288077188146
Punjab,2019,Kharif,Guar seed,846.6257668711656
Maharashtra,2005,Rabi,Wheat,1394.4039451114922
Bihar,2012,Kharif,Small millets,765.4192654192655
Nagaland,2021,Kharif,Bajra,797.8423039201117
Assam,2004,Whole Year,Potato,8057.972203983366
Punjab,2014,Kharif,Sesamum,297.8723404255319
Chhattisgarh,2025,Rabi,Barley,728.4043781196341
Tamil Nadu,2018,Kharif,Cowpea(Lobia),788.8723077265741
Rajasthan,2003,Kharif,Bajra,1060.7971176350036
Karnataka,2016,Kharif,Castor seed,495.6439592736433
Jharkhand,2026,Kharif,Urad,10.000036217199922
Karnataka,2005,Kharif,Moong(Green Gram),244.95219204557014
Maharashtra,2004,Kharif,Sunflower,473.91688770999116
Gujarat,2024,Whole Year,Garlic,6311.052000835734
Maharashtra,2012,Kharif,Arhar/Tur,828.7738958470666
Uttar Pradesh,2026,Kharif,Dry chillies,732.6466559036104
West Bengal,2023,Whole Year,Sugarcane,88623.43505348433
Tamil Nadu,2005,Whole Year,Arecanut,1927.0898805782526
Punjab,2011,Kharif,Groundnut,1705.8823529411766
Karnataka,2010,Rabi,Wheat,1178.5323153618183
West Bengal,2000,Kharif,Arhar/Tur,668.6964366260713
West Bengal,2011,Kharif,Niger seed,674.6987951807229
Maharashtra,2005,Kharif,Arhar/Tur,720.2472952086554
Karnataka,2018,Whole Year,Arecanut,8928.73516409238
Tamil Nadu,2024,Whole Year,Tobacco,1630.3878616068553
Delhi,2010,Kharif,Jowar,965.8784794971565
Puducherry,2025,Rabi,Moong(Green Gram),821.6006122724613
West Bengal,2014,Kharif,Mesta,12666.40396307138
Meghalaya,2026,Rabi,Wheat,1710.007662182871
Gujarat,2019,Kharif,Guar seed,730.2225353280013
Uttar Pradesh,2000,Kharif,Small millets,679.0805307004011
Chhattisgarh,2017,Kharif,Bajra,396.8253968253968
Nagaland,2008,Kharif,Moong(Green Gram),625.0
Haryana,2013,Rabi,Rapeseed &Mustard,1641.1214953271028
Uttar Pradesh,2013,Rabi,Gram,460.1967381248549
Bihar,2001,Kharif,Horse-gram,802.8434037215137
Telangana,2012,Kharif,Arhar/Tur,974.0636835737442
Uttarakhand,2001,Whole Year,Onion,4926.309378806333
Kerala,2015,Kharif,Other Kharif pulses,1037.291041577368
Andhra Pradesh,2011,Whole Year,Ginger,9237.23089911355
Chhattisgarh,2012,Kharif,Horse-gram,311.2789789007554
Madhya Pradesh,2025,Rabi,Khesari,924.111387047639
Himachal Pradesh,2007,Rabi,Other  Rabi pulses,360.0
Jharkhand,2026,Rabi,Gram,1233.9576608916614
Tripura,2025,Rabi,Masoor,775.346213027868
Himachal Pradesh,2005,Kharif,Horse-gram,367.51054852320675
Himachal Pradesh,2024,Kharif,Dry chillies,463.82760389943564
Sikkim,2018,Kharif,Urad,936.3502575423105
Puducherry,2013,Kharif,Onion,18000.0
Nagaland,2019,Rabi,Other  Rabi pulses,1275.1615881809787
Telangana,2024,Kharif,Horse-gram,732.7788615416963
Andhra Pradesh,2024,Kharif,Soyabean,1751.7104102600777
West Bengal,2022,Kharif,Niger seed,598.0497834823515
Gujarat,2006,Kharif,Groundnut,956.2885186030587
Madhya Pradesh,2016,Kharif,Jute,1000.0
Uttar Pradesh,2024,Kharif,Moong,842.8586735032757
Karnataka,2017,Kharif,Bajra,1598.752589569281
Odisha,2005,Winter,Sugarcane,65699.91427871663
Andhra Pradesh,2022,Whole Year,Mango,7834.859738113787
Bihar,2009,Kharif,Jowar,1036.8776889981561
Manipur,2002,Rabi,Rapeseed &Mustard,445.8874458874459
Chhattisgarh,2013,Kharif,Arhar/Tur,557.5583156619206
Puducherry,2022,Kharif,Sesamum,1002.5835024912346
Nagaland,2022,Kharif,Cotton(lint),84.26522082909749
Assam,2024,Whole Year,Tapioca,10517.458783367529
West Bengal,2018,Kharif,Jute,12869.43014978997
Assam,2017,Whole Year,Tapioca,9261.469361565609
Madhya Pradesh,2003,Whole Year,Sugarcane,43349.01833522635
Bihar,2013,Kharif,Sesamum,872.2002635046114
Bihar,2007,Rabi,Barley,1201.9867549668875
West Bengal,2013,Rabi,Wheat,2799.065406463719
Bihar,2016,Whole Year,Ginger,1839.0501319261214
Manipur,2014,Whole Year,Potato,8474.324324324325
Madhya Pradesh,2017,Whole Year,Potato,23073.14663320278
Rajasthan,2002,Kharif,Moong,565.2488466171939
Madhya Pradesh,2004,Whole Year,Sugarcane,42800.71556350626
Telangana,2023,Kharif,Castor seed,1226.04917289928
Madhya Pradesh,2022,Kharif,Maize,2897.88193646386
Bihar,2002,Kharif,Urad,740.6035992992515
Andhra Pradesh,2011,Whole Year,Banana,37168.81632127272
Nagaland,2009,Kharif,Mesta,1000.0
Manipur,2013,Kharif,Arhar/Tur,964.8148148148148
Meghalaya,2005,Whole Year,Potato,9286.667407983987
Assam,2015,Kharif,Sesamum,679.6091758708582
Arunachal Pradesh,2017,Kharif,Other Kharif pulses,917.4718196457327
Tamil Nadu,2011,Whole Year,Sunflower,1809.110947832476
Uttarakhand,2011,Rabi,Wheat,2432.396097303044
Chhattisgarh,2002,Kharif,Horse-gram,241.31033217104056
Karnataka,2017,Whole Year,Arecanut,10845.687560608176
Punjab,2000,Rabi,Wheat,4563.0868544600935
Sikkim,2012,Kharif,Other Kharif pulses,941.9354838709677
Gujarat,2022,Kharif,Castor seed,2384.8310694014367
Tamil Nadu,2013,Whole Year,Mango,5879.356039246645
Karnataka,2014,Rabi,Safflower,820.4192974927971
Odisha,2015,Summer,Horse-gram,173.07692307692307
Uttarakhand,2026,Kharif,Potato,6778.93813552972
Maharashtra,2016,Kharif,Niger seed,165.10105323085682
Madhya Pradesh,2023,Whole Year,Dry chillies,4257.623689696064
Puducherry,2003,Whole Year,Dry chillies,2727.2727272727275
Chhattisgarh,2002,Kharif,Mesta,1823.1939163498098
Punjab,2015,Kharif,Arhar/Tur,1011.5384615384615
Meghalaya,2022,Kharif,Castor seed,996.394772420009
Bihar,2025,Kharif,Mesta,7327.884156105143
Chhattisgarh,2012,Whole Year,Onion,3429.0714812085484
Arunachal Pradesh,2026,Kharif,Small millets,1007.9684282742695
Kerala,2001,Whole Year,Rubber,1380.1399266316744
Arunachal Pradesh,2024,Whole Year,Ginger,6653.876614827615
Chhattisgarh,2010,Kharif,Groundnut,1262.472958355868
Chhattisgarh,2021,Whole Year,Sannhamp,491.7383585962038
Uttar Pradesh,2001,Rabi,Lentil,839.3566086343712
Nagaland,2019,Rabi,Barley,1035.7142857142858
Jharkhand,2016,Autumn,Rice,1116.7373572593801
Meghalaya,2015,Whole Year,Dry chillies,928.0104712041884
Kerala,2021,Whole Year,Ginger,3651.3174677860984
Sikkim,2011,Kharif,Urad,877.1929824561404
Chhattisgarh,2010,Rabi,Masoor,312.2281595625699
Kerala,2000,Kharif,Jowar,509.71922246220305
Himachal Pradesh,2011,Kharif,Maize,2111.0077487329495
Chhattisgarh,2021,Kharif,Small millets,399.20166434658245
Manipur,2026,Whole Year,Cashewnut,730.4371049586041
Punjab,2000,Kharif,Groundnut,1000.0
Puducherry,2000,Whole Year,Cashewnut,599.009900990099
Chhattisgarh,2004,Kharif,Arhar/Tur,511.99070458484925
West Bengal,2025,Rabi,Arhar/Tur,2032.2426063011835
Maharashtra,2006,Rabi,Onion,15541.942213915676
Gujarat,2016,Rabi,Onion,26048.670062252404
Uttar Pradesh,2017,Rabi,Turmeric,1279.766860949209
Madhya Pradesh,2024,Kharif,Other Kharif pulses,660.0923318924393
Jammu and Kashmir,2006,Kharif,Dry chillies,1030.357142857143
Telangana,2022,Kharif,Small millets,2077.8357854769815
Meghalaya,2015,Kharif,Banana,12473.14398200225
Puducherry,2023,Kharif,Rice,3207.120344080645
Bihar,2001,Whole Year,Turmeric,1041.1240575736806
Gujarat,2017,Whole Year,Banana,71734.35707053661
Tripura,2022,Whole Year,Potato,4626.743304534225
Mizoram,2003,Whole Year,Tobacco,878.2608695652174
Meghalaya,2018,Whole Year,Sugarcane,2992.0
Puducherry,2023,Rabi,Coriander,894.53125
Himachal Pradesh,2013,Kharif,Groundnut,632.6530612244898
Uttarakhand,2023,Kharif,Moth,554.6808510638298
Madhya Pradesh,2010,Rabi,Safflower,223.40425531914894
Meghalaya,2023,Rabi,Onion,9123.907088446094
Gujarat,2014,Whole Year,Mango,5846.093052676234
Assam,2005,Rabi,Gram,512.8712871287129
West Bengal,2008,Rabi,Gram,1039.2310529227366
Himachal Pradesh,2018,Kharif,Moong(Green Gram),712.9629629629629
Tamil Nadu,2015,Kharif,Maize,7351.48946716233
Punjab,2007,Kharif,Groundnut,870.9677419354839
Karnataka,2016,Whole Year,Tomato,22076.917976598634
Karnataka,2000,Whole Year,Black pepper,2425.9897916954064
Telangana,2015,Kharif,Turmeric,4332.54966498178
Meghalaya,2005,Rabi,Gram,621.414913957935
Jharkhand,2024,Kharif,Castor seed,704.3139947362398
Odisha,2008,Winter,Sugarcane,60043.017745981604
Jammu and Kashmir,2006,Kharif,Peas & beans (Pulses),545.1388888888889
Punjab,2003,Rabi,Gram,900.0
Gujarat,2011,Kharif,Other Cereals,593.75
West Bengal,2003,Whole Year,Tobacco,738.5349338257926
Chhattisgarh,2015,Rabi,Khesari,629.9988311100071
Madhya Pradesh,2025,Kharif,Arhar/Tur,1037.151770094448
Meghalaya,2026,Rabi,Onion,7789.248369585018
Assam,2010,Whole Year,Tapioca,4767.1691792294805
Andhra Pradesh,2011,Kharif,Onion,14007.472294448791
Karnataka,2009,Kharif,Jowar,978.3913272970888
Bihar,2008,Kharif,Urad,838.4238750291444
Rajasthan,2006,Rabi,Coriander,829.0324811349841
Telangana,2024,Kharif,Coriander,1628.186867036916
Himachal Pradesh,2014,Kharif,Turmeric,558.59375
Madhya Pradesh,2013,Kharif,Horse-gram,523.679225426226
Tamil Nadu,2022,Whole Year,Ginger,13883.426302354164
Karnataka,2006,Rabi,Safflower,739.7496495341595
Odisha,2010,Autumn,Groundnut,960.2549681289839
Bihar,2011,Rabi,Khesari,1265.4250566971343
Chhattisgarh,2000,Kharif,Sunflower,415.38461538461536
Arunachal Pradesh,2010,Kharif,Maize,1436.1421184616408
Nagaland,2017,Kharif,Ragi,970.5882352941177
Manipur,2022,Kharif,Sesamum,231.08071453481614
Haryana,2023,Whole Year,Turmeric,14080.8639011442
Gujarat,2011,Kharif,Maize,1393.7984496124031
Uttarakhand,2011,Kharif,Potato,10296.471205562115
Himachal Pradesh,2022,Rabi,Gram,1039.8082585103534
Nagaland,2024,Rabi,Barley,704.6363001225504
Manipur,2006,Summer,Banana,12861.788617886179
Punjab,2024,Rabi,Peas & beans (Pulses),1500.5642180860214
Madhya Pradesh,2026,Whole Year,Sannhamp,1457.0796512709298
Puducherry,2017,Kharif,Cotton(lint),1064.935064935065
Tripura,2009,Kharif,Other Kharif pulses,697.3898858075041
West Bengal,2013,Rabi,Gram,1175.2800867365377
Himachal Pradesh,2017,Kharif,Bajra,734.1772151898734
Andhra Pradesh,2021,Kharif,Rice,3781.9065410116577
Nagaland,2018,Kharif,Sweet potato,8510.869565217392
Chhattisgarh,2009,Whole Year,Ginger,1000.0
Madhya Pradesh,2010,Rabi,Rapeseed &Mustard,1127.9996031532778
Himachal Pradesh,2005,Rabi,Onion,4879.372738238842
Uttarakhand,2011,Kharif,Arhar/Tur,675.990675990676
Kerala,2013,Whole Year,Sesamum,332.07547169811323
Bihar,2024,Whole Year,Potato,15923.448934581183
Manipur,2000,Kharif,Cotton(lint),333.3333333333333
Uttarakhand,2016,Kharif,Arhar/Tur,905.5466237942122
West Bengal,2007,Rabi,Masoor,762.9773396666496
Maharashtra,2026,Kharif,Jowar,797.7154163721432
Chhattisgarh,2022,Kharif,Moong(Green Gram),333.45714499546796
Mizoram,2003,Kharif,Peas & beans (Pulses),1042.4242424242425
Gujarat,2004,Whole Year,Dry chillies,890.625
Andhra Pradesh,2000,Whole Year,Tobacco,3673.619038559107
Kerala,2022,Whole Year,Maize,3763.5658914728683
Goa,2000,Whole Year,Black pepper,208.33333333333334
West Bengal,2016,Rabi,Arhar/Tur,1249.1559756921
Jammu and Kashmir,2003,Whole Year,Potato,11081.7843866171
Maharashtra,2003,Kharif,Bajra,676.2486796438811
Punjab,2011,Whole Year,Sugarcane,70662.5
Uttarakhand,2018,Kharif,Other Kharif pulses,1080.9851805468586
Maharashtra,2017,Whole Year,Grapes,23292.763900691738
Jharkhand,2016,Rabi,Onion,8009.599561162919
Himachal Pradesh,2007,Kharif,Dry chillies,379.6711509715994
Rajasthan,2023,Rabi,Mustard,1684.030687310236
Andhra Pradesh,2019,Kharif,Sesamum,212.36081975149267
Bihar,2000,Kharif,Small millets,551.5081799591002
Nagaland,2010,Kharif,Groundnut,1013.6986301369863
Uttarakhand,2017,Rabi,Wheat,2814.410368007361
Andhra Pradesh,2010,Kharif,Ragi,1147.742596688063
Maharashtra,2023,Kharif,Castor seed,284.56526997028317
Telangana,2024,Kharif,Sunflower,3922.229319706164
Himachal Pradesh,2011,Kharif,Turmeric,497.46192893401013
Jammu and Kashmir,2018,Kharif,Potato,12001.92926045016
Mizoram,2013,Rabi,Rapeseed &Mustard,1104.575163398693
Nagaland,2013,Rabi,Masoor,811.5942028985507
Chhattisgarh,2010,Whole Year,Tobacco,521.7391304347826
Uttar Pradesh,2022,Kharif,Dry chillies,844.7877971249693
Punjab,2016,Kharif,Sesamum,366.6666666666667
Mizoram,2010,Whole Year,Tobacco,645.8333333333334
Madhya Pradesh,2024,Whole Year,Sugarcane,41480.66081175017
Uttar Pradesh,2002,Whole Year,Turmeric,1816.3082437275987
Puducherry,2004,Autumn,Rice,2766.8751002084337
Uttarakhand,2018,Rabi,Masoor,878.6326689678209
Bihar,2011,Rabi,Onion,16186.082779374085
Assam,2024,Whole Year,Turmeric,1711.8235505843516
Tripura,2002,Rabi,Wheat,1988.0304678998912
West Bengal,2006,Kharif,Niger seed,652.738336713996
Bihar,2025,Whole Year,Sweet potato,19203.028001584997
Delhi,2003,Rabi,Gram,1523.8095238095239
Chhattisgarh,2019,Kharif,Soyabean,1105.003195228459
Andhra Pradesh,2018,Kharif,Onion,27355.555555555555
Jammu and Kashmir,2000,Whole Year,Turmeric,1000.0
Meghalaya,2005,Whole Year,Dry chillies,680.8167651800107
Chhattisgarh,2001,Kharif,Groundnut,1235.0017749378771
Uttar Pradesh,2014,Kharif,Moong(Green Gram),319.69770318971547
Andhra Pradesh,2002,Rabi,Safflower,350.1808785529716
Bihar,2023,Whole Year,Ginger,1890.1427411850884
Karnataka,2023,Kharif,Potato,12935.699336435731
Karnataka,2009,Whole Year,Turmeric,5031.723829239635
Madhya Pradesh,2023,Whole Year,Tobacco,442.7339283923378
Telangana,2019,Kharif,Jowar,1183.5698909676403
Kerala,2016,Whole Year,Maize,1046.1538461538462
Karnataka,2007,Kharif,Ragi,1639.8210034937617
Himachal Pradesh,2018,Rabi,Other  Rabi pulses,3979.9515311742675
Punjab,2025,Kharif,Sesamum,326.69748822377665
Chhattisgarh,2016,Kharif,Bajra,555.5555555555555
Manipur,2003,Kharif,Rice,2415.5103592472915
Odisha,2006,Autumn,Jute,9846.644709757102
Jammu and Kashmir,2006,Rabi,Wheat,1889.6415682916386
Odisha,2000,Rabi,Linseed,361.60930683470673
Meghalaya,2025,Rabi,Wheat,1695.6746437724785
Uttar Pradesh,2026,Kharif,Moth,791.9020408163266
Bihar,2002,Whole Year,Ginger,1482.233502538071
Arunachal Pradesh,2000,Whole Year,Sugarcane,17704.06905055487
Assam,2007,Rabi,Other  Rabi pulses,541.3870246085011
Bihar,2010,Rabi,Wheat,2425.519514746586
Bihar,2006,Kharif,Moong(Green Gram),582.081007585516
Uttar Pradesh,2025,Kharif,Moth,817.3130972456437
Uttarakhand,2009,Rabi,Peas & beans (Pulses),999.6366279069767
Madhya Pradesh,2014,Kharif,Cotton(lint),1158.5557299843015
Bihar,2007,Kharif,Other Kharif pulses,653.5994297933
Jammu and Kashmir,2016,Rabi,Wheat,1889.5629019534897
Tamil Nadu,2021,Rabi,Other  Rabi pulses,837.8870186673863
Arunachal Pradesh,2017,Whole Year,Dry chillies,2850.138504155125
Jammu and Kashmir,2017,Kharif,Sannhamp,914.2857142857143
Manipur,2022,Kharif,Urad,1089.954642282667
Mizoram,2000,Kharif,Soyabean,1332.49581239531
Nagaland,2016,Kharif,Sesamum,607.7348066298342
Assam,2004,Whole Year,Sugarcane,36919.43028986718
Rajasthan,2007,Rabi,Mustard,1220.8327014215733
Kerala,2004,Whole Year,Sugarcane,80322.74856845393
Tamil Nadu,2017,Kharif,Arhar/Tur,1092.6561706449975
Uttarakhand,2009,Kharif,Arhar/Tur,683.5836354220611
Odisha,2022,Rabi,Masoor,537.9575957396682
Uttar Pradesh,2007,Rabi,Barley,2111.4760009787633
Karnataka,2016,Whole Year,Tobacco,728.4295918253641
Manipur,2014,Kharif,Ginger,12099.471249173826
Mizoram,2001,Kharif,Peas & beans (Pulses),1595.639246778989
Madhya Pradesh,2010,Kharif,Horse-gram,328.13839713521963
Karnataka,2021,Rabi,Linseed,252.87954169351337
Jharkhand,2007,Whole Year,Sugarcane,42003.24772710817
Karnataka,2017,Kharif,Urad,484.43695854135666
Haryana,2019,Kharif,Sesamum,798.5781990521327
Delhi,2008,Whole Year,Sugarcane,75333.33333333333
Nagaland,2021,Kharif,Small millets,1126.7786456469687
Punjab,2006,Kharif,Sesamum,336.8421052631579
Tamil Nadu,2009,Whole Year,Cotton(lint),2165.790864114511
Sikkim,2003,Whole Year,other oilseeds,500.0
Assam,2011,Kharif,Jute,9274.298352654057
Odisha,2022,Autumn,Sesamum,311.0329523504826
Mizoram,2011,Kharif,Other Kharif pulses,1025.7705912076806
Gujarat,2001,Whole Year,Onion,26392.561983471074
Manipur,2016,Rabi,Masoor,942.7753934191702
Puducherry,2018,Kharif,Cotton(lint),1038.86925795053
Himachal Pradesh,2009,Rabi,Linseed,250.8833922261484
Rajasthan,2019,Rabi,Gram,1220.210817959647
Meghalaya,2001,Kharif,Castor seed,520.0
Uttarakhand,2016,Rabi,Wheat,2625.952669831435
Himachal Pradesh,2000,Kharif,Soyabean,901.3867488443759
Andhra Pradesh,2019,Rabi,Safflower,490.14084507042253
Bihar,2013,Rabi,Linseed,850.0589054300096
Bihar,2013,Rabi,Other  Rabi pulses,1010.0853374709077
Jharkhand,2021,Kharif,Horse-gram,748.1330099338537
Uttarakhand,2014,Rabi,Rapeseed &Mustard,709.0093936806148
Uttarakhand,2005,Rabi,Masoor,495.0662966389146
Karnataka,2019,Whole Year,Ginger,10459.88922637127
Chhattisgarh,2006,Whole Year,Sannhamp,329.7262889879058
Bihar,2023,Whole Year,Dry chillies,1479.234573028872
Assam,2011,Kharif,Mesta,5683.411933565717
Kerala,2019,Whole Year,Tobacco,1750.0
Madhya Pradesh,2008,Rabi,Khesari,752.9961602606369
Karnataka,2019,Whole Year,Tomato,25038.8650983233
Delhi,2002,Whole Year,Potato,7311.475409836065
Meghalaya,2022,Rabi,Gram,1123.0295128600212
Odisha,2001,Kharif,Moong(Green Gram),240.44402407404795
Uttar Pradesh,2010,Kharif,Cotton(lint),180.23567220139262
Tripura,2005,Rabi,Rapeseed &Mustard,727.8950370792926
Odisha,2000,Whole Year,Sweet potato,7221.927263074064
Uttar Pradesh,2010,Kharif,Groundnut,988.1301461446433
Puducherry,2023,Kharif,Sweet potato,12724.264705882351
Uttarakhand,2013,Rabi,Rapeseed &Mustard,760.0530635934002
Uttarakhand,2023,Whole Year,Garlic,6769.553414738085
Puducherry,2021,Kharif,Jowar,2290.4564315352695
Nagaland,2023,Kharif,other oilseeds,671.2188972596572
Jharkhand,2024,Autumn,Ragi,931.7448683860333
Andhra Pradesh,2004,Kharif,Sesamum,140.80858270829768
Tripura,2014,Kharif,Cotton(lint),1490.0442477876106
Mizoram,2026,Kharif,Cotton(lint),10.005636978579481
Bihar,2017,Whole Year,Sugarcane,59138.3245853813
Tamil Nadu,2002,Kharif,Castor seed,315.5107329990422
Meghalaya,2009,Kharif,Maize,1520.5415770817594
Meghalaya,2013,Whole Year,Cashewnut,1907.9982982344181
Puducherry,2023,Kharif,Sesamum,926.895684960201
Uttar Pradesh,2012,Kharif,Sugarcane,62351.84101727531
Uttar Pradesh,2019,Summer,Banana,45906.661155886206
Jammu and Kashmir,2001,Whole Year,Potato,10689.91825613079
Bihar,2001,Kharif,Other Kharif pulses,557.9536370903278
Arunachal Pradesh,2026,Kharif,Moong(Green Gram),1500.2425334349664
Tamil Nadu,2023,Whole Year,Sugarcane,94570.34671829468
Bihar,2019,Rabi,Peas & beans (Pulses),1039.187478420992
Bihar,2021,Kharif,Horse-gram,1027.4212877540003
Odisha,2006,Rabi,Onion,16237.568217004067
Tamil Nadu,2010,Whole Year,Tapioca,31576.345439441666
Karnataka,2014,Kharif,Rice,3057.534561635959
Tamil Nadu,2020,Whole Year,Banana,30229.859655378033
Telangana,2014,Rabi,Linseed,400.0
Sikkim,2016,Kharif,Small millets,1031.4176245210729
Tamil Nadu,2016,Kharif,Urad,773.0598654112512
Karnataka,2021,Whole Year,Coriander,634.9862653905044
Odisha,2019,Autumn,Groundnut,1188.657766739108
Madhya Pradesh,2012,Whole Year,Onion,19546.00510862699
Chhattisgarh,2005,Whole Year,Sugarcane,2500.9431420102396
Maharashtra,2003,Kharif,Groundnut,1095.958037642703
Arunachal Pradesh,2007,Rabi,Wheat,1487.9145587408657
Nagaland,2010,Kharif,Bajra,861.5384615384615
Bihar,2019,Kharif,Ragi,796.0072595281307
Uttarakhand,2020,Kharif,Sesamum,266.2369856222112
Nagaland,2023,Kharif,Sunflower,463.73359057165624
West Bengal,2000,Kharif,Castor seed,1270.0
Bihar,2019,Rabi,Barley,1369.4455631628407
Jammu and Kashmir,2022,Rabi,Peas & beans (Pulses),3155.9249073299056
Assam,2009,Autumn,Rice,981.882463398175
Arunachal Pradesh,2026,Whole Year,Dry chillies,3565.8041685743747
Telangana,2025,Kharif,Onion,31444.637715838897
Karnataka,2006,Kharif,Moong(Green Gram),115.58934843575571
Uttarakhand,2005,Kharif,Jowar,666.6666666666666
West Bengal,2014,Kharif,Moong(Green Gram),854.0925266903914
Telangana,2024,Rabi,Gram,1459.6259145484637
Karnataka,2014,Whole Year,Turmeric,5986.977542108547
Meghalaya,2008,Whole Year,Turmeric,5128.126595201634
West Bengal,2012,Autumn,Maize,2384.177589435301
Puducherry,2010,Kharif,Turmeric,1500.0
Telangana,2021,Rabi,Masoor,10.01793333745594
Assam,2007,Whole Year,Arecanut,855.5144561032687
Haryana,2010,Kharif,Sunflower,1849.0754622688655
Andhra Pradesh,2018,Kharif,Gram,161.29032258064515
Bihar,2005,Whole Year,Coriander,785.3614728334081
Jammu and Kashmir,2016,Kharif,Other Cereals,500.0
Andhra Pradesh,2026,Kharif,Groundnut,3010.1329233416773
Haryana,2009,Rabi,Wheat,4215.8475348868615
Andhra Pradesh,2026,Kharif,Sannhamp,10.000238455760496
Himachal Pradesh,2008,Kharif,Cotton(lint),466.6666666666667
Assam,2006,Rabi,Gram,512.4010554089709
Arunachal Pradesh,2026,Kharif,Maize,1861.402147317494
Mizoram,2006,Kharif,Maize,1937.4281333844385
Mizoram,2007,Kharif,Rice,284.981523357785
Karnataka,2003,Kharif,Sunflower,458.4887748984078
Assam,2023,Kharif,Sesamum,672.0008530087289
Madhya Pradesh,2026,Kharif,Jowar,2354.238778386329
Tripura,2005,Kharif,Cotton(lint),1399.825021872266
Uttar Pradesh,2004,Summer,Sunflower,1964.939024390244
West Bengal,2021,Whole Year,Turmeric,3267.0953507150443
Maharashtra,2014,Kharif,Bajra,621.9935245143386
Maharashtra,2011,Kharif,Maize,2888.7530562347188
Chhattisgarh,2024,Kharif,Urad,359.03734328767143
Himachal Pradesh,2020,Kharif,Maize,3282.349181620729
Assam,2014,Rabi,Masoor,775.3261505628034
Uttar Pradesh,2012,Rabi,Coriander,541.2734082397004
Chhattisgarh,2016,Kharif,Horse-gram,382.3389260903368
Haryana,2025,Kharif,Other Kharif pulses,10.00099425089044
Uttarakhand,2004,Rabi,Rapeseed &Mustard,649.0872210953347
Punjab,2004,Rabi,Gram,862.7450980392157
Punjab,2023,Whole Year,Sugarcane,78995.05442028628
Assam,2014,Rabi,Mustard,1401.6605708079142
Gujarat,2000,Rabi,Other  Rabi pulses,483.8709677419355
Karnataka,2006,Whole Year,Cotton(lint),1426.4752036001723
Odisha,2022,Kharif,Castor seed,1015.9301403111292
Karnataka,2003,Kharif,Ginger,13107.112667552228
Rajasthan,2026,Kharif,Maize,4420.630980684852
Tamil Nadu,2004,Kharif,Maize,1552.0161354025688
Rajasthan,2021,Rabi,Barley,2890.068036836582
Assam,2021,Autumn,Rice,2083.609397677954
Haryana,2006,Whole Year,Sannhamp,322.5806451612903
Madhya Pradesh,2022,Kharif,Castor seed,441.06069552315637
Telangana,2008,Kharif,Arhar/Tur,983.0021422443473
Sikkim,2026,Rabi,Rapeseed &Mustard,896.0770261161877
Chhattisgarh,2019,Rabi,Safflower,340.0
Telangana,2005,Kharif,Arhar/Tur,882.7161894289441
Assam,2021,Kharif,Niger seed,555.9837489012285
Andhra Pradesh,2014,Kharif,Horse-gram,449.0454933991832
Maharashtra,2013,Kharif,Small millets,529.0697674418604
Assam,2006,Kharif,Jute,9686.696841995734
Uttar Pradesh,2004,Whole Year,Guar seed,846.8102397399431
Puducherry,2024,Kharif,Tapioca,26034.01319736053
Himachal Pradesh,2024,Whole Year,Sugarcane,26175.626910612085
Andhra Pradesh,2002,Kharif,Groundnut,426.81846155783364
Puducherry,2026,Kharif,Sunflower,2682.9268292682927
Tripura,2009,Kharif,Sesamum,569.8433420365535
Jammu and Kashmir,2018,Rabi,Garlic,808.8888888888889
Delhi,2003,Kharif,Maize,1978.494623655914
Uttar Pradesh,2021,Rabi,Gram,991.4461643977486
Assam,2008,Rabi,Rapeseed &Mustard,550.7785409810721
Assam,2002,Kharif,Castor seed,412.80913126188966
Nagaland,2019,Kharif,Jowar,964.2857142857143
Jammu and Kashmir,2005,Rabi,Gram,523.3463035019455
Assam,2015,Rabi,Wheat,1167.5327771156137
Andhra Pradesh,2005,Kharif,Soyabean,1954.4793841870369
Kerala,2003,Whole Year,Cardamom,214.72466853769475
Puducherry,2021,Kharif,Ragi,2116.732923744127
West Bengal,2022,Kharif,Mesta,9438.918316196447
Bihar,2002,Rabi,Khesari,800.6850872704531
Kerala,2000,Whole Year,Black pepper,301.43024642191034
Haryana,2003,Kharif,Arhar/Tur,1201.224473979928
Tripura,2023,Rabi,other oilseeds,822.4328836295637
Madhya Pradesh,2008,Whole Year,Tobacco,401.7467248908297
Haryana,2015,Rabi,Barley,3413.793103448276
Meghalaya,2023,Kharif,Sweet potato,3965.929362550058
Odisha,2001,Whole Year,Potato,10296.7018469657
Maharashtra,2021,Kharif,Rice,2206.8556383265623
Odisha,2003,Rabi,Mustard,1192.5700178220886
Sikkim,2022,Kharif,Rice,1594.89937866979
Karnataka,2014,Kharif,Dry chillies,1131.8180150879725
West Bengal,2015,Kharif,Sannhamp,4250.617283950617
Chhattisgarh,2005,Whole Year,Turmeric,884.7150259067357
Manipur,2002,Whole Year,Potato,5230.425055928412
Chhattisgarh,2021,Whole Year,Dry chillies,581.113269887268
Karnataka,2024,Whole Year,Arecanut,14792.919580685
Puducherry,2001,Rabi,Moong(Green Gram),193.01470588235293
Bihar,2013,Rabi,Rapeseed &Mustard,1374.1641836567112
Chhattisgarh,2010,Whole Year,Turmeric,894.6830265848671
Bihar,2023,Rabi,Rapeseed &Mustard,1362.9477193243958
Assam,2010,Rabi,Gram,507.76914539400667
Rajasthan,2009,Rabi,Wheat,3390.9625563688382
Uttarakhand,2025,Rabi,Linseed,701.8734795484514
Rajasthan,2004,Kharif,Jowar,1065.0421821147224
Assam,2023,Rabi,Urad,655.4622052926441
Tamil Nadu,2004,Kharif,Ginger,19296.16724738676
West Bengal,2010,Rabi,Khesari,1172.3950655597796
Tamil Nadu,2023,Whole Year,Arecanut,2367.353462124645
Delhi,2026,Kharif,Jowar,865.9373382842928
Uttar Pradesh,2019,Kharif,Groundnut,941.9006203235915
Odisha,2001,Whole Year,Coriander,462.4322230828815
Tamil Nadu,2017,Kharif,Small millets,1221.9530991963009
Odisha,2021,Autumn,Jute,794.0200852596113
Himachal Pradesh,2019,Rabi,Onion,7405.46218487395
Kerala,2015,Whole Year,Tobacco,1666.6666666666667
Mizoram,2015,Rabi,Other  Rabi pulses,1595.9279561472201
Haryana,2016,Rabi,Mustard,1649.3110906967875
Rajasthan,2022,Kharif,Maize,3973.42495015135
Gujarat,2000,Kharif,Other Kharif pulses,297.979797979798
Puducherry,2001,Kharif,Groundnut,1558.1773799837265
Haryana,2018,Kharif,Horse-gram,501.7301038062284
Goa,2023,Whole Year,Sugarcane,48524.38852279266
Karnataka,2015,Kharif,Soyabean,542.2702551837222
Himachal Pradesh,2022,Kharif,Rice,1769.135609845965
Nagaland,2013,Rabi,Potato,10019.886363636364
Jharkhand,2023,Rabi,Safflower,448.9976528531302
Uttar Pradesh,2024,Rabi,Mustard,1649.7301948161178
Chhattisgarh,2026,Kharif,Groundnut,1755.2416194446348
Uttarakhand,2026,Rabi,Other  Rabi pulses,1227.4727820245541
Nagaland,2000,Kharif,Peas & beans (Pulses),658.8235294117648
Uttar Pradesh,2008,Kharif,Urad,538.268659019456
Karnataka,2022,Whole Year,Cardamom,120.30810856160073
Maharashtra,2010,Kharif,Bajra,1085.9269282814614
Assam,2001,Rabi,Rapeseed &Mustard,503.2847023571274
Madhya Pradesh,2004,Whole Year,Coriander,385.50956348275054
Madhya Pradesh,2023,Kharif,Small millets,751.277210381048
Manipur,2009,Kharif,Rice,2327.5968039336203
Kerala,2009,Whole Year,Banana,7922.808386153096
Mizoram,2015,Whole Year,Sugarcane,33249.02723735409
Maharashtra,2026,Rabi,Onion,22944.26501018654
Uttarakhand,2021,Rabi,Wheat,2160.2585199110963
Mizoram,2010,Kharif,Sesamum,565.3450807635829
Manipur,2023,Kharif,Groundnut,958.7167081955769
Odisha,2025,Kharif,Bajra,693.2730452822485
Uttar Pradesh,2017,Kharif,Maize,2191.9552356284908
Uttar Pradesh,2002,Kharif,Soyabean,161.98521647307285
Telangana,2022,Kharif,Cotton(lint),3498.041631165435
Uttar Pradesh,2025,Kharif,Dry chillies,841.8965276319668
Odisha,2013,Autumn,Maize,2769.8359649795643
Karnataka,2024,Kharif,Ragi,1499.9131239630349
Chhattisgarh,2003,Kharif,Mesta,1995.0779327317473
Himachal Pradesh,2025,Kharif,Other Kharif pulses,916.3810596619052
Karnataka,2002,Kharif,Other Kharif pulses,316.1703188137494
Odisha,2005,Autumn,Jute,9046.989720998532
Andhra Pradesh,2006,Whole Year,Coriander,396.4926108374384
Punjab,2013,Kharif,Cotton(lint),3352.017937219731
Bihar,2024,Rabi,Lentil,1081.7208734716407
Uttar Pradesh,2006,Rabi,Tobacco,5321.99595298575
Rajasthan,2001,Kharif,Moong,504.0258182206924
Tamil Nadu,2025,Kharif,Castor seed,329.27556121260096
Jammu and Kashmir,2022,Kharif,Maize,1486.9786633098308
Karnataka,2010,Kharif,Bajra,945.229676242057
Jammu and Kashmir,2015,Rabi,Linseed,238.0952380952381
Maharashtra,2011,Whole Year,Mango,6921.641485683068
Meghalaya,2024,Kharif,Ginger,10799.269770530993
Arunachal Pradesh,2021,Kharif,Maize,1795.0318331033043
Mizoram,2004,Whole Year,Tobacco,677.3504273504274
Jammu and Kashmir,2002,Rabi,Peas & beans (Pulses),767.7018633540373
Tamil Nadu,2020,Kharif,Maize,3693.0100389288236
Assam,2006,Rabi,Rapeseed &Mustard,485.9956548363014
Gujarat,2024,Whole Year,Potato,25487.140728190952
Puducherry,2016,Kharif,Other Kharif pulses,1500.0
Nagaland,2006,Rabi,Wheat,833.3333333333334
Himachal Pradesh,2011,Kharif,Small millets,603.8936727817297
Uttarakhand,2006,Kharif,Sesamum,239.5775430794886
Kerala,2006,Whole Year,Garlic,17000.0
Assam,2008,Whole Year,Potato,6585.287996220489
West Bengal,2022,Autumn,Ragi,644.360959456727
Karnataka,2017,Kharif,Soyabean,1530.1515896664448
Nagaland,2004,Kharif,Soyabean,1600.0
Haryana,2009,Kharif,Groundnut,925.3903990746096
Manipur,2001,Kharif,Sesamum,487.8048780487805
Maharashtra,2021,Kharif,Jowar,931.2902052059017
Maharashtra,2008,Kharif,Castor seed,250.0
Jharkhand,2010,Whole Year,Sugarcane,77299.14619398807
Nagaland,2009,Kharif,Jute,1568.0
Nagaland,2025,Kharif,Other Kharif pulses,1413.2025557326072
Uttar Pradesh,2019,Kharif,Small millets,728.1780181952299
Uttarakhand,2020,Rabi,Barley,1269.6576763485477
Gujarat,2000,Kharif,Groundnut,367.7140520967177
Odisha,2021,Whole Year,Coriander,611.4342723897519
Gujarat,2021,Kharif,Moong(Green Gram),836.4895495739929
Manipur,2003,Whole Year,Sweet potato,6598.0392156862745
West Bengal,2021,Rabi,Groundnut,1875.473443514505
Assam,2003,Rabi,Masoor,539.2436510857564
Uttarakhand,2001,Whole Year,Turmeric,2155.5555555555557
Bihar,2022,Rabi,Gram,1243.4095286757447
Punjab,2018,Whole Year,Sugarcane,81831.57894736843
Kerala,2000,Whole Year,Garlic,17000.0
Sikkim,2001,Kharif,Small millets,905.0324675324675
Jharkhand,2021,Kharif,Urad,398.6039066866219
Kerala,2013,Whole Year,Jowar,793.3333333333334
Punjab,2017,Kharif,Arhar/Tur,1038.4615384615386
Maharashtra,2019,Kharif,Cotton(lint),1478.2221573070433
Chhattisgarh,2025,Kharif,Moong(Green Gram),323.1522659178546
Gujarat,2017,Whole Year,Garlic,6954.657873042044
Jharkhand,2004,Autumn,Rice,685.6894359636714
West Bengal,2008,Rabi,Peas & beans (Pulses),763.5847986386841
Haryana,2016,Rabi,Rapeseed &Mustard,1851.388888888889
Karnataka,2017,Kharif,Niger seed,216.02160216021602
Himachal Pradesh,2022,Kharif,Soyabean,1507.9524466997793
Gujarat,2013,Whole Year,Banana,72775.45750533289
Uttarakhand,2006,Rabi,Linseed,375.0
Assam,2015,Rabi,Rapeseed &Mustard,698.3446339747337
West Bengal,2016,Rabi,Peas & beans (Pulses),1120.8710903244664
Andhra Pradesh,2017,Kharif,Linseed,482.14285714285717
Madhya Pradesh,2026,Rabi,Linseed,1025.2593392670778
Assam,2001,Kharif,Arhar/Tur,708.2642343836374
Jammu and Kashmir,2015,Rabi,Wheat,1933.1216518253095
Karnataka,2001,Rabi,Other  Rabi pulses,116.61748927038627
Bihar,2002,Kharif,Jute,6587.093020108799
Bihar,2017,Rabi,Barley,1586.8182694160726
Delhi,2003,Kharif,Jowar,1234.9758231637118
Madhya Pradesh,2005,Kharif,Groundnut,1104.9987060104593
Nagaland,2022,Kharif,Niger seed,1048.1477291807867
Sikkim,2008,Rabi,Rapeseed &Mustard,839.622641509434
Mizoram,2003,Kharif,Arhar/Tur,1098.360655737705
Uttar Pradesh,2009,Kharif,Bajra,1636.440231576789
Maharashtra,2024,Kharif,Niger seed,78.2496379206903
Uttar Pradesh,2026,Rabi,Coriander,605.4729977530825
Tamil Nadu,2025,Kharif,Rice,3875.343944718585
Assam,2004,Rabi,Gram,506.3054647361046
Sikkim,2017,Rabi,Rapeseed &Mustard,875.4282155091872
Puducherry,2026,Kharif,Arecanut,1422.882096069869
Madhya Pradesh,2002,Whole Year,Tobacco,433.52601156069363
Haryana,2021,Rabi,Peas & beans (Pulses),6177.027021488498
Punjab,2026,Kharif,Guar seed,1154.6046493876584
Rajasthan,2006,Kharif,Jowar,1277.3766806433337
West Bengal,2026,Kharif,Ginger,2526.051117904527
Assam,2015,Whole Year,Ginger,8674.169017539556
Uttarakhand,2000,Kharif,Soyabean,676.4433467119482
Uttar Pradesh,2023,Rabi,Onion,17219.798253324636
Madhya Pradesh,2003,Rabi,Mustard,1326.9755125215759
Tamil Nadu,2000,Kharif,Sunflower,1078.2315473960284
Maharashtra,2006,Kharif,Ragi,904.4117647058823
Kerala,2024,Whole Year,Wheat,1851.5625
Haryana,2021,Whole Year,Sannhamp,108.01887889144638
Chhattisgarh,2013,Kharif,Moong(Green Gram),296.0427062782871
Uttarakhand,2008,Kharif,Ragi,1438.416993214975
Bihar,2000,Rabi,Gram,1033.760094544022
Odisha,2023,Winter,Rapeseed &Mustard,286.7710994452322
Assam,2010,Kharif,Mesta,5221.327967806841
Bihar,2002,Rabi,Barley,1147.1092181916092
Maharashtra,2002,Kharif,Cotton(lint),927.2116861316475
Bihar,2009,Kharif,Urad,990.0224494886505
Uttarakhand,2024,Rabi,Linseed,706.6963771589877
Uttarakhand,2025,Kharif,Rice,3108.3290836900674
Delhi,2000,Whole Year,Sugarcane,40000.0
Mizoram,2017,Kharif,Tapioca,9865.9793814433
Bihar,2018,Kharif,Jowar,1065.6424581005588
Puducherry,2025,Kharif,Sesamum,1064.0194489465155
Karnataka,2000,Whole Year,Tapioca,7784.466019417476
Madhya Pradesh,2026,Rabi,Rapeseed &Mustard,1297.6133172466252
Karnataka,2014,Whole Year,Cardamom,78.28421167963187
Karnataka,2006,Whole Year,Coriander,148.04934978326108
Kerala,2026,Kharif,Groundnut,1576.987550844324
Manipur,2016,Rabi,Gram,932.9962073324905
Karnataka,2015,Whole Year,Mango,7189.618271625259
Nagaland,2022,Kharif,Ginger,10904.6186323945
Telangana,2007,Kharif,Turmeric,4944.786021012675
Manipur,2012,Kharif,Groundnut,789.522342064715
Uttarakhand,2013,Kharif,Soyabean,1567.1609245529874
Telangana,2014,Kharif,Sunflower,1018.9919649379109
Andhra Pradesh,2015,Rabi,Safflower,697.3684210526316
Tamil Nadu,2015,Kharif,Cotton(lint),1864.6076810984734
Delhi,2008,Kharif,Rice,2823.2703509021167
West Bengal,2007,Kharif,Ragi,1144.9242076251724
Sikkim,2003,Rabi,Barley,1227.6422764227643
Karnataka,2009,Whole Year,Black pepper,3711.7121688825737
Telangana,2025,Kharif,Sesamum,522.6235902388246
Punjab,2014,Rabi,Gram,1083.3333333333333
Bihar,2015,Kharif,Castor seed,953.4883720930233
Andhra Pradesh,2023,Whole Year,Arecanut,4666.036745406825
Bihar,2008,Rabi,Gram,925.0714810881464
Kerala,2004,Kharif,Sesamum,294.4507361268403
Puducherry,2025,Kharif,Jowar,2843.3734939759033
Puducherry,2022,Summer,Onion,5905.487804878049
Madhya Pradesh,2002,Rabi,Other  Rabi pulses,409.6631526244054
Haryana,2018,Rabi,Barley,3865.771812080537
West Bengal,2020,Kharif,Jute,2517.706134122647
Gujarat,2023,Whole Year,Banana,87811.97541756277
Tamil Nadu,2015,Whole Year,Mango,7669.941803087219
Meghalaya,2003,Whole Year,Cashewnut,1011.7769827072152
Karnataka,2000,Rabi,Other  Rabi pulses,119.06896139596032
Goa,2013,Whole Year,Black pepper,317.5033921302578
Himachal Pradesh,2019,Kharif,Urad,734.6444349437081
Maharashtra,2010,Rabi,Linseed,262.44274809160305
Assam,2016,Rabi,Other  Rabi pulses,741.032917139614
Chhattisgarh,2016,Whole Year,Sweet potato,5525.1739664347115
Bihar,2011,Rabi,Rapeseed &Mustard,1416.269955494542
Uttarakhand,2005,Kharif,Soyabean,1230.8886301901437
Uttarakhand,2010,Kharif,Soyabean,1619.4222495390288
Odisha,2002,Kharif,Niger seed,158.6783601876402
Bihar,2016,Rabi,Rapeseed &Mustard,1180.1860577503926
Andhra Pradesh,2004,Kharif,Gram,882.8828828828829
Chhattisgarh,2018,Kharif,Maize,2568.002575245453
Telangana,2024,Rabi,Sweet potato,15341.48597266468
Meghalaya,2000,Kharif,Mesta,4607.982740021575
Jharkhand,2025,Rabi,Rapeseed &Mustard,823.0285106528207
Tamil Nadu,2013,Whole Year,Sweet potato,21108.108108108107
Tamil Nadu,2000,Whole Year,Garlic,5850.249584026622
Telangana,2014,Kharif,Arhar/Tur,494.4014996064443
Kerala,2007,Whole Year,Banana,7411.452452772956
Madhya Pradesh,2003,Kharif,Ragi,264.591439688716
Bihar,2016,Rabi,Barley,1505.1279682158367
Andhra Pradesh,2014,Kharif,Moong(Green Gram),916.9880785413744
Uttar Pradesh,2016,Kharif,Moong(Green Gram),414.4111605228109
Maharashtra,2025,Rabi,Other  Rabi pulses,451.82896092408555
Andhra Pradesh,2011,Whole Year,Potato,10038.302790160145
Uttar Pradesh,2010,Rabi,Masoor,701.1526413845345
Chhattisgarh,2023,Kharif,Ragi,231.02922314278783
Karnataka,2020,Whole Year,Banana,34614.93026584806
West Bengal,2023,Rabi,Khesari,1065.4833214018226
Nagaland,2003,Kharif,Small millets,1021.7113665389528
Andhra Pradesh,2023,Whole Year,Garlic,6453.534833336293
Himachal Pradesh,2024,Kharif,Soyabean,1734.3156799861315
Meghalaya,2013,Kharif,Cotton(lint),1182.405498281787
Uttar Pradesh,2026,Kharif,Bajra,1717.9373207834635
Gujarat,2010,Kharif,Jowar,1056.282722513089
Uttarakhand,2001,Whole Year,Garlic,8158.991759573437
Madhya Pradesh,2000,Kharif,Niger seed,158.43108709650326
Uttar Pradesh,2011,Kharif,Sugarcane,59572.005508683855
Haryana,2018,Kharif,Bajra,2068.048033906287
Assam,2005,Kharif,Cotton(lint),467.4556213017751
Chhattisgarh,2026,Rabi,Masoor,331.99853183432
Haryana,2026,Kharif,Groundnut,1482.6703201709317
Maharashtra,2002,Kharif,Moong(Green Gram),493.37531155712975
Jammu and Kashmir,2012,Kharif,Potato,8445.714285714286
Jammu and Kashmir,2008,Rabi,Gram,545.7746478873239
Haryana,2019,Rabi,Rapeseed &Mustard,1794.7831552482714
West Bengal,2009,Autumn,Ragi,1180.3125530830644
Karnataka,2018,Kharif,Soyabean,982.3031830593267
Madhya Pradesh,2026,Kharif,Horse-gram,424.17668154069366
Punjab,2022,Rabi,Linseed,394.54491938385064
Manipur,2011,Whole Year,Sugarcane,57913.04347826087
Madhya Pradesh,2013,Kharif,Niger seed,363.8871546179199
Himachal Pradesh,2025,Kharif,Potato,6290.266290930834
Madhya Pradesh,2022,Kharif,Other Cereals,246.2913826861878
Nagaland,2000,Kharif,Jute,1371.4285714285713
Arunachal Pradesh,2005,Whole Year,Potato,7529.144587433762
Madhya Pradesh,2012,Whole Year,Ginger,1705.0482132728305
West Bengal,2013,Rabi,Other  Rabi pulses,463.0225080385852
Nagaland,2008,Kharif,Cardamom,187.5
Nagaland,2015,Kharif,Arhar/Tur,901.639344262295
Meghalaya,2010,Kharif,Tapioca,5213.636363636364
Tripura,2023,Whole Year,Potato,4236.515148625902
Telangana,2024,Kharif,Arhar/Tur,1177.3768615365793
Nagaland,2000,Whole Year,Potato,10548.458149779735
Gujarat,2024,Rabi,Small millets,2199.081626220545
Jammu and Kashmir,2026,Kharif,Small millets,477.94992318472754
Bihar,2007,Kharif,Arhar/Tur,1382.598833441348
Assam,2016,Whole Year,Dry chillies,886.1578896135501
Odisha,2019,Rabi,Masoor,528.9079229122055
Telangana,2011,Whole Year,Sugarcane,69810.08459685334
Tripura,2003,Kharif,Rice,2395.9757613424485
Karnataka,2021,Whole Year,Turmeric,6076.370514820593
Kerala,2008,Whole Year,Turmeric,2287.562904385334
Jammu and Kashmir,2015,Rabi,Rapeseed &Mustard,613.2347709214531
Manipur,2022,Kharif,Ginger,17581.083172914725
Tripura,2007,Kharif,Urad,591.8367346938776
West Bengal,2018,Rabi,Potato,25346.806041619842
Bihar,2021,Kharif,Ragi,1227.7323674562122
Bihar,2001,Whole Year,Tobacco,1101.091495128562
Kerala,2011,Whole Year,Tobacco,1604.6511627906978
Rajasthan,2025,Kharif,Bajra,1740.2022411433966
Haryana,2013,Kharif,Sunflower,2846.153846153846
Assam,2022,Rabi,Arecanut,855.9380876033152
Gujarat,2007,Kharif,Other Kharif pulses,621.8181818181819
Bihar,2003,Whole Year,Garlic,1288.8809438684304
Haryana,2007,Rabi,Wheat,4158.200172310093
Bihar,2005,Kharif,Sunflower,1344.6484392198302
Bihar,2014,Kharif,Sannhamp,804.6989720998531
Uttar Pradesh,2014,Rabi,Garlic,5792.3274563657305
Puducherry,2021,Kharif,Cashewnut,281.3272877164056
Odisha,2002,Kharif,Ragi,460.5227316946624
Himachal Pradesh,2008,Kharif,Urad,430.1964839710445
Meghalaya,2016,Autumn,Rice,2346.935742733163
West Bengal,2005,Kharif,Small millets,769.9952673923332
Kerala,2025,Whole Year,Turmeric,3144.5194133570362
Telangana,2019,Rabi,Garlic,4695.652173913043
Jammu and Kashmir,2000,Kharif,Groundnut,500.0
Manipur,2021,Whole Year,Banana,13841.728836549726
Bihar,2023,Kharif,Other Kharif pulses,958.7736005124139
Maharashtra,2008,Kharif,Niger seed,271.05263157894734
Uttarakhand,2018,Rabi,Linseed,1000.0
Arunachal Pradesh,2006,Rabi,Wheat,1583.5637094747424
Meghalaya,2024,Kharif,Castor seed,1274.1735537190084
Rajasthan,2014,Kharif,Groundnut,1548.861005770122
West Bengal,2015,Whole Year,Tobacco,1680.8200092881311
West Bengal,2001,Rabi,Safflower,379.3103448275862
Rajasthan,2010,Rabi,Coriander,748.8196117409018
Assam,2012,Kharif,Cotton(lint),478.91231964483904
Kerala,2001,Whole Year,Turmeric,2218.9432265317596
Haryana,2024,Whole Year,Coriander,4329.620614350702
Bihar,2013,Kharif,Jute,14282.953386154095
Nagaland,2021,Kharif,Other Kharif pulses,1256.732546533861
Odisha,2004,Autumn,Urad,215.5242083608846
Tripura,2026,Rabi,Gram,735.5872267466782
Madhya Pradesh,2003,Rabi,Safflower,272.1518987341772
Tripura,2012,Rabi,Other  Rabi pulses,831.7054845980466
Haryana,2011,Rabi,Mustard,1576.8892020554656
Bihar,2025,Rabi,Sunflower,1610.012354573222
Andhra Pradesh,2019,Kharif,Arecanut,9505.474452554745
Gujarat,2005,Rabi,Gram,1005.5732484076433
Tripura,2005,Kharif,Mesta,7283.760683760684
Nagaland,2006,Kharif,Moong(Green Gram),1260.0
Punjab,2003,Rabi,Potato,20313.024734475966
Telangana,2024,Kharif,Cotton(lint),3648.1936668388053
Karnataka,2003,Kharif,Rice,2224.0657352966095
Rajasthan,2016,Rabi,Barley,2902.1479821205444
Tamil Nadu,2003,Whole Year,Sweet potato,14484.119345524543
West Bengal,2012,Rabi,Potato,29982.126552286947
Karnataka,2002,Rabi,Safflower,650.295481835519
Arunachal Pradesh,2023,Whole Year,Turmeric,5119.4157797690295
Himachal Pradesh,2000,Kharif,Maize,2293.7004281132154
Chhattisgarh,2017,Kharif,Urad,323.63903188986467
Telangana,2009,Kharif,Rice,3252.939068776832
Karnataka,2014,Kharif,Cotton(lint),2727.604444972194
Odisha,2021,Kharif,Arhar/Tur,953.5789524171443
Bihar,2016,Rabi,Lentil,925.4063070800491
Himachal Pradesh,2023,Rabi,Linseed,303.78785170355013
Kerala,2006,Whole Year,Tobacco,1612.9032258064517
Uttar Pradesh,2014,Kharif,Bajra,1899.7955289558738
Gujarat,2002,Whole Year,Garlic,5435.294117647059
Andhra Pradesh,2013,Kharif,Maize,3711.1683629809004
Maharashtra,2014,Kharif,Jowar,859.2853992059992
Manipur,2018,Kharif,Urad,1005.1020408163265
Bihar,2008,Whole Year,Dry chillies,1369.7123519458544
Maharashtra,2017,Kharif,Niger seed,158.85256014805677
Chhattisgarh,2017,Rabi,Masoor,355.3699472066819
Uttar Pradesh,2024,Rabi,Lentil,991.278180669682
West Bengal,2024,Rabi,Onion,20652.12078259136
Meghalaya,2000,Whole Year,Tapioca,5323.3576642335765
Uttarakhand,2003,Kharif,Sesamum,158.3198707592892
Goa,2014,Rabi,Other  Rabi pulses,946.6025255562237
Assam,2022,Rabi,Urad,788.1047623750967
Bihar,2007,Kharif,Groundnut,719.1383595691798
Odisha,2004,Autumn,Rice,821.6019417475728
Puducherry,2022,Kharif,Other Kharif pulses,1597.7482088024565
Tamil Nadu,2023,Whole Year,Coriander,591.2439359579516
Madhya Pradesh,2000,Kharif,Maize,1458.999709393114
Jharkhand,2017,Kharif,Niger seed,564.4345539146267
Gujarat,2003,Whole Year,Mango,5544.862305960971
Jammu and Kashmir,2026,Kharif,Horse-gram,552.5785683251485
Jammu and Kashmir,2010,Rabi,Wheat,1543.7290996139857
Himachal Pradesh,2014,Kharif,Moth,285.7142857142857
Mizoram,2009,Kharif,Other Kharif pulses,1342.7035965274906
Uttarakhand,2015,Rabi,Masoor,749.078960469979
Uttar Pradesh,2009,Rabi,Tobacco,5715.06058352653
West Bengal,2012,Rabi,Barley,1481.3573523250943
Karnataka,2012,Kharif,Rapeseed &Mustard,295.32030895047706
Haryana,2013,Kharif,Arhar/Tur,1117.0212765957447
Andhra Pradesh,2008,Whole Year,Sugarcane,78434.26674688721
Jharkhand,2001,Rabi,Potato,19759.199444075166
Madhya Pradesh,2000,Whole Year,Sugarcane,22170.125647304405
Karnataka,2011,Whole Year,Sweet potato,14571.8954248366
Goa,2005,Whole Year,Cashewnut,491.99396594027735
Assam,2023,Kharif,Jute,11758.16072625967
Tripura,2016,Kharif,Other Kharif pulses,956.5217391304348
Chhattisgarh,2003,Kharif,Cotton(lint),1978.2608695652175
Manipur,2024,Rabi,Other  Rabi pulses,1133.9127468632196
Chhattisgarh,2007,Kharif,Potato,4219.895287958115
Bihar,2000,Kharif,Sesamum,557.3862049706786
Madhya Pradesh,2018,Whole Year,Sugarcane,48905.210283405315
Tamil Nadu,2009,Whole Year,Castor seed,310.6617647058824
Puducherry,2001,Whole Year,Black pepper,916.6666666666666
Telangana,2021,Kharif,Arhar/Tur,963.3524076085761
Uttarakhand,2022,Kharif,Maize,1903.6833472352776
Jammu and Kashmir,2015,Kharif,Small millets,483.86123680241326
Tripura,2010,Rabi,Other  Rabi pulses,811.9180633147114
Mizoram,2013,Kharif,Arhar/Tur,890.9090909090909
Nagaland,2019,Kharif,Ragi,971.4285714285714
Punjab,2015,Rabi,Rapeseed &Mustard,1348.3870967741937
Himachal Pradesh,2026,Kharif,Maize,2941.443567062655
Andhra Pradesh,2011,Kharif,Arhar/Tur,302.2602824151741
Sikkim,2013,Rabi,Barley,1020.6896551724138
Tamil Nadu,2007,Whole Year,Cotton(lint),2020.1640912065234
Jharkhand,2019,Rabi,Safflower,495.29780564263325
West Bengal,2014,Rabi,Potato,33866.617049572356
Bihar,2014,Kharif,Ragi,1473.9442946990116
Maharashtra,2020,Rabi,Gram,1268.5941350615335
Chhattisgarh,2008,Kharif,Potato,3866.6666666666665
Puducherry,2007,Kharif,Dry chillies,1000.0
Telangana,2005,Kharif,Rice,2876.3510017327044
Karnataka,2006,Whole Year,Ginger,13089.171245421245
Uttar Pradesh,2022,Kharif,Arhar/Tur,860.6278497267176
Maharashtra,2001,Rabi,Rapeseed &Mustard,252.45901639344262
Telangana,2000,Kharif,Soyabean,1238.425401106438
Uttarakhand,2020,Kharif,Sunflower,666.6666666666666
Jharkhand,2016,Rabi,Rapeseed &Mustard,935.1882058691025
West Bengal,2017,Kharif,Sannhamp,4883.221476510067
Maharashtra,2012,Whole Year,Sugarcane,80305.93753331201
Chhattisgarh,2025,Kharif,Small millets,489.20301325062303
Maharashtra,2003,Rabi,Safflower,356.7633837351859
Andhra Pradesh,2025,Kharif,Sannhamp,10.000348554607417
Gujarat,2024,Rabi,Gram,1661.7760073386507
Haryana,2014,Kharif,Maize,2000.0
Uttarakhand,2009,Kharif,Ragi,1230.8500197999347
Meghalaya,2004,Whole Year,Sugarcane,2678.5714285714284
Karnataka,2019,Kharif,Cowpea(Lobia),283.7245798731446
Delhi,2025,Kharif,Cotton(lint),1019.2307692307692
Jharkhand,2019,Kharif,Groundnut,1103.2658693652254
Kerala,2010,Whole Year,Banana,8243.695281871122
Maharashtra,2015,Kharif,Turmeric,5693.1519869928325
Puducherry,2004,Whole Year,Black pepper,583.3333333333334
Meghalaya,2009,Whole Year,Sugarcane,2710.5263157894738
Punjab,2010,Rabi,Rapeseed &Mustard,1322.5806451612902
Chhattisgarh,2011,Whole Year,Garlic,2947.6744186046512
Nagaland,2016,Kharif,Cowpea(Lobia),1452.8301886792453
Gujarat,2020,Rabi,Tobacco,2014.8548244083677
Goa,2013,Whole Year,Banana,11320.13769363167
Jammu and Kashmir,2013,Rabi,Barley,583.6206171697637
Kerala,2004,Kharif,Ragi,809.1106290672451
Manipur,2021,Rabi,Gram,1059.2955165169192
Assam,2016,Rabi,Moong(Green Gram),693.3047370384185
Tamil Nadu,2014,Kharif,Groundnut,2336.348289226526
Nagaland,2024,Kharif,Sunflower,376.0099055873704
Madhya Pradesh,2026,Rabi,Mustard,1750.4395441650458
Uttar Pradesh,2002,Kharif,Sunflower,1436.0995850622407
Bihar,2014,Kharif,Groundnut,1022.6480836236934
Andhra Pradesh,2019,Rabi,Niger seed,331.062030075188
Gujarat,2004,Kharif,Rice,1738.7319711538462
Arunachal Pradesh,2006,Kharif,Rice,1175.5311367219883
Nagaland,2005,Rabi,Masoor,1964.2857142857142
Karnataka,2010,Kharif,Jowar,1537.0545207890298
Bihar,2004,Kharif,Bajra,1080.8333333333333
Puducherry,2019,Kharif,Onion,5000.0
Jharkhand,2026,Rabi,Potato,7705.020170435063
Gujarat,2021,Rabi,Onion,26994.8534756775
Sikkim,2024,Kharif,Urad,859.5134606463356
Manipur,2024,Kharif,Rice,2141.8015714175963
Mizoram,2006,Kharif,Potato,2585.2895148669795
Andhra Pradesh,2013,Kharif,Dry chillies,4618.92954553505
Chhattisgarh,2024,Rabi,Wheat,1819.3395363088025
Jammu and Kashmir,2017,Kharif,Jowar,603.1746031746031
Telangana,2009,Kharif,Soyabean,1248.0826810745875
Arunachal Pradesh,2017,Kharif,Moong(Green Gram),1024.4479495268138
Meghalaya,2025,Rabi,Gram,1350.4606133915347
Andhra Pradesh,2022,Kharif,Bajra,2361.081438589592
Maharashtra,2002,Kharif,Soyabean,1255.2767821585026
Manipur,2025,Kharif,Cowpea(Lobia),1222.3668947231363
Mizoram,2021,Kharif,Rice,1969.442029269501
West Bengal,2017,Kharif,Urad,671.8629715165512
Madhya Pradesh,2007,Whole Year,Sesamum,376.0010354144084
West Bengal,2015,Rabi,Moth,875.0
Kerala,2023,Autumn,Rice,2935.545110049943
Meghalaya,2017,Rabi,Wheat,1928.2608695652175
West Bengal,2012,Whole Year,Tobacco,1772.3034881851793
Sikkim,2006,Kharif,Small millets,942.0289855072464
Meghalaya,2009,Whole Year,Black pepper,517.9775280898876
Punjab,2018,Rabi,Potato,25421.09432770642
Karnataka,2024,Kharif,Sunflower,974.9844175439013
Haryana,2012,Kharif,Moong(Green Gram),483.6350974930362
West Bengal,2007,Whole Year,Mango,5454.175506991647
Kerala,2025,Whole Year,Cardamom,121.62968607565391
West Bengal,2010,Autumn,Groundnut,869.1380080393033
Nagaland,2016,Rabi,Barley,1037.037037037037
Kerala,2004,Whole Year,Turmeric,2167.303019784797
Bihar,2018,Kharif,Bajra,1133.8050820199421
Nagaland,2000,Rabi,Other  Rabi pulses,876.9230769230769
Mizoram,2013,Whole Year,Sugarcane,4911.330049261083
Himachal Pradesh,2005,Kharif,Urad,372.0599982249046
Jammu and Kashmir,2003,Rabi,Rapeseed &Mustard,695.165177938466
Bihar,2024,Kharif,Arhar/Tur,1834.076006425986
Jharkhand,2007,Autumn,Ragi,914.9554895365387
Madhya Pradesh,2005,Rabi,Rapeseed &Mustard,1032.0004821891387
Madhya Pradesh,2006,Kharif,Castor seed,377.3209549071618
Andhra Pradesh,2025,Kharif,Niger seed,431.16628086843
Odisha,2023,Autumn,Moong(Green Gram),460.08357968424696
Karnataka,2010,Whole Year,Black pepper,603.8174825506861
West Bengal,2012,Kharif,Bajra,416.6666666666667
Himachal Pradesh,2005,Kharif,Turmeric,605.4421768707483
Himachal Pradesh,2024,Kharif,Bajra,715.6168676721605
Andhra Pradesh,2023,Kharif,other oilseeds,18062.54707837447
Jammu and Kashmir,2022,Kharif,Jowar,738.3221546688975
Tamil Nadu,2025,Whole Year,Turmeric,4002.776240423282
Jammu and Kashmir,2008,Rabi,Garlic,854.3046357615895
West Bengal,2021,Rabi,Horse-gram,686.5778486492974
Jharkhand,2009,Rabi,Potato,6951.9235986759995
Delhi,2003,Kharif,Rice,2734.6159719041075
Andhra Pradesh,2006,Rabi,Other  Rabi pulses,392.84748512709575
Telangana,2003,Whole Year,Sugarcane,63144.609019073185
West Bengal,2008,Autumn,Rice,2068.6627183323985
Uttar Pradesh,2008,Rabi,Barley,2188.0938665549484
Andhra Pradesh,2025,Kharif,Ragi,1439.1248735859313
West Bengal,2008,Autumn,Ragi,1182.5775656324583
Puducherry,2018,Kharif,Groundnut,3000.0
Andhra Pradesh,2001,Kharif,Niger seed,419.95809324253537
Bihar,2019,Kharif,Arhar/Tur,1680.6135848155664
Maharashtra,2026,Rabi,Other  Rabi pulses,518.1571614776426
Haryana,2006,Whole Year,Garlic,18072.289156626506
West Bengal,2009,Rabi,Gram,1109.5286226224387
Tripura,2021,Kharif,Moong(Green Gram),563.9675527405805
Haryana,2022,Kharif,Moth,455.72419218814724
Maharashtra,2003,Whole Year,Banana,62993.414211438474
Odisha,2016,Autumn,Urad,398.3655328147962
West Bengal,2016,Rabi,Potato,34896.19532437453
Haryana,2023,Rabi,Mustard,1670.4329850450981
Nagaland,2001,Rabi,Linseed,649.1228070175439
Odisha,2008,Autumn,Maize,1986.5655202370426
Uttar Pradesh,2015,Rabi,Potato,23037.460006529545
Nagaland,2002,Whole Year,Potato,11192.660550458715
Mizoram,2009,Rabi,Other  Rabi pulses,2152.5649566955362
Kerala,2008,Whole Year,Arecanut,1288.864727362245
Madhya Pradesh,2023,Kharif,Horse-gram,310.7218766078463
Punjab,2026,Rabi,Rapeseed &Mustard,1863.8007840391022
Jammu and Kashmir,2007,Rabi,Other  Rabi pulses,461.53846153846155
Uttarakhand,2026,Rabi,Masoor,1013.0104369536315
Bihar,2012,Autumn,Rice,1776.3959409648721
Bihar,2020,Kharif,Jute,2419.4961767351347
Tamil Nadu,2006,Whole Year,Horse-gram,585.045385099308
Gujarat,2023,Kharif,Cotton(lint),4073.619892617073
Nagaland,2024,Kharif,Ragi,938.420211499881
Bihar,2003,Kharif,Bajra,1044.642857142857
Nagaland,2025,Kharif,Sunflower,448.5515174813457
Gujarat,2022,Rabi,Onion,29853.119514240152
Tripura,2007,Kharif,Arhar/Tur,722.3587223587224
Tamil Nadu,2007,Whole Year,Dry chillies,505.63731307856636
Chhattisgarh,2013,Rabi,Garlic,5853.658536585366
Odisha,2024,Rabi,Masoor,627.4545155875012
Assam,2008,Rabi,Mustard,1194.6481133373188
Uttarakhand,2014,Whole Year,Sugarcane,60642.713203688814
Goa,2008,Whole Year,Sugarcane,48239.960822722824
Nagaland,2003,Kharif,Soyabean,1384.6153846153845
Gujarat,2022,Rabi,Wheat,3080.491447926594
Andhra Pradesh,2006,Kharif,Niger seed,366.6735409362755
Meghalaya,2011,Whole Year,Arecanut,1408.0139823925426
Punjab,2016,Rabi,Wheat,5046.065808297568
Andhra Pradesh,2000,Kharif,Sesamum,204.17846483508075
Himachal Pradesh,2006,Kharif,Arhar/Tur,340.0
Kerala,2026,Kharif,Cotton(lint),1483.9975180640902
Tamil Nadu,2007,Whole Year,Sesamum,432.9488006883941
Tamil Nadu,2014,Rabi,Rapeseed &Mustard,238.41059602649005
Mizoram,2013,Whole Year,Tobacco,1750.0
Nagaland,2014,Kharif,Sesamum,602.2408963585434
Uttarakhand,2014,Kharif,other oilseeds,679.1044776119403
Tripura,2024,Rabi,Wheat,2244.7962088427425
Uttarakhand,2018,Kharif,Potato,9917.216642754664
Assam,2016,Kharif,Jute,10682.792121373437
Goa,2015,Whole Year,Arecanut,1660.1233875490746
Gujarat,2015,Kharif,Urad,597.7982551632143
West Bengal,2004,Whole Year,Potato,22169.822680875488
Odisha,2005,Kharif,Arhar/Tur,865.2670506981488
Gujarat,2024,Kharif,Ragi,892.3769150485124
Uttarakhand,2006,Kharif,Moth,300.0
Goa,2009,Kharif,Ragi,1019.4805194805194
Uttarakhand,2024,Rabi,Masoor,805.3770277630175
Uttarakhand,2001,Rabi,Wheat,1919.3652634406744
Puducherry,2012,Kharif,Dry chillies,2000.0
Haryana,2023,Kharif,Bajra,2665.7077617249797
Nagaland,2017,Kharif,Tapioca,20260.0
Tripura,2026,Kharif,Cowpea(Lobia),889.4180832467763
Uttarakhand,2005,Kharif,Sesamum,252.77264325323475
Madhya Pradesh,2015,Rabi,Safflower,613.0
Haryana,2025,Kharif,Cotton(lint),3851.1184729561232
Assam,2026,Rabi,Linseed,735.3600151277695
Maharashtra,2025,Kharif,Castor seed,295.4754433959978
Nagaland,2013,Kharif,Bajra,1014.4927536231884
Gujarat,2002,Kharif,Rice,1155.0106609808101
Sikkim,2026,Rabi,Other Cereals,1072.7293869877835
Punjab,2015,Kharif,Moong(Green Gram),670.3125
Sikkim,2001,Kharif,Soyabean,798.5542168674699
Sikkim,2004,Rabi,Other Cereals,776.1194029850747
Nagaland,2009,Kharif,Groundnut,785.7142857142857
Uttarakhand,2001,Rabi,Barley,1118.688524590164
Madhya Pradesh,2015,Whole Year,Coriander,1409.267608940322
Punjab,2026,Kharif,Moong(Green Gram),987.2661549550779
West Bengal,2023,Whole Year,Turmeric,3241.675345019209
Gujarat,2006,Rabi,Gram,950.253807106599
Kerala,2017,Whole Year,Sweet potato,14498.305084745763
Uttar Pradesh,2015,Kharif,Sweet potato,12054.019475442463
Uttarakhand,2012,Kharif,Moth,400.0
Telangana,2026,Rabi,Linseed,72.11681732392967
Odisha,2004,Kharif,Castor seed,510.0296842673383
Uttar Pradesh,2014,Rabi,Lentil,865.6456142604065
Uttar Pradesh,2021,Kharif,Cotton(lint),500.6321167723833
Arunachal Pradesh,2008,Whole Year,Turmeric,3880.718954248366
Andhra Pradesh,2024,Rabi,Gram,999.5887383208199
Nagaland,2022,Rabi,Linseed,830.6772995316477
Telangana,2023,Kharif,Banana,98268.52245791041
Gujarat,2000,Kharif,Moong(Green Gram),255.51839464882943
Bihar,2018,Kharif,Sesamum,852.9956763434219
Maharashtra,2002,Kharif,Maize,2090.637450199203
Delhi,2012,Kharif,Bajra,2511.5207373271887
Bihar,2003,Whole Year,Banana,16548.62766202814
Kerala,2024,Whole Year,Arhar/Tur,1718.581917840341
Assam,2017,Rabi,Gram,687.1975362956446
West Bengal,2013,Kharif,Castor seed,592.1052631578947
Maharashtra,2025,Rabi,Rapeseed &Mustard,461.6205879138892
Madhya Pradesh,2013,Rabi,Safflower,523.8095238095239
Tripura,2011,Kharif,Cotton(lint),1420.4425711275026
Uttar Pradesh,2013,Rabi,Peas & beans (Pulses),991.9749785094068
Arunachal Pradesh,2003,Kharif,Rice,1296.8331865274108
Himachal Pradesh,2008,Kharif,Maize,2272.768190032178
Uttarakhand,2008,Whole Year,Sugarcane,52669.14101958168
Andhra Pradesh,2001,Kharif,Small millets,589.3737803796346
Uttarakhand,2000,Rabi,Gram,687.8147029204431
Nagaland,2019,Rabi,Potato,10007.957559681698
Puducherry,2025,Kharif,Bajra,2487.193610575599
West Bengal,2018,Kharif,Mesta,12181.471491024091
Himachal Pradesh,2023,Kharif,Horse-gram,490.4214764239466
Karnataka,2005,Kharif,Urad,195.5881039564169
Uttarakhand,2016,Kharif,Soyabean,1190.796955646925
Haryana,2017,Rabi,Wheat,4846.9077257459
Karnataka,2013,Kharif,Rapeseed &Mustard,284.81481481481484
Bihar,2016,Rabi,Peas & beans (Pulses),1020.4255838058655
Telangana,2022,Kharif,Maize,5811.086543607999
Tamil Nadu,2014,Whole Year,Coriander,871.9393282773565
Himachal Pradesh,2022,Rabi,Garlic,919.2991644249768
Bihar,2014,Whole Year,Tobacco,1762.3902577173606
Uttar Pradesh,2006,Whole Year,Coriander,520.2175883952856
Haryana,2008,Whole Year,Sweet potato,18072.289156626506
Karnataka,2016,Rabi,Safflower,674.2013824023912
Assam,2021,Kharif,Jute,10887.277651307986
Madhya Pradesh,2004,Kharif,Arhar/Tur,774.9998409780486
Tripura,2014,Whole Year,Sugarcane,52345.52332912989
Punjab,2024,Kharif,Rice,4612.298745743203
Jammu and Kashmir,2017,Kharif,Gram,217.3913043478261
Kerala,2000,Whole Year,Banana,7278.346168357043
Andhra Pradesh,2013,Kharif,Tobacco,7385.898068044287
Himachal Pradesh,2009,Rabi,Coriander,550.0
Kerala,2000,Whole Year,Ginger,3677.144333448157
Uttar Pradesh,2015,Kharif,Urad,290.97932854162974
Himachal Pradesh,2008,Rabi,Rapeseed &Mustard,267.1394799054373
Odisha,2001,Kharif,Rice,1604.4444444444443
Madhya Pradesh,2021,Kharif,Other Cereals,336.1926869076881
Karnataka,2015,Kharif,Ragi,1683.7239848721606
Uttar Pradesh,2026,Kharif,Small millets,978.7213116416306
Odisha,2026,Whole Year,Coriander,683.0291862462042
Himachal Pradesh,2015,Rabi,Rapeseed &Mustard,529.0655777083833
Bihar,2016,Rabi,Potato,13631.60449089203
Uttar Pradesh,2021,Kharif,Sweet potato,11518.814122315951
Assam,2024,Kharif,Sesamum,607.9551916728209
Goa,2006,Whole Year,Black pepper,260.8024691358025
Telangana,2018,Kharif,Arhar/Tur,646.4042630167742
Karnataka,2010,Whole Year,Garlic,1291.2139820500709
Himachal Pradesh,2022,Rabi,Barley,1704.8447026703493
Meghalaya,2024,Rabi,Tobacco,1204.0097799511002
Punjab,2025,Rabi,Rapeseed &Mustard,1855.6890888160765
Rajasthan,2003,Kharif,Groundnut,1249.7743597844694
Jharkhand,2013,Rabi,Masoor,828.2666163141994
Uttar Pradesh,2015,Rabi,Wheat,2786.398382222698
Jammu and Kashmir,2000,Kharif,other oilseeds,500.0
Rajasthan,2001,Rabi,Barley,2301.2155648777252
Bihar,2022,Rabi,Other  Rabi pulses,1050.5719064675272
Meghalaya,2026,Whole Year,Arecanut,1653.7521516266772
Jammu and Kashmir,2025,Kharif,Jowar,694.428817128253
Madhya Pradesh,2022,Rabi,Other  Rabi pulses,892.117553487492
Telangana,2016,Kharif,Groundnut,1934.3555522231386
Kerala,2009,Whole Year,Cardamom,187.53155579063784
Uttar Pradesh,2011,Kharif,Sannhamp,274.02957486136785
Haryana,2005,Rabi,Mustard,1212.540581414533
Tamil Nadu,2009,Whole Year,Ragi,1954.6851278314205
Andhra Pradesh,2022,Whole Year,Tapioca,14700.732582598315
Haryana,2019,Kharif,Groundnut,1133.5779816513761
Karnataka,2003,Whole Year,Potato,6457.758685658301
Himachal Pradesh,2022,Rabi,Peas & beans (Pulses),1625.0400754135544
Kerala,2026,Whole Year,Urad,10.008097165991902
Tamil Nadu,2002,Whole Year,Turmeric,3730.835934790149
Tripura,2026,Kharif,Jute,9554.102457309455
Haryana,2003,Kharif,Cotton(lint),2674.711712842038
Meghalaya,2008,Kharif,Mesta,4560.823754789272
Haryana,2022,Rabi,Peas & beans (Pulses),7431.132020958726
Puducherry,2023,Kharif,Tapioca,27209.766454352444
Bihar,2018,Kharif,Moong(Green Gram),580.5570726379028
Maharashtra,2016,Whole Year,Tobacco,1375.0
Arunachal Pradesh,2005,Kharif,Maize,1383.3655890856091
Chhattisgarh,2013,Rabi,Onion,20333.333333333332
Punjab,2014,Whole Year,Sugarcane,74882.97872340426
Himachal Pradesh,2012,Kharif,Bajra,507.59753593429156
Punjab,2024,Kharif,Cotton(lint),4730.192584246496
Uttar Pradesh,2018,Rabi,Mustard,1583.9469945359717
Madhya Pradesh,2004,Rabi,Masoor,495.7562625615195
Odisha,2004,Kharif,Ginger,1937.47607502871
Odisha,2001,Kharif,Castor seed,497.116493656286
Telangana,2017,Kharif,Ragi,1147.332768839966
Nagaland,2018,Kharif,Maize,1981.9494584837546
Kerala,2021,Whole Year,Moong(Green Gram),10.03606711619884
Puducherry,2021,Kharif,Small millets,1391.304347826087
Karnataka,2025,Whole Year,Sweet potato,19183.225310634058
Chhattisgarh,2021,Kharif,Potato,7034.5191480297
Gujarat,2016,Kharif,Maize,1677.3995811798532
Tamil Nadu,2008,Whole Year,Gram,635.5808523058961
Chhattisgarh,2012,Whole Year,Coriander,284.2176410949645
Karnataka,2018,Whole Year,Sweet potato,14517.090620031797
Kerala,2003,Kharif,Groundnut,739.8585783401563
Maharashtra,2007,Kharif,Urad,567.9318907413976
Bihar,2002,Rabi,Lentil,819.6986616927636
Jharkhand,2023,Rabi,Masoor,1001.7607005406753
Puducherry,2018,Kharif,Black pepper,1363.6363636363637
Andhra Pradesh,2005,Kharif,Groundnut,564.8343808138886
Odisha,2004,Rabi,Safflower,605.3215077605322
Nagaland,2003,Rabi,Gram,1333.3333333333333
Uttar Pradesh,2008,Kharif,Sweet potato,12281.99825859817
Uttar Pradesh,2002,Rabi,Masoor,764.3818349666241
Chhattisgarh,2008,Kharif,Cotton(lint),1280.0
Uttar Pradesh,2008,Kharif,Small millets,617.3330388042118
Punjab,2026,Kharif,Maize,4246.674781218939
Uttar Pradesh,2013,Kharif,Moong(Green Gram),320.74589653023065
Nagaland,2024,Kharif,Moong(Green Gram),1094.7208806020444
Maharashtra,2017,Kharif,Sunflower,483.5424622658665
Delhi,2024,Kharif,Arhar/Tur,2232.513491075135
Goa,2019,Whole Year,Sugarcane,66224.41430332922
Manipur,2022,Whole Year,Sugarcane,74966.33405949325
West Bengal,2009,Rabi,Masoor,911.5052806684978
Chhattisgarh,2016,Rabi,Rapeseed &Mustard,429.49345263059786
Madhya Pradesh,2013,Whole Year,Sunflower,460.5263157894737
Chhattisgarh,2011,Kharif,Groundnut,1320.0125536143948
Manipur,2010,Kharif,Moong(Green Gram),1023.0769230769231
Gujarat,2005,Kharif,Jowar,1380.2992518703243
Karnataka,2001,Whole Year,Sannhamp,248.1409001956947
Jharkhand,2018,Rabi,Safflower,585.8064516129032
Nagaland,2011,Rabi,Potato,9029.185867895545
Bihar,2008,Kharif,Potato,7499.138131070375
Haryana,2014,Whole Year,Turmeric,10187.458962573868
Karnataka,2005,Rabi,Rapeseed &Mustard,267.1019439085918
Manipur,2015,Whole Year,Cashewnut,558.8235294117648
Meghalaya,2002,Rabi,Rapeseed &Mustard,648.4309913912801
Jammu and Kashmir,2011,Rabi,other oilseeds,1384.7826086956522
Andhra Pradesh,2001,Rabi,Other  Rabi pulses,364.5090909090909
Gujarat,2014,Kharif,Arhar/Tur,1088.6122016349518
Sikkim,2021,Kharif,Rice,1761.5628880838551
Tripura,2024,Kharif,Jowar,826.309554881844
Odisha,2011,Winter,Niger seed,149.7927396055772
Nagaland,2024,Kharif,Other Cereals,1239.1171349239964
Jharkhand,2008,Rabi,Wheat,1362.9319238788075
Manipur,2007,Whole Year,Banana,12861.111111111111
Tamil Nadu,2004,Whole Year,Dry chillies,666.2337662337662
Jammu and Kashmir,2006,Rabi,Onion,2438.1720430107525
Uttarakhand,2020,Kharif,Groundnut,1512.1555915721233
Himachal Pradesh,2011,Kharif,Cotton(lint),2263.157894736842
Bihar,2008,Kharif,Small millets,752.9682114132517
Jharkhand,2021,Rabi,Peas & beans (Pulses),1507.9915080979747
Haryana,2026,Kharif,Sesamum,927.7930726321404
Uttarakhand,2019,Kharif,Maize,1926.2492332373897
Haryana,2003,Whole Year,Potato,24417.831004657353
Chhattisgarh,2022,Kharif,Cotton(lint),2199.6721848877232
Karnataka,2002,Rabi,Other  Rabi pulses,115.98160037389614
Madhya Pradesh,2023,Kharif,Groundnut,1559.4992271656229
Madhya Pradesh,2026,Kharif,Rice,2073.426190078784
Odisha,2024,Rabi,Sunflower,1175.0226170702635
Meghalaya,2005,Kharif,Small millets,850.9363295880149
Manipur,2004,Rabi,Rapeseed &Mustard,450.0
Odisha,2025,Rabi,Masoor,631.259016137779
Jammu and Kashmir,2012,Kharif,Moth,572.0864328728303
Nagaland,2004,Rabi,Wheat,1585.3658536585365
Puducherry,2005,Kharif,Cotton(lint),726.775956284153
Bihar,2021,Whole Year,Garlic,1675.3224872776284
Tripura,2022,Rabi,Wheat,2271.891678197272
Uttar Pradesh,2004,Rabi,Lentil,830.2182169102521
Maharashtra,2015,Rabi,Safflower,224.4653700607234
West Bengal,2007,Kharif,Small millets,751.8493611297915
Arunachal Pradesh,2015,Rabi,Wheat,1969.309462915601
Maharashtra,2007,Whole Year,Mango,6023.198314238488
Karnataka,2012,Whole Year,Mesta,1221.5988779803647
Karnataka,2005,Kharif,Potato,3347.9585348180353
Assam,2015,Whole Year,Sugarcane,35245.38357094365
Uttarakhand,2014,Rabi,Linseed,500.0
Punjab,2017,Rabi,Barley,3883.116883116883
Chhattisgarh,2023,Kharif,Mesta,2244.910474376871
Jharkhand,2015,Autumn,Ragi,897.0023059185243
Meghalaya,2022,Autumn,Rice,2693.5524009733617
Meghalaya,2011,Kharif,Arhar/Tur,1168.781725888325
Karnataka,2008,Whole Year,Tobacco,508.0128353323038
Odisha,2023,Whole Year,Tobacco,829.0900855214247
Jharkhand,2022,Rabi,Onion,9301.51420692504
Gujarat,2005,Kharif,Sesamum,391.4835164835165
Maharashtra,2026,Kharif,Groundnut,1155.1530786738558
Tamil Nadu,2025,Whole Year,Cardamom,202.7306617624405
Madhya Pradesh,2011,Kharif,Small millets,330.5944260378094
Kerala,2025,Kharif,Cotton(lint),1690.3638927687025
West Bengal,2025,Autumn,Sesamum,892.6893938737369
Meghalaya,2022,Whole Year,Turmeric,6127.531942505823
Odisha,2002,Rabi,Masoor,367.4540682414698
Gujarat,2002,Rabi,Wheat,1966.4830119375574
Meghalaya,2002,Rabi,Other  Rabi pulses,778.688524590164
Telangana,2013,Kharif,Cowpea(Lobia),559.204440333025
Odisha,2021,Kharif,Jowar,599.8807120133342
Jammu and Kashmir,2015,Kharif,Rice,2122.6785942995634
Punjab,2008,Whole Year,Sugarcane,66854.12744220805
Tamil Nadu,2026,Whole Year,Tapioca,34808.7327436418
Madhya Pradesh,2017,Kharif,Horse-gram,399.57865168539325
Manipur,2024,Kharif,Cowpea(Lobia),1126.8343693719862
Uttar Pradesh,2013,Summer,Banana,43541.72989377845
Uttar Pradesh,2015,Kharif,Sesamum,303.19075868662577
Haryana,2002,Kharif,Moong(Green Gram),152.76338043537564
Himachal Pradesh,2008,Kharif,Horse-gram,387.846291331546
Chhattisgarh,2015,Rabi,Masoor,331.98916641588926
Manipur,2004,Kharif,Maize,2763.9751552795033
Uttar Pradesh,2002,Whole Year,Tobacco,6054.355822910807
Sikkim,2004,Kharif,other oilseeds,500.0
Himachal Pradesh,2023,Kharif,Ragi,836.8166947959982
West Bengal,2010,Autumn,Jowar,400.0
Meghalaya,2007,Rabi,Linseed,475.609756097561
Kerala,2021,Whole Year,Rubber,1702.944513099085
Chhattisgarh,2006,Rabi,Rapeseed &Mustard,399.55205522204477
Tamil Nadu,2000,Kharif,Jowar,1010.0186909805341
Uttar Pradesh,2023,Rabi,Lentil,1069.291530661827
Odisha,2003,Kharif,Horse-gram,281.82998200988317
Uttarakhand,2003,Rabi,Gram,784.5953002610966
Assam,2007,Rabi,Peas & beans (Pulses),612.9519410144799
Madhya Pradesh,2000,Kharif,Castor seed,248.17961165048544
Karnataka,2026,Whole Year,Arecanut,15205.773113474112
Maharashtra,2018,Kharif,Turmeric,6128.294525222734
Himachal Pradesh,2022,Kharif,Moong(Green Gram),652.5220176140912
Meghalaya,2006,Kharif,Tapioca,5226.646631605309
Haryana,2011,Rabi,Gram,925.4329251286732
Madhya Pradesh,2001,Kharif,Ragi,265.748031496063
Andhra Pradesh,2022,Whole Year,Tobacco,11158.879634902873
Assam,2012,Whole Year,Onion,3647.415128891393
Kerala,2014,Whole Year,Small millets,777.7777777777778
Tamil Nadu,2001,Kharif,Moong(Green Gram),414.5121903949765
Jammu and Kashmir,2023,Kharif,other oilseeds,673.2116838964823
Tripura,2013,Rabi,Masoor,686.5912762520194
Uttarakhand,2004,Rabi,Masoor,593.1542828094553
Uttarakhand,2003,Kharif,Horse-gram,742.3815934402154
Delhi,2018,Kharif,Rice,2877.222982216142
Sikkim,2003,Rabi,Wheat,1276.4144011756061
Goa,2018,Whole Year,Sweet potato,2109.090909090909
Odisha,2015,Autumn,Ragi,617.0063246661982
Andhra Pradesh,2007,Whole Year,Banana,25484.500767375575
Mizoram,2025,Kharif,Moong(Green Gram),3487.9467996674975
Karnataka,2000,Whole Year,Garlic,698.6048075306775
Andhra Pradesh,2006,Kharif,Ragi,1003.5698789002406
Andhra Pradesh,2017,Kharif,Ragi,1130.930930930931
Puducherry,2007,Summer,Moong(Green Gram),124.59917544663307
Jharkhand,2026,Rabi,Wheat,2192.809771839384
Bihar,2015,Rabi,Gram,986.1539238971145
Karnataka,2026,Whole Year,Garlic,3659.1239962581258
Assam,2016,Whole Year,Sugarcane,38465.63426058694
Uttar Pradesh,2007,Rabi,Masoor,724.8494287657595
Delhi,2011,Rabi,Gram,5538.461538461538
Odisha,2026,Rabi,Sunflower,1350.2737191745903
Haryana,2018,Whole Year,Sugarcane,78235.99632690541
Odisha,2018,Summer,Horse-gram,368.42105263157896
Nagaland,2017,Kharif,Sesamum,609.2896174863388
Madhya Pradesh,2017,Whole Year,Turmeric,17650.95105791836
Himachal Pradesh,2022,Rabi,Other  Rabi pulses,4560.615129225937
Uttarakhand,2000,Kharif,Other Cereals,283.59542530378843
Gujarat,2019,Kharif,Bajra,1738.0223398796736
Meghalaya,2008,Rabi,Other  Rabi pulses,1027.5395033860045
Karnataka,2009,Rabi,Linseed,293.59344894026975
West Bengal,2016,Rabi,Gram,1013.3703150558282
Jammu and Kashmir,2007,Kharif,other oilseeds,431.0344827586207
Telangana,2004,Kharif,Soyabean,1187.0948825627593
Jammu and Kashmir,2011,Rabi,Rapeseed &Mustard,850.4905673078541
Maharashtra,2014,Kharif,Moong(Green Gram),265.5456852791878
Tamil Nadu,2025,Kharif,Maize,10764.5360329018
Andhra Pradesh,2008,Kharif,Rice,2989.442669410319
Kerala,2025,Whole Year,Potato,12377.27237323779
Kerala,2015,Kharif,Cotton(lint),1798.165137614679
Himachal Pradesh,2018,Kharif,Small millets,810.0558659217877
Karnataka,2006,Kharif,Groundnut,342.8329169309635
Rajasthan,2000,Rabi,Barley,2157.28229304643
Meghalaya,2026,Rabi,Linseed,645.7809284244227
Haryana,2006,Whole Year,Sugarcane,68659.60459011262
Nagaland,2006,Kharif,Jowar,750.0
West Bengal,2006,Kharif,Cotton(lint),2597.8761061946902
Himachal Pradesh,2021,Kharif,Ragi,1029.129498766655
Jharkhand,2023,Rabi,Wheat,1982.120607040261
Uttarakhand,2026,Kharif,Horse-gram,980.6100501205494
Madhya Pradesh,2013,Rabi,Linseed,527.0025330706445
Puducherry,2016,Kharif,Cotton(lint),1820.945945945946
Bihar,2011,Rabi,Potato,23283.152113909917
Madhya Pradesh,2002,Rabi,Barley,1257.0052376766014
Chhattisgarh,2007,Whole Year,Coriander,279.83668341708545
Assam,2007,Rabi,Masoor,471.4050469535805
Andhra Pradesh,2016,Whole Year,Mango,7731.9436390750425
Andhra Pradesh,2016,Kharif,Urad,818.692278037579
Haryana,2023,Kharif,Guar seed,947.9161572874625
Telangana,2023,Rabi,Garlic,4181.139921722113
Nagaland,2023,Kharif,Castor seed,650.5988393628843
Kerala,2018,Whole Year,Wheat,1428.5714285714287
Gujarat,2021,Whole Year,Guar seed,912.3655602479191
Andhra Pradesh,2021,Kharif,Other Kharif pulses,742.693082669307
Bihar,2003,Whole Year,Dry chillies,679.8639034952057
West Bengal,2024,Kharif,Sunflower,1410.2473363182235
Arunachal Pradesh,2026,Kharif,Urad,1498.323155661346
West Bengal,2017,Rabi,Barley,1418.2242990654206
Himachal Pradesh,2022,Rabi,Coriander,187.97569555484492
Meghalaya,2009,Rabi,Rapeseed &Mustard,680.4469273743017
Himachal Pradesh,2021,Kharif,Bajra,659.4365636637576
Tripura,2000,Rabi,Wheat,2093.8967136150236
Jammu and Kashmir,2015,Kharif,Urad,337.618088895772
Andhra Pradesh,2006,Kharif,Small millets,505.0184107376173
Maharashtra,2013,Kharif,Groundnut,1212.0032773453502
Chhattisgarh,2002,Kharif,Rice,697.4826486548158
Uttar Pradesh,2011,Rabi,Tobacco,5222.165820642978
Mizoram,2011,Kharif,Arhar/Tur,982.7586206896551
Assam,2005,Rabi,Peas & beans (Pulses),632.6713286713286
Kerala,2012,Whole Year,Sesamum,376.9230769230769
Kerala,2015,Whole Year,Soyabean,1000.0
Chhattisgarh,2010,Whole Year,Onion,5236.958266452649
Manipur,2017,Kharif,Cowpea(Lobia),1144.0501043841336
Mizoram,2015,Kharif,Sesamum,748.8479262672811
Uttarakhand,2019,Rabi,Gram,757.617728531856
Manipur,2016,Kharif,Other Kharif pulses,1121.4892227302416
Punjab,2013,Rabi,Wheat,5017.084282460137
Andhra Pradesh,2014,Kharif,Sunflower,539.4450489662677
Bihar,2000,Whole Year,Tobacco,1162.9730430274753
Jharkhand,2015,Autumn,Rice,604.047550491547
Tamil Nadu,2001,Kharif,Rice,3196.1261783464847
Arunachal Pradesh,2018,Rabi,Other  Rabi pulses,642.7444794952681
Chhattisgarh,2004,Rabi,Linseed,228.99776594399404
Gujarat,2021,Kharif,Urad,1063.3656074309076
Karnataka,2018,Whole Year,Sannhamp,237.43016759776538
Meghalaya,2007,Kharif,Jute,8758.663987945756
Nagaland,2021,Kharif,Sweet potato,8504.17731441062
Uttarakhand,2014,Whole Year,Tobacco,2000.0
Haryana,2011,Kharif,Groundnut,959.6928982725528
Telangana,2026,Kharif,Urad,2276.2519973571048
Maharashtra,2021,Kharif,Ragi,1029.122428360097
Telangana,2025,Kharif,Cashewnut,10.001202627158424
Jammu and Kashmir,2012,Kharif,Ginger,1346.1538461538462
West Bengal,2017,Kharif,Soyabean,954.7738693467337
Chhattisgarh,2004,Kharif,Sunflower,354.02175851614055
Tripura,2021,Kharif,Sesamum,671.0508739939052
Haryana,2019,Rabi,Mustard,1488.2690445302085
Karnataka,2023,Whole Year,Garlic,3423.1642694928087
Karnataka,2011,Rabi,Linseed,244.6608777282328
Nagaland,2014,Kharif,Niger seed,1118.1959564541214
Haryana,2002,Rabi,Wheat,4052.683116172799
Uttar Pradesh,2007,Summer,Sunflower,1621.4515881540585
West Bengal,2025,Kharif,Urad,632.0412094120035
Punjab,2002,Kharif,Groundnut,716.9811320754717
Tamil Nadu,2000,Whole Year,Banana,31922.462412079756
Telangana,2023,Kharif,Sunflower,3499.1046577053994
Tamil Nadu,2007,Whole Year,Banana,47740.77292030534
Bihar,2014,Whole Year,Sugarcane,60938.4008681361
Bihar,2019,Kharif,Other Kharif pulses,795.7244655581948
Uttar Pradesh,2021,Kharif,Moong(Green Gram),593.2752289454245
Nagaland,2016,Kharif,Maize,1979.8931825322022
Uttarakhand,2023,Kharif,Sunflower,655.0045634317007
Himachal Pradesh,2007,Kharif,Masoor,579.9011532125206
Bihar,2017,Rabi,Masoor,1067.5294219828897
Uttar Pradesh,2019,Kharif,Soyabean,513.213105972681
Odisha,2001,Kharif,Small millets,474.97639282341834
Karnataka,2002,Kharif,Small millets,561.7521838067973
Madhya Pradesh,2025,Kharif,Mesta,10.000265964520333
Bihar,2006,Rabi,Tobacco,1605.2316806609367
Madhya Pradesh,2022,Kharif,Soyabean,1163.0397068349712
Nagaland,2011,Kharif,Groundnut,1013.3333333333334
Andhra Pradesh,2014,Kharif,Bajra,1289.1537063219553
Odisha,2017,Autumn,Maize,2511.904761904762
Kerala,2007,Kharif,Groundnut,739.9519065613191
Puducherry,2022,Summer,Other Summer Pulses,552.3415977961432
Haryana,2000,Kharif,Cotton(lint),1830.622000954293
Madhya Pradesh,2010,Whole Year,Turmeric,578.6593707250343
Haryana,2005,Kharif,Urad,361.4457831325301
Karnataka,2024,Whole Year,Sweet potato,18690.498375382263
Karnataka,2016,Whole Year,Tapioca,6064.046579330422
Karnataka,2013,Kharif,Jowar,1422.886283481079
Andhra Pradesh,2019,Kharif,Other Kharif pulses,495.6268221574344
Bihar,2002,Whole Year,Dry chillies,672.8070175438596
Karnataka,2000,Rabi,Safflower,770.5193166998055
Tamil Nadu,2014,Whole Year,Turmeric,4027.3857011353175
Karnataka,2009,Rabi,Wheat,931.0228030498153
Tripura,2011,Rabi,Rapeseed &Mustard,789.7700610042234
Karnataka,2008,Whole Year,Mango,6273.183313648311
Chhattisgarh,2023,Whole Year,Garlic,3331.5536207552877
Assam,2004,Whole Year,Turmeric,718.2183465845943
Karnataka,2001,Rabi,Rapeseed &Mustard,269.71541837746
Jammu and Kashmir,2015,Rabi,Garlic,830.034924330617
Assam,2012,Kharif,Niger seed,529.273699308906
Nagaland,2022,Kharif,Mesta,915.5116138695759
Haryana,2015,Kharif,Groundnut,1232.5581395348838
Puducherry,2010,Kharif,Black pepper,545.4545454545455
Goa,2023,Whole Year,other oilseeds,3964.3531386019195
Uttar Pradesh,2022,Kharif,Jowar,1093.4912524905474
Meghalaya,2013,Whole Year,Potato,9854.897284405659
Himachal Pradesh,2000,Kharif,Sesamum,378.1549173194082
Haryana,2008,Kharif,Moth,191.5097350781998
Uttar Pradesh,2022,Kharif,Moong,717.2231666712773
Mizoram,2024,Kharif,Urad,5543.507362784471
Uttarakhand,2017,Kharif,Urad,763.5827382800372
Maharashtra,2000,Rabi,Gram,518.7814256137237
Madhya Pradesh,2003,Rabi,Gram,927.0000922731472
Andhra Pradesh,2026,Kharif,Rice,3454.251654934566
Punjab,2007,Whole Year,Sugarcane,63850.399109587284
Arunachal Pradesh,2021,Kharif,Rice,1953.6697724499088
Bihar,2019,Rabi,Safflower,811.7647058823529
West Bengal,2004,Kharif,Other Kharif pulses,612.2931442080378
Himachal Pradesh,2014,Whole Year,Sugarcane,22925.625
Manipur,2008,Whole Year,Sugarcane,57864.077669902916
Maharashtra,2019,Whole Year,Sugarcane,84280.55573456938
Tamil Nadu,2016,Rabi,Rapeseed &Mustard,231.15577889447235
Sikkim,2019,Kharif,Other Kharif pulses,990.6122448979592
Nagaland,2022,Rabi,Gram,770.1714573877962
Puducherry,2015,Kharif,Arecanut,1509.090909090909
Punjab,2006,Kharif,Jowar,1000.0
Madhya Pradesh,2001,Kharif,Rice,954.5049967443309
Uttarakhand,2004,Kharif,Groundnut,1234.6059113300494
Bihar,2025,Rabi,Rapeseed &Mustard,1482.7789452839409
Arunachal Pradesh,2006,Whole Year,Oilseeds total,909.9813432835821
Uttar Pradesh,2013,Kharif,Urad,446.1109959529162
Arunachal Pradesh,2024,Whole Year,Dry chillies,3411.245865490628
Punjab,2017,Kharif,Urad,562.5
Jammu and Kashmir,2002,Kharif,Maize,1411.652224060219
Bihar,2006,Rabi,Rapeseed &Mustard,1028.34105887901
Rajasthan,2010,Rabi,Gram,897.9574102226031
Nagaland,2015,Kharif,Soyabean,1253.821399839099
Delhi,2006,Kharif,Arhar/Tur,1501.2987012987012
Tamil Nadu,2003,Kharif,Horse-gram,267.8728778711156
Puducherry,2009,Kharif,Bajra,1689.655172413793
Telangana,2022,Rabi,Wheat,1152.8514451585006
Mizoram,2000,Rabi,Masoor,800.0
Tamil Nadu,2013,Whole Year,Banana,41534.18124006359
Mizoram,2003,Rabi,Other  Rabi pulses,815.5844155844156
Maharashtra,2024,Kharif,Other Cereals,715.5904659932155
Madhya Pradesh,2021,Whole Year,Sugarcane,48343.32375915909
Mizoram,2024,Kharif,Moong(Green Gram),3578.934137757667
Meghalaya,2019,Rabi,Onion,8978.609625668449
West Bengal,2022,Rabi,Arhar/Tur,1823.1411934095083
Uttar Pradesh,2009,Kharif,Sugarcane,59241.641228245855
Kerala,2011,Kharif,Sesamum,386.6503866503866
Andhra Pradesh,2021,Whole Year,Mango,7381.68278132102
Meghalaya,2012,Rabi,Tobacco,925.1612903225806
Assam,2021,Whole Year,Sweet potato,6196.275815927446
Maharashtra,2003,Rabi,Rapeseed &Mustard,252.4271844660194
Nagaland,2011,Kharif,Tapioca,23514.619883040934
Uttar Pradesh,2005,Kharif,Soyabean,782.9698857736241
Assam,2024,Whole Year,Dry chillies,979.0142791971584
Karnataka,2008,Kharif,Ragi,1462.9372487292342
Telangana,2023,Kharif,Cowpea(Lobia),1041.4317821220934
West Bengal,2006,Rabi,Mustard,1355.8311440805858
West Bengal,2014,Rabi,Gram,1178.2862818504793
Andhra Pradesh,2015,Kharif,Rice,2942.029503518519
Telangana,2005,Kharif,Soyabean,1317.285494012282
Himachal Pradesh,2015,Rabi,Coriander,364.40677966101697
Uttar Pradesh,2016,Rabi,Turmeric,1319.371727748691
Tamil Nadu,2006,Whole Year,Cardamom,90.97050213915784
Tamil Nadu,2005,Kharif,Sesamum,472.557510980067
Nagaland,2023,Kharif,Tapioca,21032.291805862104
Kerala,2021,Whole Year,Turmeric,2952.3313017185
Tamil Nadu,2025,Kharif,Cotton(lint),2411.7800614573375
Himachal Pradesh,2006,Kharif,Other Kharif pulses,598.5201865851697
Odisha,2025,Whole Year,Turmeric,2293.0728796133785
Madhya Pradesh,2009,Whole Year,Ginger,1239.8358342952417
Manipur,2012,Whole Year,Dry chillies,7899.87177992773
Madhya Pradesh,2001,Whole Year,Banana,31128.024249104437
Telangana,2015,Kharif,Cowpea(Lobia),523.7655745269958
Haryana,2017,Whole Year,Potato,25853.332565239933
Bihar,2007,Rabi,Wheat,2335.4862351916636
Madhya Pradesh,2026,Kharif,Jute,2109.2702023511715
Chhattisgarh,2000,Whole Year,Coriander,261.2005856515373
Maharashtra,2020,Kharif,Groundnut,1930.9300956620439
Nagaland,2021,Kharif,Sugarcane,44938.53505486167
Tamil Nadu,2013,Kharif,Potato,18117.677419354837
Bihar,2008,Whole Year,Sugarcane,44323.76543761505
Karnataka,2018,Rabi,Wheat,1035.4737343278844
Odisha,2011,Autumn,Urad,203.0019519418456
West Bengal,2005,Rabi,Masoor,763.7292049501569
Puducherry,2009,Rabi,Coriander,500.0
Punjab,2004,Kharif,Groundnut,837.2093023255813
Maharashtra,2022,Kharif,Urad,498.10786974256365
Madhya Pradesh,2016,Kharif,Groundnut,1484.251968503937
Andhra Pradesh,2011,Kharif,Cowpea(Lobia),237.17676981771936
Maharashtra,2014,Rabi,Other  Rabi pulses,328.17037754114233
Madhya Pradesh,2023,Kharif,Ragi,255.82287167480726
Jammu and Kashmir,2022,Kharif,Horse-gram,464.2958454754107
Jammu and Kashmir,2009,Kharif,Sesamum,439.2301038062284
Karnataka,2003,Whole Year,Banana,12988.049367850692
Karnataka,2005,Kharif,Ragi,1754.9627595069594
Bihar,2000,Whole Year,Sweet potato,12119.584747454583
Maharashtra,2026,Rabi,Rapeseed &Mustard,437.1388645152904
West Bengal,2017,Whole Year,Tobacco,1263.6396138720056
Nagaland,2002,Whole Year,Sugarcane,40000.0
Punjab,2001,Rabi,Barley,3391.304347826087
Maharashtra,2006,Rabi,Wheat,1520.1494962625934
Tripura,2026,Kharif,Sesamum,603.028676684954
Karnataka,2026,Whole Year,Banana,38737.67622704948
Karnataka,2003,Kharif,Urad,251.79321711274636
Andhra Pradesh,2001,Rabi,Wheat,687.7401580511854
Telangana,2024,Kharif,Sesamum,530.7432952778416
Assam,2011,Rabi,Moong(Green Gram),551.3377345378735
West Bengal,2001,Whole Year,Turmeric,1721.9790526809443
Odisha,2024,Whole Year,Coriander,759.0852691302375
Punjab,2025,Kharif,Maize,4442.286529819247
Nagaland,2015,Kharif,Sunflower,823.5294117647059
Haryana,2010,Kharif,Cotton(lint),3541.972475204165
Delhi,2013,Whole Year,Sugarcane,75333.33333333333
Mizoram,2026,Kharif,Moong(Green Gram),4228.251977092991
Andhra Pradesh,2019,Kharif,Rice,3499.702245442783
Haryana,2025,Whole Year,Onion,33048.680528030956
Maharashtra,2000,Whole Year,Mango,6160.42236842804
Himachal Pradesh,2022,Kharif,Groundnut,1149.904671115348
West Bengal,2022,Kharif,Castor seed,291.6796509816142
Goa,2005,Whole Year,Sugarcane,50330.63063063063
Andhra Pradesh,2017,Kharif,Arecanut,6268.292682926829
Uttarakhand,2019,Kharif,Rice,2560.257226166856
Madhya Pradesh,2013,Kharif,Ragi,571.4285714285714
Mizoram,2010,Kharif,Maize,1496.9613576424722
Karnataka,2026,Kharif,Moong(Green Gram),255.37475472613232
Jharkhand,2008,Autumn,Ragi,913.3409453476853
Manipur,2026,Whole Year,Sweet potato,3243.7614343212585
Nagaland,2002,Kharif,Sesamum,900.0
Assam,2001,Autumn,Rice,983.9035057635899
Kerala,2001,Kharif,Ragi,808.9368258859785
Madhya Pradesh,2019,Kharif,Sesamum,400.1619021920287
Puducherry,2007,Rabi,Turmeric,1500.0
Chhattisgarh,2024,Whole Year,Sannhamp,681.1311243796637
Andhra Pradesh,2014,Kharif,Tobacco,7738.306390310647
Himachal Pradesh,2008,Kharif,Ginger,8053.458852494217
Andhra Pradesh,2019,Kharif,Potato,14675.496688741721
Madhya Pradesh,2009,Whole Year,Garlic,4300.484962333953
Bihar,2007,Kharif,Sannhamp,4433.787308026659
Andhra Pradesh,2016,Kharif,Tapioca,11781.241224375175
Arunachal Pradesh,2023,Whole Year,Dry chillies,3365.193023680429
Madhya Pradesh,2021,Whole Year,Sannhamp,1579.399523242964
Maharashtra,2023,Rabi,Other  Rabi pulses,467.255525404261
Haryana,2012,Rabi,Mustard,1461.7695906845036
Arunachal Pradesh,2017,Whole Year,Sugarcane,21400.0
Himachal Pradesh,2000,Kharif,Rice,1532.0722776285284
Telangana,2019,Kharif,Small millets,1708.874458874459
Uttar Pradesh,2022,Kharif,Small millets,804.669813975913
Nagaland,2004,Rabi,Linseed,772.6027397260274
West Bengal,2025,Rabi,Gram,1329.3336501477643
Madhya Pradesh,2026,Kharif,Cotton(lint),1795.8420832137783
Karnataka,2011,Kharif,Sesamum,503.3783783783784
Tamil Nadu,2024,Whole Year,Potato,21150.552364244275
West Bengal,2019,Rabi,Linseed,517.3859432799013
Uttarakhand,2014,Rabi,Masoor,705.7694153787079
Odisha,2019,Kharif,Mesta,4993.603411513859
Assam,2025,Kharif,Jute,11272.166016110126
Puducherry,2021,Rabi,Urad,881.3258360461674
Puducherry,2026,Kharif,Small millets,1927.6190476190477
West Bengal,2023,Rabi,Mustard,1757.298539239254
Gujarat,2003,Whole Year,Sugarcane,71901.24858115778
Haryana,2012,Kharif,Horse-gram,396.50145772594755
Jammu and Kashmir,2006,Kharif,Garlic,1161.2903225806451
Karnataka,2026,Rabi,Linseed,235.75486467216587
Arunachal Pradesh,2025,Kharif,Soyabean,312.4097871215042
Gujarat,2011,Rabi,Wheat,3015.0303568784243
Bihar,2017,Autumn,Maize,2400.430922496663
Himachal Pradesh,2007,Rabi,Gram,944.9035812672176
Meghalaya,2013,Rabi,Cowpea(Lobia),1427.8606965174129
Chhattisgarh,2025,Kharif,Horse-gram,342.28740976839833
Odisha,2025,Rabi,Niger seed,210.79742688641926
Chhattisgarh,2002,Rabi,Gram,644.0018680092033
Mizoram,2002,Whole Year,Potato,1967.479674796748
Odisha,2014,Autumn,Rice,1777.0154373927958
Meghalaya,2015,Rabi,Gram,1059.2105263157894
Chhattisgarh,2009,Rabi,Other  Rabi pulses,134.25679275439532
Tamil Nadu,2007,Whole Year,Turmeric,5347.690729956415
Bihar,2009,Rabi,Khesari,1036.0155784185622
Tripura,2019,Kharif,Maize,1422.266720064077
Jammu and Kashmir,2011,Kharif,Bajra,591.3558068265878
Andhra Pradesh,2007,Kharif,Groundnut,1357.3333333333333
Gujarat,2002,Rabi,Gram,502.60869565217394
Karnataka,2017,Rabi,Safflower,900.3293670810955
Karnataka,2002,Whole Year,Banana,17121.61856679979
Karnataka,2026,Kharif,Maize,3872.782074000254
Bihar,2008,Kharif,Other Kharif pulses,578.811369509044
Nagaland,2014,Rabi,Rapeseed &Mustard,1011.7302052785924
Tripura,2026,Rabi,Wheat,2223.3356083638396
Tamil Nadu,2011,Whole Year,Potato,19731.863898994223
Chhattisgarh,2018,Rabi,Peas & beans (Pulses),388.5782747603834
Gujarat,2001,Kharif,Ragi,1023.8095238095239
Assam,2024,Kharif,Mesta,6616.605082605134
Punjab,2011,Kharif,Maize,3984.126984126984
Himachal Pradesh,2007,Kharif,Sannhamp,187.5
Delhi,2014,Kharif,Maize,22371.428571428572
Jharkhand,2001,Kharif,Maize,2463.5198679660725
Nagaland,2015,Rabi,Linseed,808.2901554404145
Himachal Pradesh,2024,Kharif,Arhar/Tur,491.9572953736655
Puducherry,2024,Kharif,Other Cereals,1196.50697629037
Rajasthan,2003,Kharif,Sesamum,390.8866221972051
West Bengal,2016,Kharif,Sannhamp,4206.611570247934
Telangana,2002,Kharif,Turmeric,4759.647637087474
Nagaland,2016,Kharif,Small millets,1122.7272727272727
Karnataka,2010,Kharif,Arhar/Tur,586.1192899806512
Tamil Nadu,2008,Whole Year,Cardamom,91.3354727227845
Assam,2019,Kharif,Cotton(lint),528.5171102661596
Mizoram,2000,Kharif,Other Kharif pulses,1586.3354037267081
Tamil Nadu,2019,Kharif,Urad,841.5146606568537
Karnataka,2026,Kharif,Soyabean,1173.5289321636183
Rajasthan,2023,Kharif,Groundnut,2121.9604470664176
Haryana,2008,Rabi,Masoor,741.0456978180321
Delhi,2024,Kharif,Barley,4349.267926417219
Jammu and Kashmir,2014,Kharif,Bajra,594.7331771855415
Arunachal Pradesh,2014,Whole Year,Turmeric,4827.586206896552
Punjab,2005,Kharif,Groundnut,882.3529411764706
Meghalaya,2003,Whole Year,Tobacco,652.83540802213
Mizoram,2005,Kharif,Arhar/Tur,958.7628865979382
Uttarakhand,2017,Kharif,Horse-gram,829.2740414833438
Karnataka,2018,Whole Year,Banana,33075.247846940496
Madhya Pradesh,2019,Kharif,Small millets,926.0368374890364
Telangana,2016,Rabi,Sweet potato,8402.010050251256
Jammu and Kashmir,2005,Kharif,Other Cereals,198.4732824427481
Himachal Pradesh,2019,Kharif,Moong(Green Gram),769.2307692307693
Arunachal Pradesh,2019,Kharif,Small millets,1025.009331840239
Meghalaya,2021,Kharif,Tapioca,8173.181977647471
Madhya Pradesh,2010,Kharif,Bajra,1915.9991620864048
Uttar Pradesh,2013,Kharif,Bajra,2032.885229775491
Assam,2023,Whole Year,Dry chillies,860.3180024245177
Goa,2024,Whole Year,Black pepper,442.8935470612413
Jharkhand,2017,Rabi,Peas & beans (Pulses),1201.2172442941674
West Bengal,2021,Kharif,Urad,672.2237028430786
Tamil Nadu,2004,Whole Year,Banana,42476.96875996957
Assam,2025,Rabi,Rapeseed &Mustard,623.7602101729269
Bihar,2021,Rabi,Gram,1160.301504077264
Tamil Nadu,2020,Kharif,Ragi,2350.726627972401
Haryana,2012,Whole Year,Coriander,1044.2176870748299
Bihar,2020,Kharif,Maize,4007.3932703862565
Telangana,2022,Kharif,Moong(Green Gram),880.4877597664967
Jharkhand,2016,Autumn,Maize,2171.5848660094807
Madhya Pradesh,2022,Whole Year,Ginger,18285.734399770987
Maharashtra,2017,Rabi,Other  Rabi pulses,500.4571147702138
Uttarakhand,2005,Whole Year,Garlic,9149.41494149415
Haryana,2018,Whole Year,Coriander,2584.938704028021
Andhra Pradesh,2000,Whole Year,Banana,16710.362683737334
Gujarat,2026,Kharif,Urad,1052.3130630211656
Goa,2016,Whole Year,Arecanut,1713.2596685082874
Madhya Pradesh,2018,Rabi,Safflower,307.6923076923077
Bihar,2021,Rabi,Maize,4202.29060653144
Andhra Pradesh,2010,Whole Year,Potato,11139.929447337478
Goa,2002,Whole Year,Cashewnut,425.00873595350635
Uttar Pradesh,2003,Kharif,Sunflower,1669.7940883427432
Odisha,2000,Kharif,Ragi,554.3396720686821
Madhya Pradesh,2008,Kharif,Horse-gram,312.80621726643017
Meghalaya,2004,Kharif,Jute,5014.431450609604
Himachal Pradesh,2010,Kharif,Ginger,7663.519715405346
Nagaland,2014,Kharif,Peas & beans (Pulses),1356.2231759656652
Kerala,2009,Whole Year,Turmeric,2488.105004101723
Tamil Nadu,2023,Kharif,Maize,7695.130123243754
Mizoram,2021,Kharif,Moong(Green Gram),3367.263843648208
Meghalaya,2021,Kharif,Ginger,9609.401117383317
Odisha,2003,Whole Year,Sugarcane,58914.933058702365
Meghalaya,2018,Rabi,Small millets,945.210199862164
Meghalaya,2006,Kharif,Banana,11268.607910308316
Meghalaya,2022,Rabi,Wheat,1785.234899328859
Uttarakhand,2008,Kharif,Moth,349.8542274052478
Maharashtra,2006,Kharif,Urad,407.55102040816325
Uttar Pradesh,2009,Kharif,Sannhamp,184.2250413678985
Karnataka,2015,Rabi,Safflower,390.59684580090277
Karnataka,2026,Kharif,Onion,10972.563219410651
Telangana,2013,Kharif,Ragi,1434.3853820598006
Telangana,2013,Kharif,Urad,821.9694608912433
Jammu and Kashmir,2021,Rabi,Gram,312.21942676730305
Jharkhand,2024,Kharif,Bajra,507.41945019213716
Bihar,2017,Kharif,Sesamum,877.1483131763208
Tamil Nadu,2000,Whole Year,Cardamom,95.14925373134328
Tripura,2024,Kharif,Soyabean,618.2827447738277
Tamil Nadu,2024,Whole Year,Ginger,11594.154479279598
Jammu and Kashmir,2015,Kharif,Dry chillies,855.379188712522
Manipur,2026,Kharif,Cotton(lint),362.1186378074906
Himachal Pradesh,2007,Rabi,Wheat,1375.807437150838
Bihar,2018,Kharif,Ragi,1071.106486298994
Jharkhand,2025,Kharif,Groundnut,988.2282342796943
Andhra Pradesh,2023,Kharif,Maize,6227.420737883315
Madhya Pradesh,2009,Rabi,Mustard,1455.7376257252838
Punjab,2007,Kharif,Bajra,1000.0
Manipur,2015,Whole Year,Turmeric,11596.25468164794
Sikkim,2017,Kharif,Small millets,1031.591737545565
Telangana,2026,Kharif,Ginger,7398.039739423348
Karnataka,2001,Rabi,Safflower,790.9897966945202
Telangana,2020,Kharif,Maize,3864.4672109932
Uttar Pradesh,2023,Rabi,Tobacco,1939.8974381417356
Uttar Pradesh,2021,Kharif,Bajra,1569.9165263753355
Punjab,2019,Rabi,Peas & beans (Pulses),888.8888888888889
Haryana,2016,Kharif,Maize,3095.2380952380954
West Bengal,2010,Rabi,Mustard,1454.8389718569917
Tripura,2008,Rabi,Peas & beans (Pulses),824.7078464106845
Madhya Pradesh,2021,Whole Year,Dry chillies,4028.655581585294
Puducherry,2017,Kharif,Sesamum,1500.0
Punjab,2015,Kharif,Groundnut,1900.0
Jharkhand,2026,Kharif,Sunflower,1001.2402139369041
Kerala,2005,Whole Year,Banana,8010.14657980456
Andhra Pradesh,2017,Kharif,Bajra,1911.9607074503656
Assam,2006,Whole Year,Arecanut,796.5385505904145
West Bengal,2021,Rabi,Linseed,384.4244146789567
Uttar Pradesh,2003,Kharif,Moth,385.2242744063324
Gujarat,2025,Kharif,Urad,962.9446828151915
West Bengal,2021,Kharif,Jowar,251.104908118167
Karnataka,2017,Kharif,Arhar/Tur,948.7520242102896
Chhattisgarh,2004,Kharif,Castor seed,364.963503649635
Mizoram,2015,Kharif,Maize,1739.774330042313
Goa,2024,Kharif,Rice,2662.1339687787245
West Bengal,2023,Kharif,Jute,21499.504239666017
Uttarakhand,2013,Whole Year,Tobacco,3666.6666666666665
Chhattisgarh,2012,Kharif,Mesta,1860.0654664484452
Mizoram,2008,Rabi,Other  Rabi pulses,1348.905109489051
Rajasthan,2002,Rabi,Gram,821.3878562728044
Madhya Pradesh,2023,Rabi,Linseed,1005.0268637960106
Chhattisgarh,2024,Whole Year,Turmeric,1167.0286748594835
Gujarat,2019,Kharif,Arhar/Tur,990.5546831658031
Assam,2001,Whole Year,Tapioca,4721.074380165289
Haryana,2000,Kharif,Urad,196.46365422396858
Jharkhand,2013,Rabi,Arhar/Tur,1438.5240744003422
Telangana,2024,Kharif,Mesta,10.025741769407938
Meghalaya,2012,Kharif,Mesta,5833.37091319053
Mizoram,2013,Kharif,Maize,1422.9263082947668
Karnataka,2024,Kharif,Bajra,1020.1133106028758
Andhra Pradesh,2011,Whole Year,Sunflower,784.3653791220999
Nagaland,2026,Kharif,Bajra,759.0060346700991
Manipur,2000,Kharif,Rice,2433.2334756836
Andhra Pradesh,2026,Kharif,Horse-gram,440.06198181828574
Puducherry,2006,Kharif,Arecanut,1301.5873015873017
Telangana,2022,Kharif,Tobacco,3872.084626083235
Andhra Pradesh,2024,Whole Year,Garlic,7409.724140652749
West Bengal,2025,Rabi,Onion,21297.842357193113
Chhattisgarh,2014,Rabi,Gram,1060.999853373934
Tripura,2014,Kharif,Rice,2903.3516925600434
Andhra Pradesh,2019,Whole Year,Banana,60000.0
West Bengal,2021,Rabi,Khesari,999.1805895208223
Tamil Nadu,2017,Whole Year,Black pepper,218.23361823361824
Karnataka,2011,Kharif,Small millets,544.6621213428842
Jammu and Kashmir,2016,Rabi,Other  Rabi pulses,541.970802919708
Kerala,2001,Whole Year,Banana,7389.337736627941
Chhattisgarh,2013,Kharif,Soyabean,1037.9504880674015
Jammu and Kashmir,2018,Kharif,other oilseeds,1000.0
Rajasthan,2009,Kharif,Sesamum,487.17767717867974
Uttarakhand,2026,Whole Year,Onion,12385.317115551694
Himachal Pradesh,2005,Rabi,Gram,534.3796711509716
Uttarakhand,2024,Kharif,Sesamum,288.70136143616236
Bihar,2016,Rabi,Khesari,1058.9996545238187
Assam,2000,Kharif,Sesamum,539.8395721925134
Haryana,2023,Kharif,Rice,3106.3274569567075
Nagaland,2023,Rabi,Wheat,1518.070160150274
Kerala,2024,Kharif,Groundnut,1789.7778754015542
Chhattisgarh,2000,Kharif,Urad,281.44651393910317
Telangana,2013,Kharif,Cotton(lint),2490.2091859670836
Mizoram,2021,Kharif,Tapioca,9213.184841127415
Andhra Pradesh,2000,Kharif,Other Kharif pulses,251.88916876574308
Haryana,2000,Kharif,Sesamum,283.5270768358378
Punjab,2016,Rabi,Potato,23726.658381477853
Chhattisgarh,2009,Kharif,Sunflower,130.22330311739995
Delhi,2015,Kharif,Barley,2919.3548387096776
Madhya Pradesh,2013,Rabi,Gram,757.841102135548
Meghalaya,2016,Rabi,Castor seed,902.7777777777778
Gujarat,2002,Kharif,Castor seed,1168.8687035507844
Tripura,2003,Whole Year,Potato,15810.238305383937
West Bengal,2015,Kharif,Soyabean,726.6666666666666
Delhi,2016,Rabi,Wheat,4443.07410049944
Nagaland,2008,Rabi,Gram,800.0
Haryana,2000,Whole Year,Sannhamp,221.23893805309734
Haryana,2023,Kharif,Moth,546.2491997904906
Maharashtra,2013,Kharif,Ragi,1142.9718875502008
Assam,2007,Rabi,Linseed,509.1719077568134
Andhra Pradesh,2011,Kharif,Jowar,1487.4640481101653
Meghalaya,2008,Rabi,Rapeseed &Mustard,681.6729192719189
Bihar,2023,Rabi,Masoor,944.5427106942345
Gujarat,2001,Rabi,Wheat,2435.013826845352
Tamil Nadu,2018,Kharif,Onion,8771.387143547607
Chhattisgarh,2020,Kharif,Rice,3225.546584659739
Himachal Pradesh,2008,Kharif,Turmeric,528.8461538461538
Meghalaya,2008,Whole Year,Banana,11394.357559030972
Jammu and Kashmir,2024,Kharif,Turmeric,995.8549222797927
Madhya Pradesh,2022,Kharif,Horse-gram,432.81170259203446
Assam,2019,Rabi,Other  Rabi pulses,830.8010129281621
Tripura,2024,Kharif,Cotton(lint),1527.4933915159652
West Bengal,2000,Whole Year,Mango,5888.912055150345
Meghalaya,2026,Kharif,Banana,7967.54698809685
Madhya Pradesh,2018,Whole Year,Potato,22709.95255135124
Madhya Pradesh,2018,Whole Year,Dry chillies,2476.703666586103
Bihar,2002,Whole Year,Banana,19664.759923730282
Puducherry,2000,Kharif,Jowar,1000.0
Uttarakhand,2018,Rabi,Other  Rabi pulses,600.0
Himachal Pradesh,2014,Kharif,Dry chillies,324.0343347639485
Meghalaya,2004,Whole Year,Arecanut,1261.3727410308911
Assam,2000,Whole Year,Arecanut,932.0562011005367
Haryana,2000,Kharif,Moong(Green Gram),225.09848058525606
Karnataka,2023,Whole Year,Sweet potato,17940.55157116451
Kerala,2003,Whole Year,Rubber,1388.8076593039386
Chhattisgarh,2011,Kharif,Sunflower,374.03267411865863
Gujarat,2020,Kharif,Castor seed,1452.207350897624
Meghalaya,2022,Rabi,Onion,8317.081383808309
Arunachal Pradesh,2009,Rabi,Wheat,1504.7318611987382
Jharkhand,2021,Whole Year,Sugarcane,79971.84121966142
Nagaland,2018,Kharif,Jowar,964.2857142857143
Andhra Pradesh,2025,Kharif,Small millets,1027.6269490661075
Andhra Pradesh,2013,Kharif,Soyabean,1610.5785123966941
Haryana,2003,Kharif,Maize,2474.3512371756187
Gujarat,2013,Kharif,Soyabean,796.3939019915268
Andhra Pradesh,2009,Whole Year,Potato,11341.07142857143
Gujarat,2004,Whole Year,Tobacco,1597.4754558204768
Karnataka,2000,Whole Year,Sannhamp,248.59550561797752
Maharashtra,2023,Kharif,Moong(Green Gram),348.02663393431163
Sikkim,2024,Rabi,Rapeseed &Mustard,914.5817662896388
Uttar Pradesh,2017,Summer,Sunflower,1441.9493549928332
Himachal Pradesh,2009,Kharif,Ragi,952.8985507246376
Telangana,2018,Kharif,Maize,3105.4317895023246
Madhya Pradesh,2013,Kharif,Barley,1758.0033269905098
Punjab,2018,Rabi,Rapeseed &Mustard,1524.5901639344263
Maharashtra,2013,Kharif,Urad,617.3444976076555
Odisha,2002,Rabi,Linseed,327.2837265577737
Maharashtra,2003,Whole Year,Grapes,19657.36870371368
Arunachal Pradesh,2008,Whole Year,Oilseeds total,975.8061978920874
Telangana,2008,Kharif,Cotton(lint),422.25095247353596
Manipur,2022,Rabi,Rapeseed &Mustard,1106.3743106071297
Tamil Nadu,2012,Whole Year,Banana,31581.05098024554
Himachal Pradesh,2015,Kharif,Other Kharif pulses,877.9212792127921
Tripura,2012,Kharif,Sesamum,569.7841726618705
Arunachal Pradesh,2015,Whole Year,Potato,7500.0
Tripura,2026,Kharif,Other Kharif pulses,1034.7733394794082
Mizoram,2019,Kharif,other oilseeds,172.62217551234892
Goa,2017,Whole Year,other oilseeds,2009.512485136742
Nagaland,2013,Kharif,Sunflower,769.2307692307693
Meghalaya,2014,Kharif,Mesta,5868.327402135232
Assam,2009,Whole Year,Banana,13822.743441529568
Telangana,2026,Kharif,Cowpea(Lobia),1226.8223372491152
Uttarakhand,2016,Kharif,Ragi,1479.828891082593
Gujarat,2025,Kharif,Moong(Green Gram),856.5751328609974
Chhattisgarh,2011,Whole Year,Turmeric,944.603629417383
Andhra Pradesh,2010,Whole Year,Banana,32617.755961682178
Andhra Pradesh,2009,Whole Year,Garlic,2952.830188679245
Odisha,2026,Rabi,Mustard,1725.382100335187
Puducherry,2005,Whole Year,Banana,32854.43037974684
Uttar Pradesh,2002,Rabi,Ragi,1464.406779661017
Mizoram,2021,Rabi,Other  Rabi pulses,1271.0271718222361
Gujarat,2010,Whole Year,Banana,70225.53191489361
Rajasthan,2017,Rabi,Coriander,747.0241238743171
Karnataka,2005,Whole Year,Sugarcane,88717.92903522952
Assam,2022,Whole Year,Ginger,10043.665535469743
Karnataka,2013,Kharif,Onion,6615.304773648679
Madhya Pradesh,2008,Whole Year,Sesamum,415.99809683188136
Tripura,2007,Rabi,Gram,712.8712871287129
Assam,2003,Kharif,Castor seed,414.6014735432016
Haryana,2014,Whole Year,Ginger,14596.491228070176
Tamil Nadu,2006,Whole Year,Gram,645.7104331704028
Haryana,2003,Kharif,Jowar,257.56600128783003
Arunachal Pradesh,2003,Whole Year,Potato,7351.815017404277
Haryana,2018,Kharif,Maize,2644.0677966101694
Kerala,2014,Whole Year,Potato,18557.5117370892
Tamil Nadu,2003,Rabi,Rapeseed &Mustard,247.3404255319149
Meghalaya,2019,Rabi,Small millets,941.23746975458
Telangana,2024,Kharif,Banana,84739.99987614028
Gujarat,2005,Kharif,Castor seed,1946.72131147541
Gujarat,2013,Whole Year,Sugarcane,66528.54129951175
Himachal Pradesh,2007,Kharif,Ginger,11235.371755389353
West Bengal,2003,Rabi,Gram,1025.509765120881
Haryana,2015,Whole Year,Garlic,10193.053108482256
Kerala,2009,Whole Year,Garlic,17000.0
West Bengal,2021,Kharif,Ginger,2240.570828408315
Meghalaya,2006,Rabi,Linseed,475.609756097561
Meghalaya,2004,Kharif,Sesamum,528.2555282555282
Andhra Pradesh,2001,Kharif,Moong(Green Gram),334.90868571867696
Puducherry,2008,Kharif,Dry chillies,1000.0
Gujarat,2018,Kharif,Soyabean,2388.460092443108
Nagaland,2003,Whole Year,Sugarcane,46032.142857142855
Meghalaya,2008,Whole Year,Tapioca,5200.14330069262
West Bengal,2003,Kharif,Ginger,2038.8675027939898
Bihar,2014,Rabi,Gram,958.1347288423719
Nagaland,2014,Kharif,Sweet potato,8515.92356687898
Maharashtra,2015,Rabi,other oilseeds,258.2477605418396
Madhya Pradesh,2019,Kharif,Urad,262.63087860959286
Madhya Pradesh,2005,Rabi,Linseed,400.99803417510964
Odisha,2026,Kharif,Bajra,643.0861723446894
Chhattisgarh,2021,Kharif,Mesta,1969.1969020149756
Odisha,2014,Winter,Potato,12324.570751924215
Chhattisgarh,2024,Kharif,Horse-gram,327.9054947794944
Tamil Nadu,2013,Kharif,Onion,11628.514938488577
Meghalaya,2000,Rabi,Wheat,1635.1126927639384
Rajasthan,2003,Rabi,Gram,850.7853837251597
Kerala,2021,Whole Year,Tobacco,141.8646346929628
Bihar,2011,Kharif,Jowar,1064.9801587301588
Kerala,2023,Whole Year,Rubber,1620.702043999526
Goa,2010,Kharif,Groundnut,3015.1843817787417
Manipur,2018,Rabi,Masoor,923.4828496042217
Assam,2009,Whole Year,Black pepper,1482.3053589484327
Gujarat,2008,Whole Year,Dry chillies,905.4054054054054
Madhya Pradesh,2026,Whole Year,Ginger,22132.405917759785
Kerala,2018,Whole Year,Black pepper,444.37377275230085
Uttarakhand,2004,Rabi,Barley,1386.021505376344
Jammu and Kashmir,2007,Kharif,Tobacco,333.3333333333333
Manipur,2018,Kharif,Moong(Green Gram),1057.017543859649
West Bengal,2000,Kharif,Maize,2502.736269033374
Karnataka,2008,Kharif,Potato,1896.3501063075832
Jammu and Kashmir,2004,Kharif,Rice,1970.5811777127226
Tamil Nadu,2017,Kharif,Castor seed,324.4170096021948
Jammu and Kashmir,2006,Kharif,Ginger,1750.0
West Bengal,2007,Rabi,Gram,983.3943931188277
West Bengal,2015,Autumn,Jowar,360.0
Mizoram,2024,Kharif,Maize,1646.3205507368841
Odisha,2000,Kharif,Castor seed,520.0823892893924
Kerala,2004,Whole Year,Cardamom,208.22659384213833
Uttar Pradesh,2021,Kharif,Sesamum,211.15192358769468
Maharashtra,2007,Kharif,Ragi,962.5876851130164
Andhra Pradesh,2001,Kharif,Cotton(lint),1693.9970320945397
Rajasthan,2014,Rabi,Wheat,4325.157472280429
Assam,2026,Whole Year,Sweet potato,7091.114596321414
Odisha,2018,Winter,Rapeseed &Mustard,275.2948994849643
Madhya Pradesh,2019,Kharif,Soyabean,622.558218830864
Arunachal Pradesh,2025,Whole Year,Sugarcane,24099.84438022041
Chhattisgarh,2003,Rabi,Peas & beans (Pulses),375.3972381117467
Assam,2001,Whole Year,Sugarcane,37230.287859824784
Chhattisgarh,2019,Kharif,Niger seed,189.7956935954623
Andhra Pradesh,2017,Kharif,Mesta,9443.298969072164
Himachal Pradesh,2025,Kharif,Sannhamp,10.070493454179255
Mizoram,2019,Rabi,Onion,1857.9234972677596
Arunachal Pradesh,2007,Whole Year,Sugarcane,17643.14679643147
Uttar Pradesh,2007,Kharif,Small millets,602.7733088178962
Karnataka,2026,Kharif,Small millets,692.2912301960087
Andhra Pradesh,2000,Kharif,Maize,2571.54901705749
Nagaland,2021,Kharif,Jute,1761.512840857641
Maharashtra,2012,Kharif,Groundnut,992.0168067226891
Kerala,2009,Whole Year,Ginger,5289.016272189349
Manipur,2012,Rabi,Peas & beans (Pulses),941.9990206213613
Tamil Nadu,2013,Kharif,Rice,4123.005916336854
Kerala,2021,Kharif,Ragi,1475.082117755095
Haryana,2008,Kharif,Jowar,508.11247762572896
Goa,2017,Kharif,Groundnut,2325.0
Manipur,2015,Rabi,Wheat,2497.777777777778
West Bengal,2008,Kharif,Cotton(lint),2166.546762589928
Arunachal Pradesh,2018,Kharif,Other Kharif pulses,929.8878205128206
Punjab,2021,Kharif,Moong(Green Gram),935.9987482763008
Tamil Nadu,2005,Kharif,Other Kharif pulses,309.51173205408776
Uttar Pradesh,2002,Rabi,Peas & beans (Pulses),1230.7232498836888
Andhra Pradesh,2000,Kharif,Horse-gram,494.64699074074076
Himachal Pradesh,2014,Kharif,Other Kharif pulses,848.5436893203884
Chhattisgarh,2023,Whole Year,Ginger,1400.315951896936
Himachal Pradesh,2014,Kharif,Small millets,724.6482290150412
Nagaland,2023,Kharif,Arhar/Tur,848.3259077199124
Assam,2014,Kharif,Castor seed,590.8607863974495
Assam,2007,Autumn,Rice,982.7090069610155
Himachal Pradesh,2022,Kharif,Potato,6735.949337556269
Uttarakhand,2016,Kharif,Potato,8436.88288014583
Madhya Pradesh,2022,Whole Year,Sweet potato,17617.106848998854
Manipur,2002,Whole Year,Tapioca,5551.569506726458
Karnataka,2019,Rabi,Safflower,923.4008949723611
Odisha,2022,Autumn,Jute,435.14041959272976
Uttarakhand,2003,Kharif,Other Cereals,1123.0104095629013
Andhra Pradesh,2002,Kharif,Maize,2204.828131383579
Puducherry,2011,Kharif,Turmeric,1500.0
Meghalaya,2005,Whole Year,Turmeric,5783.1590533847
Andhra Pradesh,2018,Kharif,Groundnut,484.48712705871736
Assam,2010,Whole Year,Turmeric,709.9512129920471
Assam,2011,Kharif,Castor seed,525.390625
Tamil Nadu,2021,Whole Year,Black pepper,181.65845064617253
Manipur,2004,Whole Year,Dry chillies,599.8322147651006
Odisha,2019,Kharif,Bajra,620.3208556149733
Maharashtra,2005,Whole Year,Mango,5499.291773814657
Uttar Pradesh,2025,Kharif,Rice,2775.924298479348
West Bengal,2005,Whole Year,Sesamum,915.5206286836935
Nagaland,2010,Kharif,Rice,2100.4665111629456
Gujarat,2024,Kharif,Moong(Green Gram),818.1461257381202
Uttarakhand,2003,Rabi,Other  Rabi pulses,511.6279069767442
Nagaland,2019,Kharif,Bajra,1014.0845070422536
Andhra Pradesh,2006,Rabi,Rapeseed &Mustard,516.0571746797847
Rajasthan,2020,Rabi,Coriander,888.7110597451319
Puducherry,2017,Kharif,Urad,900.0
Manipur,2013,Kharif,Other Kharif pulses,1101.3333333333333
Nagaland,2007,Kharif,Moong(Green Gram),1155.5555555555557
Madhya Pradesh,2003,Whole Year,Turmeric,1041.2213740458014
Chhattisgarh,2015,Whole Year,Jowar,804.9501292944219
Tamil Nadu,2026,Rabi,Gram,974.7857600480424
Chhattisgarh,2000,Rabi,Safflower,214.9631190727081
Bihar,2023,Whole Year,Onion,15106.036483858117
Odisha,2008,Autumn,Rice,1039.6039603960396
West Bengal,2013,Autumn,Maize,2686.483146838745
Bihar,2024,Kharif,Small millets,823.6430076450806
Telangana,2014,Kharif,Jowar,1102.778299230336
Arunachal Pradesh,2025,Rabi,Wheat,2586.9985251212424
Andhra Pradesh,2000,Whole Year,Sweet potato,13140.866873065015
Sikkim,2000,Kharif,other oilseeds,425.0
Kerala,2025,Kharif,Ragi,1678.1545686856828
Gujarat,2001,Whole Year,Sugarcane,70864.6188850967
Karnataka,2024,Kharif,Cotton(lint),2194.4036216424265
Karnataka,2015,Kharif,Cotton(lint),1835.9392605031355
Assam,2000,Rabi,Gram,499.4363021420519
Mizoram,2009,Kharif,Maize,1340.072202166065
Haryana,2026,Kharif,Arhar/Tur,1091.148812230966
Jammu and Kashmir,2016,Kharif,Onion,500.0
Madhya Pradesh,2018,Kharif,Moong(Green Gram),401.73146544939397
Tamil Nadu,2025,Kharif,Groundnut,3240.3949430441694
Assam,2007,Kharif,Arhar/Tur,717.8007805871373
Tamil Nadu,2008,Whole Year,Sesamum,506.209473568524
Jammu and Kashmir,2022,Kharif,Sannhamp,979.878652798415
Odisha,2021,Autumn,Maize,2565.21800964156
Tamil Nadu,2014,Kharif,Sesamum,628.070834703368
Andhra Pradesh,2019,Kharif,Mesta,10656.359393232206
Odisha,2026,Autumn,Urad,411.75645963069394
Maharashtra,2026,Kharif,Other Kharif pulses,418.90128755364805
Assam,2015,Kharif,Castor seed,461.9750283768445
Tamil Nadu,2013,Kharif,Maize,6536.1363972516165
Assam,2026,Kharif,Arhar/Tur,914.3953813322021
Madhya Pradesh,2004,Rabi,Rapeseed &Mustard,994.0002340987133
Jammu and Kashmir,2015,Rabi,Other  Rabi pulses,934.959349593496
Mizoram,2019,Autumn,Rice,1237.3851971907077
Karnataka,2010,Whole Year,Sannhamp,249.266862170088
Punjab,2003,Rabi,Rapeseed &Mustard,1192.3076923076924
Nagaland,2012,Rabi,Wheat,1801.223241590214
Manipur,2013,Kharif,Soyabean,851.4851485148515
Madhya Pradesh,2010,Whole Year,Sweet potato,4153.810191678354
Manipur,2017,Kharif,Groundnut,940.7185628742515
Kerala,2022,Whole Year,Potato,11887.680701975885
Kerala,2013,Whole Year,Tapioca,36589.82970601725
Arunachal Pradesh,2017,Whole Year,Potato,7250.041152263375
Jammu and Kashmir,2022,Kharif,other oilseeds,772.1538580605215
Goa,2024,Whole Year,Sweet potato,1322.0
Goa,2003,Kharif,Other Kharif pulses,590.3614457831326
Mizoram,2002,Whole Year,Tapioca,5732.758620689655
Tamil Nadu,2026,Whole Year,Banana,42398.0244997122
Gujarat,2001,Kharif,Castor seed,1526.4194289465047
Kerala,2025,Whole Year,Sugarcane,52362.76946512864
Telangana,2026,Kharif,Coriander,1670.5590164384314
Mizoram,2008,Kharif,other oilseeds,795.049144521296
Tamil Nadu,2021,Whole Year,Garlic,3991.75837494546
Odisha,2019,Rabi,Other  Rabi pulses,487.0413138311522
Karnataka,2026,Whole Year,Ginger,30887.089987016116
Meghalaya,2012,Kharif,Jute,10000.0
Meghalaya,2006,Rabi,Turmeric,7557.008368200837
Tamil Nadu,2003,Kharif,Other Kharif pulses,205.65827283726557
Tamil Nadu,2000,Whole Year,Coriander,215.5451225873761
Karnataka,2010,Kharif,Other Kharif pulses,823.330869672333
Karnataka,2008,Rabi,Safflower,817.0791539467946
West Bengal,2003,Kharif,Cotton(lint),1939.8180545836249
Andhra Pradesh,2005,Rabi,Rapeseed &Mustard,453.7102473498233
Kerala,2018,Whole Year,Arhar/Tur,1646.6165413533834
Puducherry,2010,Summer,Cotton(lint),1000.0
Jharkhand,2017,Rabi,Safflower,554.6134663341646
Uttarakhand,2019,Rabi,Peas & beans (Pulses),872.9459596815178
Jammu and Kashmir,2014,Kharif,Dry chillies,556.9823434991974
Uttarakhand,2023,Kharif,Arhar/Tur,922.7753725785462
Tripura,2025,Kharif,Urad,710.5818630769843
Maharashtra,2000,Rabi,Onion,15582.54095677152
Uttarakhand,2020,Kharif,Arhar/Tur,1199.8797715659753
Nagaland,2000,Kharif,Small millets,850.0
Bihar,2017,Kharif,Moong(Green Gram),743.0415490116983
Andhra Pradesh,2005,Whole Year,Sunflower,669.7729278086904
Mizoram,2010,Rabi,Rapeseed &Mustard,801.5873015873016
Meghalaya,2004,Kharif,Sweet potato,3251.306795335746
Punjab,2006,Kharif,Cotton(lint),4433.774834437086
West Bengal,2024,Rabi,Moth,1022.5127087872186
Chhattisgarh,2010,Rabi,Linseed,259.82073991329554
Chhattisgarh,2018,Whole Year,Sunflower,31.877213695395515
Jharkhand,2026,Autumn,Maize,2290.1793294815807
Karnataka,2002,Whole Year,Tapioca,7857.142857142857
Manipur,2007,Kharif,Ginger,1650.1650165016501
West Bengal,2024,Kharif,Jute,16836.910030730152
Madhya Pradesh,2019,Kharif,Jowar,1529.297798377752
Himachal Pradesh,2018,Rabi,Coriander,218.75
Maharashtra,2025,Kharif,Sunflower,524.5121645283245
Arunachal Pradesh,2014,Whole Year,Sugarcane,19497.206703910615
Meghalaya,2011,Autumn,Rice,1331.1148596840976
Uttar Pradesh,2019,Rabi,Gram,1371.2047501836412
Karnataka,2024,Kharif,Jowar,1432.5873607701806
Rajasthan,2018,Rabi,Mustard,1570.0160978487138
Goa,2002,Whole Year,Black pepper,176.67238421955403
Uttar Pradesh,2017,Kharif,Urad,501.0327655480731
Kerala,2022,Whole Year,Sugarcane,46897.12798227309
Punjab,2006,Rabi,Peas & beans (Pulses),1161.2903225806451
Gujarat,2011,Kharif,Other Kharif pulses,467.8362573099415
Jammu and Kashmir,2005,Kharif,Bajra,597.939729397294
Andhra Pradesh,2001,Whole Year,Sweet potato,13269.922879177378
Karnataka,2020,Kharif,Groundnut,2068.274220219692
Meghalaya,2025,Whole Year,Cashewnut,1781.4142950848586
Meghalaya,2010,Kharif,Arhar/Tur,784.3388960205392
Punjab,2023,Rabi,Sunflower,1567.4896775983025
Uttar Pradesh,2023,Kharif,Sweet potato,11261.081274242455
Meghalaya,2013,Whole Year,Dry chillies,848.1532147742818
Gujarat,2000,Kharif,Castor seed,1392.9350196249454
Maharashtra,2026,Whole Year,Grapes,29816.346727789576
Andhra Pradesh,2017,Rabi,Coriander,633.5139318885449
Uttar Pradesh,2026,Rabi,Mustard,1671.568346401229
Andhra Pradesh,2018,Kharif,Ragi,1228.1498770474723
Andhra Pradesh,2002,Rabi,Rapeseed &Mustard,220.24339566636985
Telangana,2023,Rabi,Potato,30.648125370801797
Meghalaya,2010,Whole Year,Arecanut,1403.1209362808843
Tamil Nadu,2008,Whole Year,Groundnut,1989.9559859873755
Haryana,2010,Rabi,Rapeseed &Mustard,1869.6942765381816
Assam,2022,Rabi,Moong(Green Gram),784.1603878809951
Uttar Pradesh,2002,Rabi,Wheat,2591.4888643135373
Assam,2008,Whole Year,Onion,2415.050983771363
Andhra Pradesh,2026,Rabi,Linseed,364.4721953993709
Nagaland,2010,Kharif,Sunflower,800.0
Jharkhand,2022,Rabi,Rapeseed &Mustard,784.6708653631802
Madhya Pradesh,2012,Kharif,Soyabean,1362.0000071282327
Andhra Pradesh,2024,Whole Year,Potato,14687.934010445093
Sikkim,2006,Kharif,Soyabean,1000.0
Gujarat,2007,Whole Year,Onion,31486.238532110092
Uttarakhand,2021,Rabi,Gram,825.3254034719166
Punjab,2000,Rabi,Linseed,1000.0
Chhattisgarh,2007,Rabi,Barley,1159.6271482668221
Uttarakhand,2020,Kharif,Soyabean,1214.4631520839084
Gujarat,2026,Whole Year,Dry chillies,1471.2957609225273
Karnataka,2015,Whole Year,Coriander,428.79394748553625
Tripura,2014,Kharif,Other Kharif pulses,609.2307692307693
Gujarat,2016,Rabi,Wheat,2759.4934808929625
Puducherry,2008,Rabi,Turmeric,1666.6666666666667
Jammu and Kashmir,2022,Kharif,Sugarcane,978.7804460669671
Uttar Pradesh,2013,Kharif,Sugarcane,63752.54120139313
Gujarat,2018,Kharif,Jowar,1336.204913213528
Delhi,2019,Kharif,Barley,3000.0
Meghalaya,2017,Kharif,Ginger,6656.777956556718
Tamil Nadu,2007,Whole Year,Horse-gram,440.4516182298547
Tamil Nadu,2018,Kharif,Groundnut,2168.578886045293
Bihar,2018,Whole Year,Sugarcane,89180.93958779432
Gujarat,2005,Kharif,Arhar/Tur,1046.6439135381115
Bihar,2005,Rabi,Barley,1035.1228048246985
Uttar Pradesh,2003,Kharif,Moong(Green Gram),233.57084054844296
Uttarakhand,2019,Rabi,Other  Rabi pulses,823.5294117647059
Madhya Pradesh,2008,Whole Year,Banana,50622.021154581365
Punjab,2022,Rabi,Sunflower,1946.8641932944663
Madhya Pradesh,2015,Whole Year,Banana,67862.36943035403
Arunachal Pradesh,2023,Whole Year,Oilseeds total,1284.1795157814363
Assam,2013,Rabi,Linseed,643.8356164383562
Manipur,2024,Kharif,Other Kharif pulses,1692.4621903383465
Assam,2026,Whole Year,Turmeric,1445.6735043866338
Gujarat,2021,Rabi,Rapeseed &Mustard,2024.262535906225
Odisha,2026,Whole Year,Turmeric,2177.967167034297
Maharashtra,2026,Kharif,Sunflower,550.857399891509
Kerala,2020,Whole Year,Tapioca,35768.358720367025
Andhra Pradesh,2022,Kharif,Cowpea(Lobia),485.3916722144318
West Bengal,2006,Rabi,Linseed,240.38842647641695
Nagaland,2010,Kharif,Tapioca,23509.090909090908
Andhra Pradesh,2000,Rabi,Wheat,569.4551574223407
Madhya Pradesh,2012,Whole Year,Sweet potato,5640.843554981709
Karnataka,2009,Kharif,Small millets,490.5554306273892
Karnataka,2006,Kharif,Urad,136.869820763935
Delhi,2002,Kharif,Bajra,1806.701030927835
Tripura,2024,Whole Year,Sugarcane,58664.64584043642
Karnataka,2012,Rabi,Linseed,175.23975588491717
Karnataka,2013,Kharif,Dry chillies,1109.0354203273837
Madhya Pradesh,2024,Kharif,Cotton(lint),1828.2073685652567
Uttar Pradesh,2013,Kharif,Rice,2445.8298196599803
Assam,2018,Whole Year,Dry chillies,956.5173577870711
Jammu and Kashmir,2013,Rabi,Rapeseed &Mustard,767.861611089796
Karnataka,2006,Whole Year,Black pepper,2114.600029141775
Andhra Pradesh,2006,Kharif,Maize,2398.673533578865
Nagaland,2025,Rabi,Potato,9974.744061336643
Assam,2013,Kharif,Castor seed,509.6921322690992
West Bengal,2007,Kharif,Moong(Green Gram),535.4477611940298
Telangana,2022,Kharif,Dry chillies,7094.627189538061
Uttar Pradesh,2009,Rabi,Onion,17174.09948542024
Karnataka,2010,Rabi,Linseed,335.35833773551684
Chhattisgarh,2013,Whole Year,Dry chillies,722.1528861154446
Karnataka,2001,Whole Year,Coriander,163.1732555054391
Odisha,2023,Rabi,Niger seed,233.3651926241687
Madhya Pradesh,2003,Kharif,Mesta,2255.31914893617
Uttarakhand,2021,Kharif,Sesamum,267.67847397281633
Rajasthan,2025,Kharif,Groundnut,2057.7069536016816
Puducherry,2010,Kharif,Dry chillies,1000.0
West Bengal,2021,Whole Year,Tobacco,1494.9013473649927
Kerala,2006,Whole Year,Black pepper,296.5451365656249
Karnataka,2015,Rabi,Wheat,741.9243511871894
Madhya Pradesh,2006,Rabi,Masoor,484.75504483264336
Tamil Nadu,2006,Whole Year,Urad,569.9004836383629
Karnataka,2015,Whole Year,Tapioca,7486.296006264683
Karnataka,2003,Whole Year,Tapioca,7898.865784499055
Jammu and Kashmir,2023,Rabi,Barley,551.6893205424235
Puducherry,2021,Kharif,Ginger,875.5665430572724
Odisha,2024,Whole Year,Turmeric,2284.5491216613173
Assam,2016,Rabi,Arecanut,743.8173652694611
Sikkim,2026,Kharif,Soyabean,997.8091586693021
Madhya Pradesh,2014,Rabi,Mustard,1462.2407605620708
Madhya Pradesh,2012,Kharif,Bajra,2011.9976999228127
Tamil Nadu,2021,Whole Year,Tapioca,33297.711981452456
Sikkim,2024,Rabi,Wheat,890.0974437023707
Jammu and Kashmir,2024,Kharif,Cowpea(Lobia),278.43673565999524
Maharashtra,2000,Kharif,Rice,1264.2626480086114
Delhi,2021,Whole Year,Sugarcane,93880.68181818182
Andhra Pradesh,2019,Kharif,Tobacco,10292.543282927898
Punjab,2018,Kharif,Arhar/Tur,1043.4782608695652
Tripura,2011,Rabi,Wheat,1956.2043795620439
Andhra Pradesh,2008,Whole Year,Tapioca,12409.901580674023
West Bengal,2016,Whole Year,Tobacco,1699.7448979591836
Madhya Pradesh,2012,Kharif,Horse-gram,421.160760143811
Himachal Pradesh,2012,Kharif,Arhar/Tur,333.3333333333333
Himachal Pradesh,2025,Kharif,Soyabean,1659.513935770084
Maharashtra,2009,Rabi,Wheat,1609.9546674067906
Punjab,2002,Rabi,Barley,3269.230769230769
Andhra Pradesh,2013,Kharif,Rice,2554.4893011365803
Tamil Nadu,2026,Kharif,Small millets,1349.416488608373
Uttar Pradesh,2018,Kharif,Sugarcane,80806.61658733567
Manipur,2010,Kharif,Urad,1140.0
Uttar Pradesh,2012,Kharif,Moong(Green Gram),506.85517345475586
Karnataka,2024,Kharif,Peas & beans (Pulses),11010.626560798008
Himachal Pradesh,2011,Kharif,Groundnut,929.8245614035088
Madhya Pradesh,2018,Kharif,Maize,3255.230395219016
Haryana,2017,Whole Year,Turmeric,13145.958986731
Maharashtra,2013,Whole Year,Banana,28392.01993852854
Andhra Pradesh,2014,Kharif,Potato,17250.71225071225
Jammu and Kashmir,2006,Kharif,Moth,616.8614357262104
Nagaland,2023,Rabi,Other  Rabi pulses,1469.4159271780543
Bihar,2011,Whole Year,Sugarcane,72374.22755160519
Bihar,2017,Rabi,Sunflower,1428.9223539463846
Madhya Pradesh,2014,Whole Year,Sugarcane,40098.03921568627
Telangana,2018,Kharif,Moong(Green Gram),629.267400941456
Mizoram,2003,Whole Year,Tapioca,4964.028776978417
Haryana,2005,Kharif,Rice,3051.821729276468
Jammu and Kashmir,2026,Kharif,Maize,1799.3869611349078
Mizoram,2005,Kharif,Maize,1916.7437557816836
Bihar,2002,Rabi,Gram,1009.7532265523184
Maharashtra,2006,Rabi,Linseed,235.9882005899705
Chhattisgarh,2026,Whole Year,Tobacco,676.3502454991816
Maharashtra,2026,Rabi,Safflower,531.1272959239366
Maharashtra,2025,Kharif,Groundnut,1092.7807771903397
Andhra Pradesh,2018,Kharif,Sesamum,270.4542715989878
Uttarakhand,2005,Kharif,Urad,539.9513473053893
Uttar Pradesh,2022,Kharif,Groundnut,922.2015806449888
Gujarat,2025,Kharif,Other Kharif pulses,583.85560215996
Chhattisgarh,2009,Whole Year,Turmeric,845.4746136865342
Maharashtra,2019,Whole Year,Banana,33632.464857849984
Sikkim,2015,Rabi,Wheat,1071.2074303405573
Karnataka,2026,Whole Year,Turmeric,6476.248001724546
Meghalaya,2014,Kharif,Castor seed,865.6716417910447
Tripura,2019,Rabi,Rapeseed &Mustard,844.5851804939836
Himachal Pradesh,2015,Kharif,Small millets,709.6144460712543
Jammu and Kashmir,2022,Kharif,Cotton(lint),553.0939648586708
Delhi,2009,Kharif,Bajra,1878.310214375788
Nagaland,2023,Kharif,Niger seed,1091.6439733213192
Arunachal Pradesh,2025,Kharif,Groundnut,1463.3389734912578
Manipur,2017,Kharif,Urad,1098.679638637943
Uttar Pradesh,2025,Kharif,Sugarcane,71334.84262598347
Karnataka,2025,Kharif,Small millets,601.1648572130434
Manipur,2008,Rabi,Other  Rabi pulses,813.735691987513
Puducherry,2012,Rabi,Other Kharif pulses,1230.7692307692307
Uttarakhand,2001,Whole Year,Tobacco,7198.412698412699
Meghalaya,2011,Whole Year,Turmeric,5256.0
Mizoram,2012,Rabi,Rapeseed &Mustard,693.1034482758621
Chhattisgarh,2000,Kharif,Maize,1346.000599802922
Tamil Nadu,2009,Kharif,Small millets,942.759723605202
Tamil Nadu,2006,Whole Year,Moong(Green Gram),577.3358891930395
Delhi,2023,Kharif,Jowar,923.3857804483346
Uttar Pradesh,2006,Kharif,Maize,1326.4489603967452
Tamil Nadu,2008,Whole Year,Tobacco,1527.0496374790853
Nagaland,2001,Rabi,Barley,2000.0
Gujarat,2005,Whole Year,Onion,28069.577080491134
Himachal Pradesh,2014,Rabi,Linseed,239.7058823529412
Maharashtra,2020,Kharif,Turmeric,5962.805429519046
Himachal Pradesh,2005,Kharif,Arhar/Tur,465.1162790697674
Bihar,2007,Whole Year,Sugarcane,37623.94080662188
Nagaland,2000,Rabi,Barley,1500.0
Madhya Pradesh,2026,Kharif,Castor seed,425.94185686074417
Uttar Pradesh,2024,Kharif,Ginger,5519.799902822563
Manipur,2021,Rabi,Peas & beans (Pulses),1217.701380227759
Andhra Pradesh,2010,Rabi,Wheat,1303.222607833416
Uttar Pradesh,2021,Rabi,Tobacco,2280.5842896882264
Haryana,2010,Rabi,Barley,3488.153693418122
Tamil Nadu,2002,Kharif,Bajra,869.2609292295629
Gujarat,2022,Whole Year,Sugarcane,60808.61911972895
Uttar Pradesh,2006,Kharif,Cotton(lint),213.5678391959799
Himachal Pradesh,2017,Rabi,Peas & beans (Pulses),2062.473438164046
Haryana,2025,Whole Year,Coriander,5639.764030826497
Odisha,2019,Kharif,Turmeric,2000.0
Bihar,2004,Kharif,Moong(Green Gram),493.9232554963813
Uttar Pradesh,2009,Summer,Sunflower,2198.928521077118
Karnataka,2012,Whole Year,Arecanut,8025.892643344764
Assam,2019,Whole Year,Sweet potato,5205.034510759237
Uttarakhand,2003,Kharif,Urad,362.4466307777984
Jharkhand,2023,Autumn,Ragi,796.3672681557578
Gujarat,2021,Whole Year,Garlic,6808.837100899136
Chhattisgarh,2025,Kharif,Niger seed,828.120473897904
Telangana,2015,Kharif,Small millets,796.9502407704655
Chhattisgarh,2022,Kharif,Horse-gram,359.4305162549878
Kerala,2003,Whole Year,Arecanut,1029.1305705143213
Chhattisgarh,2016,Whole Year,Turmeric,872.5333333333333
Andhra Pradesh,2001,Rabi,Linseed,241.65531335149865
Tripura,2025,Kharif,Soyabean,567.4081859052957
Chhattisgarh,2023,Rabi,Linseed,323.9449307129881
Jharkhand,2002,Rabi,Onion,15534.297359494596
Odisha,2003,Rabi,Other  Rabi pulses,572.7659574468086
Madhya Pradesh,2008,Whole Year,Potato,11541.997477842311
Tamil Nadu,2015,Rabi,Rapeseed &Mustard,236.46723646723646
Uttar Pradesh,2018,Kharif,Ginger,4750.0
Madhya Pradesh,2026,Whole Year,Sugarcane,45966.44684325597
Chhattisgarh,2002,Kharif,Groundnut,1109.9886459576699
Tripura,2026,Rabi,Rapeseed &Mustard,1052.3962427553129
Andhra Pradesh,2019,Kharif,other oilseeds,23138.07244687161
Odisha,2015,Autumn,Groundnut,800.5063887416828
Maharashtra,2003,Kharif,Ragi,1157.2498298162016
Puducherry,2015,Kharif,Cotton(lint),2296.6101694915255
Karnataka,2010,Rabi,Safflower,885.1884152767179
Odisha,2022,Summer,Wheat,1645.6014762267184
Maharashtra,2012,Kharif,Other Kharif pulses,285.60490045941805
Kerala,2025,Autumn,Rice,2881.9916505618544
Odisha,2004,Rabi,Niger seed,274.7923020296561
Andhra Pradesh,2007,Rabi,Wheat,1000.0
Andhra Pradesh,2009,Kharif,Niger seed,343.46861542476836
West Bengal,2018,Rabi,Mustard,1505.1870592177038
West Bengal,2006,Kharif,Moong(Green Gram),371.85354691075514
Meghalaya,2001,Kharif,Mesta,5390.32967032967
Gujarat,2015,Kharif,Moth,476.2235520410344
West Bengal,2011,Kharif,Urad,609.5816706272699
Himachal Pradesh,2010,Rabi,Barley,1180.4737907973438
Puducherry,2023,Kharif,Black pepper,1686.5800865800866
Goa,2016,Kharif,Groundnut,2556.5476190476193
Maharashtra,2009,Kharif,Sunflower,416.56756756756755
West Bengal,2009,Kharif,Moong(Green Gram),836.0097323600974
Uttarakhand,2015,Kharif,Ragi,1410.194404931247
Telangana,2018,Kharif,Sunflower,1959.6774193548388
Kerala,2011,Whole Year,Black pepper,439.45430371318434
Meghalaya,2008,Rabi,Gram,622.6415094339623
Chhattisgarh,2010,Rabi,Barley,530.8477585441633
Tamil Nadu,2000,Whole Year,Tapioca,36624.46549539118
Tamil Nadu,2025,Whole Year,Cashewnut,4625.4862171712075
Odisha,2000,Kharif,Bajra,570.3883495145631
Chhattisgarh,2021,Rabi,Linseed,347.43041286309386
West Bengal,2020,Rabi,Mustard,1763.1554840459448
Andhra Pradesh,2018,Kharif,Cashewnut,880.6255106027777
Himachal Pradesh,2015,Rabi,Barley,1752.9749478079332
Odisha,2003,Rabi,Linseed,393.640350877193
Nagaland,2017,Kharif,Jute,1905.844155844156
Jammu and Kashmir,2009,Kharif,Onion,859.437751004016
Bihar,2024,Kharif,Horse-gram,1066.1901753350792
Nagaland,2001,Kharif,Maize,2000.0
Bihar,2023,Whole Year,Sugarcane,73804.28285111515
Arunachal Pradesh,2017,Kharif,Small millets,1019.9887913319634
Kerala,2004,Whole Year,Tapioca,27123.420654114776
Mizoram,2016,Autumn,Rice,1207.2747678808284
West Bengal,2003,Kharif,Mesta,10170.560988162635
Tamil Nadu,2015,Whole Year,Tapioca,27444.721462034417
Chhattisgarh,2013,Kharif,Sunflower,40.58066644671725
Madhya Pradesh,2023,Kharif,Moong(Green Gram),751.0762559160844
Rajasthan,2014,Kharif,Jowar,1396.2274179408232
Gujarat,2024,Kharif,Cotton(lint),3918.672942546105
Himachal Pradesh,2007,Rabi,Rapeseed &Mustard,408.7691253710893
Tamil Nadu,2005,Whole Year,Turmeric,5520.1386214863305
Bihar,2006,Whole Year,Sugarcane,70600.00333374737
Manipur,2003,Kharif,Peas & beans (Pulses),510.0502512562814
Maharashtra,2021,Kharif,Maize,1811.629347081136
Kerala,2015,Whole Year,Tapioca,38363.53469382697
Madhya Pradesh,2010,Kharif,Jowar,1416.0008895829355
Telangana,2017,Kharif,Rice,2813.7923393509186
Madhya Pradesh,2015,Kharif,Castor seed,500.0
Chhattisgarh,2006,Kharif,Mesta,1929.936305732484
Andhra Pradesh,2012,Kharif,Tapioca,18413.97710646355
Jharkhand,2024,Rabi,Rapeseed &Mustard,927.7425593017836
Punjab,2021,Rabi,Masoor,624.0726687884382
Odisha,2024,Autumn,Sesamum,344.941283690587
Jharkhand,2012,Rabi,Wheat,1854.3181031498789
Meghalaya,2004,Whole Year,Potato,8192.398912477584
West Bengal,2021,Rabi,Arhar/Tur,1944.905190064987
Bihar,2025,Rabi,Safflower,895.7383031408837
West Bengal,2025,Kharif,Bajra,179.36134918440695
Puducherry,2009,Kharif,Rice,2903.440860215054
Odisha,2025,Rabi,Sunflower,1164.359193548747
Bihar,2021,Whole Year,Sweet potato,15586.385275997261
Bihar,2004,Rabi,Linseed,842.9970972423803
Uttarakhand,2012,Rabi,Other  Rabi pulses,333.3333333333333
Madhya Pradesh,2002,Kharif,Other Kharif pulses,269.81236652167973
Meghalaya,2002,Kharif,Mesta,4564.369598936406
Karnataka,2019,Kharif,Other Kharif pulses,812.1886592474827
Haryana,2012,Rabi,Masoor,982.4427480916031
Puducherry,2008,Kharif,Arecanut,1295.0819672131147
Karnataka,2021,Kharif,Horse-gram,552.7127676489511
Odisha,2023,Rabi,Sunflower,1124.59241261303
Telangana,2013,Whole Year,Potato,13499.715261958998
Himachal Pradesh,2017,Kharif,Sesamum,456.6929133858268
Nagaland,2010,Kharif,Soyabean,1249.6919917864477
Odisha,2024,Whole Year,Sweet potato,10861.60797347926
West Bengal,2011,Kharif,Sunflower,1165.4433352906635
Assam,2025,Kharif,Maize,3327.0896871395526
Puducherry,2000,Kharif,Urad,625.8844339622641
Madhya Pradesh,2015,Whole Year,Potato,20903.03889452976
Maharashtra,2007,Kharif,Sunflower,579.3721973094171
Manipur,2022,Rabi,Masoor,982.0664004497817
Tamil Nadu,2024,Kharif,Sesamum,685.2220436366906
Maharashtra,2013,Whole Year,Grapes,23968.993965668615
Haryana,2008,Kharif,Castor seed,1151.947339550192
West Bengal,2017,Kharif,Niger seed,618.5758513931888
Jharkhand,2023,Kharif,Sunflower,850.1354690802989
Telangana,2023,Kharif,Tobacco,3553.3638428647782
Karnataka,2018,Whole Year,Turmeric,5785.281613303736
Sikkim,2002,Kharif,Urad,738.0952380952381
West Bengal,2011,Rabi,Other  Rabi pulses,420.33898305084745
Chhattisgarh,2016,Kharif,Urad,326.16057648534917
Uttarakhand,2017,Rabi,Masoor,692.8421052631579
Bihar,2004,Whole Year,Dry chillies,718.170185540627
Mizoram,2001,Whole Year,Sugarcane,6786.802030456853
Jharkhand,2003,Rabi,Masoor,1241.2759647735577
Manipur,2014,Kharif,Maize,2212.863705972435
Gujarat,2013,Kharif,Castor seed,2169.301733685804
West Bengal,2009,Kharif,Other Kharif pulses,401.01522842639594
Odisha,2003,Kharif,Groundnut,1206.7611692754224
Tamil Nadu,2008,Whole Year,Bajra,1482.5839920948617
Kerala,2025,Whole Year,Moong(Green Gram),10.016127663186486
Jammu and Kashmir,2008,Rabi,Barley,484.6619472658254
Jammu and Kashmir,2010,Kharif,Turmeric,1000.0
Punjab,2009,Kharif,Cotton(lint),3925.6360078277885
Tripura,2023,Kharif,Groundnut,1384.2027649769586
Andhra Pradesh,2007,Kharif,Turmeric,4744.603762573659
Andhra Pradesh,2019,Kharif,Ragi,1243.6866718628214
Sikkim,2014,Kharif,Urad,902.1671826625387
Kerala,2001,Whole Year,Cashewnut,734.1559107425488
Gujarat,2020,Kharif,Groundnut,1697.8323614735395
Tamil Nadu,2009,Kharif,Rice,3069.6804697562193
West Bengal,2018,Whole Year,Sugarcane,84489.01887795799
Kerala,2009,Autumn,Rice,2486.1163251304224
Meghalaya,2003,Whole Year,Arecanut,1273.0360175172043
Uttarakhand,2000,Kharif,Ragi,1270.5095785740568
Meghalaya,2006,Rabi,Gram,619.4029850746268
Chhattisgarh,2025,Kharif,Arhar/Tur,582.1155521145843
Kerala,2006,Whole Year,Arecanut,1077.293834126844
Chhattisgarh,2010,Kharif,Cotton(lint),1666.6666666666667
Gujarat,2012,Kharif,Soyabean,782.7956989247311
Puducherry,2013,Rabi,Other Kharif pulses,1000.0
Puducherry,2006,Rabi,Onion,4000.0
West Bengal,2014,Rabi,Wheat,2806.759502749223
Kerala,2023,Whole Year,Ginger,4006.2448366713556
Chhattisgarh,2013,Kharif,Sannhamp,304.96936691626956
Kerala,2005,Kharif,Cotton(lint),1300.1883239171375
Himachal Pradesh,2022,Rabi,Rapeseed &Mustard,526.7284048464769
Tamil Nadu,2023,Whole Year,Garlic,3445.248245996845
Puducherry,2026,Kharif,Jowar,3474.025974025974
Karnataka,2006,Kharif,Gram,136.869820763935
Sikkim,2004,Kharif,Maize,1588.0108991825614
Uttar Pradesh,2007,Kharif,Rice,2061.624390940823
Gujarat,2025,Rabi,Small millets,1877.274608775328
Tamil Nadu,2018,Kharif,Bajra,2844.64302934842
Chhattisgarh,2022,Kharif,Soyabean,1036.110873639562
Madhya Pradesh,2025,Kharif,Niger seed,402.39734458244027
Tamil Nadu,2006,Whole Year,Jowar,998.518900997364
Odisha,2001,Rabi,Wheat,1514.4782110091744
Chhattisgarh,2022,Kharif,Groundnut,1550.6160783388373
Jharkhand,2013,Rabi,Gram,1031.4299992109623
Himachal Pradesh,2001,Kharif,Urad,406.46668676514923
Maharashtra,2025,Kharif,Arhar/Tur,722.3201960412229
Jharkhand,2024,Kharif,Niger seed,421.1473200918255
Karnataka,2008,Kharif,Soyabean,689.7744125559869
Maharashtra,2010,Kharif,Niger seed,216.13832853025937
Chhattisgarh,2023,Whole Year,Turmeric,1180.2277587150031
Nagaland,2021,Kharif,Horse-gram,1131.7657906869524
Uttar Pradesh,2026,Rabi,Tobacco,1405.3056858307982
Bihar,2018,Whole Year,Mango,7222.417740104219
Madhya Pradesh,2007,Whole Year,Small millets,226.64835164835165
Andhra Pradesh,2002,Kharif,Small millets,473.25752334832237
Jharkhand,2025,Kharif,Sunflower,964.3807225934175
Arunachal Pradesh,2011,Whole Year,Potato,8695.652173913044
West Bengal,2001,Rabi,Wheat,2215.493405590732
Uttarakhand,2023,Kharif,Small millets,1274.7053403045525
Nagaland,2024,Rabi,Potato,10588.759155706071
Andhra Pradesh,2014,Rabi,Other  Rabi pulses,1135.2158828064764
Uttarakhand,2020,Kharif,Maize,2087.0183276641114
Himachal Pradesh,2025,Rabi,Wheat,1825.47912822335
Delhi,2023,Kharif,Maize,15462.056667327126
West Bengal,2010,Rabi,Wheat,2760.078659629807
Maharashtra,2004,Kharif,Bajra,736.6734253384786
Tripura,2017,Rabi,Other  Rabi pulses,949.1094147582697
Odisha,2000,Kharif,Cotton(lint),1662.1552604698672
Jharkhand,2026,Kharif,Bajra,462.3834886817577
Tripura,2019,Rabi,Other  Rabi pulses,922.0183486238532
Himachal Pradesh,2009,Kharif,Ginger,4669.614147909968
Tripura,2001,Whole Year,Moong(Green Gram),733.2699619771863
Telangana,2003,Kharif,Jowar,1014.0499166129613
Assam,2018,Rabi,Rapeseed &Mustard,642.7786488226894
Uttarakhand,2023,Kharif,Potato,6186.902031444688
Uttarakhand,2005,Kharif,Arhar/Tur,545.9057071960298
Odisha,2022,Autumn,Urad,419.65366337557276
Karnataka,2000,Whole Year,Potato,11814.246174734973
Himachal Pradesh,2023,Rabi,Masoor,861.9572163223078
Arunachal Pradesh,2018,Whole Year,Potato,7144.615384615385
Uttar Pradesh,2019,Kharif,Rice,2873.179977249186
Madhya Pradesh,2007,Kharif,Jowar,1103.9992021917149
Gujarat,2007,Rabi,Rapeseed &Mustard,1635.3115727002967
Manipur,2023,Kharif,Soyabean,643.45414114878
Manipur,2012,Rabi,Other  Rabi pulses,870.4918032786885
West Bengal,2004,Whole Year,Cardamom,348.4320557491289
Karnataka,2012,Kharif,Sesamum,323.50430477305434
Nagaland,2021,Kharif,Maize,2046.0879670830147
Gujarat,2025,Kharif,Jowar,1643.547687746525
Karnataka,2024,Whole Year,Sugarcane,81596.8970864733
Uttarakhand,2012,Kharif,Small millets,1239.8512074027392
Odisha,2015,Autumn,Urad,246.7827030225334
Uttarakhand,2026,Kharif,Moong(Green Gram),993.0328267280211
Himachal Pradesh,2024,Rabi,Other  Rabi pulses,5774.405807605348
Kerala,2019,Whole Year,Jowar,824.561403508772
Nagaland,2010,Kharif,Ragi,933.3333333333334
Chhattisgarh,2016,Kharif,Other Kharif pulses,353.062063296342
West Bengal,2010,Kharif,Other Kharif pulses,648.7455197132616
Himachal Pradesh,2020,Kharif,Rice,3718.2116075628956
Puducherry,2005,Kharif,Ragi,1803.5714285714287
Tripura,2017,Kharif,Groundnut,1198.0374665477252
Assam,2003,Whole Year,Tobacco,502.4154589371981
Puducherry,2001,Whole Year,Cashewnut,701.5706806282723
West Bengal,2019,Kharif,Bajra,397.05882352941177
Punjab,2019,Kharif,Maize,3582.0244328097733
Meghalaya,2012,Whole Year,Cashewnut,1852.9899414170443
Chhattisgarh,2020,Kharif,Soyabean,1549.9253416099093
Arunachal Pradesh,2016,Kharif,Other Kharif pulses,912.2448979591836
Rajasthan,2024,Kharif,Sesamum,614.1901261910969
Telangana,2022,Kharif,Ginger,5830.9550209709305
Madhya Pradesh,2000,Rabi,Wheat,1473.7239021314774
Nagaland,2022,Kharif,Small millets,1173.7082671338126
Telangana,2012,Kharif,Soyabean,1467.9854187288415
Odisha,2003,Kharif,Urad,270.5560539435563
Andhra Pradesh,2024,Whole Year,Mango,8068.853978620874
Rajasthan,2019,Kharif,Maize,4361.455204668031
Gujarat,2012,Kharif,Bajra,1037.0813397129186
Tamil Nadu,2013,Whole Year,Garlic,5709.486166007905
Karnataka,2012,Kharif,Groundnut,561.9455029828541
Madhya Pradesh,2013,Whole Year,Onion,18633.0052990159
Andhra Pradesh,2000,Whole Year,Sugarcane,74594.69112376134
Tripura,2007,Kharif,Other Kharif pulses,651.5478761699064
Andhra Pradesh,2023,Kharif,Arhar/Tur,597.5215572389079
Maharashtra,2002,Kharif,Other Kharif pulses,242.2756253065228
Karnataka,2011,Kharif,Ragi,1702.2238998360149
Himachal Pradesh,2021,Rabi,Garlic,905.7287705956908
Maharashtra,2014,Kharif,Castor seed,231.21387283236993
Punjab,2012,Kharif,Urad,480.0
Andhra Pradesh,2011,Kharif,Rice,2979.6402093426154
Haryana,2009,Rabi,Sunflower,1793.504604944256
Telangana,2011,Kharif,Rice,3306.3945240681105
Punjab,2016,Rabi,Mustard,1507.1780440091181
Haryana,2018,Kharif,Guar seed,851.4514598727782
Manipur,2004,Kharif,Peas & beans (Pulses),510.1289134438306
Puducherry,2002,Whole Year,Cashewnut,760.8695652173913
Andhra Pradesh,2008,Kharif,Mesta,7950.945833221214
Goa,2015,Whole Year,Cashewnut,310.003709657475
Nagaland,2003,Kharif,Sunflower,2000.0
Manipur,2012,Kharif,Maize,2015.0316455696202
Chhattisgarh,2004,Rabi,Masoor,258.3686440677966
Telangana,2025,Kharif,Sugarcane,77785.20444055274
Bihar,2009,Rabi,Gram,1066.4862987404713
Nagaland,2021,Kharif,Rice,2680.374034532795
Tamil Nadu,2021,Kharif,Other Cereals,1141.217323128489
Himachal Pradesh,2005,Kharif,Soyabean,1413.7931034482758
Manipur,2022,Whole Year,Cashewnut,609.1769847050255
Himachal Pradesh,2022,Kharif,Turmeric,685.9047532076161
Karnataka,2006,Whole Year,Banana,19965.22534352577
Nagaland,2004,Kharif,Sunflower,733.3333333333334
Odisha,2001,Kharif,Ginger,1933.282208588957
Gujarat,2019,Rabi,Gram,1571.3647338820776
Haryana,2014,Kharif,Groundnut,1162.162162162162
Uttar Pradesh,2015,Kharif,Dry chillies,757.3632538569425
Uttar Pradesh,2007,Kharif,Moong,519.4673048205428
Uttar Pradesh,2025,Rabi,Turmeric,1646.022480803038
Meghalaya,2007,Kharif,Mesta,4559.044368600683
Assam,2026,Kharif,Sesamum,754.2103049842802
Meghalaya,2004,Whole Year,Banana,10809.114085404717
Nagaland,2006,Rabi,Rapeseed &Mustard,750.9090909090909
Uttar Pradesh,2007,Kharif,Sugarcane,57212.49736689572
Punjab,2006,Rabi,Potato,24199.556529772424
Madhya Pradesh,2013,Kharif,Sannhamp,2275.315431899062
Nagaland,2012,Kharif,Maize,1960.9633244136628
Tripura,2007,Kharif,Moong(Green Gram),500.0
Andhra Pradesh,2008,Kharif,Urad,586.4522205317685
Madhya Pradesh,2015,Kharif,Small millets,653.3615384615384
Jharkhand,2024,Whole Year,Sugarcane,78119.21584824393
Karnataka,2023,Whole Year,Black pepper,233.74044028642223
Madhya Pradesh,2001,Whole Year,Tobacco,470.5882352941176
Haryana,2005,Whole Year,Sannhamp,227.27272727272728
Haryana,2006,Kharif,Bajra,1649.4745430018497
Uttar Pradesh,2024,Kharif,Sesamum,224.9964933565786
Arunachal Pradesh,2017,Kharif,Rice,1767.689393939394
Bihar,2001,Kharif,Ragi,877.9276082327892
Chhattisgarh,2019,Kharif,Horse-gram,390.71700727398684
Punjab,2017,Kharif,Maize,3710.5263157894738
Bihar,2016,Kharif,Jute,14837.765375355657
Haryana,2006,Kharif,Groundnut,785.9733978234583
Odisha,2008,Autumn,Moong(Green Gram),233.72728876345033
Mizoram,2002,Kharif,Arhar/Tur,742.5742574257425
Sikkim,2009,Kharif,Maize,1637.7215189873418
Punjab,2008,Rabi,Gram,1172.4137931034484
Assam,2013,Rabi,Arecanut,837.7524324642112
Bihar,2002,Kharif,Sesamum,720.4755614266843
Meghalaya,2016,Whole Year,Turmeric,6225.683890577508
Telangana,2013,Kharif,Bajra,942.069609904228
Karnataka,2010,Kharif,Potato,7595.895624638431
Andhra Pradesh,2014,Kharif,Onion,18361.012056376294
Nagaland,2021,Kharif,Niger seed,1033.1498960438134
Maharashtra,2014,Whole Year,Sugarcane,88915.10441962117
Kerala,2004,Whole Year,Tobacco,5575.0
Uttar Pradesh,2011,Kharif,Groundnut,1001.1274568259922
Andhra Pradesh,2023,Kharif,Rice,3684.554242712281
Andhra Pradesh,2013,Rabi,Safflower,558.1395348837209
Tamil Nadu,2004,Kharif,Small millets,847.6154697880418
West Bengal,2001,Kharif,Maize,2595.8002883922136
Gujarat,2017,Kharif,Castor seed,2541.3033560418494
Jharkhand,2002,Rabi,Rapeseed &Mustard,765.6759502927084
Uttarakhand,2004,Kharif,Moong(Green Gram),250.0
Chhattisgarh,2003,Rabi,Barley,996.0955443270556
Haryana,2005,Rabi,Sunflower,1723.6624379481523
Maharashtra,2017,Rabi,Gram,917.119618128682
Tamil Nadu,2009,Whole Year,Moong(Green Gram),345.11141032880164
Uttar Pradesh,2005,Rabi,Lentil,855.6454557064125
Telangana,2015,Kharif,Dry chillies,2803.4760998956863
West Bengal,2021,Autumn,Ragi,730.9708347308168
Chhattisgarh,2000,Kharif,Other Kharif pulses,331.8423855165069
Bihar,2011,Rabi,Barley,1542.086297699344
Tamil Nadu,2013,Kharif,Cotton(lint),2865.4277007596893
Chhattisgarh,2012,Rabi,Wheat,1401.0173139000294
Himachal Pradesh,2018,Kharif,Groundnut,1023.8095238095239
Assam,2018,Autumn,Rice,1444.5518975450036
Telangana,2014,Kharif,Potato,19222.222222222223
Bihar,2001,Autumn,Maize,1621.222829084165
Karnataka,2010,Kharif,Cowpea(Lobia),516.5001211671964
Kerala,2025,Whole Year,Banana,7507.214071705242
Bihar,2001,Rabi,Lentil,643.4935565901228
Bihar,2016,Kharif,Arhar/Tur,1581.1725452812202
Andhra Pradesh,2009,Kharif,Castor seed,431.8480573511675
Meghalaya,2026,Rabi,Cowpea(Lobia),1929.7103117389777
Assam,2013,Kharif,Maize,3199.1856406847264
Meghalaya,2006,Rabi,Jute,8899.420216788505
Gujarat,2022,Whole Year,Potato,25130.119343823597
Chhattisgarh,2024,Rabi,Rapeseed &Mustard,555.4656447873159
Tamil Nadu,2003,Whole Year,Black pepper,223.2591529073941
Odisha,2026,Autumn,Ragi,625.0982260843476
Uttarakhand,2023,Rabi,Gram,783.9529968496192
Uttarakhand,2012,Kharif,Rice,2201.0100495222264
Karnataka,2018,Kharif,Groundnut,683.7420960665753
West Bengal,2010,Rabi,Masoor,929.0128292164952
Madhya Pradesh,2012,Kharif,Maize,2786.0009970533097
Meghalaya,2017,Rabi,Linseed,591.3978494623656
Mizoram,2002,Kharif,Sesamum,613.2427843803056
Karnataka,2002,Kharif,Castor seed,923.606615266906
Madhya Pradesh,2026,Kharif,Moong(Green Gram),725.9798267950048
Tripura,2023,Rabi,Gram,726.6036970504723
Madhya Pradesh,2025,Rabi,Mustard,1879.9227597304503
Delhi,2016,Kharif,Jowar,959.9123081741309
Manipur,2011,Rabi,Rapeseed &Mustard,765.0909090909091
Maharashtra,2008,Kharif,Ragi,996.01593625498
Madhya Pradesh,2024,Whole Year,Sweet potato,18987.85717916842
Sikkim,2019,Rabi,Wheat,1078.7878787878788
Gujarat,2025,Whole Year,Guar seed,930.682338861998
Himachal Pradesh,2026,Kharif,Horse-gram,638.5567355130028
Chhattisgarh,2003,Kharif,Jowar,1001.0533245556287
Bihar,2001,Whole Year,Dry chillies,997.7515458122541
West Bengal,2026,Autumn,Sesamum,707.3153437028358
Nagaland,2006,Rabi,Masoor,1185.8108108108108
Haryana,2009,Rabi,Gram,737.8229462936297
Tripura,2009,Kharif,Moong(Green Gram),557.7889447236181
Himachal Pradesh,2026,Rabi,Other  Rabi pulses,6863.450529816014
West Bengal,2024,Kharif,Mesta,12685.584787306607
Madhya Pradesh,2018,Kharif,Groundnut,1849.2283156464855
Puducherry,2006,Rabi,Sesamum,656.7164179104477
Maharashtra,2021,Kharif,Sunflower,581.4641513777678
Punjab,2000,Rabi,Gram,948.0519480519481
Himachal Pradesh,2016,Kharif,Horse-gram,350.82547169811323
Karnataka,2021,Kharif,Moong(Green Gram),216.50156718885086
Andhra Pradesh,2010,Kharif,Horse-gram,478.82579403272376
Nagaland,2023,Rabi,Gram,617.1740806362174
Nagaland,2011,Rabi,Barley,1586.9565217391305
Bihar,2022,Whole Year,Ginger,2322.0187070530646
Mizoram,2010,Kharif,Cowpea(Lobia),1293.2657494569153
Himachal Pradesh,2011,Kharif,Urad,636.3824503311258
Arunachal Pradesh,2019,Kharif,Sunflower,817.0731707317074
Rajasthan,2015,Kharif,Groundnut,1902.0623107456647
Punjab,2009,Rabi,Rapeseed &Mustard,1300.0
Haryana,2012,Kharif,Rice,3267.136716531745
Punjab,2005,Rabi,Gram,871.7948717948718
Uttar Pradesh,2001,Kharif,Sunflower,1930.3129548762736
Andhra Pradesh,2023,Whole Year,Cashewnut,929.2220090662156
Jharkhand,2018,Rabi,Linseed,490.87205793602897
Maharashtra,2017,Kharif,Arhar/Tur,909.5145461619295
Tripura,2017,Kharif,Arhar/Tur,738.4615384615385
West Bengal,2004,Kharif,Jowar,433.24432576769027
Chhattisgarh,2001,Rabi,Khesari,554.3303640141604
Delhi,2011,Whole Year,Sugarcane,75333.33333333333
Meghalaya,2013,Kharif,Sesamum,904.8913043478261
Jammu and Kashmir,2015,Kharif,Moth,733.8935574229691
Gujarat,2014,Rabi,Small millets,1263.4801501086313
Kerala,2019,Whole Year,Sesamum,620.3712609406559
Odisha,2025,Whole Year,Coriander,658.5282179867472
Assam,2002,Kharif,Maize,716.4344841510195
Madhya Pradesh,2003,Kharif,Rice,1020.3952632093378
Uttarakhand,2018,Rabi,Barley,1427.824157244003
Jharkhand,2002,Rabi,Masoor,779.7200736165781
Goa,2022,Kharif,Ragi,1006.2847370671227
Bihar,2018,Kharif,Sannhamp,808.2901554404145
Bihar,2010,Kharif,Arhar/Tur,1546.4455162137788
Uttar Pradesh,2007,Kharif,Dry chillies,963.9162089666625
Telangana,2022,Kharif,other oilseeds,73426.59270739865
Madhya Pradesh,2004,Rabi,Safflower,272.1991701244813
Maharashtra,2011,Whole Year,Sugarcane,87530.43052837573
Maharashtra,2014,Rabi,Onion,19524.59373495805
Uttar Pradesh,2020,Kharif,Bajra,1829.9413975397993
Jammu and Kashmir,2009,Kharif,Rice,1927.262093484986
Telangana,2013,Whole Year,Coriander,709.7242380261248
Punjab,2007,Rabi,Rapeseed &Mustard,1178.5714285714287
Himachal Pradesh,2017,Kharif,Soyabean,1676.8953068592057
Rajasthan,2015,Rabi,Gram,1005.3672811671021
Puducherry,2011,Kharif,Banana,12266.917293233082
Tamil Nadu,2024,Whole Year,Cashewnut,5551.715898868969
Mizoram,2005,Kharif,Peas & beans (Pulses),894.3089430894308
Gujarat,2007,Whole Year,Mango,4759.234331491113
Andhra Pradesh,2018,Kharif,Tapioca,11824.761904761905
Jammu and Kashmir,2016,Kharif,Urad,341.22042341220424
Sikkim,2016,Kharif,Other Cereals,974.7616376892877
Uttar Pradesh,2005,Whole Year,Tobacco,5991.06405711233
West Bengal,2019,Kharif,Jute,15639.329725706912
Bihar,2023,Whole Year,Potato,16518.916025538492
Madhya Pradesh,2006,Kharif,Jowar,1032.9994551621035
Chhattisgarh,2001,Whole Year,Dry chillies,544.9413808076422
Gujarat,2010,Kharif,Tobacco,1744.5742904841402
Himachal Pradesh,2019,Rabi,Rapeseed &Mustard,570.7147007553748
Assam,2011,Rabi,Linseed,565.7240301264743
Punjab,2018,Rabi,Wheat,5188.068181818182
Punjab,2011,Rabi,Masoor,720.0
Chhattisgarh,2016,Rabi,Barley,909.9273607748185
Uttarakhand,2023,Rabi,Linseed,637.1205534040703
West Bengal,2001,Rabi,Linseed,410.7111346391389
Madhya Pradesh,2011,Rabi,Khesari,758.9979358228561
Maharashtra,2012,Kharif,Sesamum,295.0777202072539
Andhra Pradesh,2011,Kharif,Castor seed,207.31601389766266
Punjab,2019,Kharif,Urad,600.0
Karnataka,2026,Kharif,Horse-gram,617.7746478568164
Puducherry,2004,Whole Year,Banana,33801.32450331126
Assam,2005,Kharif,Niger seed,513.5611608353676
Bihar,2009,Rabi,Sunflower,1404.9881887600945
Uttarakhand,2006,Kharif,Maize,1319.8100357103413
Uttarakhand,2024,Kharif,Horse-gram,1177.4744718980978
Madhya Pradesh,2017,Kharif,Niger seed,343.8825448613377
Madhya Pradesh,2006,Kharif,Cotton(lint),1302.1886845185068
Jharkhand,2019,Kharif,Rice,2660.764395761737
Jammu and Kashmir,2003,Whole Year,Onion,1800.3169572107765
Madhya Pradesh,2022,Rabi,Rapeseed &Mustard,1065.9957716858637
Madhya Pradesh,2022,Whole Year,Garlic,11767.12542853247
Andhra Pradesh,2016,Rabi,Other  Rabi pulses,1220.3766869345989
Bihar,2006,Rabi,Linseed,849.0783813088035
Uttar Pradesh,2025,Kharif,Arhar/Tur,804.8634487421459
Tamil Nadu,2018,Whole Year,Mango,8165.675508059624
Jharkhand,2024,Kharif,Urad,10.000046709182403
Assam,2005,Kharif,Maize,724.6033001212504
Maharashtra,2003,Kharif,Other Kharif pulses,251.9780888618381
Tamil Nadu,2016,Kharif,Jowar,829.7870682737182
Maharashtra,2016,Kharif,Cotton(lint),2553.124525220298
Tripura,2026,Kharif,Cotton(lint),1522.8347483883592
Sikkim,2007,Kharif,Other Kharif pulses,826.4642082429501
Chhattisgarh,2024,Kharif,Groundnut,1324.742258053891
Arunachal Pradesh,2026,Whole Year,Sugarcane,24438.68661905596
Jharkhand,2019,Whole Year,Sugarcane,76291.65671788937
Kerala,2005,Whole Year,Sweet potato,12676.511954992968
Telangana,2018,Kharif,Rice,3476.981561705391
Maharashtra,2008,Kharif,Moong(Green Gram),248.4763244256915
Uttarakhand,2007,Kharif,Rice,2013.8296029714593
Mizoram,2008,Kharif,Cotton(lint),492.7536231884058
Madhya Pradesh,2011,Whole Year,Tobacco,274.72527472527474
Sikkim,2008,Rabi,Barley,940.0
Gujarat,2026,Kharif,Castor seed,2441.974332948273
Haryana,2002,Rabi,Masoor,895.8195089581951
Punjab,2014,Kharif,Arhar/Tur,919.2307692307693
Tamil Nadu,2011,Kharif,Jowar,1095.514448972294
Mizoram,2005,Whole Year,Rice,1908.2536308891251
Nagaland,2022,Kharif,Jute,1565.5014031760854
Meghalaya,2000,Rabi,Rapeseed &Mustard,663.7664889138366
Maharashtra,2006,Whole Year,Grapes,22422.057794550834
Tamil Nadu,2012,Kharif,Rice,2712.381368213244
Bihar,2023,Kharif,Arhar/Tur,1992.895962258126
Bihar,2010,Kharif,Sesamum,787.7247849882721
Assam,2026,Kharif,Maize,3591.6651102460846
Madhya Pradesh,2008,Whole Year,Coriander,417.8041501053793
Andhra Pradesh,2001,Whole Year,Mango,5569.946326607871
Chhattisgarh,2009,Rabi,Linseed,290.14908052133546
Chhattisgarh,2002,Kharif,Sunflower,384.4075646468545
Telangana,2024,Kharif,Small millets,2450.5276171133382
Karnataka,2003,Kharif,Castor seed,896.8862553735331
Andhra Pradesh,2020,Kharif,Groundnut,2387.8823183763047
Nagaland,2003,Whole Year,Potato,8520.547945205479
Jammu and Kashmir,2004,Rabi,Peas & beans (Pulses),755.3648068669528
Gujarat,2003,Whole Year,Banana,71893.6170212766
Meghalaya,2026,Autumn,Rice,2949.3116234402123
Puducherry,2008,Rabi,Sweet potato,1000.0
Telangana,2016,Kharif,Rice,3405.4428454007475
Telangana,2022,Kharif,Soyabean,1564.9152421023439
Uttar Pradesh,2023,Kharif,Groundnut,1142.4245662898334
West Bengal,2017,Kharif,Jute,14583.40613727523
Uttar Pradesh,2022,Rabi,Onion,16188.038634468616
Telangana,2024,Kharif,Ginger,5842.728346593476
Assam,2007,Rabi,Rapeseed &Mustard,523.4024974020886
Bihar,2019,Kharif,Urad,885.52520416784
Kerala,2005,Whole Year,Garlic,17000.0
Rajasthan,2020,Kharif,Groundnut,2030.3096982112495
Jammu and Kashmir,2011,Kharif,Onion,888.8888888888889
Arunachal Pradesh,2013,Kharif,Small millets,1047.5290186422792
Gujarat,2018,Kharif,Other Kharif pulses,570.3924121257206
Arunachal Pradesh,2002,Whole Year,Turmeric,3929.9610894941634
Jharkhand,2025,Kharif,Urad,10.000030933099065
Assam,2025,Rabi,Moong(Green Gram),744.1131503739488
Uttarakhand,2026,Whole Year,Garlic,7220.705648843387
Punjab,2010,Kharif,Urad,571.4285714285714
Telangana,2026,Rabi,Masoor,10.025062656641605
Haryana,2021,Kharif,Cotton(lint),3222.344941818835
Manipur,2018,Kharif,Maize,2140.9185803757828
Assam,2009,Kharif,Sesamum,567.2193110557512
Jammu and Kashmir,2005,Kharif,Sesamum,449.4853221502097
Rajasthan,2025,Kharif,Jowar,1569.5568520451102
Uttar Pradesh,2019,Kharif,Dry chillies,871.6320956669373
Bihar,2006,Autumn,Rice,1023.6667998756716
Arunachal Pradesh,2024,Kharif,Urad,1238.7299398674786
Madhya Pradesh,2022,Whole Year,Tobacco,399.98898860320435
Karnataka,2001,Whole Year,Dry chillies,654.6691045077615
Andhra Pradesh,2021,Rabi,Linseed,375.43575870820206
Rajasthan,2024,Kharif,Groundnut,1827.194767710105
Bihar,2003,Rabi,Other  Rabi pulses,742.874469375379
Tripura,2008,Kharif,Arhar/Tur,727.7327935222672
Andhra Pradesh,2002,Rabi,other oilseeds,1240.8204376888564
Karnataka,2009,Whole Year,Ginger,31491.335281129424
Andhra Pradesh,2025,Kharif,Bajra,2288.8914859240363
Uttarakhand,2002,Kharif,Arhar/Tur,479.6430563301729
Chhattisgarh,2025,Kharif,Mesta,1886.7943422205535
Maharashtra,2019,Kharif,Sunflower,352.57410296411854
Tripura,2013,Rabi,Wheat,2000.0
Nagaland,2011,Kharif,Small millets,944.7708578143361
Assam,2008,Kharif,Niger seed,509.9426131055652
Madhya Pradesh,2021,Kharif,Jowar,2038.0638538733356
Haryana,2023,Kharif,Sesamum,731.5421567831286
Nagaland,2024,Kharif,Cowpea(Lobia),1514.5739285515244
Puducherry,2016,Kharif,Jowar,2000.0
Tamil Nadu,2021,Kharif,Arhar/Tur,1178.2489149625067
Madhya Pradesh,2010,Kharif,Castor seed,463.8124362895005
Haryana,2015,Kharif,Sesamum,476.47058823529414
Jammu and Kashmir,2024,Kharif,Sugarcane,855.6675832569508
Uttar Pradesh,2014,Rabi,Onion,15298.972158467219
Karnataka,2017,Whole Year,Black pepper,656.7506826804572
Andhra Pradesh,2021,Kharif,Turmeric,6291.17768020897
Haryana,2012,Kharif,Groundnut,1178.4343821949349
Uttarakhand,2016,Kharif,Other Kharif pulses,928.4543517456154
Kerala,2023,Whole Year,Turmeric,3106.2091803318826
Karnataka,2002,Whole Year,Coriander,144.9577098243331
Andhra Pradesh,2002,Kharif,Rice,2396.060590688574
Karnataka,2024,Kharif,Arhar/Tur,644.8222675033202
Tamil Nadu,2013,Kharif,Ragi,2736.2135063403125
Haryana,2025,Rabi,other oilseeds,2047.3865657548986
Andhra Pradesh,2022,Kharif,Rice,3739.402970549214
Uttarakhand,2013,Rabi,Other  Rabi pulses,625.0
Madhya Pradesh,2004,Kharif,Groundnut,1136.998337238304
Bihar,2015,Rabi,Masoor,931.9420020571353
Andhra Pradesh,2012,Kharif,Linseed,481.042654028436
Manipur,2026,Whole Year,Dry chillies,14197.406738621325
Sikkim,2002,Kharif,Rice,1434.7532116294794
Mizoram,2025,Kharif,Soyabean,1603.918542624216
West Bengal,2008,Rabi,Safflower,771.4285714285714
West Bengal,2002,Rabi,Wheat,2189.3104724312325
Uttarakhand,2000,Kharif,Sunflower,1065.7276995305165
Andhra Pradesh,2023,Kharif,Groundnut,2400.4199191505318
Mizoram,2019,Whole Year,Sugarcane,31908.719346049045
Odisha,2019,Winter,Sugarcane,56422.66428252123
Assam,2023,Rabi,Arecanut,869.5766657456453
Madhya Pradesh,2000,Whole Year,Coriander,290.1113985534027
Tamil Nadu,2005,Whole Year,Coriander,305.0042730984712
Puducherry,2006,Summer,Cotton(lint),701.7543859649123
Madhya Pradesh,2021,Kharif,Mesta,352.82744822677296
Karnataka,2005,Rabi,Wheat,896.198552583654
Haryana,2005,Rabi,Barley,2798.0449103917263
Madhya Pradesh,2005,Kharif,Moong(Green Gram),304.68449084219895
Gujarat,2014,Kharif,Other Cereals,660.5657237936772
Gujarat,2008,Kharif,Groundnut,1367.9402918569679
Jammu and Kashmir,2008,Rabi,Other  Rabi pulses,418.8034188034188
Bihar,2017,Rabi,Lentil,992.7493794196793
Odisha,2013,Autumn,Groundnut,1093.166673564836
Jharkhand,2000,Rabi,Potato,19195.547699328035
Maharashtra,2006,Whole Year,Mango,5768.971132961594
Telangana,2014,Kharif,Sugarcane,87653.9762447888
West Bengal,2016,Whole Year,Banana,29580.088481409563
Tripura,2005,Rabi,Gram,760.233918128655
Telangana,2025,Kharif,Turmeric,9133.793560371321
Telangana,2017,Kharif,Groundnut,2188.184328287156
Andhra Pradesh,2010,Whole Year,Sugarcane,77935.28887127143
Andhra Pradesh,2004,Kharif,Ragi,1197.8120957044364
Bihar,2012,Kharif,Moong(Green Gram),812.5636672325976
Uttarakhand,2001,Rabi,Rapeseed &Mustard,640.6952098346757
Jammu and Kashmir,2000,Whole Year,Sugarcane,3309.5238095238096
Puducherry,2017,Kharif,Tapioca,20601.092896174865
Chhattisgarh,2019,Whole Year,Jowar,1289.4201424211597
Uttarakhand,2026,Whole Year,Sugarcane,73279.63167598301
Puducherry,2000,Whole Year,Banana,31514.644351464434
Tamil Nadu,2010,Whole Year,Mango,6560.195383271323
Manipur,2007,Rabi,Rapeseed &Mustard,444.44444444444446
Nagaland,2014,Kharif,Mesta,1108.695652173913
Madhya Pradesh,2023,Whole Year,Sannhamp,1479.088295894496
Maharashtra,2014,Kharif,Sesamum,201.00502512562815
Himachal Pradesh,2023,Rabi,Other  Rabi pulses,4854.126649383678
Assam,2018,Rabi,Urad,665.0686533257609
Andhra Pradesh,2016,Kharif,Tobacco,3888.95979578813
Bihar,2023,Kharif,Horse-gram,924.7528229509968
Karnataka,2021,Whole Year,Sweet potato,19235.027175715346
Jammu and Kashmir,2017,Kharif,Urad,338.14352574102963
Odisha,2026,Rabi,Linseed,495.30242810861364
Mizoram,2002,Rabi,Rapeseed &Mustard,720.019579050416
Maharashtra,2021,Rabi,Rapeseed &Mustard,411.06430281794064
Uttarakhand,2026,Kharif,Moth,550.3297383520226
West Bengal,2016,Rabi,Masoor,912.1084784067234
Meghalaya,2003,Rabi,Rapeseed &Mustard,643.530063729565
Kerala,2014,Whole Year,Banana,8806.364634461379
Karnataka,2009,Kharif,Urad,84.86787229947112
West Bengal,2001,Whole Year,Banana,23552.142710121592
Himachal Pradesh,2024,Rabi,Barley,1773.0417145852805
Jharkhand,2025,Kharif,Soyabean,763.1609522045085
Maharashtra,2009,Whole Year,Sugarcane,84878.026193941
Telangana,2026,Kharif,Tobacco,4192.070717283558
Arunachal Pradesh,2015,Kharif,Small millets,1040.0
Telangana,2024,Kharif,Moong(Green Gram),752.0707161717849
Himachal Pradesh,2017,Rabi,Rapeseed &Mustard,545.5200576507326
Madhya Pradesh,2006,Kharif,Moong(Green Gram),318.135708628045
Puducherry,2006,Rabi,Groundnut,2047.3457675753227
Gujarat,2004,Kharif,Groundnut,886.2042088854248
Gujarat,2026,Kharif,Sesamum,3535.3388808332766
Andhra Pradesh,2003,Kharif,Castor seed,453.29391746730147
West Bengal,2011,Rabi,Khesari,1032.6642901425914
Bihar,2008,Whole Year,Mango,6219.583246235513
Telangana,2025,Kharif,Small millets,2287.690778913038
Chhattisgarh,2024,Kharif,Sunflower,295.8529503332507
Punjab,2003,Rabi,Barley,3347.8260869565215
Mizoram,2004,Kharif,Maize,1865.8150229943792
Jammu and Kashmir,2018,Kharif,Urad,337.8945447910965
Haryana,2009,Whole Year,Garlic,8843.537414965986
Andhra Pradesh,2006,Whole Year,Sweet potato,8633.901705115346
Mizoram,2018,Kharif,Cotton(lint),558.1395348837209
Gujarat,2017,Rabi,Rapeseed &Mustard,1807.9163446895236
West Bengal,2006,Kharif,Urad,649.2844834045104
Meghalaya,2012,Rabi,Rapeseed &Mustard,934.974358974359
West Bengal,2026,Kharif,Urad,673.329419998927
Haryana,2023,Whole Year,Onion,27369.385216981747
Goa,2021,Kharif,Groundnut,2767.7358180650745
Gujarat,2000,Kharif,Arhar/Tur,337.2129600503303
Tamil Nadu,2009,Whole Year,Cashewnut,500.28775380390334
Gujarat,2009,Kharif,Moong(Green Gram),360.7250755287009
Bihar,2015,Rabi,Other  Rabi pulses,1009.6286107290234
West Bengal,2006,Whole Year,Sesamum,928.9132637020995
Bihar,2024,Whole Year,Sugarcane,78650.43941142
Assam,2014,Whole Year,Sweet potato,5288.588443586029
Uttar Pradesh,2024,Kharif,Urad,858.961553154636
Telangana,2018,Kharif,Cowpea(Lobia),797.7099236641221
Assam,2023,Whole Year,Potato,7689.607215672112
Nagaland,2022,Rabi,Rapeseed &Mustard,1144.9747191173833
Karnataka,2007,Whole Year,Sweet potato,8361.967440249395
West Bengal,2012,Kharif,Niger seed,690.4034229828851
Chhattisgarh,2026,Kharif,Mesta,2248.9890035024587
Jharkhand,2017,Rabi,Onion,18477.5086136432
Uttarakhand,2021,Kharif,Groundnut,1474.354991661489
Meghalaya,2012,Kharif,Cotton(lint),1152.9655172413793
West Bengal,2010,Autumn,Ragi,1181.6861706671223
Manipur,2017,Whole Year,Sugarcane,58000.0
Bihar,2004,Whole Year,Turmeric,987.6018420120439
Meghalaya,2017,Rabi,Small millets,950.7523939808482
Madhya Pradesh,2008,Rabi,Barley,1341.9936373276776
Uttarakhand,2019,Rabi,Masoor,1015.5182510247902
Madhya Pradesh,2004,Kharif,Soyabean,818.9999777314845
Chhattisgarh,2003,Kharif,Groundnut,1107.9905281127815
West Bengal,2025,Rabi,Wheat,2941.9847289074414
Puducherry,2000,Kharif,Moong(Green Gram),564.516129032258
Karnataka,2025,Kharif,Cowpea(Lobia),141.62675105350942
Himachal Pradesh,2008,Kharif,Dry chillies,310.9375
Jharkhand,2003,Autumn,Rice,681.0178648857195
Telangana,2009,Kharif,Maize,2918.978862594871
Mizoram,2022,Kharif,Maize,1667.7165825985169
Haryana,2001,Rabi,Mustard,1199.7092115960806
Assam,2005,Autumn,Rice,999.3999738900773
Manipur,2000,Whole Year,Sweet potato,3600.0
Madhya Pradesh,2025,Whole Year,Garlic,11656.72055616255
Manipur,2023,Rabi,Wheat,2533.221997963813
Meghalaya,2000,Whole Year,Dry chillies,633.1491712707183
Gujarat,2023,Kharif,Other Cereals,958.0747937170441
Himachal Pradesh,2008,Kharif,Moong(Green Gram),412.8440366972477
Tripura,2006,Rabi,Gram,727.2727272727273
Himachal Pradesh,2017,Kharif,Moth,647.0588235294117
Kerala,2015,Whole Year,Ragi,1187.5
Maharashtra,2021,Kharif,Other Kharif pulses,349.416382523818
Himachal Pradesh,2015,Kharif,Ragi,1033.0214639515684
Andhra Pradesh,2017,Kharif,Wheat,727.2727272727273
Kerala,2001,Kharif,Jowar,509.30392832529293
Punjab,2017,Kharif,Rice,4366.068515497553
Haryana,2025,Kharif,Bajra,2709.235816389685
Manipur,2011,Kharif,Groundnut,851.2667660208643
Andhra Pradesh,2003,Whole Year,Potato,9081.948640483384
Gujarat,2017,Rabi,Other  Rabi pulses,826.6544837488578
Nagaland,2008,Kharif,Sunflower,800.0
Haryana,2007,Rabi,Rapeseed &Mustard,1202.4580902065127
Jharkhand,2013,Autumn,Rice,854.7005218474959
Punjab,2001,Kharif,Bajra,1088.1781641360328
Assam,2012,Whole Year,Black pepper,1569.2438402718776
Puducherry,2021,Kharif,Sesamum,982.0359281437126
Arunachal Pradesh,2025,Kharif,Sesamum,997.2800389502167
Andhra Pradesh,2015,Kharif,Bajra,1767.4600078033554
Himachal Pradesh,2013,Kharif,Horse-gram,350.2857142857143
Karnataka,2016,Whole Year,Sweet potato,11987.00876908087
Sikkim,2002,Kharif,Other Kharif pulses,1196.551724137931
Andhra Pradesh,2002,Kharif,Jowar,975.6061485248774
Odisha,2022,Autumn,Maize,2544.18773726704
Puducherry,2003,Kharif,Cotton(lint),3856.5121412803533
Karnataka,2014,Kharif,Moong(Green Gram),196.37121547949573
Jharkhand,2018,Rabi,Rapeseed &Mustard,695.1273574748894
West Bengal,2009,Kharif,Cotton(lint),2530.6439100077578
Nagaland,2016,Rabi,Gram,826.6666666666666
Assam,2008,Rabi,Peas & beans (Pulses),619.0135128682615
Punjab,2013,Rabi,Gram,1247.3684210526317
Haryana,2008,Kharif,Moong(Green Gram),452.01668984700973
Uttarakhand,2024,Kharif,Other Kharif pulses,1244.6893915160701
Telangana,2007,Kharif,Soyabean,1342.3293112104377
Jammu and Kashmir,2026,Rabi,Onion,1157.1260754992538
Chhattisgarh,2025,Whole Year,Turmeric,1125.5647837417275
Chhattisgarh,2009,Kharif,Mesta,1723.8095238095239
Gujarat,2004,Rabi,Other  Rabi pulses,405.4054054054054
Chhattisgarh,2005,Rabi,Other  Rabi pulses,166.60298051203668
Himachal Pradesh,2026,Rabi,Gram,1034.183101938287
Tripura,2026,Rabi,Masoor,821.3450421428886
Chhattisgarh,2011,Kharif,Rice,1599.2647898663545
Jammu and Kashmir,2011,Kharif,Ginger,1343.75
Jharkhand,2023,Kharif,Soyabean,772.7769132483379
Meghalaya,2026,Rabi,Other  Rabi pulses,818.9579967272858
Manipur,2009,Kharif,Cowpea(Lobia),848.6486486486486
Madhya Pradesh,2024,Kharif,Arhar/Tur,1088.6851160462418
Kerala,2026,Whole Year,Onion,10.110020814748735
Nagaland,2002,Kharif,Rice,1489.3333333333333
Puducherry,2006,Kharif,Banana,32426.22950819672
Nagaland,2021,Kharif,Jowar,818.9645701730293
Goa,2017,Rabi,Other  Rabi pulses,867.1655753040225
Madhya Pradesh,2025,Rabi,Other  Rabi pulses,782.1317963973918
Telangana,2008,Kharif,Jowar,1303.9105520840315
West Bengal,2005,Kharif,Bajra,345.45454545454544
Kerala,2013,Whole Year,Potato,19559.947299077732
Uttar Pradesh,2024,Kharif,Guar seed,712.1530490378311
Karnataka,2016,Kharif,Arhar/Tur,998.7238803265021
Himachal Pradesh,2013,Kharif,Other Kharif pulses,884.4112443483389
Tamil Nadu,2008,Whole Year,Horse-gram,470.44626695568616
West Bengal,2012,Autumn,Sesamum,610.9215017064846
Karnataka,2022,Kharif,Rice,3010.2280373011617
Jammu and Kashmir,2014,Kharif,Sesamum,411.67192429022083
Kerala,2026,Whole Year,Potato,11134.435309389875
Delhi,2008,Kharif,Jowar,965.0400582665695
Madhya Pradesh,2023,Kharif,Niger seed,435.7508998002177
Assam,2007,Rabi,Urad,531.2614259597806
Puducherry,2009,Kharif,Tapioca,27971.07438016529
Bihar,2013,Kharif,Arhar/Tur,1666.7733382097467
Nagaland,2007,Kharif,Other Kharif pulses,995.1040391676867
Arunachal Pradesh,2007,Kharif,Small millets,870.7638515330823
Assam,2026,Kharif,Niger seed,574.3990226410417
Mizoram,2025,Kharif,Peas & beans (Pulses),10.000833402783567
Mizoram,2023,Kharif,Arhar/Tur,1097.0651588583737
Assam,2024,Autumn,Rice,2389.8156278059423
Gujarat,2017,Kharif,Ragi,896.1279461279461
Himachal Pradesh,2016,Kharif,Other Kharif pulses,286.62420382165607
Maharashtra,2004,Kharif,Groundnut,1035.199076745528
Arunachal Pradesh,2014,Rabi,Wheat,1973.6842105263158
Madhya Pradesh,2002,Rabi,Mustard,1182.7737881195562
Kerala,2007,Whole Year,Sugarcane,53209.62888665998
Maharashtra,2015,Kharif,Sunflower,131.66414849989206
Karnataka,2012,Rabi,Safflower,627.795262547623
Haryana,2021,Rabi,Barley,4184.805967820698
Jammu and Kashmir,2009,Kharif,Groundnut,666.6666666666666
Madhya Pradesh,2011,Kharif,Cotton(lint),1869.9003660485882
Manipur,2026,Kharif,Maize,2520.345042411463
Odisha,2020,Rabi,Mustard,1654.8357365426095
Chhattisgarh,2011,Kharif,Jowar,768.0615500093826
Karnataka,2018,Kharif,Arhar/Tur,606.1069533792962
Maharashtra,2022,Kharif,Bajra,474.0093783436435
Kerala,2017,Whole Year,Maize,2264.364562694594
Uttarakhand,2013,Rabi,Linseed,500.0
Puducherry,2009,Rabi,Other  Rabi pulses,1000.0
Delhi,2018,Rabi,Gram,2000.0
Madhya Pradesh,2006,Rabi,Peas & beans (Pulses),442.4706838499942
Karnataka,2017,Whole Year,Mango,6980.877136304419
West Bengal,2025,Kharif,Cotton(lint),3694.136029878808
Uttarakhand,2002,Rabi,Masoor,445.4363019860217
Chhattisgarh,2012,Kharif,Niger seed,177.32382448930255
Nagaland,2023,Kharif,Horse-gram,1166.829724786252
Assam,2021,Rabi,Gram,593.4603718126982
Nagaland,2021,Kharif,Sunflower,486.284980825912
Jammu and Kashmir,2002,Rabi,Gram,587.719298245614
Karnataka,2007,Kharif,Soyabean,814.9924905026946
Maharashtra,2010,Whole Year,Grapes,22292.84256491235
Nagaland,2015,Rabi,Wheat,1830.7692307692307
Odisha,2001,Rabi,Masoor,369.73833902161545
Arunachal Pradesh,2026,Whole Year,Potato,6911.067861283214
Odisha,2008,Autumn,Sesamum,136.61971830985917
Uttarakhand,2020,Kharif,other oilseeds,692.3076923076923
Kerala,2024,Whole Year,Soyabean,10.610079575596817
Karnataka,2018,Whole Year,Tapioca,13289.763779527559
Tripura,2004,Kharif,Arhar/Tur,673.1937879810938
Tamil Nadu,2006,Whole Year,Turmeric,5745.151991614256
Telangana,2010,Kharif,Arhar/Tur,1017.1371254225006
Madhya Pradesh,2024,Whole Year,Garlic,12702.063611123474
Haryana,2013,Rabi,Barley,3871.7948717948716
Uttar Pradesh,2003,Whole Year,Potato,21593.810265371347
Punjab,2010,Rabi,Potato,19969.097733180668
Bihar,2003,Rabi,Gram,978.47414158014
Chhattisgarh,2005,Kharif,Soyabean,895.1373303409213
Nagaland,2021,Kharif,Cowpea(Lobia),1445.1301919091811
Delhi,2024,Kharif,Other Kharif pulses,2447.878488863829
Assam,2019,Kharif,Maize,3494.813844306147
Meghalaya,2000,Rabi,Linseed,444.44444444444446
Uttarakhand,2004,Rabi,Gram,776.4277035236938
Jammu and Kashmir,2011,Kharif,Cowpea(Lobia),500.0
Nagaland,2012,Rabi,Rapeseed &Mustard,1009.2013249907986
West Bengal,2020,Rabi,Onion,19052.228858825343
Karnataka,2007,Kharif,Rice,2654.56134577818
Goa,2016,Rabi,Other  Rabi pulses,1008.5291557876415
Karnataka,2007,Whole Year,Sugarcane,84759.57392765497
West Bengal,2011,Kharif,Other Kharif pulses,431.06457242582894
Sikkim,2015,Rabi,Rapeseed &Mustard,852.9250956806999
Haryana,2003,Rabi,Mustard,1178.6590443413031
West Bengal,2008,Rabi,Horse-gram,495.5192409066948
Assam,2006,Rabi,Wheat,1131.6032430799187
West Bengal,2026,Kharif,Jute,21125.77698503156
Meghalaya,2017,Rabi,Arecanut,1317.2057773628426
Puducherry,2002,Rabi,Urad,406.4039408866995
Jharkhand,2006,Autumn,Rice,1385.0896111608324
Andhra Pradesh,2009,Kharif,Maize,1986.1788909621548
Himachal Pradesh,2025,Rabi,Rapeseed &Mustard,512.3241107690384
Uttar Pradesh,2021,Rabi,Rapeseed &Mustard,1247.5871310689688
Assam,2000,Whole Year,Sugarcane,36898.386132695756
Manipur,2000,Whole Year,Sugarcane,32662.162162162163
Haryana,2025,Kharif,Urad,738.8577104065417
West Bengal,2019,Autumn,Rice,2392.0214200050204
Jammu and Kashmir,2006,Kharif,Potato,6706.411698537683
Puducherry,2026,Kharif,Sesamum,1201.7050024127393
Karnataka,2026,Kharif,Arhar/Tur,861.1940557396382
Assam,2005,Rabi,Moong(Green Gram),456.33652822151225
Bihar,2009,Rabi,Wheat,2081.1139181644708
Assam,2006,Whole Year,Sugarcane,39634.09321365531
Telangana,2017,Rabi,Sweet potato,7748.743718592965
Puducherry,2007,Summer,Other  Rabi pulses,916.6666666666666
Jammu and Kashmir,2013,Rabi,Wheat,1588.9493125384772
Uttarakhand,2013,Whole Year,Sugarcane,56915.35131785275
Assam,2007,Whole Year,Sweet potato,3512.720439433362
Jammu and Kashmir,2015,Kharif,Cowpea(Lobia),200.78740157480314
Jharkhand,2017,Rabi,Rapeseed &Mustard,715.1338327132063
Meghalaya,2014,Whole Year,Turmeric,6228.537360890302
Tamil Nadu,2016,Kharif,Sesamum,394.4114037571982
Uttar Pradesh,2013,Rabi,Garlic,5859.014984693055
Chhattisgarh,2005,Kharif,Niger seed,168.4524300118135
Madhya Pradesh,2007,Rabi,Khesari,585.0043761548186
Jharkhand,2002,Autumn,Ragi,1236.2840883984948
Telangana,2015,Kharif,Maize,2556.1073104589836
Punjab,2014,Rabi,Mustard,1487.303126516429
Manipur,2007,Kharif,Cotton(lint),333.3333333333333
West Bengal,2008,Kharif,Jute,13474.967393425282
Uttarakhand,2025,Kharif,Bajra,791.4396887159534
Meghalaya,2012,Whole Year,Sugarcane,2947.3684210526317
Tripura,2015,Kharif,Rice,2881.752394679158
Chhattisgarh,2023,Whole Year,Bajra,9634.136488926908
Karnataka,2009,Kharif,Soyabean,448.56495797221373
Gujarat,2014,Kharif,Rice,2189.854626214451
Punjab,2017,Whole Year,Sugarcane,83583.33333333333
Jammu and Kashmir,2024,Kharif,Jowar,621.9665906153773
Sikkim,2009,Rabi,Barley,920.0
Himachal Pradesh,2022,Kharif,Ragi,769.8891350159803
Maharashtra,2011,Rabi,Gram,797.6002232350479
Bihar,2007,Rabi,Safflower,800.0
Maharashtra,2014,Kharif,Turmeric,5791.824509307496
Chhattisgarh,2003,Kharif,Rice,1454.0756418399412
Odisha,2019,Rabi,Peas & beans (Pulses),767.065868263473
Uttar Pradesh,2018,Rabi,Wheat,3859.589078622957
Uttar Pradesh,2003,Kharif,Moong,637.3959253119327
Andhra Pradesh,2021,Kharif,Oilseeds total,4306.342277765791
Madhya Pradesh,2007,Whole Year,Garlic,4209.4943432799655
Punjab,2001,Rabi,Masoor,697.6744186046511
Telangana,2025,Kharif,Arhar/Tur,1637.7698070794518
Chhattisgarh,2025,Rabi,Other  Rabi pulses,196.4922025041168
Kerala,2007,Whole Year,Ginger,3578.7930062041737
Nagaland,2013,Rabi,Gram,837.8378378378378
Madhya Pradesh,2011,Kharif,Soyabean,1123.9999715892407
Odisha,2022,Kharif,Jowar,753.2156757115475
Chhattisgarh,2016,Kharif,Small millets,292.64492199449376
Karnataka,2011,Kharif,Sunflower,432.41741537106736
Karnataka,2004,Kharif,Bajra,597.2416879911025
Karnataka,2021,Kharif,Soyabean,1075.7809688964626
Maharashtra,2021,Kharif,Cotton(lint),2062.308984028855
Jammu and Kashmir,2011,Kharif,Sannhamp,709.3023255813954
Telangana,2008,Kharif,Soyabean,1242.6269012885914
Himachal Pradesh,2001,Whole Year,Onion,9932.553956834532
Andhra Pradesh,2010,Whole Year,Ginger,9326.051779935275
Nagaland,2000,Kharif,Groundnut,1142.857142857143
Tamil Nadu,2002,Whole Year,Banana,36952.96400984747
Puducherry,2016,Kharif,Urad,1400.0
Haryana,2024,Rabi,Rapeseed &Mustard,2337.512769456226
Sikkim,2021,Kharif,Urad,862.3011696097597
Chhattisgarh,2012,Kharif,Sesamum,291.00340741494176
Jammu and Kashmir,2021,Rabi,Onion,1322.3081653127933
Jammu and Kashmir,2024,Kharif,Moong(Green Gram),579.1876544607316
Madhya Pradesh,2001,Whole Year,Coriander,365.93640665812075
Nagaland,2011,Kharif,Sesamum,600.0
Andhra Pradesh,2001,Whole Year,Banana,15074.44512641812
Arunachal Pradesh,2012,Kharif,Small millets,1032.4145534729878
Haryana,2014,Kharif,Arhar/Tur,1016.6666666666666
Assam,2023,Rabi,Peas & beans (Pulses),1149.3997339405366
Telangana,2026,Rabi,Rapeseed &Mustard,2445.548954199031
Haryana,2002,Whole Year,Onion,22374.145431945308
Meghalaya,2004,Rabi,Other  Rabi pulses,782.2158820732287
Punjab,2007,Kharif,Guar seed,831.0502283105022
Nagaland,2015,Rabi,Potato,10005.47195622435
Uttarakhand,2001,Kharif,Arhar/Tur,544.4674250258531
Uttarakhand,2019,Whole Year,Tobacco,2000.0
Meghalaya,2006,Kharif,Mesta,4560.0
Madhya Pradesh,2003,Rabi,Wheat,1803.702352601414
Andhra Pradesh,2026,Kharif,Cotton(lint),2425.768467392063
Jammu and Kashmir,2016,Kharif,Cotton(lint),500.0
Telangana,2025,Kharif,Jowar,1784.920449365104
Uttar Pradesh,2004,Rabi,Turmeric,1737.766624843162
Bihar,2023,Whole Year,Turmeric,1082.411376561272
Gujarat,2006,Kharif,Rice,1594.2647956070775
Puducherry,2010,Rabi,Other  Rabi pulses,826.0869565217391
Karnataka,2004,Whole Year,Potato,6946.088530334829
Odisha,2019,Summer,Wheat,1389.8305084745762
Andhra Pradesh,2016,Kharif,Safflower,750.0
Mizoram,2021,Kharif,Soyabean,1368.313536844533
Chhattisgarh,2021,Kharif,Rice,2191.906615853465
Karnataka,2000,Kharif,Urad,386.28121050781806
Uttar Pradesh,2006,Rabi,Mustard,1413.811545211126
Sikkim,2016,Kharif,Soyabean,974.488188976378
Tamil Nadu,2021,Kharif,Castor seed,376.76576189849953
Chhattisgarh,2006,Kharif,Jowar,983.7490551776266
Jammu and Kashmir,2001,Kharif,Bajra,593.6187458551323
Uttar Pradesh,2014,Summer,Banana,45111.83941007784
Uttarakhand,2009,Kharif,Soyabean,1651.7533252720677
Madhya Pradesh,2011,Whole Year,Coriander,445.9990259267927
Chhattisgarh,2008,Whole Year,Sannhamp,336.12273361227335
Telangana,2024,Kharif,Other Kharif pulses,298.710296312087
Uttarakhand,2008,Kharif,other oilseeds,511.9047619047619
Nagaland,2025,Kharif,Jowar,785.0361360617177
Gujarat,2022,Kharif,Rice,2402.4985883278378
Uttarakhand,2020,Rabi,Peas & beans (Pulses),840.6180117910144
Tripura,2026,Rabi,other oilseeds,782.1004415919251
Rajasthan,2026,Rabi,Wheat,5375.10520895728
Tamil Nadu,2009,Whole Year,Tobacco,1523.3300241100553
Tripura,2010,Kharif,Groundnut,1077.3809523809523
Uttar Pradesh,2000,Kharif,Urad,416.2205941220827
Odisha,2007,Autumn,Jute,8565.830182193193
Chhattisgarh,2016,Rabi,Peas & beans (Pulses),400.3109760407096
Punjab,2000,Rabi,Potato,18776.979957369396
Andhra Pradesh,2016,Kharif,Jowar,1435.834502103787
Meghalaya,2015,Rabi,Rapeseed &Mustard,967.3002248109544
Uttarakhand,2001,Kharif,Bajra,1295.4545454545455
Chhattisgarh,2004,Kharif,Sesamum,301.01725629092704
Andhra Pradesh,2005,Kharif,Sesamum,204.95064464141822
West Bengal,2004,Rabi,Khesari,949.4692992467474
Chhattisgarh,2015,Kharif,Maize,1881.002880749628
Nagaland,2007,Kharif,Sunflower,970.0
Odisha,2022,Winter,Sugarcane,66865.96222429913
Tamil Nadu,2023,Whole Year,Cashewnut,6296.955244745592
Goa,2026,Whole Year,Sweet potato,726.2999498411637
Meghalaya,2019,Whole Year,Coriander,3928.5714285714284
Uttar Pradesh,2026,Rabi,Garlic,6986.136624652914
Maharashtra,2015,Rabi,Onion,17894.74913753756
Jammu and Kashmir,2005,Kharif,Barley,270.27027027027026
Karnataka,2025,Kharif,Rice,2874.4340575566
Goa,2015,Whole Year,Banana,11309.859154929578
Kerala,2021,Kharif,Other Kharif pulses,2149.1356415252653
Karnataka,2015,Kharif,Jowar,1139.9587542248278
Jharkhand,2006,Rabi,Rapeseed &Mustard,665.875773239556
West Bengal,2008,Whole Year,Potato,10677.181001137362
Kerala,2018,Whole Year,Maize,1389.8207610466789
Madhya Pradesh,2009,Whole Year,Coriander,468.48948984882935
Meghalaya,2017,Kharif,Mesta,5895.525727069351
Meghalaya,2022,Kharif,Maize,2717.2235530897397
Chhattisgarh,2006,Whole Year,Tobacco,1000.0
Maharashtra,2005,Kharif,Other Kharif pulses,324.18162618796197
Gujarat,2018,Kharif,Ragi,804.2354510588627
Chhattisgarh,2025,Rabi,Peas & beans (Pulses),370.15505816433404
Tripura,2023,Whole Year,Sugarcane,62889.3115705132
Karnataka,2022,Whole Year,Tobacco,971.9704190795452
Gujarat,2005,Whole Year,Guar seed,574.6943115364168
Uttar Pradesh,2003,Rabi,Gram,1037.046348107122
Andhra Pradesh,2016,Kharif,Cowpea(Lobia),520.1058201058202
Tamil Nadu,2003,Kharif,Ginger,14174.683544303798
Uttarakhand,2019,Kharif,Moth,555.5555555555555
Madhya Pradesh,2019,Kharif,Arhar/Tur,1102.9994340690437
Uttarakhand,2020,Kharif,Moth,571.4285714285714
Nagaland,2017,Rabi,Rapeseed &Mustard,1012.3861566484517
Uttarakhand,2005,Rabi,Barley,715.3714773697694
Puducherry,2010,Kharif,Sunflower,1000.0
Maharashtra,2026,Summer,Other Summer Pulses,59.54983608361061
Gujarat,2001,Whole Year,Tobacco,1699.4152046783627
Andhra Pradesh,2018,Kharif,Bajra,1013.3766481941525
Assam,2013,Rabi,Gram,697.515830491963
Tripura,2006,Kharif,Groundnut,1055.8252427184466
Himachal Pradesh,2008,Kharif,Sugarcane,22698.03250641574
Uttar Pradesh,2000,Kharif,Jowar,948.3977929176489
Gujarat,2016,Kharif,Groundnut,1629.2829780755894
Maharashtra,2010,Kharif,Cotton(lint),1895.6594535630027
Meghalaya,2002,Kharif,Castor seed,521.7391304347826
Uttar Pradesh,2024,Rabi,Rapeseed &Mustard,1097.2944195174498
Telangana,2023,Kharif,Dry chillies,7420.717071600493
Puducherry,2008,Kharif,Small millets,1000.0
Tamil Nadu,2006,Whole Year,Sesamum,519.3067801763453
Assam,2016,Kharif,Maize,2911.275651868637
Madhya Pradesh,2011,Kharif,Rice,1342.430536648573
Uttarakhand,2007,Whole Year,Garlic,6928.687196110211
Arunachal Pradesh,2003,Kharif,Maize,1411.9932651210984
Kerala,2016,Whole Year,Sesamum,330.1622831561276
Manipur,2014,Kharif,Other Kharif pulses,1125.4826254826255
Meghalaya,2016,Rabi,Tobacco,989.9623588456712
West Bengal,2014,Rabi,Horse-gram,518.350930115636
Jharkhand,2019,Kharif,Sesamum,380.5612594113621
Himachal Pradesh,2000,Kharif,Other Kharif pulses,417.7888022678951
Haryana,2001,Kharif,Jowar,211.91746777891228
Uttar Pradesh,2011,Rabi,Wheat,3277.359818726461
Uttar Pradesh,2012,Rabi,Peas & beans (Pulses),1494.0411101564737
Punjab,2013,Rabi,Mustard,1443.0614084525805
Puducherry,2013,Kharif,Small millets,1000.0
Uttar Pradesh,2022,Rabi,Turmeric,1801.4882248169404
Tamil Nadu,2021,Whole Year,Dry chillies,673.9314418117191
Bihar,2024,Whole Year,Sweet potato,19776.794925393784
Tamil Nadu,2019,Whole Year,Tobacco,1463.208685162847
Chhattisgarh,2010,Kharif,Moong(Green Gram),289.2408519934462
Assam,2004,Kharif,Niger seed,513.9747995418098
Jammu and Kashmir,2015,Kharif,Horse-gram,348.9583333333333
Maharashtra,2025,Whole Year,Sugarcane,73321.62629584316
Uttarakhand,2000,Rabi,Masoor,533.4205362982342
Bihar,2008,Rabi,Linseed,845.9760372924452
Tripura,2005,Kharif,Other Kharif pulses,680.8769792935444
Nagaland,2003,Kharif,Cotton(lint),75.0
Karnataka,2026,Kharif,Cowpea(Lobia),163.27521815269534
Manipur,2000,Whole Year,Banana,12859.649122807017
Madhya Pradesh,2009,Whole Year,Onion,15356.00477019022
Odisha,2001,Whole Year,Tobacco,630.2816901408451
Odisha,2026,Rabi,Safflower,614.5038602564395
Tamil Nadu,2018,Whole Year,Sweet potato,26975.60975609756
Meghalaya,2016,Rabi,Wheat,1925.438596491228
West Bengal,2019,Whole Year,Mango,7514.290869210166
Uttarakhand,2021,Kharif,Soyabean,1119.8307410795974
Gujarat,2011,Whole Year,Mango,7086.898845759714
Jharkhand,2021,Kharif,Soyabean,758.4389688078621
Chhattisgarh,2003,Whole Year,Potato,4814.039890496676
Puducherry,2013,Kharif,Jowar,2000.0
Karnataka,2005,Rabi,Linseed,333.2826516648928
Chhattisgarh,2008,Rabi,Barley,899.120050282841
Uttarakhand,2023,Rabi,Barley,1543.4457087402745
Andhra Pradesh,2008,Kharif,Maize,3147.6728746110407
West Bengal,2004,Rabi,Safflower,1102.6252983293557
Andhra Pradesh,2012,Kharif,Dry chillies,3631.25
Chhattisgarh,2026,Kharif,Arhar/Tur,624.5990822685932
Kerala,2005,Whole Year,Rubber,1353.6251256003466
Uttar Pradesh,2018,Kharif,Cotton(lint),342.691700298298
Odisha,2003,Rabi,Rapeseed &Mustard,192.68246683849878
West Bengal,2025,Kharif,Mesta,9299.866108965245
Uttarakhand,2015,Whole Year,Turmeric,1773.469387755102
Madhya Pradesh,2015,Kharif,Soyabean,752.9610829103215
Haryana,2009,Kharif,Bajra,1592.9867473779952
Puducherry,2013,Kharif,Groundnut,3000.0
Kerala,2014,Whole Year,Rubber,1539.8760214926208
Assam,2019,Kharif,Arhar/Tur,864.4939965694683
Karnataka,2022,Kharif,Jowar,1237.168433109304
Punjab,2021,Rabi,Mustard,1770.124707006233
Manipur,2015,Kharif,Other Kharif pulses,1122.1423905943827
Karnataka,2025,Whole Year,Tapioca,11204.173938955344
Odisha,2023,Winter,Sugarcane,61827.23744423527
Maharashtra,2014,Kharif,Ragi,1066.3082437275987
West Bengal,2025,Whole Year,Cardamom,6941.5420891786935
Haryana,2016,Kharif,Arhar/Tur,742.8571428571429
Jammu and Kashmir,2024,Kharif,Small millets,408.02384514308795
Odisha,2011,Summer,Horse-gram,300.0
Haryana,2014,Kharif,Urad,384.61538461538464
Tripura,2018,Kharif,Small millets,799.3138936535163
Uttar Pradesh,2017,Rabi,Coriander,521.5022091310751
Tamil Nadu,2000,Whole Year,Onion,8915.800415800415
Jammu and Kashmir,2024,Rabi,Onion,1037.4552707221212
Andhra Pradesh,2012,Kharif,Coriander,646.5284039675383
Chhattisgarh,2011,Rabi,Safflower,280.9224318658281
Madhya Pradesh,2013,Kharif,Maize,1744.9999354186457
Uttarakhand,2022,Rabi,Other  Rabi pulses,960.3502558048012
Chhattisgarh,2018,Whole Year,Turmeric,962.1818181818181
Madhya Pradesh,2010,Whole Year,Sesamum,492.99995005909676
Telangana,2014,Rabi,Rapeseed &Mustard,1757.7639751552795
Bihar,2012,Rabi,Wheat,2796.6883241593982
Jammu and Kashmir,2022,Kharif,Potato,9758.43239003198
Arunachal Pradesh,2021,Kharif,Arhar/Tur,960.896066809052
Maharashtra,2002,Rabi,Rapeseed &Mustard,280.24691358024694
Chhattisgarh,2003,Kharif,Maize,1370.0025361399948
Assam,2003,Kharif,Niger seed,513.0809479839951
Karnataka,2020,Whole Year,Tomato,25213.61735551014
Sikkim,2019,Rabi,Rapeseed &Mustard,876.1570379827641
Telangana,2015,Kharif,Coriander,727.2727272727273
Uttar Pradesh,2016,Rabi,Onion,13927.987839635189
Uttarakhand,2004,Kharif,Sesamum,229.97542997543
Uttarakhand,2000,Kharif,Sesamum,163.7037037037037
Karnataka,2013,Whole Year,Cashewnut,891.7138510281223
West Bengal,2002,Kharif,Urad,654.3940795559666
Jammu and Kashmir,2018,Kharif,Masoor,552.3809523809524
Jharkhand,2021,Rabi,Rapeseed &Mustard,851.1359522720228
Chhattisgarh,2023,Kharif,Groundnut,1360.2005692886821
Chhattisgarh,2018,Kharif,Small millets,342.2599267628393
Manipur,2026,Rabi,Gram,1209.2143795973898
West Bengal,2025,Rabi,Linseed,390.1434876828452
Jharkhand,2020,Kharif,Rice,3880.7702977092576
Chhattisgarh,2004,Whole Year,Potato,5630.005640157924
West Bengal,2013,Kharif,Jowar,280.0
Madhya Pradesh,2008,Rabi,Gram,980.0000418263329
Meghalaya,2004,Kharif,Castor seed,625.0
Andhra Pradesh,2007,Kharif,Dry chillies,3655.1724137931033
Gujarat,2026,Kharif,Soyabean,1701.9461373583395
Punjab,2026,Kharif,Arhar/Tur,1154.4706621822022
Karnataka,2017,Whole Year,Tobacco,935.2004278030009
West Bengal,2003,Kharif,Jute,13485.557387644842
West Bengal,2007,Rabi,Onion,17849.675891732906
Uttar Pradesh,2000,Kharif,Jute,833.3333333333334
Himachal Pradesh,2014,Kharif,Sesamum,324.8248248248248
Mizoram,2001,Kharif,Rice,1891.7859699355763
Gujarat,2013,Whole Year,Potato,26559.03863613437
Telangana,2002,Kharif,Soyabean,980.4039059685862
Uttar Pradesh,2006,Rabi,Turmeric,3400.6153846153848
Bihar,2004,Rabi,Barley,1054.0758676351898
Assam,2025,Whole Year,Dry chillies,947.6754425434676
Haryana,2000,Kharif,Bajra,1078.3780273901443
Himachal Pradesh,2006,Kharif,Small millets,679.6363150153763
Telangana,2018,Kharif,Potato,3000.0
Puducherry,2000,Kharif,Ragi,2208.0
Maharashtra,2015,Whole Year,Sugarcane,70140.20869212845
Madhya Pradesh,2019,Whole Year,Ginger,15953.42137938162
Delhi,2002,Kharif,Jowar,432.97746144721236
Punjab,2012,Rabi,Peas & beans (Pulses),1333.3333333333333
Jharkhand,2025,Kharif,Horse-gram,638.0732666338506
Odisha,2000,Whole Year,Tobacco,461.53846153846155
Uttarakhand,2022,Whole Year,Garlic,5770.886315210667
Odisha,2011,Autumn,Ragi,636.2962230571485
Bihar,2007,Rabi,Linseed,824.9172937797651
Mizoram,2012,Kharif,Arhar/Tur,975.609756097561
Manipur,2023,Rabi,Other  Rabi pulses,1033.635125544281
Madhya Pradesh,2018,Kharif,Horse-gram,377.4298056155508
Andhra Pradesh,2014,Rabi,Wheat,800.0
Chhattisgarh,2013,Kharif,Urad,310.35257370245176
Maharashtra,2022,Whole Year,Tobacco,1900.8389869501796
Andhra Pradesh,2026,Kharif,Arhar/Tur,622.1199044472773
Odisha,2002,Kharif,Other Kharif pulses,503.1746031746032
Assam,2009,Kharif,Small millets,518.5303514376997
Jammu and Kashmir,2002,Kharif,Moong(Green Gram),466.41509433962267
Maharashtra,2017,Kharif,Groundnut,1151.0087680896572
Tamil Nadu,2018,Kharif,Ragi,3144.719503838923
Arunachal Pradesh,2022,Kharif,Urad,1178.506592338584
Madhya Pradesh,2004,Whole Year,Turmeric,956.1933534743202
Puducherry,2005,Kharif,Sesamum,643.939393939394
Himachal Pradesh,2006,Kharif,Groundnut,761.9047619047619
West Bengal,2015,Kharif,Sunflower,1302.0069204152248
Andhra Pradesh,2023,Kharif,Dry chillies,4569.655418118146
Assam,2024,Whole Year,Banana,16771.81264367158
Assam,2002,Whole Year,Tobacco,488.22463768115944
Sikkim,2008,Kharif,Urad,877.639751552795
Tamil Nadu,2023,Whole Year,Tapioca,34201.2607508185
Chhattisgarh,2018,Rabi,Linseed,271.0059171597633
Chhattisgarh,2015,Rabi,Castor seed,314.81481481481484
Uttarakhand,2014,Rabi,Gram,855.2412645590682
Sikkim,2025,Rabi,Barley,895.8789204959884
Karnataka,2016,Whole Year,Cashewnut,564.8957422899239
Uttarakhand,2013,Kharif,Rice,2234.2089172696683
Delhi,2009,Kharif,Rice,2786.688168890192
Telangana,2022,Rabi,Garlic,3637.3893529485103
Madhya Pradesh,2015,Rabi,Sunflower,1000.0
Sikkim,2010,Kharif,Soyabean,892.6190476190476
Uttarakhand,2012,Kharif,Arhar/Tur,776.7680758593441
Karnataka,2014,Kharif,Bajra,1061.086948170849
Chhattisgarh,2012,Whole Year,Sweet potato,5594.889139421271
Madhya Pradesh,2011,Kharif,Maize,1551.0004782693716
Haryana,2019,Whole Year,Onion,25703.945429281233
Uttar Pradesh,2014,Kharif,Dry chillies,824.4372506210947
Himachal Pradesh,2010,Kharif,Urad,453.2029950083195
Maharashtra,2004,Rabi,Other  Rabi pulses,309.2105263157895
Odisha,2008,Summer,Horse-gram,265.9574468085106
Haryana,2008,Kharif,Groundnut,906.7357512953367
Mizoram,2010,Kharif,Tapioca,3884.8920863309354
Himachal Pradesh,2010,Kharif,Arhar/Tur,333.3333333333333
Odisha,2017,Summer,Wheat,2164.3835616438355
Nagaland,2016,Kharif,Castor seed,676.4705882352941
Meghalaya,2025,Whole Year,Potato,8400.067171692299
West Bengal,2022,Kharif,Moong(Green Gram),805.5070090037332
Nagaland,2011,Kharif,Soyabean,1251.733986128111
Nagaland,2018,Kharif,Other Kharif pulses,1222.1223021582734
Meghalaya,2024,Kharif,Maize,2724.1409930945147
Maharashtra,2022,Kharif,Castor seed,325.4275039185616
Meghalaya,2008,Kharif,Castor seed,586.2068965517242
Tamil Nadu,2015,Kharif,Sesamum,668.0864829891626
Maharashtra,2002,Rabi,Other  Rabi pulses,396.9298245614035
Uttar Pradesh,2021,Kharif,Sugarcane,74657.41196950905
Jammu and Kashmir,2007,Rabi,Coriander,111.11111111111111
West Bengal,2008,Rabi,Rapeseed &Mustard,764.4586024320707
Bihar,2011,Whole Year,Banana,25263.889441829786
Maharashtra,2017,Summer,other oilseeds,281.80354267310787
Andhra Pradesh,2003,Rabi,Linseed,262.65962131219726
Maharashtra,2015,Kharif,Niger seed,150.9296685529507
Jammu and Kashmir,2022,Kharif,Groundnut,739.8081534772182
Himachal Pradesh,2010,Kharif,Other Kharif pulses,286.7247007616975
Haryana,2012,Whole Year,Turmeric,923.3449477351917
Delhi,2005,Kharif,Maize,1822.7848101265822
Karnataka,2010,Whole Year,Sugarcane,96787.78977925723
Uttar Pradesh,2005,Whole Year,Guar seed,809.6261280618822
Karnataka,2019,Kharif,Moong(Green Gram),352.30261816402265
Odisha,2001,Kharif,Ragi,591.080747947864
Jammu and Kashmir,2007,Kharif,Bajra,593.7202664129401
Tamil Nadu,2010,Kharif,Rice,3039.4794424801885
Karnataka,2023,Kharif,Rice,2420.387115304714
Uttarakhand,2002,Kharif,Ragi,1017.2304165914389
Bihar,2012,Rabi,Onion,18738.578088987666
Sikkim,2019,Rabi,Barley,1149.6259351620947
Odisha,2000,Rabi,Mustard,1301.4334193043178
Assam,2008,Kharif,Arhar/Tur,709.9478390461996
West Bengal,2014,Whole Year,Mango,6372.135926652034
Nagaland,2000,Rabi,Rapeseed &Mustard,800.0
Maharashtra,2005,Kharif,Jowar,1198.1119261070362
Uttar Pradesh,2025,Rabi,Tobacco,1338.7336355655264
Gujarat,2004,Kharif,Cotton(lint),2855.5316581860147
Uttar Pradesh,2017,Rabi,Tobacco,4653.247982689447
Odisha,2002,Kharif,Groundnut,869.9253611699949
Tripura,2011,Kharif,Sesamum,563.8516992790937
Meghalaya,2001,Whole Year,Tapioca,5196.927726013599
Meghalaya,2016,Kharif,Sweet potato,3328.4765373901864
Rajasthan,2003,Kharif,Jowar,1024.713040251668
Meghalaya,2014,Whole Year,Dry chillies,882.6164874551971
Telangana,2015,Kharif,other oilseeds,21381.869542886492
Kerala,2026,Whole Year,Maize,4983.4279228149835
Kerala,2004,Whole Year,Rubber,1489.5358565965362
Assam,2015,Whole Year,Turmeric,994.5919370698132
Arunachal Pradesh,2024,Rabi,Rapeseed &Mustard,1413.6396418383194
Chhattisgarh,2007,Kharif,Urad,307.5038987248876
Andhra Pradesh,2016,Kharif,Cotton(lint),3332.763676616239
Bihar,2000,Whole Year,Potato,9686.835497326425
Tamil Nadu,2014,Kharif,Onion,8468.187579214195
Jammu and Kashmir,2000,Rabi,Rapeseed &Mustard,377.6064111287518
Uttarakhand,2025,Rabi,Barley,1586.3016588822018
Rajasthan,2013,Kharif,Moong,628.9947587547067
Tamil Nadu,2015,Kharif,Horse-gram,601.1138183083884
Haryana,2020,Rabi,Potato,26160.11263101197
Gujarat,2005,Whole Year,Dry chillies,906.6666666666666
Gujarat,2023,Kharif,Tobacco,2238.290170361699
Andhra Pradesh,2009,Whole Year,Cashewnut,306.6114278329049
Nagaland,2011,Rabi,Wheat,1711.111111111111
Tripura,2004,Kharif,Groundnut,1038.4615384615386
Telangana,2023,Kharif,Soyabean,1620.7049262361722
Odisha,2024,Rabi,Safflower,666.3650348384762
Delhi,2009,Kharif,Barley,2815.7894736842104
Karnataka,2005,Kharif,Castor seed,1040.350666506545
Meghalaya,2007,Whole Year,Tobacco,666.6666666666666
Rajasthan,2021,Kharif,Groundnut,1859.2076812632818
Uttarakhand,2009,Rabi,Masoor,576.538176426983
Jammu and Kashmir,2010,Kharif,Barley,294.11764705882354
Tamil Nadu,2026,Whole Year,Black pepper,169.40426513026713
Madhya Pradesh,2016,Rabi,Other  Rabi pulses,886.2068965517242
Jharkhand,2008,Rabi,Onion,5069.721376849617
Andhra Pradesh,2016,Kharif,Ragi,953.1209338637124
Bihar,2004,Kharif,Ginger,1520.5479452054794
Kerala,2007,Whole Year,Tobacco,1604.6511627906978
Nagaland,2006,Kharif,Arhar/Tur,1194.1176470588234
Odisha,2005,Winter,Potato,9040.096327513545
Himachal Pradesh,2024,Rabi,Gram,953.3854295464662
Uttarakhand,2002,Kharif,Potato,19919.13189510399
Odisha,2000,Kharif,Arhar/Tur,651.5354700281615
Karnataka,2020,Rabi,Potato,25408.390118948653
Manipur,2014,Kharif,Cowpea(Lobia),1054.8654244306417
Himachal Pradesh,2000,Rabi,Barley,835.211981746558
Karnataka,2021,Kharif,Other Kharif pulses,1021.369792324535
Telangana,2022,Kharif,Groundnut,3181.0640003908597
West Bengal,2001,Rabi,Khesari,827.9532669839896
Karnataka,2022,Kharif,Ragi,1811.915995763523
West Bengal,2026,Kharif,Jowar,120.73524177556314
Karnataka,2020,Kharif,Jowar,1658.1019396511806
Andhra Pradesh,2003,Whole Year,Arecanut,710.6109324758843
Manipur,2012,Kharif,Arhar/Tur,914.6067415730337
Sikkim,2007,Kharif,Small millets,529.7587131367292
Tripura,2012,Kharif,Mesta,7920.436817472699
Karnataka,2005,Kharif,Sesamum,866.179930392176
Madhya Pradesh,2000,Rabi,Other  Rabi pulses,430.3344225822151
Puducherry,2012,Rabi,Onion,18000.0
Karnataka,2021,Whole Year,Mesta,520.4014539680177
Kerala,2026,Kharif,Ragi,1308.6788734707281
Jharkhand,2000,Kharif,Maize,2742.6451933622134
Nagaland,2008,Kharif,Peas & beans (Pulses),1397.196261682243
Sikkim,2016,Kharif,Rice,1856.0251884362178
Manipur,2024,Rabi,Masoor,1072.8555169521985
Madhya Pradesh,2016,Kharif,Horse-gram,493.84615384615387
Telangana,2013,Kharif,Turmeric,5077.984608566018
Chhattisgarh,2007,Rabi,Masoor,332.97529538131045
Himachal Pradesh,2002,Rabi,Rapeseed &Mustard,467.853509664293
Punjab,2019,Whole Year,Sugarcane,80241.75824175825
Punjab,2021,Kharif,Cotton(lint),4708.793124832755
Telangana,2021,Kharif,Maize,6703.958438052243
Jharkhand,2017,Kharif,Sesamum,413.9658584858981
Andhra Pradesh,2018,Kharif,Sugarcane,79359.02487072149
Odisha,2019,Autumn,Maize,2877.9836503333827
Nagaland,2023,Kharif,Rice,2973.382118555919
Assam,2026,Kharif,Small millets,661.3231064237775
Telangana,2016,Kharif,Sesamum,134.02692778457774
Odisha,2018,Autumn,Maize,2307.1693197085046
Chhattisgarh,2007,Whole Year,Dry chillies,697.5779694757797
Tripura,2015,Kharif,Other Kharif pulses,1000.0
Uttarakhand,2019,Whole Year,Garlic,7546.95652173913
Kerala,2021,Whole Year,Banana,7935.337128509275
Meghalaya,2011,Whole Year,Potato,9350.90590957837
Uttarakhand,2020,Kharif,Moong(Green Gram),666.6666666666666
Karnataka,2004,Kharif,Other Kharif pulses,328.54915710741346
Meghalaya,2012,Kharif,Soyabean,1832.5991189427314
Chhattisgarh,2005,Kharif,Jowar,689.1780011827321
West Bengal,2019,Whole Year,Banana,31754.019955981
Delhi,2010,Kharif,Barley,2814.285714285714
Chhattisgarh,2007,Kharif,Soyabean,1155.1831332292516
Nagaland,2023,Rabi,Rapeseed &Mustard,950.0602741206226
Meghalaya,2024,Kharif,Tapioca,7043.876603608509
Sikkim,2009,Kharif,Soyabean,869.047619047619
Arunachal Pradesh,2021,Kharif,Moong(Green Gram),1284.855059746973
Bihar,2026,Rabi,Wheat,3113.70402476252
Tamil Nadu,2021,Whole Year,Cashewnut,8198.457858766233
Andhra Pradesh,2016,Kharif,Onion,17369.99312628882
Madhya Pradesh,2017,Whole Year,Ginger,16109.65248460618
Odisha,2022,Winter,Rapeseed &Mustard,317.3236627990139
Nagaland,2008,Kharif,Dry chillies,1252.0
Jharkhand,2008,Rabi,Arhar/Tur,1431.9386391022745
Tripura,2013,Kharif,Jute,8351.477449455677
Delhi,2016,Kharif,Barley,2705.8823529411766
Madhya Pradesh,2009,Whole Year,Mesta,324.21340629274965
Meghalaya,2002,Rabi,Wheat,1748.3419307295505
Uttarakhand,2000,Kharif,Moong(Green Gram),355.55555555555554
Arunachal Pradesh,2024,Kharif,Moong(Green Gram),1299.0602660104792
Bihar,2002,Rabi,Safflower,814.8148148148148
Assam,2005,Kharif,Castor seed,423.0205278592375
Chhattisgarh,2005,Kharif,Cotton(lint),1580.6451612903227
Gujarat,2023,Rabi,Gram,1459.7932335859946
Puducherry,2014,Rabi,Coriander,1000.0
Assam,2014,Whole Year,Banana,16881.549952222158
Karnataka,2021,Kharif,Dry chillies,2163.2854411566955
Haryana,2025,Kharif,Sesamum,823.6788175900185
Tamil Nadu,2007,Kharif,Small millets,969.7698744769874
Jammu and Kashmir,2018,Kharif,Ginger,2000.0
Manipur,2015,Kharif,Arhar/Tur,1090.0562851782363
Tripura,2024,Rabi,Peas & beans (Pulses),880.0350722446236
West Bengal,2025,Whole Year,Mango,8667.300034492833
Uttarakhand,2011,Kharif,Small millets,1248.9873793847646
Andhra Pradesh,2026,Kharif,Onion,99104.46180617329
Chhattisgarh,2005,Whole Year,Coriander,276.94610778443115
Nagaland,2026,Kharif,Moong(Green Gram),1002.2343261540824
Rajasthan,2017,Kharif,Moong,804.6869832175068
Andhra Pradesh,2022,Whole Year,Arecanut,4556.854410201913
Kerala,2016,Whole Year,Small millets,666.6666666666666
Assam,2010,Whole Year,Potato,7734.6953177375535
Jammu and Kashmir,2012,Kharif,Maize,1647.736154308817
Tripura,2023,Kharif,Arhar/Tur,784.2051884076277
Himachal Pradesh,2021,Rabi,Coriander,192.52261841405004
Chhattisgarh,2014,Kharif,Groundnut,1400.996734834164
Karnataka,2012,Kharif,Maize,2564.0187527331955
Nagaland,2024,Kharif,Small millets,1166.060982497816
Meghalaya,2021,Kharif,Jute,8075.350840474984
Tripura,2019,Kharif,Small millets,829.6943231441048
Nagaland,2016,Kharif,Sugarcane,43527.14932126697
Chhattisgarh,2002,Whole Year,Potato,6388.9585947302385
Karnataka,2022,Kharif,Peas & beans (Pulses),11742.518449855608
Karnataka,2022,Whole Year,Banana,29334.008789406304
Rajasthan,2010,Rabi,Barley,2543.524496922278
Madhya Pradesh,2021,Whole Year,Sesamum,637.4417552164675
Bihar,2024,Whole Year,Dry chillies,1364.7093836869867
Uttar Pradesh,2012,Summer,Sunflower,780.962881293642
Assam,2005,Kharif,Arhar/Tur,699.6755754673259
Manipur,2004,Kharif,Sesamum,492.2279792746114
Delhi,2018,Kharif,Barley,2915.2542372881358
Arunachal Pradesh,2010,Rabi,Wheat,1587.456069207894
Manipur,2002,Kharif,Sesamum,666.6666666666666
Telangana,2024,Kharif,Dry chillies,7811.9916238156675
Haryana,2013,Kharif,Moong(Green Gram),507.0422535211268
Kerala,2015,Whole Year,Black pepper,490.2046905929031
Bihar,2015,Rabi,Barley,1304.3641482871892
Meghalaya,2024,Whole Year,Black pepper,779.5869361446671
Jharkhand,2014,Rabi,Arhar/Tur,1355.0302993759233
Puducherry,2021,Kharif,Black pepper,1672.0128307939053
Sikkim,2007,Kharif,Rice,1642.495784148398
Tripura,2004,Kharif,Maize,1063.4408602150538
Arunachal Pradesh,2010,Whole Year,Dry chillies,1642.5033768572714
Mizoram,2016,Kharif,Cowpea(Lobia),1125.0
Haryana,2022,Whole Year,Garlic,12835.123583575101
Rajasthan,2020,Kharif,Moong,792.5869293271911
Puducherry,2019,Kharif,Other Kharif pulses,800.0
Chhattisgarh,2019,Rabi,Rapeseed &Mustard,448.01004967738254
Haryana,2000,Kharif,Jowar,254.22023885728916
Rajasthan,2015,Kharif,Cotton(lint),555.1991258255478
Arunachal Pradesh,2019,Rabi,Rapeseed &Mustard,1018.7537595980326
Chhattisgarh,2018,Kharif,Potato,5287.300485773768
Manipur,2008,Kharif,Maize,1793.6596218020022
West Bengal,2000,Rabi,Peas & beans (Pulses),832.7882256745708
Jammu and Kashmir,2009,Kharif,Dry chillies,1018.2421227197347
West Bengal,2022,Rabi,Wheat,2812.5887298146145
Kerala,2010,Autumn,Rice,2415.122751930969
Gujarat,2016,Kharif,Other Cereals,589.3548930436248
Gujarat,2020,Kharif,Maize,3766.5145926336186
Chhattisgarh,2005,Rabi,Gram,709.7578362252614
Odisha,2022,Rabi,Niger seed,247.6946489005002
Kerala,2022,Whole Year,Turmeric,2929.5775644586606
Jammu and Kashmir,2025,Kharif,Moong(Green Gram),564.558744117874
West Bengal,2004,Kharif,Urad,674.0338469310432
Andhra Pradesh,2016,Kharif,Linseed,484.01826484018267
Telangana,2026,Kharif,Turmeric,8328.53125672771
Meghalaya,2025,Kharif,Ginger,11151.495011176028
Gujarat,2024,Whole Year,Banana,78995.75466608068
Odisha,2005,Autumn,Sesamum,138.35434638354346
Himachal Pradesh,2018,Kharif,Rice,1600.0
Himachal Pradesh,2016,Rabi,Garlic,272.8904847396768
Jammu and Kashmir,2012,Rabi,Wheat,1594.7565904733
Madhya Pradesh,2012,Kharif,Castor seed,354.1944074567244
West Bengal,2024,Rabi,Gram,1482.0319103446839
Andhra Pradesh,2022,Kharif,Soyabean,1743.0825677298867
Maharashtra,2008,Kharif,Urad,308.4285273232479
Uttar Pradesh,2001,Whole Year,Turmeric,1792.107117688513
Bihar,2006,Rabi,Peas & beans (Pulses),929.8453216127124
Odisha,2008,Rabi,Mustard,1483.638453988138
Jammu and Kashmir,2012,Rabi,Rapeseed &Mustard,817.4604500425987
Gujarat,2011,Kharif,Sesamum,463.8588503130336
Uttar Pradesh,2009,Rabi,Lentil,884.618650328938
Nagaland,2025,Kharif,Groundnut,775.3884719348847
Maharashtra,2007,Kharif,Groundnut,1111.1448527178864
Bihar,2019,Kharif,Jowar,1066.5610142630744
Uttarakhand,2013,Kharif,Bajra,1000.0
Punjab,2009,Kharif,Rice,4009.9928622412563
Uttar Pradesh,2023,Kharif,Dry chillies,899.5872235674634
Maharashtra,2025,Kharif,Ragi,1282.1181589879404
Puducherry,2001,Whole Year,Arecanut,2107.6923076923076
Odisha,2019,Kharif,Sunflower,746.031746031746
Goa,2000,Whole Year,Cashewnut,396.8047315267729
Maharashtra,2018,Kharif,Ragi,1164.0783590918713
Telangana,2017,Kharif,Moong(Green Gram),638.3857364476588
Uttar Pradesh,2007,Kharif,Maize,1437.338071736068
Maharashtra,2016,Kharif,Castor seed,294.2261313661512
Tripura,2011,Rabi,Other  Rabi pulses,811.7647058823529
Rajasthan,2000,Kharif,Jowar,814.3353050028634
Karnataka,2000,Kharif,Groundnut,997.9583776118677
Gujarat,2015,Kharif,Sesamum,362.4225739848589
Telangana,2014,Kharif,Soyabean,1081.1118395823798
Meghalaya,2001,Kharif,Sesamum,521.412471825695
Assam,2000,Whole Year,Dry chillies,659.1094771241831
Rajasthan,2016,Rabi,Wheat,4225.056342010772
Assam,2006,Whole Year,Banana,13846.404624277457
Uttar Pradesh,2016,Rabi,Masoor,964.3327525134774
Tripura,2018,Kharif,Soyabean,732.1428571428571
Andhra Pradesh,2005,Kharif,Castor seed,406.3386024429244
Delhi,2003,Kharif,Bajra,1611.8251928020566
West Bengal,2018,Autumn,Ragi,894.6243127672572
Puducherry,2018,Kharif,Other Kharif pulses,1000.0
Rajasthan,2009,Rabi,Mustard,1557.3343308012431
Uttarakhand,2008,Rabi,Wheat,2033.692007776702
Kerala,2016,Whole Year,Black pepper,399.7910969756006
Delhi,2002,Whole Year,Sugarcane,68000.0
Chhattisgarh,2017,Whole Year,Onion,6810.759792354885
Uttarakhand,2000,Kharif,Rice,2027.9605666357318
Haryana,2010,Kharif,Moong(Green Gram),457.9917638455913
Jammu and Kashmir,2026,Kharif,Cowpea(Lobia),243.81988667702953
Telangana,2021,Kharif,Castor seed,965.017374692635
Madhya Pradesh,2024,Kharif,Horse-gram,459.1142009893301
Haryana,2022,Kharif,Cotton(lint),3564.485773675058
Telangana,2024,Kharif,Soyabean,1773.6159942829584
Jharkhand,2017,Kharif,Moong(Green Gram),813.301613570542
Mizoram,2026,Whole Year,Sugarcane,32111.22666377785
Kerala,2003,Whole Year,Banana,7910.06332057382
Punjab,2005,Kharif,Moong(Green Gram),804.8780487804878
Jharkhand,2023,Rabi,Rapeseed &Mustard,759.9564451379761
Maharashtra,2019,Kharif,Rice,1827.9025744658827
Delhi,2012,Kharif,Jowar,906.2970774329617
Bihar,2011,Rabi,Lentil,931.4546507926693
Jammu and Kashmir,2018,Kharif,Horse-gram,429.8584298584299
Madhya Pradesh,2012,Kharif,Mesta,374.5928338762215
Arunachal Pradesh,2019,Whole Year,Dry chillies,2880.109739368999
Assam,2000,Kharif,Arhar/Tur,708.6538461538462
Uttarakhand,2016,Kharif,other oilseeds,714.2857142857143
Karnataka,2008,Kharif,Castor seed,948.2047364400305
West Bengal,2013,Whole Year,Banana,24688.406623402603
Uttar Pradesh,2023,Rabi,Turmeric,1583.7806164303292
Gujarat,2020,Kharif,Jowar,1479.4557890226852
Tamil Nadu,2023,Whole Year,Mango,6992.435023498684
Madhya Pradesh,2021,Kharif,Groundnut,1580.8891017350652
Kerala,2007,Whole Year,Garlic,17000.0
West Bengal,2000,Kharif,Moong(Green Gram),485.03937007874015
Uttar Pradesh,2000,Kharif,Rice,1976.9642528075271
Odisha,2000,Kharif,Horse-gram,192.03642296962997
Karnataka,2010,Whole Year,Ginger,3618.864189029245
Maharashtra,2026,Kharif,Sesamum,2530.714090654111
Bihar,2014,Rabi,Barley,1109.1479524438573
Tripura,2024,Rabi,other oilseeds,728.805513555329
Andhra Pradesh,2014,Kharif,Sesamum,272.4509664244669
Delhi,2002,Kharif,Cotton(lint),1000.0
Uttarakhand,2022,Kharif,Horse-gram,950.7950188282947
Madhya Pradesh,2022,Kharif,Cotton(lint),1765.8264882221206
Tamil Nadu,2014,Rabi,Gram,612.4633431085044
Chhattisgarh,2014,Whole Year,Jowar,846.0
Nagaland,2011,Kharif,Urad,954.5454545454545
Madhya Pradesh,2022,Rabi,Gram,1517.5827244215536
Haryana,2007,Rabi,Gram,503.08371685703105
Karnataka,2018,Whole Year,Coriander,893.4201507882111
Punjab,2001,Kharif,Cotton(lint),2153.2125205930806
Andhra Pradesh,2017,Kharif,Horse-gram,419.8954124078916
Andhra Pradesh,2017,Kharif,Moong(Green Gram),594.458018658374
Andhra Pradesh,2014,Whole Year,Banana,31573.13292320678
Sikkim,2024,Kharif,Soyabean,986.6388568938144
Madhya Pradesh,2009,Whole Year,Peas & beans (Pulses),467.87009935276416
Uttar Pradesh,2012,Rabi,Linseed,450.0135098621994
Delhi,2021,Kharif,Bajra,2525.65864764546
Goa,2000,Whole Year,Sugarcane,58200.0
Rajasthan,2021,Rabi,Gram,1118.2265583602134
Haryana,2026,Kharif,Maize,3782.2077400348167
Puducherry,2003,Whole Year,Tapioca,29481.48148148148
Telangana,2018,Rabi,Gram,1569.436062495809
Karnataka,2009,Kharif,Horse-gram,526.8098619811205
Goa,2015,Whole Year,Sugarcane,50989.464442493416
Odisha,2002,Rabi,Rapeseed &Mustard,131.55088985483474
Maharashtra,2009,Kharif,Jowar,1082.2550032885465
Haryana,2013,Whole Year,Sugarcane,73534.65346534654
Uttar Pradesh,2019,Kharif,Maize,2467.1198201014936
Uttarakhand,2008,Kharif,Rice,1916.9492693436243
Puducherry,2023,Kharif,Banana,20462.30270574972
West Bengal,2004,Kharif,Cotton(lint),4776.8508863399375
Gujarat,2019,Kharif,Soyabean,1318.3832882811257
Gujarat,2023,Kharif,Maize,2281.7657643222437
Nagaland,2017,Rabi,Wheat,1835.7771260997067
Manipur,2024,Kharif,Moong(Green Gram),1177.1264816985802
Madhya Pradesh,2017,Kharif,Jowar,2419.7155976892313
Bihar,2016,Whole Year,Sugarcane,54414.86515254605
Tamil Nadu,2017,Whole Year,Garlic,5707.894736842105
Haryana,2009,Kharif,Cotton(lint),3797.403193936826
Jammu and Kashmir,2014,Kharif,Potato,9716.517857142857
Meghalaya,2021,Rabi,Masoor,1659.3124190969313
Haryana,2019,Kharif,Bajra,2234.733211604788
Madhya Pradesh,2025,Rabi,Peas & beans (Pulses),1169.4870423123998
Odisha,2008,Winter,Potato,10331.784005468216
Kerala,2012,Whole Year,Arecanut,1161.7096536477525
Nagaland,2024,Rabi,Wheat,1925.272393953719
Bihar,2025,Kharif,Other Kharif pulses,1073.6207281661827
Maharashtra,2000,Kharif,Ragi,830.2130406714009
Assam,2000,Kharif,Niger seed,514.484741264927
Karnataka,2010,Kharif,Ragi,1922.518050849191
Karnataka,2003,Whole Year,Onion,3561.20765453809
Kerala,2022,Whole Year,Onion,10.055304172951232
Meghalaya,2025,Rabi,Rapeseed &Mustard,1002.283222858772
Tamil Nadu,2014,Whole Year,Banana,40760.71545782737
Nagaland,2010,Rabi,Urad,651.5151515151515
Odisha,2023,Kharif,Other Kharif pulses,437.7617277560815
Kerala,2019,Whole Year,Garlic,5183.246073298429
Puducherry,2024,Kharif,Sweet potato,14565.836298932383
Karnataka,2025,Whole Year,Garlic,3507.4345802136218
Jharkhand,2022,Autumn,Maize,2103.999796014636
Tripura,2025,Kharif,Other Kharif pulses,979.7545034273872
Jammu and Kashmir,2010,Kharif,Other Cereals,506.56167979002623
Haryana,2008,Rabi,Barley,3488.722938824772
Madhya Pradesh,2016,Rabi,Sunflower,1000.0
West Bengal,2006,Kharif,Other Kharif pulses,534.2205323193916
Haryana,2003,Rabi,Rapeseed &Mustard,1558.3190823842122
Tamil Nadu,2007,Whole Year,Ginger,19036.8
Gujarat,2010,Kharif,Sesamum,413.9382600561272
Manipur,2008,Whole Year,Banana,12908.034462031657
Bihar,2024,Kharif,Sesamum,1057.9004719041097
Chhattisgarh,2011,Kharif,Arhar/Tur,447.9907673679431
Himachal Pradesh,2013,Rabi,Onion,9484.293193717278
Karnataka,2025,Kharif,Niger seed,211.25641019794372
Meghalaya,2013,Kharif,Jute,10083.384615384615
Puducherry,2009,Kharif,Sesamum,600.0
Puducherry,2011,Kharif,Urad,800.0
Assam,2017,Kharif,Sesamum,683.1504830522351
Nagaland,2017,Rabi,Gram,846.1538461538462
Tamil Nadu,2003,Kharif,Castor seed,341.1697247706422
Tripura,2002,Whole Year,Moong(Green Gram),703.5778532880272
Uttarakhand,2017,Whole Year,Tobacco,2000.0
Gujarat,2022,Whole Year,Banana,68735.81745602898
Chhattisgarh,2019,Whole Year,Sugarcane,22378.589493229185
Madhya Pradesh,2006,Kharif,Sunflower,433.9622641509434
Jharkhand,2026,Kharif,Groundnut,1193.9333794706397
Gujarat,2022,Kharif,Soyabean,1382.5169029086112
Madhya Pradesh,2006,Whole Year,Sweet potato,5560.933660933661
Tamil Nadu,2017,Kharif,Ragi,3424.3502797684896
Arunachal Pradesh,2019,Kharif,Peas & beans (Pulses),1020.7715133531158
Uttar Pradesh,2024,Kharif,Arhar/Tur,789.2735957814051
West Bengal,2019,Rabi,Potato,28956.910386998297
Assam,2009,Rabi,Mustard,1479.4472164099557
Delhi,2022,Kharif,Rice,3269.567391471333
Uttarakhand,2014,Kharif,Small millets,1319.3469278059597
Punjab,2022,Rabi,Potato,24960.928331000043
Gujarat,2016,Kharif,Ragi,1247.9041916167664
Delhi,2001,Whole Year,Sugarcane,66666.66666666667
Nagaland,2004,Kharif,Bajra,1492.5373134328358
Madhya Pradesh,2010,Kharif,Moong(Green Gram),350.9584397603304
Tamil Nadu,2000,Whole Year,Sannhamp,728.8859366103625
Arunachal Pradesh,2024,Kharif,other oilseeds,1269.5366675157793
Chhattisgarh,2007,Kharif,Ragi,278.00385521524953
Odisha,2023,Kharif,Jowar,657.9231146841779
Karnataka,2005,Kharif,Peas & beans (Pulses),6112.6018207954
Jammu and Kashmir,2021,Rabi,Other  Rabi pulses,492.34348561759725
Jammu and Kashmir,2017,Kharif,Barley,354.83870967741933
Kerala,2011,Whole Year,Banana,8702.543110307537
Punjab,2009,Kharif,Bajra,1333.3333333333333
Nagaland,2022,Kharif,Castor seed,538.9605674033551
Odisha,2001,Kharif,Sunflower,434.7826086956522
Haryana,2009,Kharif,Arhar/Tur,1087.996776305848
Bihar,2018,Whole Year,Garlic,1502.808988764045
Himachal Pradesh,2023,Kharif,Urad,758.007113525043
Karnataka,2019,Kharif,Rapeseed &Mustard,234.7826086956522
Odisha,2014,Autumn,Maize,2039.745342868031
Maharashtra,2007,Kharif,Rice,1897.2187846023578
Uttar Pradesh,2012,Summer,Banana,44653.2428995337
Chhattisgarh,2000,Kharif,Sesamum,168.98217415466166
Himachal Pradesh,2008,Rabi,Linseed,212.9496402877698
Kerala,2023,Whole Year,Tobacco,10.093549975381586
Jharkhand,2003,Whole Year,Sugarcane,2854.1882109617372
Kerala,2003,Whole Year,Sugarcane,82314.00282885431
Uttar Pradesh,2022,Rabi,Tobacco,1810.7539107028822
Uttar Pradesh,2009,Kharif,Urad,381.7760214376291
Rajasthan,2019,Kharif,Moong,879.2508345690379
West Bengal,2016,Rabi,Barley,1419.8743126472898
Rajasthan,2019,Rabi,Coriander,918.0329635977536
Chhattisgarh,2025,Kharif,Soyabean,982.7979909607504
Karnataka,2015,Kharif,Maize,2732.41344940898
Telangana,2014,Rabi,Safflower,746.0890493381468
Telangana,2014,Kharif,Other Kharif pulses,513.6986301369863
Kerala,2002,Whole Year,Tobacco,5566.666666666667
Andhra Pradesh,2022,Kharif,Jowar,2268.0737708171973
Telangana,2022,Kharif,Turmeric,8180.4610252437615
Rajasthan,2004,Kharif,Moong,622.5186045792345
Uttar Pradesh,2005,Whole Year,Banana,38104.97237569061
Punjab,2019,Rabi,Barley,3774.1935483870966
Uttarakhand,2013,Kharif,Urad,794.0172475745599
Kerala,2021,Kharif,Cotton(lint),1634.3869573399177
Arunachal Pradesh,2007,Kharif,Maize,1343.831898165481
Tamil Nadu,2016,Whole Year,Arecanut,1795.422435716304
Jammu and Kashmir,2017,Kharif,Small millets,489.26922032056507
Manipur,2015,Kharif,Ginger,11807.811531308122
Tamil Nadu,2002,Rabi,Gram,673.0117760929182
Himachal Pradesh,2024,Kharif,Ragi,832.9955934503952
Karnataka,2008,Rabi,Gram,546.6317997105436
Arunachal Pradesh,2001,Whole Year,Sugarcane,18262.548262548262
Puducherry,2022,Kharif,Ginger,991.3243720880416
Madhya Pradesh,2013,Kharif,Moong(Green Gram),412.01020787920675
West Bengal,2023,Rabi,Linseed,365.57398573241716
Madhya Pradesh,2005,Kharif,Maize,1455.000111425056
Maharashtra,2018,Kharif,Sesamum,169.7714718942922
Kerala,2014,Whole Year,Maize,1029.8507462686566
Haryana,2003,Kharif,Rice,2748.251314284701
Andhra Pradesh,2008,Kharif,Ragi,958.600361744412
Puducherry,2000,Whole Year,Tapioca,28318.7134502924
Jharkhand,2023,Autumn,Rice,1943.065303516586
Gujarat,2010,Whole Year,Guar seed,585.8747993579454
Kerala,2022,Whole Year,Arhar/Tur,1472.2379018379568
Bihar,2000,Kharif,Ginger,1375.5274261603377
Maharashtra,2021,Kharif,Sesamum,2076.4484345657784
Andhra Pradesh,2024,Kharif,Oilseeds total,4977.403360536654
Andhra Pradesh,2021,Whole Year,Cashewnut,1030.888880058919
Nagaland,2010,Kharif,Jowar,916.6666666666666
Bihar,2015,Kharif,Urad,882.5727052963152
Manipur,2008,Rabi,Gram,833.9416058394161
Telangana,2020,Kharif,Soyabean,1491.7844126918721
Punjab,2009,Rabi,Potato,22957.80222491455
Karnataka,2022,Kharif,Maize,3178.408712679995
Bihar,2010,Kharif,Jute,9120.765001644659
Mizoram,2022,Kharif,Potato,4693.178802087941
Arunachal Pradesh,2019,Kharif,Maize,1550.0
Assam,2013,Kharif,Sesamum,732.3763137657011
Meghalaya,2017,Rabi,Masoor,1105.8917197452229
Gujarat,2025,Rabi,Wheat,3332.153140485056
West Bengal,2003,Whole Year,Banana,25073.219819309485
Madhya Pradesh,2005,Whole Year,Potato,13372.006004307437
Madhya Pradesh,2012,Rabi,Linseed,549.0053261710748
Odisha,2006,Autumn,Rice,1010.5680317040951
Andhra Pradesh,2011,Whole Year,Tapioca,10001.797858203705
Tamil Nadu,2018,Whole Year,Cashewnut,231.0371517027864
Uttar Pradesh,2016,Rabi,Wheat,3537.854202662178
Tamil Nadu,2025,Kharif,Small millets,1396.179774986678
Uttar Pradesh,2023,Kharif,Cotton(lint),426.0542365110295
Himachal Pradesh,2025,Kharif,Tobacco,1286.509040333797
Manipur,2025,Kharif,Ginger,20279.50665355222
Andhra Pradesh,2021,Rabi,Other  Rabi pulses,1457.0598222806084
Madhya Pradesh,2024,Rabi,Khesari,955.6411341029807
Maharashtra,2016,Kharif,Soyabean,1194.1958009185491
Rajasthan,2003,Rabi,Barley,2395.2027168327054
Maharashtra,2019,Kharif,Soyabean,1170.1581338685535
Jammu and Kashmir,2008,Rabi,Rapeseed &Mustard,892.3052469844409
Bihar,2000,Whole Year,Onion,10210.762982303453
Nagaland,2024,Rabi,Linseed,741.6467193033284
West Bengal,2019,Rabi,Barley,2154.6762589928057
West Bengal,2010,Kharif,Bajra,375.0
West Bengal,2016,Rabi,Wheat,2682.387033185022
Tamil Nadu,2016,Kharif,Other Cereals,135.74660633484163
Telangana,2022,Rabi,Potato,1588.9405431857108
Odisha,2024,Winter,Potato,13251.503852235688
Bihar,2007,Whole Year,Sweet potato,13271.585137663726
Uttar Pradesh,2003,Kharif,Arhar/Tur,1097.6788443879746
Uttarakhand,2002,Kharif,Moong(Green Gram),289.4736842105263
Uttar Pradesh,2017,Rabi,Masoor,1028.770146431292
Himachal Pradesh,2026,Kharif,Dry chillies,393.38018096452225
Punjab,2007,Kharif,Urad,457.14285714285717
Rajasthan,2019,Rabi,Barley,2678.7986671179005
Nagaland,2014,Kharif,Maize,1975.314465408805
Uttar Pradesh,2013,Rabi,Potato,21165.12111139581
Chhattisgarh,2016,Kharif,Arhar/Tur,615.0066923864263
Maharashtra,2001,Kharif,Maize,1803.9685658153242
Chhattisgarh,2018,Whole Year,Tobacco,500.0
Meghalaya,2012,Whole Year,Arecanut,1452.5588345162496
Maharashtra,2023,Kharif,Sunflower,506.4099591950548
Rajasthan,2018,Rabi,Wheat,3998.581372080336
West Bengal,2004,Rabi,Wheat,2103.188508671734
Mizoram,2021,Kharif,Sesamum,790.8236577409983
Karnataka,2004,Kharif,Niger seed,188.65443425076452
Rajasthan,2003,Rabi,Wheat,2582.7266673675335
Karnataka,2001,Kharif,Sesamum,370.71608452863245
Bihar,2002,Kharif,Bajra,1029.4695481335953
Uttarakhand,2011,Kharif,Horse-gram,810.702875399361
Uttar Pradesh,2026,Kharif,Groundnut,1130.646157311444
Delhi,2007,Kharif,Bajra,1899.7477931904161
Mizoram,2009,Whole Year,Tobacco,671.1590296495957
Gujarat,2022,Kharif,Cotton(lint),3978.8366965316727
Uttarakhand,2015,Kharif,Small millets,1283.9314124094042
Haryana,2012,Kharif,Jowar,498.2245090223929
Andhra Pradesh,2009,Rabi,Safflower,425.9090590625657
Chhattisgarh,2025,Rabi,Linseed,403.4077345555028
Jharkhand,2017,Kharif,Other Kharif pulses,728.5808920948035
Uttar Pradesh,2023,Kharif,Sugarcane,65938.36920963557
Madhya Pradesh,2003,Whole Year,Banana,28601.438848920865
Uttarakhand,2019,Kharif,Sesamum,302.14424951267057
Maharashtra,2001,Rabi,Onion,15653.300999415469
Haryana,2016,Kharif,Castor seed,1111.111111111111
Jharkhand,2015,Rabi,Peas & beans (Pulses),898.1686138301231
Jammu and Kashmir,2007,Kharif,Sugarcane,3202.8985507246375
Himachal Pradesh,2016,Kharif,Turmeric,595.5882352941177
Nagaland,2005,Kharif,Jute,5000.0
Madhya Pradesh,2021,Whole Year,Sweet potato,17129.796315384505
Telangana,2016,Kharif,Jowar,881.455531698497
Bihar,2005,Rabi,Other  Rabi pulses,757.8912021490934
Puducherry,2010,Kharif,Banana,23939.84962406015
Manipur,2015,Kharif,Maize,2250.5070993914806
Himachal Pradesh,2006,Rabi,Onion,8529.675251959687
Delhi,2005,Kharif,Jowar,880.0493716337522
Uttarakhand,2003,Whole Year,Garlic,6523.480160174736
Chhattisgarh,2006,Rabi,Wheat,1007.9280787014687
Gujarat,2009,Whole Year,Mango,6812.506086951649
West Bengal,2011,Kharif,Soyabean,815.8347676419966
Puducherry,2025,Kharif,Arecanut,1446.3257112934195
Punjab,2023,Kharif,Jowar,1052.413190652981
Andhra Pradesh,2000,Rabi,Other  Rabi pulses,385.28169014084506
Tamil Nadu,2014,Whole Year,Black pepper,224.66850137603203
Jharkhand,2025,Kharif,Castor seed,717.7979061286907
Kerala,2025,Whole Year,Arhar/Tur,1605.326623994577
Tamil Nadu,2011,Whole Year,Arhar/Tur,869.9955516014235
Gujarat,2024,Kharif,Urad,1053.2439243748438
Punjab,2008,Kharif,Arhar/Tur,966.1016949152543
Nagaland,2024,Kharif,Sugarcane,47652.517962739235
Gujarat,2021,Rabi,Wheat,3269.055639718371
Arunachal Pradesh,2016,Whole Year,Potato,7200.0
Meghalaya,2000,Kharif,Ginger,5748.303674305466
Uttarakhand,2022,Whole Year,Sugarcane,69234.2153952175
Odisha,2013,Summer,Wheat,1576.6961651917404
Assam,2007,Kharif,Niger seed,512.3449634867277
Andhra Pradesh,2002,Kharif,Niger seed,384.9453716737047
Nagaland,2003,Kharif,Moong(Green Gram),1500.0
Andhra Pradesh,2019,Kharif,Small millets,934.9152191894127
West Bengal,2012,Kharif,Soyabean,808.4714548802947
Andhra Pradesh,2024,Kharif,Dry chillies,4762.597117597
Andhra Pradesh,2008,Whole Year,Tobacco,3080.72922261226
Jammu and Kashmir,2018,Kharif,Rice,2350.2702166312993
Madhya Pradesh,2005,Kharif,Sunflower,520.0364298724954
Jammu and Kashmir,2023,Kharif,Horse-gram,610.625546260457
Kerala,2007,Kharif,Ragi,812.0300751879699
Chhattisgarh,2023,Whole Year,Sannhamp,519.0404164761335
Nagaland,2002,Kharif,Small millets,2000.0
Andhra Pradesh,2023,Kharif,Sunflower,989.4398729827117
Madhya Pradesh,2025,Whole Year,Sesamum,644.8620181726528
Maharashtra,2022,Rabi,Other  Rabi pulses,479.5920703101305
Odisha,2023,Kharif,Bajra,749.5921896488337
Goa,2005,Kharif,Rice,2821.8563734979016
Chhattisgarh,2018,Whole Year,Jowar,915.479274611399
Himachal Pradesh,2011,Rabi,Linseed,297.11538461538464
Maharashtra,2003,Rabi,Wheat,1170.7537234842787
Kerala,2004,Whole Year,Arecanut,1025.7501952180864
West Bengal,2012,Kharif,Sannhamp,4296.199213630406
Madhya Pradesh,2002,Whole Year,Coriander,204.11978981979948
Punjab,2019,Kharif,Groundnut,2000.0
Madhya Pradesh,2011,Rabi,Linseed,515.9970605332719
Delhi,2006,Rabi,Wheat,4355.010064862447
Meghalaya,2011,Kharif,Castor seed,533.3333333333334
Mizoram,2016,Rabi,Rapeseed &Mustard,1003.0674846625767
Meghalaya,2010,Rabi,Gram,620.9386281588447
Maharashtra,2016,Kharif,Sesamum,232.5724861196792
Goa,2008,Kharif,Ragi,1208.860759493671
West Bengal,2010,Kharif,Sunflower,1122.5019069412663
Nagaland,2007,Kharif,Rice,1860.2409638554218
Bihar,2009,Kharif,Sannhamp,815.028901734104
Assam,2003,Kharif,Cotton(lint),461.75243393602227
Assam,2017,Kharif,Castor seed,470.97625329815304
Gujarat,2016,Kharif,Jowar,1604.1535900444833
Meghalaya,2005,Kharif,Jute,8837.191934279314
Uttarakhand,2009,Kharif,Sesamum,204.1858090862685
Telangana,2009,Kharif,Turmeric,5358.132765631955
Jharkhand,2004,Rabi,Wheat,1256.18291017895
Jammu and Kashmir,2024,Kharif,Sannhamp,921.2269938650306
Manipur,2026,Kharif,Soyabean,623.7060041407868
West Bengal,2006,Kharif,Ragi,1140.00761324705
Rajasthan,2001,Kharif,Bajra,1426.3042996487416
Haryana,2005,Rabi,Wheat,3692.2162938694964
Assam,2025,Rabi,Gram,797.621692587356
Telangana,2026,Kharif,Castor seed,1472.222042718418
Odisha,2006,Winter,Rapeseed &Mustard,170.041553987204
Mizoram,2021,Kharif,Peas & beans (Pulses),10.006010677792315
Kerala,2001,Whole Year,Tobacco,5563.380281690141
Arunachal Pradesh,2017,Kharif,Maize,1520.0897690808513
Karnataka,2000,Kharif,Moong(Green Gram),415.0842415959389
Punjab,2020,Kharif,Cotton(lint),552.3454691314037
Jammu and Kashmir,2016,Rabi,Masoor,500.0
Punjab,2012,Kharif,Guar seed,971.5639810426541
Jharkhand,2008,Rabi,Gram,727.7277905965924
Karnataka,2019,Whole Year,Tapioca,12698.837209302326
Bihar,2012,Rabi,Potato,23862.30491251061
Madhya Pradesh,2005,Whole Year,Sugarcane,43335.528864781096
Uttar Pradesh,2024,Kharif,Moth,644.7172355069893
Jharkhand,2021,Kharif,Bajra,482.8783424331514
Himachal Pradesh,2012,Rabi,Gram,937.7777777777778
Tripura,2019,Kharif,Moong(Green Gram),646.3306808134395
Bihar,2017,Kharif,Horse-gram,929.0788401071387
Uttar Pradesh,2015,Rabi,Onion,11764.966313763234
Punjab,2024,Kharif,Jowar,994.0869913810383
Uttar Pradesh,2021,Kharif,Groundnut,1091.2721468800928
Assam,2025,Kharif,Mesta,6088.835671374741
Madhya Pradesh,2003,Kharif,Cotton(lint),1127.67221435507
Sikkim,2000,Rabi,Barley,1061.4035087719299
Andhra Pradesh,2005,Whole Year,Potato,9027.175572519083
Karnataka,2016,Kharif,Moong(Green Gram),278.0004908778532
Assam,2025,Kharif,Niger seed,580.6461642547645
Gujarat,2014,Rabi,Other  Rabi pulses,764.450040059517
Jharkhand,2005,Rabi,Gram,667.5357523968262
Tamil Nadu,2024,Kharif,Rice,4262.792956379846
Uttar Pradesh,2024,Rabi,Onion,16558.706973502696
Haryana,2017,Kharif,Peas & beans (Pulses),8686.098078282666
Puducherry,2026,Kharif,Groundnut,4233.953132959756
Maharashtra,2015,Kharif,Small millets,336.0995850622407
Nagaland,2018,Kharif,Cowpea(Lobia),1472.7272727272727
Andhra Pradesh,2015,Kharif,Arhar/Tur,597.4930685528253
West Bengal,2003,Kharif,Arhar/Tur,1006.2481404343945
Manipur,2009,Rabi,Rapeseed &Mustard,779.2857142857143
Nagaland,2025,Rabi,Wheat,1814.8981664217404
Haryana,2021,Kharif,Sunflower,2558.822052226976
Chhattisgarh,2022,Rabi,Linseed,401.9149585354927
West Bengal,2012,Autumn,Groundnut,907.1240105540898
West Bengal,2014,Rabi,Peas & beans (Pulses),1188.7487600963582
Jammu and Kashmir,2005,Kharif,Sugarcane,3942.4083769633507
Bihar,2003,Whole Year,Sannhamp,716.9427492008138
Gujarat,2018,Kharif,Bajra,1397.0099058334351
Sikkim,2003,Kharif,Rice,1437.584803256445
Andhra Pradesh,2001,Kharif,Ragi,1165.33542839684
Maharashtra,2002,Kharif,Turmeric,4044.888682862951
Madhya Pradesh,2020,Rabi,Onion,20091.97479189722
Andhra Pradesh,2012,Kharif,Arecanut,628.2271944922547
Delhi,2017,Kharif,Bajra,2167.7762982689746
Andhra Pradesh,2008,Kharif,Moong(Green Gram),444.40362182570567
Uttar Pradesh,2019,Rabi,Coriander,721.5796897038082
Bihar,2025,Whole Year,Banana,1147.3919288524066
Tripura,2009,Kharif,Cotton(lint),1489.1191709844559
Telangana,2007,Kharif,Arhar/Tur,873.8284806329116
Meghalaya,2024,Rabi,Rapeseed &Mustard,1011.6407816753172
Bihar,2012,Rabi,Gram,1402.0138922779106
Bihar,2008,Kharif,Groundnut,494.2329873125721
Himachal Pradesh,2000,Kharif,Horse-gram,286.78304239401496
Kerala,2002,Whole Year,Tapioca,23164.140565757014
Jammu and Kashmir,2003,Kharif,Rice,1942.9093778265303
Chhattisgarh,2011,Kharif,Niger seed,171.22196163329124
Andhra Pradesh,2023,Kharif,Ragi,1344.7032644791914
Kerala,2013,Whole Year,Cardamom,352.3785552479235
Punjab,2002,Kharif,Rice,3509.881422924901
Chhattisgarh,2001,Whole Year,Sugarcane,2602.4165707710013
Puducherry,2003,Whole Year,Black pepper,666.6666666666666
Haryana,2023,Whole Year,Sugarcane,83806.92683852836
Kerala,2017,Whole Year,Tobacco,1600.0
Manipur,2023,Whole Year,Turmeric,21524.038350999013
Mizoram,2012,Whole Year,Tobacco,828.5714285714286
Chhattisgarh,2012,Rabi,Rapeseed &Mustard,507.00423017239547
Tripura,2006,Whole Year,Sugarcane,48760.64441887227
Uttarakhand,2000,Kharif,Bajra,1363.6363636363637
Bihar,2018,Whole Year,Turmeric,1033.8812479033882
Himachal Pradesh,2026,Rabi,Wheat,1644.1627888544285
Karnataka,2005,Kharif,Soyabean,560.5455431076473
Andhra Pradesh,2019,Rabi,Wheat,297.2972972972973
Odisha,2019,Autumn,Moong(Green Gram),295.0450450450451
Chhattisgarh,2022,Whole Year,Sugarcane,10971.333025295275
Chhattisgarh,2024,Whole Year,Garlic,2861.9804917127667
Kerala,2015,Whole Year,Ginger,4421.170434876785
Assam,2021,Kharif,Small millets,711.11154961817
Himachal Pradesh,2005,Rabi,Wheat,1020.7335410779098
Punjab,2003,Kharif,Moong(Green Gram),835.978835978836
Odisha,2019,Kharif,Castor seed,645.2328159645233
Chhattisgarh,2004,Kharif,Soyabean,958.0034636318654
Uttar Pradesh,2001,Whole Year,Sugarcane,57979.53641560719
Karnataka,2011,Kharif,Soyabean,1009.3782890775136
Andhra Pradesh,2013,Kharif,Horse-gram,583.9416058394161
Telangana,2017,Kharif,Soyabean,1623.873030882073
Meghalaya,2024,Whole Year,Arecanut,1285.7085481867225
Jammu and Kashmir,2022,Rabi,Onion,1352.0162958719247
Sikkim,2024,Kharif,Rice,1506.729087810169
Karnataka,2005,Whole Year,Tobacco,633.7328121589715
Odisha,2016,Autumn,Ragi,638.3709519136409
Madhya Pradesh,2009,Kharif,Urad,375.13508566279097
Mizoram,2003,Kharif,Sesamum,614.6118721461187
Tamil Nadu,2024,Kharif,Groundnut,3717.6989514716583
Karnataka,2004,Whole Year,Garlic,688.965782391388
Jharkhand,2018,Kharif,Castor seed,634.1463414634146
Chhattisgarh,2011,Rabi,Rapeseed &Mustard,444.00602042061587
West Bengal,2002,Autumn,Rice,2069.414102580754
Gujarat,2020,Rabi,Onion,20244.225814247653
Telangana,2023,Rabi,Wheat,1106.9978252083372
Nagaland,2015,Kharif,Cotton(lint),615.3846153846154
Madhya Pradesh,2006,Kharif,Arhar/Tur,686.9994000177044
Assam,2019,Rabi,Wheat,1272.9357798165138
Nagaland,2015,Kharif,Peas & beans (Pulses),1360.1694915254238
Jammu and Kashmir,2000,Rabi,Linseed,260.387811634349
Chhattisgarh,2026,Rabi,Khesari,751.0806058573296
Gujarat,2015,Rabi,Gram,886.5038740665428
Manipur,2022,Whole Year,Potato,10057.144255129446
Tamil Nadu,2015,Kharif,Small millets,1397.125769883067
Himachal Pradesh,2011,Rabi,Coriander,325.5813953488372
Jammu and Kashmir,2010,Kharif,Rice,1941.4954064902217
Maharashtra,2010,Kharif,Rice,1766.3167810523482
Haryana,2009,Kharif,Horse-gram,229.3577981651376
Manipur,2010,Rabi,Other  Rabi pulses,831.9526627218935
Gujarat,2019,Whole Year,Dry chillies,3125.176803394625
Assam,2016,Kharif,Sesamum,706.5858177530739
Gujarat,2013,Rabi,Gram,1235.8700600041382
Bihar,2020,Rabi,Potato,25233.664339428055
Uttar Pradesh,2024,Kharif,Sannhamp,245.5653437752463
West Bengal,2011,Autumn,Sesamum,569.9152542372881
Jharkhand,2009,Rabi,Masoor,1108.4010840108401
Tamil Nadu,2021,Kharif,Horse-gram,726.3063660439569
Andhra Pradesh,2001,Whole Year,Ginger,2458.971338829996
Mizoram,2015,Kharif,Tapioca,3407.4074074074074
Gujarat,2005,Kharif,Groundnut,1730.6010043738863
Tamil Nadu,2012,Whole Year,Sugarcane,97635.32532098662
Rajasthan,2022,Kharif,Bajra,1843.2743640241567
Delhi,2026,Kharif,Barley,4279.926335174954
Maharashtra,2025,Kharif,Sesamum,2670.573120148858
Nagaland,2005,Kharif,Groundnut,941.1764705882352
Chhattisgarh,2009,Kharif,Groundnut,1471.7295443410094
Tripura,2017,Kharif,Mesta,9173.752310536045
Nagaland,2023,Kharif,Sesamum,521.7315342096001
Jharkhand,2010,Rabi,Gram,665.1135701805474
Uttar Pradesh,2005,Whole Year,Garlic,4357.193963835046
Punjab,2009,Kharif,Groundnut,1240.0
Meghalaya,2011,Kharif,Banana,11869.48981066628
Tripura,2025,Kharif,Small millets,840.380428555059
Telangana,2025,Kharif,Soyabean,1830.763757366153
Bihar,2010,Kharif,Mesta,8437.052140984562
Tamil Nadu,2019,Kharif,Potato,20866.55172413793
Jharkhand,2019,Rabi,Other  Rabi pulses,706.2572421784473
Nagaland,2026,Kharif,Rice,3473.331511544356
Maharashtra,2014,Kharif,Maize,1868.9569019362898
Uttarakhand,2019,Kharif,Other Kharif pulses,1038.2735018857381
West Bengal,2022,Kharif,Ginger,2127.395559734344
West Bengal,2003,Rabi,Khesari,1147.7266356450075
Himachal Pradesh,2021,Rabi,Peas & beans (Pulses),1562.1974937564921
Bihar,2023,Kharif,Jute,17743.162852368405
Madhya Pradesh,2009,Kharif,Horse-gram,303.0768535670718
Punjab,2021,Kharif,Jowar,967.7290836653386
Maharashtra,2022,Kharif,Groundnut,1286.650605015388
West Bengal,2022,Whole Year,Tobacco,1795.0595475066445
Kerala,2007,Whole Year,Tapioca,30437.611620431002
Madhya Pradesh,2023,Rabi,Gram,1760.7037532221875
Nagaland,2009,Kharif,Bajra,690.0
Madhya Pradesh,2023,Kharif,Other Cereals,152.33149695547883
Meghalaya,2002,Kharif,Small millets,837.436640115858
Haryana,2005,Kharif,Jowar,291.50923299436045
Nagaland,2001,Kharif,Jowar,800.0
West Bengal,2003,Rabi,Barley,1346.1163470913227
Chhattisgarh,2026,Whole Year,Garlic,3451.538056984934
Bihar,2010,Rabi,Other  Rabi pulses,742.8702851885924
Kerala,2016,Whole Year,Cardamom,438.76663254861825
Himachal Pradesh,2026,Kharif,Bajra,708.0387880062019
Maharashtra,2007,Rabi,Gram,824.4291731323432
Uttarakhand,2005,Kharif,other oilseeds,466.3093415007657
Tripura,2006,Rabi,Rapeseed &Mustard,780.3899082568807
Karnataka,2013,Whole Year,Garlic,1054.3247929108072
Bihar,2003,Rabi,Wheat,1776.228682146281
Uttar Pradesh,2014,Rabi,Rapeseed &Mustard,776.683582761876
West Bengal,2021,Rabi,Other  Rabi pulses,753.9727935142125
West Bengal,2013,Rabi,Barley,1437.950021177467
Jammu and Kashmir,2021,Rabi,Wheat,1476.4874065000772
Kerala,2005,Autumn,Rice,2162.921348314607
Karnataka,2005,Kharif,Horse-gram,570.5201199659989
Tripura,2013,Kharif,Sesamum,604.1076487252125
Andhra Pradesh,2012,Kharif,Groundnut,531.6336166194524
Bihar,2003,Whole Year,Onion,9485.390168442764
Tamil Nadu,2016,Kharif,Cotton(lint),1293.5343033123752
Karnataka,2003,Whole Year,Black pepper,2203.1980549841032
Himachal Pradesh,2019,Kharif,Moth,785.7142857142857
Assam,2021,Whole Year,Onion,7382.060677419028
Chhattisgarh,2025,Rabi,Rapeseed &Mustard,548.387302246509
West Bengal,2017,Rabi,Mustard,1653.6166995885992
Chhattisgarh,2004,Kharif,Niger seed,165.80488071788136
Andhra Pradesh,2023,Whole Year,Mango,8533.178533739872
Arunachal Pradesh,2022,Whole Year,Potato,6930.753813311368
Gujarat,2008,Whole Year,Banana,71024.82269503546
Meghalaya,2009,Kharif,Banana,11588.062334607468
Bihar,2016,Whole Year,Tobacco,1761.0989448536732
Meghalaya,2017,Whole Year,Coriander,3904.3659043659045
Uttar Pradesh,2005,Rabi,Turmeric,4457.609805924412
Telangana,2007,Kharif,Rice,2862.195388503298
Assam,2022,Kharif,Cotton(lint),610.4744702811001
Bihar,2001,Rabi,Barley,1253.943661971831
Tamil Nadu,2004,Kharif,Sesamum,465.31454107940874
Uttar Pradesh,2000,Rabi,Onion,14090.760438957597
Bihar,2018,Kharif,Jute,13147.152929184245
Telangana,2000,Kharif,Rice,2192.4091286637245
Madhya Pradesh,2019,Kharif,Moong(Green Gram),311.92041447167924
Gujarat,2017,Kharif,Groundnut,2440.199720391452
Manipur,2006,Summer,Onion,2125.0
Kerala,2025,Whole Year,Cashewnut,178.7996230254936
Bihar,2006,Kharif,Urad,776.9535696063425
Assam,2009,Kharif,Arhar/Tur,712.0012921983524
Maharashtra,2025,Whole Year,Mango,8835.741077145656
Uttarakhand,2012,Kharif,Potato,8275.092936802974
Puducherry,2010,Kharif,Cashewnut,757.2254335260116
Jammu and Kashmir,2014,Kharif,Sannhamp,633.3333333333334
Uttar Pradesh,2022,Rabi,Lentil,1072.7125286625046
Nagaland,2016,Kharif,Horse-gram,1060.0
Madhya Pradesh,2013,Rabi,Other  Rabi pulses,203.3481043820778
Meghalaya,2010,Whole Year,Turmeric,5216.804979253112
Tamil Nadu,2005,Whole Year,Tapioca,38210.85256682557
Chhattisgarh,2019,Rabi,Barley,609.1825307950728
West Bengal,2002,Rabi,Safflower,794.8717948717949
Uttarakhand,2026,Rabi,Other Cereals,762.248467689066
Andhra Pradesh,2022,Kharif,Castor seed,731.4418085167754
Himachal Pradesh,2012,Whole Year,Sugarcane,20731.48148148148
Meghalaya,2000,Whole Year,Tobacco,671.4285714285714
Madhya Pradesh,2023,Whole Year,Sesamum,548.0623548156371
Himachal Pradesh,2002,Kharif,Soyabean,1612.6255380200862
West Bengal,2006,Kharif,Maize,2966.8445567961053
Andhra Pradesh,2008,Whole Year,Banana,25295.526802218115
Jharkhand,2025,Rabi,Wheat,2021.806746906852
Tripura,2017,Autumn,Rice,2759.973527465255
Andhra Pradesh,2003,Whole Year,Cashewnut,261.24589377452907
Madhya Pradesh,2005,Kharif,Cotton(lint),1171.5784249285705
Puducherry,2007,Kharif,Rice,2940.854076273122
Assam,2011,Kharif,Arhar/Tur,784.0968931016324
Odisha,2011,Winter,Potato,10903.27046201765
Bihar,2003,Rabi,Masoor,934.0318176768769
Himachal Pradesh,2001,Kharif,Horse-gram,399.91728701406123
Tamil Nadu,2023,Rabi,Rapeseed &Mustard,99.85342068264082
Himachal Pradesh,2005,Kharif,Moth,166.66666666666666
Maharashtra,2009,Rabi,Gram,862.9394455629549
Tamil Nadu,2017,Kharif,Potato,17310.008481764205
Andhra Pradesh,2006,Kharif,Rice,2631.400258248229
Nagaland,2015,Rabi,Rapeseed &Mustard,1010.8932461873638
Nagaland,2018,Kharif,Jute,1905.844155844156
Karnataka,2026,Whole Year,Mango,9732.20132809094
Uttar Pradesh,2010,Kharif,Moong(Green Gram),470.2370882374266
Puducherry,2011,Kharif,Ragi,2750.0
Tamil Nadu,2023,Kharif,Ragi,3916.8289794530365
Uttar Pradesh,2003,Rabi,Masoor,900.4024531811634
Bihar,2005,Kharif,Arhar/Tur,1321.8044673137645
Uttar Pradesh,2009,Rabi,Masoor,803.4030772866536
Haryana,2003,Rabi,Wheat,3936.0897190062087
Assam,2021,Rabi,Arecanut,761.0867014350516
Madhya Pradesh,2011,Whole Year,Sweet potato,4646.222583265638
Mizoram,2026,Rabi,Other  Rabi pulses,1392.9624947324062
Tripura,2022,Kharif,Cotton(lint),1431.5343305693298
Punjab,2004,Rabi,Wheat,4221.137277426767
Puducherry,2018,Kharif,Onion,3000.0
Odisha,2008,Autumn,Ragi,665.7851366371546
Jammu and Kashmir,2001,Kharif,Barley,259.25925925925924
Madhya Pradesh,2023,Kharif,Jowar,2071.967609633718
Chhattisgarh,2019,Rabi,Linseed,369.96308828052906
Arunachal Pradesh,2012,Whole Year,Potato,8069.752958272784
Andhra Pradesh,2024,Kharif,Castor seed,839.5623544616893
Jammu and Kashmir,2011,Rabi,Gram,553.3980582524272
Haryana,2026,Kharif,Rice,2789.2249871032786
Jharkhand,2026,Kharif,Moong(Green Gram),789.6676438353414
Uttarakhand,2007,Rabi,Gram,686.5079365079365
Bihar,2014,Rabi,Masoor,915.9712775975725
Manipur,2001,Whole Year,Sweet potato,4000.0
Karnataka,2011,Rabi,Safflower,615.8117493850383
Gujarat,2016,Whole Year,Guar seed,666.7800951007871
Meghalaya,2021,Whole Year,Potato,7688.471789180072
Himachal Pradesh,2001,Kharif,Other Kharif pulses,504.5186640471513
Manipur,2012,Kharif,Ginger,11800.080775444265
Meghalaya,2021,Whole Year,Sugarcane,2997.1155758901928
Bihar,2001,Whole Year,Sugarcane,48182.76827268662
Bihar,2013,Whole Year,Mango,7947.062201081642
Uttar Pradesh,2003,Rabi,Peas & beans (Pulses),1371.9414440592373
Puducherry,2001,Whole Year,Coriander,500.0
Karnataka,2024,Kharif,Rapeseed &Mustard,198.85017471433133
Gujarat,2008,Kharif,Castor seed,1962.894676192671
Tamil Nadu,2001,Kharif,Jowar,866.3726661475949
Himachal Pradesh,2009,Rabi,Onion,5873.63834422658
Nagaland,2013,Kharif,Sesamum,602.2408963585434
Telangana,2016,Kharif,Arhar/Tur,676.1982204083324
Goa,2011,Whole Year,Sugarcane,50911.475409836065
Uttar Pradesh,2015,Rabi,Linseed,191.08585103200718
Sikkim,2002,Whole Year,Potato,4690.972222222223
Madhya Pradesh,2012,Rabi,Masoor,581.2683144974326
Nagaland,2007,Kharif,Cardamom,500.0
Karnataka,2004,Rabi,Other  Rabi pulses,117.17609774404737
Telangana,2016,Kharif,Cashewnut,419.8804997284085
Kerala,2021,Whole Year,Arecanut,853.4894939795715
Arunachal Pradesh,2010,Kharif,Small millets,925.0727113245002
Odisha,2011,Autumn,Moong(Green Gram),211.97450173485032
Chhattisgarh,2018,Kharif,Niger seed,191.8321126554766
Uttar Pradesh,2000,Whole Year,Turmeric,1743.8148443735035
Rajasthan,2022,Rabi,Gram,1188.6971884310972
Sikkim,2018,Kharif,Maize,1767.9337180369528
Assam,2004,Kharif,Small millets,519.293410172889
Assam,2018,Kharif,Sesamum,697.2377534841024
Punjab,2001,Rabi,Gram,873.2394366197183
Uttarakhand,2004,Kharif,Arhar/Tur,644.8445171849427
Meghalaya,2004,Kharif,Soyabean,966.9079627714581
Haryana,2010,Whole Year,Garlic,1066.6666666666667
Punjab,2026,Rabi,Gram,1544.4013357036467
Tamil Nadu,2008,Whole Year,Potato,18442.408976414015
Kerala,2005,Whole Year,Cashewnut,871.9678099252731
Gujarat,2017,Whole Year,Potato,28779.92591854107
Odisha,2022,Autumn,Groundnut,1470.9142145555552
Tamil Nadu,2025,Whole Year,Black pepper,200.48083377063983
Bihar,2015,Kharif,Jowar,1063.314711359404
Himachal Pradesh,2023,Rabi,Peas & beans (Pulses),1753.513918509538
Arunachal Pradesh,2025,Rabi,Other  Rabi pulses,771.6956534621196
Uttarakhand,2003,Rabi,Barley,1007.457898957498
Uttarakhand,2005,Kharif,Rice,1911.4278349954077
Karnataka,2022,Whole Year,Sannhamp,301.74637479085334
Uttarakhand,2001,Kharif,Ragi,1229.050152148673
Gujarat,2020,Whole Year,Mango,8365.50997583265
Haryana,2018,Kharif,Arhar/Tur,1172.675521821632
West Bengal,2020,Kharif,Rice,3567.2176361769284
Uttar Pradesh,2017,Kharif,Soyabean,777.4740678441267
Kerala,2013,Whole Year,Groundnut,1222.5352112676057
Punjab,2025,Rabi,Peas & beans (Pulses),1331.4453115479664
Manipur,2013,Rabi,Gram,917.8082191780821
Maharashtra,2000,Kharif,Castor seed,240.3314917127072
Uttarakhand,2024,Whole Year,Turmeric,2970.1309592929492
Tripura,2021,Kharif,Other Kharif pulses,876.0395487740767
Telangana,2016,Kharif,Safflower,1000.0
West Bengal,2022,Kharif,Jowar,261.2994551222774
Madhya Pradesh,2011,Whole Year,Turmeric,723.6180904522613
Chhattisgarh,2024,Rabi,Safflower,360.7699438039511
Chhattisgarh,2016,Kharif,Niger seed,187.48353530031613
Tamil Nadu,2015,Kharif,Ragi,2977.8206082906245
Gujarat,2020,Whole Year,Sugarcane,76738.49214951758
Maharashtra,2001,Kharif,Other Kharif pulses,258.25663237682727
Bihar,2012,Kharif,Castor seed,960.0
Delhi,2019,Rabi,Rapeseed &Mustard,2500.0
Tripura,2024,Kharif,Urad,708.09417733045
Karnataka,2002,Kharif,Sunflower,457.57381709921515
West Bengal,2024,Whole Year,Dry chillies,2382.380544472313
Nagaland,2015,Rabi,Barley,1018.8679245283018
Andhra Pradesh,2021,Whole Year,Ginger,3832.7797329036275
Andhra Pradesh,2014,Kharif,Coriander,518.2926829268292
Assam,2021,Rabi,Peas & beans (Pulses),1026.2271431618544
West Bengal,2005,Kharif,Jute,14293.6175389757
Karnataka,2023,Kharif,Castor seed,594.8288281830339
Jharkhand,2017,Whole Year,Sugarcane,71908.25998511427
Assam,2005,Whole Year,Tobacco,534.2465753424658
Arunachal Pradesh,2016,Kharif,Arhar/Tur,813.9240506329114
Gujarat,2007,Kharif,Moong(Green Gram),546.3228271251194
Andhra Pradesh,2001,Rabi,Safflower,300.081103000811
Haryana,2015,Kharif,Maize,3086.206896551724
Bihar,2023,Kharif,Small millets,732.2179384322814
Punjab,2011,Kharif,Guar seed,833.3333333333334
West Bengal,2023,Whole Year,Tobacco,1632.2359230661884
Maharashtra,2019,Kharif,Other Kharif pulses,436.5850352430869
Himachal Pradesh,2016,Kharif,Groundnut,812.5
Madhya Pradesh,2026,Whole Year,Banana,73115.74014044619
Uttarakhand,2023,Kharif,Bajra,753.0266343825665
Bihar,2016,Kharif,Groundnut,1015.3217568947906
Tripura,2016,Rabi,Rapeseed &Mustard,825.0666666666667
Kerala,2007,Whole Year,Arecanut,1149.348111477447
Delhi,2003,Rabi,Wheat,4368.998049860328
Sikkim,2002,Rabi,Wheat,1248.499399759904
Odisha,2002,Kharif,Arhar/Tur,643.2262019441282
Andhra Pradesh,2026,Kharif,Soyabean,1926.8131216471727
Karnataka,2003,Rabi,Other  Rabi pulses,115.46990283433456
Andhra Pradesh,2015,Kharif,Turmeric,5651.992777325197
West Bengal,2024,Kharif,Sannhamp,3812.0472895624603
Haryana,2005,Kharif,Moth,158.8814744200826
Tamil Nadu,2000,Kharif,Castor seed,325.1477010017981
Gujarat,2002,Whole Year,Onion,28616.0
Assam,2024,Rabi,Other  Rabi pulses,718.4097008557636
Himachal Pradesh,2023,Rabi,Wheat,1553.6709881859147
Nagaland,2021,Rabi,Wheat,1627.949298399927
Uttarakhand,2021,Rabi,Linseed,601.3324800034276
West Bengal,2018,Rabi,Linseed,445.8808618504436
West Bengal,2011,Rabi,Gram,1049.204984959175
Jharkhand,2026,Kharif,Horse-gram,722.201550601257
Punjab,2019,Kharif,Bajra,600.0
Maharashtra,2012,Kharif,Jowar,1347.3613142792844
Delhi,2010,Kharif,Rice,2786.6530373831774
Jammu and Kashmir,2009,Kharif,Moth,572.7013542409123
Kerala,2008,Kharif,Sesamum,534.7222222222222
Haryana,2016,Kharif,Rice,3214.4146746587708
Maharashtra,2018,Rabi,Gram,824.4501894677196
Tamil Nadu,2015,Whole Year,Ginger,8841.02564102564
Uttar Pradesh,2007,Kharif,Sweet potato,13462.983065566652
Gujarat,2023,Kharif,Sesamum,4267.888876664959
Madhya Pradesh,2009,Whole Year,Rapeseed &Mustard,1047.0002692791513
Manipur,2016,Rabi,Rapeseed &Mustard,854.788877445932
Goa,2009,Kharif,Other Kharif pulses,856.7415730337078
Meghalaya,2009,Rabi,Wheat,1772.8395061728395
Telangana,2006,Kharif,Cotton(lint),449.80154662176085
Kerala,2021,Kharif,Sesamum,448.4146762258943
Karnataka,2017,Kharif,Ragi,2043.3839717883245
Uttarakhand,2025,Rabi,Gram,785.8318049412019
Meghalaya,2023,Whole Year,Turmeric,6795.278422222904
Meghalaya,2022,Kharif,Sesamum,1165.431995569812
Nagaland,2004,Rabi,Masoor,434.7826086956522
Karnataka,2018,Whole Year,Sugarcane,85340.7543776163
Haryana,2017,Whole Year,Coriander,2391.225689733152
West Bengal,2017,Rabi,Rapeseed &Mustard,1197.105048978758
Meghalaya,2017,Kharif,Banana,13023.540748898678
Punjab,2017,Kharif,Bajra,600.0
West Bengal,2018,Kharif,Sunflower,952.2119706647741
Andhra Pradesh,2000,Kharif,Ragi,1111.2441910602213
Telangana,2025,Kharif,Ginger,7583.903645341242
Rajasthan,2018,Kharif,Moong,696.0019743569984
Manipur,2006,Kharif,Cotton(lint),333.3333333333333
Puducherry,2001,Kharif,Cotton(lint),5156.521739130435
Chhattisgarh,2005,Rabi,Linseed,247.048689561681
Jammu and Kashmir,2006,Kharif,Bajra,591.0950661853188
Manipur,2021,Kharif,Cotton(lint),313.26847723280633
Punjab,2021,Kharif,Sesamum,291.9158808195872
Madhya Pradesh,2019,Kharif,Rice,2363.0230819245776
Chhattisgarh,2005,Kharif,Small millets,167.39154458196515
Nagaland,2014,Kharif,Rice,2318.9353134968364
Uttar Pradesh,2019,Summer,Sunflower,1381.759719380298
Andhra Pradesh,2015,Kharif,Tapioca,12980.634624358376
Bihar,2011,Kharif,Safflower,804.9645390070922
Tamil Nadu,2005,Kharif,Bajra,1157.1437290204456
Tripura,2015,Rabi,Gram,780.0
Uttarakhand,2014,Kharif,Garlic,11904.85343584815
Telangana,2013,Kharif,Ginger,7189.020939445388
Bihar,2014,Rabi,Khesari,990.0100558843409
Kerala,2023,Whole Year,Banana,9442.965276952491
Kerala,2001,Whole Year,Sweet potato,11609.103078982596
Uttarakhand,2015,Kharif,Rice,2346.7162113394907
Jammu and Kashmir,2006,Kharif,Barley,578.9473684210526
Goa,2025,Kharif,Rice,3062.091750679369
Bihar,2006,Kharif,Sannhamp,822.2637979420018
Andhra Pradesh,2013,Kharif,Small millets,734.297520661157
Madhya Pradesh,2001,Kharif,Arhar/Tur,817.9987926951422
Karnataka,2014,Kharif,Niger seed,264.53328443058865
Andhra Pradesh,2005,Kharif,Ragi,1112.6095871040725
Bihar,2016,Rabi,Other  Rabi pulses,1004.6988466467321
Bihar,2017,Kharif,Jute,13294.30228100441
Meghalaya,2003,Whole Year,Sugarcane,2746.987951807229
Madhya Pradesh,2020,Rabi,Gram,1276.1692156771733
Chhattisgarh,2008,Kharif,Rice,1198.1981844398374
Karnataka,2002,Kharif,Urad,142.37224591448026
Haryana,2006,Rabi,Gram,835.9961358400832
Jammu and Kashmir,2025,Rabi,Linseed,927.7927002686048
Assam,2018,Rabi,Linseed,608.4400587864791
Tripura,2011,Rabi,Gram,782.3129251700681
Telangana,2021,Rabi,Safflower,591.965495349857
Assam,2006,Whole Year,Sweet potato,3506.286982248521
Uttar Pradesh,2007,Kharif,Sesamum,153.63133972074164
Assam,2016,Rabi,Masoor,658.3273766976412
Punjab,2009,Kharif,Moong(Green Gram),914.2857142857143
Goa,2012,Whole Year,Sugarcane,53928.57142857143
Punjab,2006,Rabi,Wheat,4209.979809633689
Karnataka,2024,Whole Year,Sannhamp,291.39289145052834
Odisha,2012,Winter,Sugarcane,65545.07914659326
Manipur,2014,Kharif,Urad,1184.3771991555243
Tripura,2017,Kharif,Cotton(lint),1440.9937888198758
Chhattisgarh,2012,Kharif,Soyabean,1242.9994973239895
Odisha,2022,Kharif,Other Kharif pulses,397.05849301213937
Maharashtra,2023,Whole Year,Banana,35018.692146338864
Kerala,2006,Kharif,Cotton(lint),1300.0
Tripura,2005,Kharif,Groundnut,1079.5454545454545
Telangana,2019,Kharif,Moong(Green Gram),787.7412031782065
Nagaland,2026,Rabi,Other  Rabi pulses,1659.141073430164
Uttar Pradesh,2018,Rabi,Linseed,630.7499102978113
Haryana,2021,Rabi,other oilseeds,1517.3367882474363
Mizoram,2007,Kharif,Tapioca,1301.5873015873017
Gujarat,2022,Whole Year,Mango,8084.862783009233
Puducherry,2013,Kharif,Cashewnut,360.5442176870748
Tamil Nadu,2008,Kharif,Rice,2683.4629061975984
Delhi,2015,Rabi,Wheat,4378.950131233596
Nagaland,2025,Kharif,Moong(Green Gram),1070.2362138797894
Chhattisgarh,2018,Rabi,Barley,798.5865724381625
Jammu and Kashmir,2019,Rabi,Other  Rabi pulses,520.3252032520326
Manipur,2026,Rabi,Rapeseed &Mustard,1298.3552419268087
Karnataka,2011,Rabi,Other  Rabi pulses,850.6219903691814
Gujarat,2012,Kharif,Groundnut,501.88617352796456
Chhattisgarh,2015,Whole Year,Dry chillies,437.9593601383485
Odisha,2007,Winter,Rapeseed &Mustard,203.47519516494586
Bihar,2021,Kharif,Small millets,781.2654665713467
Maharashtra,2009,Kharif,Other Kharif pulses,320.8751139471285
Uttarakhand,2020,Rabi,Other  Rabi pulses,656.25
Bihar,2014,Kharif,Horse-gram,956.9608078865111
Himachal Pradesh,2013,Kharif,Urad,434.42622950819674
West Bengal,2022,Rabi,Linseed,371.36436431265173
Gujarat,2002,Kharif,Arhar/Tur,629.7124600638978
Delhi,2013,Rabi,Gram,1409.090909090909
West Bengal,2011,Whole Year,Tobacco,1541.2849289967935
Goa,2015,Kharif,Groundnut,2038.781163434903
Tamil Nadu,2016,Whole Year,Mango,7098.145341485805
Madhya Pradesh,2008,Rabi,Linseed,414.0030161474234
Karnataka,2023,Whole Year,Sugarcane,93742.97095643744
Himachal Pradesh,2022,Kharif,Urad,718.8115603739259
Haryana,2004,Rabi,Wheat,3903.440881194333
Jharkhand,2006,Rabi,Potato,8117.019394800671
Tamil Nadu,2010,Kharif,Sunflower,1151.1814636384493
Karnataka,2016,Whole Year,Garlic,829.5071931435568
Andhra Pradesh,2013,Kharif,Tapioca,18414.05364563657
Andhra Pradesh,2016,Kharif,Turmeric,6396.162278407695
Jharkhand,2024,Rabi,Linseed,538.5633898525507
Gujarat,2007,Kharif,Urad,683.3013435700576
Gujarat,2015,Kharif,Other Kharif pulses,467.1016856987493
Puducherry,2013,Kharif,Banana,32017.85714285714
Maharashtra,2000,Kharif,Sunflower,492.7219796215429
Tamil Nadu,2006,Whole Year,Black pepper,227.65325411828246
Chhattisgarh,2014,Kharif,Moong(Green Gram),287.8564125866182
Sikkim,2021,Rabi,Wheat,840.5078590413344
Telangana,2014,Kharif,Sweet potato,7857.142857142857
Chhattisgarh,2009,Kharif,Bajra,285.7142857142857
Jammu and Kashmir,2010,Kharif,Small millets,388.6781441494018
Sikkim,2014,Kharif,Maize,1727.432296890672
Himachal Pradesh,2023,Kharif,Moong(Green Gram),617.7170246760164
Kerala,2012,Whole Year,Jowar,783.7837837837837
Andhra Pradesh,2015,Kharif,Sunflower,786.3885505481121
Uttarakhand,2002,Whole Year,Tobacco,3872.628726287263
West Bengal,2025,Kharif,Other Kharif pulses,622.5047464584118
Jammu and Kashmir,2015,Kharif,Sesamum,410.2701257020594
Arunachal Pradesh,2026,Rabi,Other  Rabi pulses,805.9888590299051
Gujarat,2010,Kharif,Castor seed,2009.783938035059
Nagaland,2006,Kharif,Peas & beans (Pulses),1182.3529411764705
Nagaland,2023,Rabi,Linseed,912.9362090180574
Karnataka,2009,Kharif,Castor seed,646.418755959392
Karnataka,2004,Kharif,Sesamum,538.7698401524325
Andhra Pradesh,2008,Rabi,Linseed,374.3257820927724
Assam,2019,Kharif,Jute,12319.828163182716
Meghalaya,2015,Kharif,Arhar/Tur,1294.8829141370338
Manipur,2002,Whole Year,Onion,2125.0
Manipur,2023,Rabi,Gram,1007.425645835776
Nagaland,2017,Rabi,Barley,1036.3636363636363
Uttarakhand,2024,Rabi,Other Cereals,773.8710808793245
Haryana,2021,Kharif,Moong(Green Gram),747.5501983252001
Andhra Pradesh,2026,Rabi,Guar seed,10.059171597633137
Haryana,2023,Kharif,Horse-gram,801.5275086272112
Uttar Pradesh,2018,Kharif,Sannhamp,192.090395480226
Arunachal Pradesh,2016,Kharif,Soyabean,1419.6255648805682
Karnataka,2000,Whole Year,Mango,4551.664803998972
Rajasthan,2006,Kharif,Maize,2917.3471842105005
Nagaland,2010,Kharif,Sugarcane,43510.58823529412
Kerala,2016,Whole Year,Arecanut,1195.9445627251882
Andhra Pradesh,2006,Kharif,Cotton(lint),2245.2464792355677
Mizoram,2017,Kharif,Sesamum,631.1250490003921
Maharashtra,2005,Kharif,Sunflower,531.9926873857404
Puducherry,2000,Whole Year,Onion,15538.461538461539
Nagaland,2011,Kharif,Sweet potato,8443.478260869566
Kerala,2015,Whole Year,Sweet potato,14057.347670250896
Nagaland,2008,Rabi,Linseed,768.9594356261023
Uttar Pradesh,2018,Kharif,Dry chillies,923.9264695197268
Goa,2025,Whole Year,Sweet potato,1088.6652743497248
Puducherry,2000,Whole Year,Coriander,1000.0
Karnataka,2024,Kharif,Moong(Green Gram),231.40247974147604
Mizoram,2019,Kharif,Soyabean,1629.7948260481712
Nagaland,2016,Kharif,Niger seed,1119.7549770290964
Haryana,2007,Whole Year,Sannhamp,366.3003663003663
Chhattisgarh,2017,Kharif,Moong(Green Gram),485.10841076959736
Kerala,2009,Whole Year,Arecanut,1177.1650367980644
Telangana,2025,Kharif,Urad,1554.1708370821905
Uttarakhand,2008,Kharif,Moong(Green Gram),446.42857142857144
West Bengal,2017,Kharif,Bajra,400.0
Gujarat,2018,Whole Year,Mango,7577.203030330506
Madhya Pradesh,2010,Kharif,Arhar/Tur,315.9995299095076
Puducherry,2021,Rabi,Other  Rabi pulses,1244.1603147283008
Chhattisgarh,2025,Rabi,Masoor,307.9775027935615
Sikkim,2022,Rabi,Other Cereals,933.0099583695662
Chhattisgarh,2002,Kharif,Bajra,393.93939393939394
Jammu and Kashmir,2004,Kharif,Bajra,595.8242443128701
Telangana,2016,Kharif,Turmeric,6032.571292963651
Telangana,2023,Kharif,Ragi,1301.1222403624115
Andhra Pradesh,2015,Kharif,Ginger,2638.1215469613257
Gujarat,2018,Kharif,Maize,1770.100729062009
Haryana,2025,Whole Year,Dry chillies,18532.344759106836
Tamil Nadu,2003,Kharif,Bajra,1084.9286438234572
Tamil Nadu,2022,Whole Year,Coriander,612.3667722421741
Andhra Pradesh,2010,Kharif,Urad,561.1356098983199
Haryana,2005,Kharif,Groundnut,766.3847780126849
Madhya Pradesh,2012,Whole Year,Dry chillies,2614.996742301918
West Bengal,2001,Kharif,Ragi,1143.5978004713277
Jammu and Kashmir,2023,Kharif,Ragi,521.9826993349615
Karnataka,2012,Kharif,Rice,2544.1532886886735
Uttar Pradesh,2000,Kharif,Moong,442.3525951166017
Nagaland,2023,Rabi,Masoor,697.3035690313178
Maharashtra,2009,Whole Year,Mango,6026.320942548082
Maharashtra,2018,Rabi,Other  Rabi pulses,466.67578409919764
Karnataka,2012,Kharif,Jowar,1224.670049476761
Karnataka,2019,Kharif,Horse-gram,761.2247729431477
Assam,2011,Rabi,Mustard,1343.2145792788003
Sikkim,2003,Kharif,Small millets,860.2409638554217
Karnataka,2011,Kharif,Maize,2846.0847986950985
Meghalaya,2021,Rabi,Wheat,1563.3707767328456
Odisha,2016,Rabi,Mustard,1424.4416153014267
Delhi,2025,Kharif,Barley,4560.737527114968
Uttarakhand,2010,Kharif,Ragi,1336.2134773964617
Punjab,2011,Rabi,Mustard,1428.0336454941648
West Bengal,2019,Kharif,Other Kharif pulses,669.73079448457
Bihar,2014,Kharif,Sesamum,874.2310321257689
Chhattisgarh,2009,Kharif,Horse-gram,277.56529564559344
Maharashtra,2025,Summer,other oilseeds,679.1680489162919
Chhattisgarh,2016,Kharif,Castor seed,271.9298245614035
Karnataka,2022,Kharif,Dry chillies,2364.590391431597
Mizoram,2024,Rabi,Onion,6615.231259968103
West Bengal,2010,Kharif,Urad,632.2079075966237
Assam,2007,Kharif,Mesta,5120.312202550923
Assam,2016,Rabi,Mustard,1377.5685072809272
Assam,2006,Rabi,Linseed,507.0388052393194
Haryana,2023,Whole Year,Sannhamp,103.6604678521334
Andhra Pradesh,2002,Whole Year,Ginger,1635.2418558736426
Meghalaya,2023,Whole Year,Sugarcane,2624.931716377144
Meghalaya,2017,Rabi,Onion,8963.702359346642
Puducherry,2022,Kharif,Cotton(lint),295.79441513816965
West Bengal,2012,Autumn,Small millets,721.8543046357615
Bihar,2009,Rabi,Lentil,1032.833220290553
Telangana,2016,Kharif,Horse-gram,382.4362606232295
Arunachal Pradesh,2023,Kharif,Groundnut,1437.8531945774016
Bihar,2021,Kharif,Urad,1034.3284850443977
Assam,2024,Kharif,Cotton(lint),690.414933607764
Odisha,2025,Whole Year,Onion,15096.853253344994
West Bengal,2022,Kharif,Bajra,216.60110149488594
Meghalaya,2015,Rabi,Small millets,949.7591190640055
Jammu and Kashmir,2012,Rabi,Other  Rabi pulses,849.0566037735849
Haryana,2011,Whole Year,Potato,21782.342222958425
Madhya Pradesh,2013,Kharif,Groundnut,1646.0005843640868
Nagaland,2014,Kharif,Urad,810.126582278481
Uttarakhand,2018,Rabi,Wheat,3017.241715780024
Manipur,2009,Kharif,Arhar/Tur,886.9047619047619
Odisha,2009,Winter,Potato,12314.332867843088
Sikkim,2019,Kharif,Soyabean,976.1010583817002
Gujarat,2015,Whole Year,Sugarcane,69669.121109909
Karnataka,2022,Kharif,Rapeseed &Mustard,194.43412063146815
Jammu and Kashmir,2006,Kharif,Moong(Green Gram),487.4919820397691
Himachal Pradesh,2015,Rabi,Onion,10182.669789227166
Telangana,2018,Kharif,Sesamum,171.42857142857142
Andhra Pradesh,2001,Kharif,Bajra,776.8872707725012
West Bengal,2011,Rabi,Potato,25728.74391839703
West Bengal,2006,Rabi,Khesari,948.4651509967965
Jharkhand,2001,Kharif,Arhar/Tur,805.8237273763941
Delhi,2023,Kharif,Other Kharif pulses,2352.0939775515953
Himachal Pradesh,2001,Kharif,Bajra,518.1818181818181
Arunachal Pradesh,2026,Kharif,Sesamum,826.0295841860022
Madhya Pradesh,2019,Rabi,Gram,1590.5408156270707
Sikkim,2012,Rabi,Barley,1000.0
Tamil Nadu,2010,Kharif,Maize,4458.069582496345
Odisha,2007,Autumn,Rice,1097.035040431267
Assam,2021,Kharif,Arhar/Tur,853.238436249774
West Bengal,2022,Kharif,Urad,688.5602710886076
Odisha,2006,Autumn,Urad,216.84522947734183
West Bengal,2001,Kharif,Jowar,551.0887772194305
Odisha,2002,Kharif,Ginger,1922.425032594524
Karnataka,2013,Whole Year,Arecanut,11138.793708458903
Kerala,2022,Whole Year,Cashewnut,214.50477569954694
Gujarat,2012,Rabi,Rapeseed &Mustard,1694.548872180451
Kerala,2011,Whole Year,Turmeric,2675.0155700314767
Madhya Pradesh,2012,Rabi,Safflower,605.9322033898305
Nagaland,2025,Kharif,Niger seed,1232.4386539866546
Haryana,2000,Whole Year,Sweet potato,20833.333333333332
Puducherry,2021,Kharif,Turmeric,7318.706697459585
Bihar,2016,Autumn,Maize,2585.6284945123216
Andhra Pradesh,2013,Kharif,Other Kharif pulses,679.1857798165138
Nagaland,2012,Kharif,Jute,1903.654485049834
Kerala,2017,Whole Year,Cotton(lint),1571.4285714285713
Andhra Pradesh,2025,Whole Year,Sweet potato,12821.333811861517
Karnataka,2005,Rabi,Safflower,759.8616344431404
Jammu and Kashmir,2002,Rabi,Barley,504.68463247367913
Odisha,2002,Rabi,Mustard,1292.7536831438704
Jharkhand,2001,Rabi,Gram,856.7799442490077
Karnataka,2019,Kharif,Castor seed,921.3320463320464
Haryana,2013,Whole Year,Onion,22284.388157676625
Gujarat,2016,Whole Year,Sugarcane,68277.58613050441
Karnataka,2015,Kharif,Potato,4014.47855088041
Mizoram,2008,Kharif,Other Kharif pulses,702.0695040999609
Karnataka,2001,Kharif,Sunflower,479.25658699993556
Uttar Pradesh,2009,Kharif,Dry chillies,880.9811017289908
Uttarakhand,2003,Kharif,Ragi,1309.5055410098005
Maharashtra,2007,Kharif,Small millets,560.8552631578947
Jammu and Kashmir,2013,Rabi,Turmeric,1000.0
Madhya Pradesh,2001,Rabi,Linseed,383.0026321735891
Chhattisgarh,2003,Kharif,Arhar/Tur,602.9976867340891
Andhra Pradesh,2024,Kharif,Rice,3915.052776604813
Himachal Pradesh,2016,Kharif,Sannhamp,200.0
Nagaland,2021,Kharif,Mesta,958.6372413793104
Haryana,2021,Rabi,Rapeseed &Mustard,2062.4008367893625
Arunachal Pradesh,2025,Rabi,Rapeseed &Mustard,1257.0751600671629
Mizoram,2001,Kharif,Cotton(lint),2045.3074433656957
Kerala,2005,Kharif,Jowar,509.38775510204084
Manipur,2004,Whole Year,Sugarcane,32666.666666666668
Karnataka,2026,Kharif,Ragi,1655.8491536294937
Karnataka,2000,Kharif,Niger seed,191.18653346106473
Nagaland,2025,Kharif,Mesta,804.140181323458
Karnataka,2026,Kharif,Sunflower,862.6661645987663
Arunachal Pradesh,2001,Whole Year,Potato,7024.321997417133
Puducherry,2013,Kharif,Tapioca,30000.0
Madhya Pradesh,2016,Kharif,Niger seed,364.26027397260276
Himachal Pradesh,2006,Kharif,Horse-gram,524.108192865543
Maharashtra,2016,Kharif,Turmeric,6574.088649993851
Himachal Pradesh,2016,Kharif,Potato,9996.898263027295
Tamil Nadu,2005,Whole Year,Garlic,5983.644859813084
Rajasthan,2010,Kharif,Jowar,1309.4138119767215
Rajasthan,2013,Rabi,Coriander,898.8290436089494
Odisha,2004,Kharif,Jowar,541.2570747691391
Punjab,2019,Kharif,Moong(Green Gram),884.6153846153846
Telangana,2019,Kharif,Rice,3669.402158353212
Jharkhand,2005,Rabi,Masoor,477.38170424915586
Mizoram,2008,Kharif,Maize,970.8928376757876
Odisha,2007,Summer,Wheat,1571.9178082191781
Bihar,2005,Whole Year,Ginger,1508.495145631068
Bihar,2025,Rabi,Lentil,1087.0823976726413
Arunachal Pradesh,2019,Rabi,Other  Rabi pulses,647.2898664571877
Odisha,2002,Kharif,Castor seed,461.04725415070243
Uttar Pradesh,2003,Rabi,Barley,2209.3037173831262
Bihar,2022,Kharif,Moong(Green Gram),844.4433126627058
Telangana,2006,Kharif,Turmeric,5203.999013145316
Bihar,2003,Kharif,Jute,7422.037933086656
Uttar Pradesh,2010,Kharif,Small millets,717.8726318192194
Goa,2000,Kharif,Ragi,998.0
Delhi,2021,Rabi,Wheat,4503.134707681446
Maharashtra,2011,Kharif,Turmeric,5046.809145703985
Karnataka,2023,Whole Year,Cardamom,120.6735148055234
Madhya Pradesh,2018,Kharif,Arhar/Tur,845.982468097107
Jammu and Kashmir,2025,Kharif,Ginger,2243.2553956834536
Tamil Nadu,2020,Kharif,Cotton(lint),566.0250930849455
Uttar Pradesh,2006,Kharif,Arhar/Tur,748.6644431982527
Tripura,2005,Kharif,Urad,590.4761904761905
Tamil Nadu,2005,Kharif,Small millets,744.9586285487786
Telangana,2015,Kharif,Other Kharif pulses,370.0
Manipur,2006,Summer,Turmeric,666.6666666666666
Tamil Nadu,2013,Kharif,Sunflower,1806.4965197215777
Uttarakhand,2020,Kharif,Horse-gram,976.8043197201308
West Bengal,2024,Whole Year,Banana,33313.83753369656
Tamil Nadu,2011,Whole Year,Banana,43696.69372593519
Uttarakhand,2005,Rabi,Linseed,357.14285714285717
Uttarakhand,2020,Kharif,Urad,1071.301822874657
Mizoram,2021,Kharif,Cowpea(Lobia),1747.355765572448
Rajasthan,2026,Rabi,Mustard,1773.9746689624953
Jharkhand,2005,Autumn,Rice,521.2808592443932
Karnataka,2022,Kharif,Horse-gram,541.865444781718
Gujarat,2006,Whole Year,Dry chillies,927.536231884058
Tamil Nadu,2008,Whole Year,Onion,9454.305073541564
Bihar,2019,Kharif,Sannhamp,807.7777777777778
Uttar Pradesh,2004,Whole Year,Onion,11420.347259902333
Uttar Pradesh,2010,Rabi,Mustard,1393.030380363588
Chhattisgarh,2022,Kharif,Jowar,1099.5699298033294
Haryana,2003,Kharif,Moong(Green Gram),158.6357326987904
Tripura,2018,Kharif,Moong(Green Gram),602.7857829010567
West Bengal,2009,Rabi,Potato,35916.14275941537
Madhya Pradesh,2012,Rabi,Gram,1221.543269030764
Maharashtra,2022,Kharif,Cotton(lint),2021.1757546725253
Uttar Pradesh,2001,Rabi,Gram,971.678630314941
Madhya Pradesh,2019,Whole Year,Onion,24560.285013500186
Karnataka,2025,Kharif,Potato,13697.594669315062
Tripura,2006,Kharif,Cotton(lint),1391.98606271777
Karnataka,2015,Kharif,Sunflower,408.10135049050837
Bihar,2001,Kharif,Jowar,845.943482224248
Chhattisgarh,2022,Rabi,Barley,843.7937436576794
Madhya Pradesh,2009,Whole Year,Safflower,298.2885085574572
Nagaland,2026,Kharif,Soyabean,1166.416064156591
Madhya Pradesh,2016,Whole Year,Ginger,16094.625896263433
Manipur,2002,Kharif,Rice,2192.5413101691593
Jammu and Kashmir,2018,Kharif,Sesamum,408.8647670737223
Punjab,2011,Kharif,Urad,392.85714285714283
Mizoram,2017,Kharif,Cotton(lint),368.36403033586134
Maharashtra,2011,Kharif,Arhar/Tur,706.2687535479686
Puducherry,2011,Kharif,Arecanut,1283.3333333333333
Gujarat,2002,Kharif,Moth,232.18997361477574
Karnataka,2022,Whole Year,Black pepper,414.61438956413537
West Bengal,2023,Kharif,Mesta,12675.920046760384
Tamil Nadu,2022,Whole Year,Potato,26086.67787479215
Sikkim,2019,Kharif,Rice,1858.0310880829015
Uttar Pradesh,2025,Kharif,Ginger,5230.138826690551
Goa,2024,Kharif,Other Kharif pulses,620.1407177390826
Andhra Pradesh,2012,Kharif,Tobacco,8407.864045318227
Manipur,2001,Kharif,Other Kharif pulses,508.02139037433153
Andhra Pradesh,2020,Whole Year,Banana,28100.888276474194
Jammu and Kashmir,2003,Whole Year,Sannhamp,479.6747967479675
Maharashtra,2018,Rabi,Linseed,389.5067008839464
Jharkhand,2026,Kharif,Jowar,1254.9307494913496
Nagaland,2013,Kharif,Soyabean,1254.949494949495
Andhra Pradesh,2013,Kharif,Ragi,982.8205613030442
Karnataka,2026,Whole Year,Sugarcane,84968.7712733576
Chhattisgarh,2019,Kharif,Castor seed,333.3333333333333
Meghalaya,2002,Kharif,Soyabean,959.95995995996
Tamil Nadu,2003,Whole Year,Cardamom,91.55334227159548
Odisha,2019,Rabi,Coriander,657.6576576576576
Haryana,2017,Kharif,Cotton(lint),2427.075542258788
Jammu and Kashmir,2022,Kharif,Sesamum,416.35547789536406
Andhra Pradesh,2014,Rabi,Rapeseed &Mustard,560.8474873052005
Gujarat,2011,Rabi,Other  Rabi pulses,741.6666666666666
Arunachal Pradesh,2014,Whole Year,Ginger,7500.0
Tripura,2015,Rabi,Peas & beans (Pulses),864.9474041398032
Telangana,2021,Rabi,Sweet potato,14983.440662373507
Bihar,2026,Kharif,Moong(Green Gram),884.2743473093584
Nagaland,2022,Kharif,Peas & beans (Pulses),1382.2832073182117
Maharashtra,2003,Kharif,Niger seed,324.6268656716418
Punjab,2010,Kharif,Rice,3827.9759802190038
Himachal Pradesh,2014,Kharif,Horse-gram,412.3641304347826
West Bengal,2015,Rabi,Gram,797.7396726422447
Nagaland,2007,Rabi,Other  Rabi pulses,1171.0526315789473
Kerala,2003,Whole Year,Cashewnut,760.1069741594888
Maharashtra,2015,Kharif,Ragi,1013.0861504907307
Meghalaya,2017,Autumn,Rice,2348.413998510797
Gujarat,2008,Kharif,Jowar,1330.9178743961352
Odisha,2013,Summer,Horse-gram,338.7096774193548
Andhra Pradesh,2013,Rabi,Wheat,715.5172413793103
Assam,2024,Kharif,Jute,12063.845645716816
Punjab,2014,Rabi,Masoor,587.5
Rajasthan,2008,Kharif,Sesamum,473.7502220956783
Andhra Pradesh,2017,Kharif,Sunflower,738.5878489326765
Maharashtra,2005,Rabi,Gram,691.1015288122305
Uttar Pradesh,2015,Rabi,Turmeric,1109.7142857142858
Tamil Nadu,2019,Kharif,Cowpea(Lobia),784.0090231217495
Madhya Pradesh,2008,Rabi,Safflower,219.23076923076923
West Bengal,2022,Rabi,Other  Rabi pulses,779.0910781162846
Himachal Pradesh,2005,Kharif,Sesamum,399.94747899159665
Assam,2022,Rabi,Rapeseed &Mustard,619.8154576978858
Sikkim,2021,Rabi,Barley,956.8354711170845
Madhya Pradesh,2009,Whole Year,Soyabean,1180.0000330891537
Chhattisgarh,2026,Kharif,Jowar,1188.376750002186
Karnataka,2012,Rabi,Wheat,794.0152880492201
Tamil Nadu,2008,Whole Year,Rapeseed &Mustard,245.13618677042803
Jammu and Kashmir,2019,Kharif,other oilseeds,500.0
Goa,2021,Kharif,Other Kharif pulses,700.3368263473054
Madhya Pradesh,2012,Rabi,Rapeseed &Mustard,1367.9999317465351
Chhattisgarh,2008,Rabi,Linseed,273.0806404168593
Andhra Pradesh,2024,Kharif,Mesta,9105.72585104351
Mizoram,2026,Kharif,Peas & beans (Pulses),10.00632369899193
Chhattisgarh,2022,Whole Year,Turmeric,1127.1619975639464
Haryana,2026,Rabi,Barley,4605.201578808779
Telangana,2026,Kharif,Maize,7038.277840256607
Chhattisgarh,2009,Kharif,Other Kharif pulses,229.34329645063946
Karnataka,2026,Whole Year,Tapioca,10553.167015052753
Nagaland,2014,Kharif,Cowpea(Lobia),1469.3877551020407
Uttar Pradesh,2022,Rabi,Masoor,899.0798781033426
Manipur,2013,Kharif,Maize,2182.2358346094948
Tamil Nadu,2009,Whole Year,Ginger,16049.768518518518
Odisha,2012,Summer,Wheat,1899.9037536092396
Assam,2025,Whole Year,Sweet potato,6448.141303388053
Uttarakhand,2010,Kharif,Other Cereals,1160.034354423132
Tamil Nadu,2013,Whole Year,Tapioca,29922.1799200249
Odisha,2025,Rabi,Mustard,1821.0286090046463
Karnataka,2002,Whole Year,Sweet potato,7940.117994100295
Gujarat,2007,Kharif,Sesamum,470.29372496662216
Himachal Pradesh,2006,Kharif,Ragi,1070.5084745762713
Rajasthan,2006,Kharif,Bajra,1365.9334210931017
Maharashtra,2018,Kharif,Castor seed,291.12813148236796
Bihar,2013,Rabi,Potato,23600.581984358563
Maharashtra,2004,Kharif,Other Kharif pulses,349.85279685966634
Punjab,2021,Kharif,Groundnut,2154.222882615156
Karnataka,2007,Rabi,Linseed,395.3218073514456
Uttar Pradesh,2017,Kharif,Small millets,649.9352331606218
West Bengal,2003,Kharif,Moong(Green Gram),516.1676646706587
Tamil Nadu,2002,Kharif,Urad,398.9831782536264
Maharashtra,2008,Kharif,Turmeric,5296.613155580208
Nagaland,2014,Kharif,Tapioca,20211.981566820275
Assam,2003,Whole Year,Onion,2337.9705400981998
Bihar,2015,Rabi,Safflower,801.8867924528302
Punjab,2002,Rabi,Wheat,4200.0
Andhra Pradesh,2020,Kharif,Turmeric,6618.098343071894
Assam,2018,Kharif,Small millets,586.9481765834933
Maharashtra,2011,Kharif,Groundnut,1081.7837610433319
Mizoram,2025,Rabi,Rapeseed &Mustard,927.3415377182505
Haryana,2007,Kharif,Arhar/Tur,1063.27530490983
Nagaland,2026,Rabi,Rapeseed &Mustard,1036.0833595298814
Bihar,2021,Whole Year,Tobacco,2421.6552411042967
Maharashtra,2004,Rabi,Rapeseed &Mustard,290.69767441860466
Jammu and Kashmir,2005,Kharif,Cotton(lint),514.2857142857143
Bihar,2016,Rabi,Masoor,1005.35275475211
Goa,2025,Whole Year,other oilseeds,4331.294739920406
Nagaland,2018,Kharif,Small millets,1130.3854875283446
Uttar Pradesh,2012,Kharif,Rice,2458.9692011612224
Maharashtra,2016,Rabi,Other  Rabi pulses,566.0500900311016
Bihar,2000,Kharif,Sunflower,1541.5205757519839
Karnataka,2018,Kharif,Dry chillies,1241.0414564653177
Madhya Pradesh,2018,Kharif,Soyabean,1072.1457981785193
Himachal Pradesh,2004,Kharif,Maize,2136.024734211295
Meghalaya,2013,Whole Year,Black pepper,704.239917269907
Maharashtra,2008,Whole Year,Sugarcane,78928.03227485684
Arunachal Pradesh,2014,Whole Year,Potato,8251.47347740668
Kerala,2013,Whole Year,Sweet potato,16518.18181818182
Maharashtra,2009,Kharif,Soyabean,727.7003080388196
Puducherry,2002,Whole Year,Black pepper,666.6666666666666
Chhattisgarh,2021,Rabi,Wheat,1550.5033421835599
Gujarat,2000,Kharif,Sesamum,275.70748108713923
Madhya Pradesh,2003,Whole Year,Coriander,375.52169115883396
Mizoram,2011,Whole Year,Tobacco,893.3823529411765
Karnataka,2000,Kharif,Jowar,1463.6442145909539
Karnataka,2000,Whole Year,Onion,5361.978431014141
Uttarakhand,2024,Rabi,Barley,1551.3745800685065
Mizoram,2014,Whole Year,Tobacco,806.7226890756302
Uttar Pradesh,2019,Rabi,Peas & beans (Pulses),1645.2761211189797
Gujarat,2002,Whole Year,Sugarcane,69339.57614588467
Puducherry,2014,Rabi,Other  Rabi pulses,812.5
Karnataka,2008,Kharif,Dry chillies,928.1586298484224
Kerala,2022,Whole Year,Ginger,3716.884372819772
Puducherry,2008,Rabi,Coriander,500.0
Gujarat,2002,Kharif,Urad,372.5328947368421
Madhya Pradesh,2022,Whole Year,Potato,20363.835667924865
Andhra Pradesh,2003,Kharif,Soyabean,1568.1339880743599
Gujarat,2016,Kharif,Sesamum,533.6979287875262
Jharkhand,2000,Whole Year,Sugarcane,63632.088432188066
Himachal Pradesh,2015,Kharif,Arhar/Tur,333.3333333333333
Bihar,2026,Kharif,Jowar,1135.3616160236325
Maharashtra,2016,Kharif,Maize,3245.123266446919
Himachal Pradesh,2002,Whole Year,Tobacco,1187.5
Madhya Pradesh,2000,Kharif,Jowar,716.9994281710333
Jammu and Kashmir,2021,Kharif,Tobacco,505.9840425531915
Bihar,2008,Kharif,Sannhamp,4460.39309112567
Maharashtra,2002,Rabi,Gram,563.3006782215524
West Bengal,2018,Kharif,Castor seed,578.9473684210526
Gujarat,2024,Kharif,Maize,2377.648883109058
Himachal Pradesh,2000,Kharif,Ginger,7119.767468671101
Karnataka,2017,Kharif,Dry chillies,1880.800057940225
Andhra Pradesh,2022,Kharif,Turmeric,6205.264980783751
Bihar,2003,Kharif,Other Kharif pulses,520.3389830508474
Puducherry,2007,Kharif,Sunflower,600.0
Puducherry,2008,Kharif,Ragi,2476.190476190476
Tamil Nadu,2004,Kharif,Arhar/Tur,667.4728210797863
Andhra Pradesh,2015,Kharif,Jowar,1110.0599180069378
Jammu and Kashmir,2010,Kharif,Peas & beans (Pulses),557.2519083969465
Jharkhand,2015,Autumn,Maize,969.5134789162968
Andhra Pradesh,2008,Kharif,Other Kharif pulses,490.1290812452544
Arunachal Pradesh,2022,Kharif,Sesamum,885.6864357451055
Andhra Pradesh,2010,Kharif,Bajra,1653.9015933616424
Tamil Nadu,2025,Kharif,Urad,956.5964836565907
Maharashtra,2003,Kharif,other oilseeds,183.59375
Tripura,2016,Kharif,Cotton(lint),1560.9195402298851
Kerala,2006,Whole Year,Cashewnut,875.3530221534706
Delhi,2017,Kharif,Barley,2585.714285714286
Chhattisgarh,2004,Kharif,Mesta,1805.8823529411766
Delhi,2008,Kharif,Maize,1833.3333333333333
Haryana,2021,Kharif,Guar seed,872.8184992731557
West Bengal,2023,Rabi,Arhar/Tur,1602.9174131100056
Himachal Pradesh,2025,Kharif,Bajra,702.28475898579
Manipur,2021,Kharif,Urad,1174.059105184575
Delhi,2021,Kharif,Maize,17370.03676470588
Bihar,2017,Autumn,Rice,1728.122166145652
Karnataka,2018,Whole Year,Cashewnut,1204.6391643583618
Uttarakhand,2004,Rabi,Other  Rabi pulses,481.48148148148147
Nagaland,2016,Kharif,Other Kharif pulses,1217.2701949860725
Tamil Nadu,2009,Whole Year,Maize,4661.413259392445
Mizoram,2001,Kharif,Soyabean,957.345971563981
Telangana,2020,Kharif,Cotton(lint),614.2827130289132
Delhi,2002,Rabi,Wheat,4013.997985901309
Bihar,2014,Kharif,Bajra,1134.1240875912408
Chhattisgarh,2001,Whole Year,Garlic,2827.98459563543
Tamil Nadu,2024,Kharif,Cotton(lint),2461.888004808614
Nagaland,2002,Rabi,Rapeseed &Mustard,1111.9536128456734
Tripura,2010,Kharif,Sesamum,575.7575757575758
Sikkim,2006,Rabi,Barley,1104.3478260869565
Telangana,2017,Kharif,Bajra,1057.2033898305085
Maharashtra,2018,Kharif,Soyabean,1131.469723746765
Goa,2000,Whole Year,Banana,7372.5
Arunachal Pradesh,2000,Whole Year,Oilseeds total,1036.1583209763887
Assam,2010,Kharif,Cotton(lint),464.9499284692418
Andhra Pradesh,2011,Whole Year,Garlic,2167.8321678321677
Andhra Pradesh,2014,Kharif,Soyabean,2286.301369863014
Uttar Pradesh,2000,Rabi,Linseed,360.1910309520795
Madhya Pradesh,2006,Whole Year,Turmeric,872.754491017964
Delhi,2024,Rabi,Wheat,4770.687783232629
Uttarakhand,2000,Rabi,Linseed,294.11764705882354
Uttar Pradesh,2008,Kharif,Moong(Green Gram),369.8145356838587
Andhra Pradesh,2011,Rabi,Safflower,744.8412698412699
Sikkim,2009,Kharif,Other Kharif pulses,1044.8275862068965
Meghalaya,2023,Autumn,Rice,3233.3739325966094
Haryana,2002,Kharif,Horse-gram,224.2152466367713
Nagaland,2008,Rabi,Rapeseed &Mustard,1000.0
Maharashtra,2024,Kharif,Other Kharif pulses,417.93286480207524
Haryana,2020,Kharif,Rice,3396.7344695172005
Jammu and Kashmir,2001,Kharif,Rice,1690.3414321738783
Gujarat,2017,Kharif,Rice,2179.7305008010726
Uttarakhand,2006,Kharif,Moong(Green Gram),1000.0
Kerala,2025,Whole Year,Black pepper,405.5192559606392
Karnataka,2010,Whole Year,Banana,23358.812170237354
Andhra Pradesh,2020,Whole Year,Mango,8352.891514359819
Punjab,2005,Rabi,Masoor,473.6842105263158
Odisha,2000,Whole Year,Sannhamp,3789.4265232974913
Manipur,2025,Kharif,Rice,2407.4626816315886
Assam,2015,Rabi,Urad,658.039124449873
Assam,2023,Kharif,Niger seed,583.3119873162168
Kerala,2021,Whole Year,Cardamom,107.67321518073791
Odisha,2001,Rabi,Gram,649.7289972899729
Puducherry,2025,Rabi,Coriander,1003.8314176245211
Gujarat,2023,Rabi,Onion,26736.50264683338
Karnataka,2009,Whole Year,Tomato,22902.459128680894
Uttar Pradesh,2010,Kharif,Moong,529.5428999587584
West Bengal,2025,Rabi,Khesari,1095.8068641754066
Sikkim,2018,Rabi,Wheat,1079.7546012269938
Nagaland,2007,Kharif,Arhar/Tur,1212.5
Himachal Pradesh,2008,Kharif,Ragi,1074.3510778706554
Haryana,2015,Rabi,other oilseeds,1000.0
West Bengal,2013,Whole Year,Mango,6850.685897714594
Chhattisgarh,2016,Kharif,Mesta,1624.4087038789025
Gujarat,2018,Kharif,Castor seed,1809.4608499703954
Kerala,2022,Whole Year,Horse-gram,10.032017075773746
Haryana,2025,Rabi,Mustard,1733.7212199441158
Jharkhand,2026,Rabi,Masoor,953.8401446687559
Uttar Pradesh,2011,Rabi,Garlic,5168.007668399802
Uttarakhand,2004,Kharif,Moth,250.0
Andhra Pradesh,2024,Kharif,Other Kharif pulses,868.9459766321786
Karnataka,2007,Rabi,Safflower,843.4019767011308
West Bengal,2000,Rabi,Safflower,310.3448275862069
Nagaland,2016,Rabi,Wheat,1840.2366863905324
Tamil Nadu,2002,Whole Year,Tapioca,31589.43944901473
Andhra Pradesh,2025,Rabi,Safflower,635.1699470749676
Maharashtra,2012,Kharif,Moong(Green Gram),490.1205936920223
Tamil Nadu,2010,Kharif,Groundnut,2323.260935542361
Uttar Pradesh,2020,Whole Year,Sugarcane,81209.32054820274
Karnataka,2025,Kharif,Onion,11352.404615994908
Maharashtra,2011,Rabi,Wheat,1706.8670994192005
West Bengal,2022,Whole Year,Cardamom,5294.698470354172
Meghalaya,2026,Whole Year,Turmeric,5394.580782246727
Manipur,2024,Whole Year,Banana,15961.794625648354
Nagaland,2021,Kharif,Ginger,8852.241821542695
Assam,2025,Rabi,Wheat,1262.0927866925651
Gujarat,2012,Rabi,Gram,977.9573842762675
Meghalaya,2013,Kharif,Soyabean,1884.1722255912675
Tamil Nadu,2014,Kharif,Masoor,1256.4063600823329
Assam,2019,Rabi,Moong(Green Gram),753.2527452246932
Maharashtra,2011,Kharif,Sunflower,545.5635491606714
Tamil Nadu,2009,Whole Year,Dry chillies,534.0652575415555
Gujarat,2008,Whole Year,Garlic,5864.306784660767
Tripura,2013,Kharif,Urad,617.0694864048338
Bihar,2013,Rabi,Sunflower,1410.4775481111903
Nagaland,2023,Rabi,Urad,814.9384777097632
Puducherry,2002,Whole Year,Coriander,800.0
Haryana,2024,Whole Year,Dry chillies,17081.558433925253
Delhi,2001,Kharif,Jowar,943.5493218963719
Assam,2023,Whole Year,Tapioca,9039.791574294162
Maharashtra,2021,Rabi,Gram,950.5578553934478
Uttar Pradesh,2000,Kharif,Castor seed,640.0
Tripura,2018,Kharif,Jute,8899.390243902439
Karnataka,2008,Kharif,Bajra,679.5207631449446
Bihar,2004,Whole Year,Mango,5983.238728389698
Meghalaya,2018,Kharif,Maize,2294.059351428729
West Bengal,2026,Whole Year,Banana,34727.91378460539
Manipur,2011,Rabi,Other  Rabi pulses,865.7731546309262
Puducherry,2009,Kharif,Banana,36389.47368421053
West Bengal,2005,Kharif,Urad,631.910297294517
Bihar,2023,Rabi,Peas & beans (Pulses),1159.6350981312382
Chhattisgarh,2018,Kharif,Groundnut,1282.9818333681353
Andhra Pradesh,2009,Kharif,Moong(Green Gram),102.8054228106839
Jammu and Kashmir,2010,Kharif,Groundnut,500.0
Arunachal Pradesh,2015,Whole Year,Ginger,7395.424836601307
Karnataka,2006,Whole Year,Arecanut,1329.7961413530797
Nagaland,2007,Kharif,Tapioca,23100.0
Uttar Pradesh,2008,Kharif,Guar seed,839.8373983739838
Uttar Pradesh,2007,Kharif,Cotton(lint),272.7699530516432
Meghalaya,2003,Whole Year,Tapioca,5180.674383492703
Nagaland,2026,Kharif,Other Cereals,1006.2776189238368
Haryana,2024,Kharif,Maize,3444.6905481961066
Rajasthan,2014,Kharif,Moong,701.9653196471952
Bihar,2003,Kharif,Sunflower,1377.9590439792369
Andhra Pradesh,2015,Kharif,Tobacco,6714.973821989529
Nagaland,2004,Kharif,Other Kharif pulses,814.4796380090497
West Bengal,2003,Kharif,Groundnut,1022.8794642857143
Punjab,2010,Kharif,Guar seed,923.0769230769231
Karnataka,2010,Whole Year,Tomato,23480.616323215298
Maharashtra,2000,Rabi,Safflower,411.8243243243243
Mizoram,2006,Kharif,Cotton(lint),626.5560165975104
Himachal Pradesh,2011,Kharif,Dry chillies,285.48387096774195
Uttarakhand,2016,Whole Year,Onion,8403.710992409333
Telangana,2019,Kharif,Ginger,6601.494396014944
Andhra Pradesh,2009,Whole Year,Ginger,7196.374622356496
Andhra Pradesh,2024,Rabi,Wheat,929.3073585108983
Bihar,2003,Kharif,Sesamum,748.3530961791831
Gujarat,2001,Kharif,Bajra,1261.1576447055882
West Bengal,2004,Whole Year,Turmeric,1974.032258064516
Jammu and Kashmir,2015,Kharif,Onion,523.8095238095239
Uttarakhand,2007,Rabi,Other  Rabi pulses,440.86021505376345
Tripura,2014,Rabi,Peas & beans (Pulses),841.5167719980554
Kerala,2026,Kharif,Other Kharif pulses,3764.888439996327
Bihar,2012,Kharif,Bajra,1139.9622997172478
Himachal Pradesh,2005,Rabi,Masoor,191.0569105691057
Assam,2021,Whole Year,Ginger,9456.014691769893
Sikkim,2006,Kharif,Urad,783.0985915492957
Gujarat,2026,Kharif,Rice,2478.1270561095494
Uttarakhand,2020,Whole Year,Tobacco,2000.0
Arunachal Pradesh,2018,Kharif,Arhar/Tur,863.9705882352941
Uttarakhand,2025,Kharif,Arhar/Tur,844.0936482177104
Bihar,2011,Rabi,Linseed,865.0678501322864
Jammu and Kashmir,2016,Kharif,Sesamum,434.487558726292
Puducherry,2000,Whole Year,Sugarcane,81336.4448051948
Nagaland,2026,Rabi,Potato,11633.775472372654
Karnataka,2008,Kharif,Rice,2572.6212360040818
Bihar,2023,Rabi,Gram,1240.131649016185
Karnataka,2023,Kharif,Moong(Green Gram),240.1218135300028
Chhattisgarh,2026,Kharif,Rice,2583.4627721837214
Gujarat,2018,Rabi,Rapeseed &Mustard,1783.5899588443663
West Bengal,2026,Rabi,Peas & beans (Pulses),1158.8240540252084
Andhra Pradesh,2024,Whole Year,Coriander,561.3441432803955
West Bengal,2026,Whole Year,Sugarcane,94874.51740452136
Assam,2006,Kharif,Mesta,5075.720164609053
Tamil Nadu,2001,Kharif,Ragi,1883.1207285647977
Nagaland,2004,Kharif,Peas & beans (Pulses),787.4015748031496
Haryana,2000,Rabi,Gram,642.3845313804843
Himachal Pradesh,2019,Rabi,Linseed,417.0731707317073
Tripura,2008,Kharif,Other Kharif pulses,632.8790459965928
Andhra Pradesh,2004,Kharif,Horse-gram,451.7217425821177
Karnataka,2007,Kharif,Maize,2906.567420307216
Jammu and Kashmir,2007,Kharif,Sesamum,427.3269882239071
Bihar,2021,Whole Year,Coriander,937.749120750293
Odisha,2026,Kharif,Jowar,658.0633757694399
Chhattisgarh,2002,Whole Year,Tobacco,461.53846153846155
Himachal Pradesh,2002,Whole Year,Garlic,748.1132075471698
Madhya Pradesh,2000,Rabi,Linseed,333.0026556906336
Karnataka,2012,Whole Year,Garlic,1305.0967437470506
Uttarakhand,2023,Kharif,Other Kharif pulses,1074.4629173318203
Kerala,2004,Whole Year,Sweet potato,11977.272727272728
Manipur,2007,Kharif,Soyabean,1000.0
Nagaland,2026,Rabi,Wheat,1575.0915459532844
Punjab,2006,Kharif,Maize,3123.3766233766232
Haryana,2007,Rabi,Sunflower,1871.7504332755632
Meghalaya,2014,Rabi,Peas & beans (Pulses),1914.9888143176734
Uttar Pradesh,2007,Rabi,Gram,744.9626270610587
Odisha,2013,Autumn,Urad,300.7938521767499
Puducherry,2022,Kharif,Sweet potato,12860.21505376344
Uttar Pradesh,2004,Whole Year,Sweet potato,11129.676134395566
Bihar,2025,Kharif,Jowar,1096.4069601464187
Bihar,2018,Rabi,Masoor,1000.7571967494625
Delhi,2004,Kharif,Barley,2690.1408450704225
Kerala,2014,Whole Year,Jowar,739.8843930635838
Andhra Pradesh,2016,Rabi,Wheat,2303.030303030303
Assam,2014,Whole Year,Sugarcane,36760.33444816054
Manipur,2026,Kharif,Moong(Green Gram),1208.2234540659813
Meghalaya,2018,Rabi,Tobacco,992.5187032418953
Madhya Pradesh,2026,Rabi,Wheat,3424.8403359562803
West Bengal,2026,Rabi,Safflower,912.8359424486472
Kerala,2015,Autumn,Rice,2663.0143334767786
Chhattisgarh,2009,Rabi,Masoor,306.439248754312
Telangana,2002,Whole Year,Mango,6246.2199109778085
Karnataka,2025,Kharif,Dry chillies,2463.891499958129
Kerala,2004,Whole Year,Banana,8075.476505962695
Meghalaya,2013,Rabi,Linseed,539.3258426966293
Assam,2014,Rabi,Wheat,1216.6539795314218
Karnataka,2024,Kharif,Cowpea(Lobia),218.49755082086585
Odisha,2002,Whole Year,Tobacco,635.6968215158925
Uttarakhand,2004,Whole Year,Garlic,9069.767441860466
Meghalaya,2026,Kharif,Ginger,11606.929938589807
West Bengal,2022,Rabi,Safflower,940.8472450062724
Puducherry,2013,Kharif,Rice,3293.6529555979296
Andhra Pradesh,2019,Kharif,Horse-gram,471.9805664915577
Sikkim,2016,Rabi,Wheat,1079.245283018868
Delhi,2001,Kharif,Other Kharif pulses,1179.8165137614678
Assam,2013,Whole Year,Potato,7147.535628241251
Manipur,2007,Whole Year,Dry chillies,600.280504908836
Jammu and Kashmir,2014,Kharif,Sugarcane,1500.3831417624522
Andhra Pradesh,2003,Kharif,Sesamum,290.22145377065215
Maharashtra,2004,Kharif,Soyabean,900.1997906954618
Jammu and Kashmir,2010,Kharif,Moth,563.7692932575142
West Bengal,2017,Rabi,Wheat,3090.865712338105
Madhya Pradesh,2015,Kharif,Moong(Green Gram),279.28350515463916
Madhya Pradesh,2022,Rabi,Khesari,989.4976109026626
Sikkim,2018,Kharif,Small millets,1031.693472090823
Chhattisgarh,2000,Whole Year,Ginger,931.5980629539952
Rajasthan,2020,Rabi,Wheat,4350.957568483884
Assam,2008,Kharif,Maize,725.9808997813831
Puducherry,2012,Kharif,Sesamum,750.0
Tamil Nadu,2018,Whole Year,Garlic,5956.521739130435
Bihar,2012,Rabi,Other  Rabi pulses,1100.864553314121
Chhattisgarh,2014,Kharif,Rice,1976.7936169685556
Manipur,2023,Whole Year,Banana,16275.040837327802
Gujarat,2025,Kharif,Groundnut,2627.613612299649
Nagaland,2016,Kharif,other oilseeds,600.8230452674898
Andhra Pradesh,2011,Kharif,Turmeric,5946.875196307945
Meghalaya,2017,Kharif,Maize,2293.080652269722
Bihar,2018,Rabi,Potato,12785.436973891983
Meghalaya,2015,Rabi,Cowpea(Lobia),1521.0751374465485
Chhattisgarh,2015,Kharif,Niger seed,159.3285207542473
Telangana,2026,Rabi,Safflower,353.74310297233205
Tamil Nadu,2026,Kharif,Other Cereals,1274.5743730585145
Madhya Pradesh,2023,Rabi,Rapeseed &Mustard,1189.5425219502254
Jharkhand,2023,Rabi,Arhar/Tur,2541.8940514088295
Karnataka,2022,Whole Year,Mango,8494.123666183585
Goa,2016,Whole Year,Banana,11050.513347022586
Andhra Pradesh,2023,Kharif,Other Kharif pulses,805.1302326181032
Tamil Nadu,2018,Whole Year,Coriander,393.0294071884238
Bihar,2019,Whole Year,Tobacco,1755.9906487434248
Uttar Pradesh,2025,Kharif,Jowar,1201.7816580055649
Himachal Pradesh,2001,Kharif,Peas & beans (Pulses),2257.0834907442386
Jammu and Kashmir,2008,Rabi,Potato,9997.858672376873
Himachal Pradesh,2008,Rabi,Gram,398.35164835164835
Kerala,2013,Whole Year,Small millets,875.0
Himachal Pradesh,2005,Rabi,Garlic,658.0709979906229
Chhattisgarh,2023,Kharif,Castor seed,272.612633268371
Tamil Nadu,2004,Kharif,Sunflower,1063.4089907448215
Bihar,2017,Rabi,Khesari,1057.2167006366751
Chhattisgarh,2002,Kharif,Castor seed,283.7837837837838
Kerala,2012,Whole Year,Groundnut,1244.8979591836735
West Bengal,2022,Kharif,Other Kharif pulses,677.7525904195655
Kerala,2023,Whole Year,Sweet potato,13930.944375060042
Andhra Pradesh,2019,Kharif,Jowar,1051.350693599416
Chhattisgarh,2026,Kharif,Jute,10.009300677620798
Odisha,2014,Autumn,Jute,1625.3547776726584
Haryana,2026,Whole Year,Garlic,15083.767577606792
Jharkhand,2015,Rabi,Potato,6147.642831039104
Delhi,2022,Kharif,Maize,14723.158108382382
Odisha,2006,Autumn,Groundnut,874.514091350826
Uttar Pradesh,2012,Rabi,Barley,2646.7650168074215
Uttarakhand,2014,Kharif,Maize,2068.232520941196
Himachal Pradesh,2007,Rabi,Barley,1304.819430856268
Bihar,2005,Rabi,Peas & beans (Pulses),920.2164449326661
Odisha,2012,Autumn,Jute,1752.2522522522522
Goa,2014,Kharif,Groundnut,2033.240997229917
Karnataka,2001,Whole Year,Banana,20173.973979070986
Chhattisgarh,2008,Rabi,Gram,801.5438194581893
Nagaland,2025,Kharif,Cowpea(Lobia),1506.9269398362546
Maharashtra,2004,Kharif,Maize,1718.2899207248017
Meghalaya,2001,Whole Year,Sweet potato,3364.427357345204
Jammu and Kashmir,2025,Kharif,Cotton(lint),580.2835476425981
Madhya Pradesh,2010,Kharif,Small millets,335.1898772702717
Arunachal Pradesh,2017,Kharif,Groundnut,980.4134929270947
Manipur,2016,Whole Year,Potato,8318.688524590163
Gujarat,2024,Kharif,Other Cereals,1221.9865112494963
Manipur,2013,Rabi,Other  Rabi pulses,915.1260504201681
Chhattisgarh,2025,Kharif,Other Kharif pulses,241.32777566853636
Chhattisgarh,2008,Kharif,Niger seed,179.1438568767989
Haryana,2004,Whole Year,Garlic,8123.249299719888
Delhi,2005,Kharif,Rice,2810.0186517452703
Tripura,2016,Kharif,Small millets,801.1363636363636
Kerala,2022,Whole Year,Soyabean,128.3422459893048
Odisha,2001,Kharif,Arhar/Tur,645.1459390862944
Bihar,2005,Kharif,Jowar,1030.1556420233462
Jharkhand,2025,Autumn,Rice,1841.1718520615818
Meghalaya,2026,Rabi,Rapeseed &Mustard,1051.022552005062
Andhra Pradesh,2006,Kharif,Groundnut,300.6714077876074
West Bengal,2004,Rabi,Castor seed,955.5555555555555
Jammu and Kashmir,2018,Kharif,Other Kharif pulses,771.049896049896
Chhattisgarh,2018,Whole Year,Dry chillies,625.9347891115764
West Bengal,2022,Whole Year,Sugarcane,87472.91010312074
Meghalaya,2019,Kharif,Sweet potato,3346.4300802703847
Karnataka,2002,Kharif,Ginger,13143.967093235831
Andhra Pradesh,2004,Kharif,Urad,459.4318895166353
Odisha,2002,Whole Year,Dry chillies,839.1356542617046
Nagaland,2024,Kharif,Bajra,880.1786966233511
Goa,2026,Whole Year,Sugarcane,44045.364911362856
Kerala,2005,Whole Year,Tobacco,1604.6511627906978
Odisha,2026,Summer,Wheat,2028.5267542370668
Rajasthan,2009,Rabi,Barley,2159.1924211203154
Arunachal Pradesh,2008,Whole Year,Sugarcane,17108.75912408759
Himachal Pradesh,2018,Kharif,Cotton(lint),360.0
Himachal Pradesh,2006,Whole Year,Potato,9986.679278001104
Gujarat,2006,Kharif,Other Kharif pulses,603.2608695652174
Odisha,2021,Rabi,Gram,810.0073583517293
Telangana,2019,Kharif,Bajra,1214.7165259348612
Jammu and Kashmir,2017,Kharif,Bajra,594.7140102827764
Delhi,2001,Rabi,Gram,156.86274509803923
Karnataka,2009,Kharif,Groundnut,474.58960137396105
Karnataka,2001,Rabi,Linseed,335.5769721074907
Madhya Pradesh,2006,Whole Year,Sugarcane,44073.99525251699
Madhya Pradesh,2012,Whole Year,Turmeric,1074.5644599303137
West Bengal,2011,Rabi,Barley,1445.4545454545455
Telangana,2018,Kharif,Ginger,6913.931888544892
Odisha,2009,Summer,Horse-gram,268.1159420289855
Puducherry,2018,Kharif,Jowar,2500.0
Nagaland,2018,Kharif,Tapioca,20259.541984732823
Manipur,2002,Kharif,Maize,2336.1581920903955
Karnataka,2010,Kharif,Soyabean,879.2324854975458
Maharashtra,2023,Kharif,Soyabean,1250.0602941320508
Jharkhand,2022,Kharif,Sunflower,789.5235039306915
Manipur,2022,Rabi,Gram,1143.5050292634726
Tripura,2018,Kharif,Sesamum,621.7884311755419
Uttarakhand,2003,Kharif,Arhar/Tur,740.5708460754332
Telangana,2017,Rabi,Safflower,566.8047643707923
Rajasthan,2001,Rabi,Coriander,682.7977454568647
Madhya Pradesh,2017,Kharif,Urad,975.1565295169946
Nagaland,2017,Kharif,Groundnut,1041.2371134020618
Gujarat,2019,Rabi,Small millets,1657.1708032766842
Karnataka,2025,Whole Year,Turmeric,6298.1241822160155
Punjab,2023,Kharif,Maize,3961.2543136624136
Karnataka,2013,Kharif,Small millets,535.07698797722
Maharashtra,2024,Kharif,Arhar/Tur,798.4265549473728
Andhra Pradesh,2011,Kharif,Dry chillies,3141.871421251362
Assam,2014,Whole Year,Ginger,8598.668683812406
Chhattisgarh,2022,Kharif,Small millets,394.3517598830572
West Bengal,2017,Kharif,Moong(Green Gram),776.750799857803
Meghalaya,2002,Whole Year,Potato,9290.244037408002
Chhattisgarh,2013,Rabi,Rapeseed &Mustard,567.8978587354339
Chhattisgarh,2002,Whole Year,Sugarcane,2518.827394490776
Tamil Nadu,2012,Kharif,Groundnut,2314.237640742454
Bihar,2009,Rabi,Linseed,846.0047572901066
West Bengal,2003,Kharif,Ragi,1155.6234627711112
Jammu and Kashmir,2002,Rabi,Rapeseed &Mustard,397.8345925526174
Bihar,2005,Rabi,Lentil,823.3840312584554
Assam,2009,Rabi,Urad,566.4659885129057
Andhra Pradesh,2022,Kharif,Groundnut,2865.6458676739485
Bihar,2022,Kharif,Ragi,1205.7969975995127
Maharashtra,2026,Kharif,Other Cereals,691.3488677219061
Gujarat,2021,Whole Year,Banana,84276.47229557559
Uttar Pradesh,2006,Kharif,Rice,1877.6532690721358
Kerala,2008,Kharif,Ragi,809.2105263157895
Gujarat,2019,Rabi,Rapeseed &Mustard,1932.243450856805
Maharashtra,2001,Whole Year,Grapes,20988.125070083668
Gujarat,2015,Rabi,Other  Rabi pulses,762.5757963959347
Jammu and Kashmir,2012,Kharif,Sesamum,436.5079365079365
Madhya Pradesh,2011,Rabi,Gram,1083.0692930810592
Uttar Pradesh,2008,Summer,Banana,38104.97237569061
West Bengal,2025,Whole Year,Sugarcane,99105.22201853682
Haryana,2025,Whole Year,Sannhamp,115.77830345102028
Uttar Pradesh,2021,Kharif,Rice,2373.08162072489
Assam,2012,Rabi,Urad,550.930409874915
Tripura,2022,Kharif,Urad,679.6935783110898
Karnataka,2004,Kharif,Rice,2490.4351501951073
Gujarat,2011,Kharif,Castor seed,2054.688390110516
Bihar,2016,Rabi,Wheat,2842.5347763878144
Bihar,2004,Rabi,Other  Rabi pulses,756.8218298555378
Karnataka,2010,Whole Year,Tobacco,1092.4301390838332
Meghalaya,2011,Kharif,Soyabean,1121.1293260473587
Uttar Pradesh,2013,Kharif,Sannhamp,283.66336633663366
Tripura,2017,Kharif,Maize,1407.5463371579876
Himachal Pradesh,2008,Kharif,Groundnut,814.8148148148148
Uttarakhand,2000,Rabi,Rapeseed &Mustard,606.2210950320751
Jharkhand,2025,Rabi,Masoor,889.2016901362241
Karnataka,2008,Kharif,Sunflower,444.41124338714167
Jammu and Kashmir,2011,Kharif,Moth,578.175313059034
Andhra Pradesh,2001,Kharif,Onion,13248.646820027063
Bihar,2007,Whole Year,Banana,13071.228737690242
Uttarakhand,2006,Rabi,Rapeseed &Mustard,562.4629080118694
Madhya Pradesh,2023,Whole Year,Sugarcane,39739.48215913012
Jharkhand,2020,Rabi,Potato,23473.443089154815
West Bengal,2026,Kharif,Other Kharif pulses,595.2325945972706
Kerala,2014,Whole Year,Groundnut,1441.6666666666667
Jharkhand,2021,Kharif,Sesamum,390.61490919893566
Nagaland,2004,Rabi,Other  Rabi pulses,848.8372093023256
Karnataka,2001,Whole Year,Peas & beans (Pulses),6050.616575853169
Haryana,2002,Kharif,Cotton(lint),2002.5929527249154
Gujarat,2006,Kharif,Cotton(lint),3320.4333712743983
Karnataka,2026,Kharif,Niger seed,244.47888657105858
Meghalaya,2012,Kharif,Ginger,6274.0168978825495
Chhattisgarh,2003,Whole Year,Onion,7328.979959468588
Tamil Nadu,2018,Whole Year,Tobacco,1533.8702036949312
Manipur,2017,Kharif,Soyabean,906.9033530571992
Karnataka,2014,Kharif,Sesamum,510.6570331903364
Kerala,2001,Whole Year,Cardamom,202.72885620282563
Puducherry,2017,Kharif,Cashewnut,292.5170068027211
Assam,2025,Rabi,Arecanut,912.8081850375243
Madhya Pradesh,2025,Rabi,Linseed,1073.5476766770298
Meghalaya,2023,Rabi,Masoor,1754.709727028066
Uttar Pradesh,2010,Kharif,Jowar,1031.3511095648716
Jammu and Kashmir,2004,Kharif,Maize,1525.4773023777575
Kerala,2011,Autumn,Rice,2519.4456344867963
Tamil Nadu,2015,Whole Year,Banana,38318.85919290127
Maharashtra,2008,Whole Year,Banana,24480.529523708636
Gujarat,2013,Kharif,Groundnut,3018.60289294458
Odisha,2010,Winter,Rapeseed &Mustard,210.04709576138148
Himachal Pradesh,2026,Rabi,Rapeseed &Mustard,528.2239727662812
Meghalaya,2001,Whole Year,Sugarcane,2722.89156626506
Tamil Nadu,2017,Whole Year,Tapioca,34219.55031256302
Meghalaya,2001,Kharif,Arhar/Tur,771.3936430317848
Meghalaya,2014,Kharif,Ginger,6500.460263884627
Tamil Nadu,2026,Kharif,Cotton(lint),2227.830799147823
Manipur,2021,Kharif,Other Kharif pulses,1472.024557722074
Maharashtra,2010,Rabi,Other  Rabi pulses,433.83458646616543
Andhra Pradesh,2023,Rabi,Safflower,563.6978726326732
Tripura,2023,Kharif,Cotton(lint),1732.7310498091695
Kerala,2002,Whole Year,Arecanut,1100.4667384725856
Delhi,2023,Rabi,Gram,3256.775253216534
Jammu and Kashmir,2021,Kharif,Rice,2071.822009139912
Odisha,2023,Whole Year,Sweet potato,9470.239360561158
Karnataka,2014,Kharif,Potato,6155.635648754915
Tamil Nadu,2016,Whole Year,Cashewnut,117.964765878535
Madhya Pradesh,2006,Rabi,Mustard,1186.52080577159
Karnataka,2003,Rabi,Gram,335.78917206702596
Puducherry,2004,Kharif,Other Cereals,2570.7762557077626
Meghalaya,2016,Kharif,Ginger,6652.734414341827
Haryana,2003,Rabi,Masoor,814.176245210728
Sikkim,2009,Rabi,Other Cereals,915.1624548736462
Kerala,2024,Autumn,Rice,2759.618834810583
Chhattisgarh,2025,Kharif,Sunflower,225.37918265752785
Gujarat,2011,Whole Year,Sugarcane,63140.16840019812
Uttar Pradesh,2008,Kharif,Soyabean,858.9489574488159
Gujarat,2007,Rabi,Other  Rabi pulses,747.5728155339806
Assam,2006,Kharif,Castor seed,423.63775901765155
West Bengal,2026,Rabi,Mustard,1732.5131328551415
Arunachal Pradesh,2026,Kharif,Other Kharif pulses,1577.1297947819482
Chhattisgarh,2000,Whole Year,Turmeric,1011.0236220472441
Haryana,2001,Whole Year,Garlic,8022.9226361031515
Rajasthan,2018,Kharif,Cotton(lint),581.399434736975
Madhya Pradesh,2003,Kharif,Sesamum,350.99944475291505
Punjab,2018,Kharif,Maize,3625.4578754578756
Madhya Pradesh,2018,Kharif,Mesta,310.3448275862069
Rajasthan,2011,Kharif,Maize,3264.7790447637126
Mizoram,2006,Kharif,Rice,509.4727276319169
Haryana,2022,Kharif,Groundnut,1489.0028131075603
Manipur,2021,Rabi,Other  Rabi pulses,1044.8574667672797
Himachal Pradesh,2006,Kharif,Dry chillies,253.6115569823435
Bihar,2021,Kharif,Mesta,7476.123309236463
Uttar Pradesh,2011,Rabi,Onion,22875.0
Jammu and Kashmir,2021,Kharif,Moong(Green Gram),657.7745397483678
Tamil Nadu,2022,Kharif,Maize,8027.934513360128
Goa,2022,Rabi,Other  Rabi pulses,1037.0970056222743
Uttar Pradesh,2008,Rabi,Wheat,3001.583195443643
Puducherry,2025,Kharif,Black pepper,1748.7479131886478
Andhra Pradesh,2023,Whole Year,Sweet potato,14195.841076899895
Arunachal Pradesh,2004,Whole Year,Turmeric,3552.4752475247524
Uttar Pradesh,2024,Summer,Sunflower,1339.5553251706688
Uttar Pradesh,2025,Rabi,Onion,13220.443647084456
Maharashtra,2014,Kharif,Small millets,371.29485179407175
Kerala,2022,Whole Year,Urad,10.01315400928834
Jammu and Kashmir,2002,Whole Year,Tobacco,277.77777777777777
Uttarakhand,2008,Whole Year,Turmeric,2013.953488372093
Andhra Pradesh,2019,Kharif,Dry chillies,5326.567926980607
Meghalaya,2025,Rabi,Small millets,1079.064259382389
Himachal Pradesh,2017,Kharif,Groundnut,1027.7777777777778
Gujarat,2000,Rabi,Gram,521.2121212121212
Nagaland,2001,Kharif,Arhar/Tur,714.2857142857143
Jharkhand,2013,Whole Year,Sugarcane,56452.90581162325
Haryana,2018,Rabi,Masoor,501.58730158730157
Kerala,2021,Whole Year,Black pepper,321.3308976427856
Bihar,2004,Kharif,Other Kharif pulses,550.1962066710269
Punjab,2014,Kharif,Cotton(lint),3195.2380952380954
Tamil Nadu,2022,Kharif,Moong(Green Gram),606.9039512814203
Assam,2025,Whole Year,Onion,8011.599339482057
Uttar Pradesh,2011,Kharif,Moong,658.8254634728148
Himachal Pradesh,2020,Rabi,Wheat,4806.898470755641
Mizoram,2010,Kharif,Arhar/Tur,851.4285714285714
Karnataka,2020,Kharif,Cotton(lint),578.1820726022911
Kerala,2003,Whole Year,Tapioca,26944.547546581547
Jharkhand,2015,Rabi,Onion,6391.498881431768
Mizoram,2021,Rabi,Onion,7237.444482405193
Telangana,2018,Whole Year,Mango,6730.218303013851
Goa,2005,Kharif,Ragi,1049.8866213151928
Gujarat,2008,Kharif,Cotton(lint),2980.0305914343985
Chhattisgarh,2002,Kharif,Niger seed,159.9355367537754
Andhra Pradesh,2001,Kharif,Arhar/Tur,447.92362952792104
Tripura,2008,Whole Year,Sugarcane,53184.15637860083
Jammu and Kashmir,2025,Kharif,Dry chillies,761.8004990070779
Himachal Pradesh,2013,Rabi,Barley,908.8170998299732
Odisha,2001,Whole Year,Dry chillies,845.0664001142368
Mizoram,2000,Kharif,Arhar/Tur,1233.7662337662337
Manipur,2003,Kharif,Ginger,1648.2758620689656
Karnataka,2015,Whole Year,Turmeric,5101.373882886488
Gujarat,2010,Whole Year,Garlic,5993.079584775087
Arunachal Pradesh,2003,Whole Year,Sugarcane,20528.455284552845
Meghalaya,2015,Rabi,Black pepper,737.7377377377377
Nagaland,2017,Kharif,Other Cereals,1023.8095238095239
Meghalaya,2009,Kharif,Small millets,799.7459779847587
Nagaland,2003,Kharif,Bajra,1666.6666666666667
Maharashtra,2013,Kharif,Moong(Green Gram),465.6884142094265
Assam,2023,Rabi,Mustard,1609.4830236222813
Maharashtra,2002,Kharif,Niger seed,257.0631970260223
West Bengal,2013,Rabi,Peas & beans (Pulses),1185.8462996603744
Mizoram,2013,Kharif,Sesamum,741.6020671834625
Bihar,2000,Rabi,Khesari,914.7027742765109
Assam,2022,Whole Year,Sweet potato,5651.740197031704
Himachal Pradesh,2018,Kharif,Horse-gram,579.7280593325092
Meghalaya,2007,Kharif,Sesamum,537.0483772198407
West Bengal,2004,Kharif,Bajra,348.83720930232556
Haryana,2002,Kharif,Moth,49.25137903861308
Jammu and Kashmir,2026,Kharif,Ragi,525.7998113045716
Punjab,2013,Kharif,Maize,3900.0
Sikkim,2017,Rabi,Wheat,1075.5813953488373
West Bengal,2013,Rabi,Potato,22014.811506556453
Kerala,2013,Whole Year,Black pepper,349.8245405341105
Andhra Pradesh,2016,Kharif,Rice,3443.9965360581605
Karnataka,2017,Whole Year,Coriander,369.39571150097464
West Bengal,2026,Whole Year,Dry chillies,2344.85989932451
Chhattisgarh,2010,Rabi,Other  Rabi pulses,175.15030060120242
Uttarakhand,2023,Kharif,Ragi,1596.5284573883212
Karnataka,2024,Kharif,Urad,509.21990779616715
Puducherry,2012,Kharif,Groundnut,2833.3333333333335
Jammu and Kashmir,2000,Kharif,Bajra,463.8680659670165
West Bengal,2009,Kharif,Jowar,427.315753887762
Andhra Pradesh,2016,Kharif,Groundnut,418.6864373634451
Meghalaya,2010,Kharif,Castor seed,480.0
Bihar,2023,Kharif,Ragi,1247.1191402458437
Tamil Nadu,2019,Kharif,Moong(Green Gram),573.6580647997538
Tamil Nadu,2016,Whole Year,Cardamom,90.46642747309072
Kerala,2000,Autumn,Rice,2006.1810222578458
Andhra Pradesh,2000,Kharif,Dry chillies,2234.9013012882265
Kerala,2001,Whole Year,Black pepper,285.5517856792641
Assam,2022,Rabi,Wheat,1197.7046636801533
Manipur,2024,Kharif,Soyabean,709.3268973303132
Karnataka,2008,Whole Year,Ginger,31859.901864573112
Himachal Pradesh,2014,Kharif,Bajra,520.5479452054794
Punjab,2003,Rabi,Wheat,4207.0267131242745
Puducherry,2010,Kharif,Groundnut,1920.0
Uttar Pradesh,2018,Kharif,Arhar/Tur,1084.2382520203532
Maharashtra,2021,Rabi,Wheat,1605.9485957543604
Arunachal Pradesh,2023,Rabi,Rapeseed &Mustard,1282.3320671292843
Himachal Pradesh,2011,Kharif,Horse-gram,498.54791868344626
Manipur,2025,Whole Year,Turmeric,24676.80069339366
Arunachal Pradesh,2019,Kharif,other oilseeds,906.555090655509
Jammu and Kashmir,2021,Kharif,Maize,1866.1555103765572
Tripura,2013,Kharif,Maize,1276.104638382062
Jharkhand,2011,Rabi,Rapeseed &Mustard,866.1501469409565
Andhra Pradesh,2014,Kharif,Arhar/Tur,500.46986172640624
Meghalaya,2007,Kharif,Castor seed,535.7142857142857
Jammu and Kashmir,2009,Kharif,Cotton(lint),529.4117647058823
Chhattisgarh,2021,Rabi,Barley,901.3768063843554
Himachal Pradesh,2008,Rabi,Garlic,308.7215064420218
Assam,2002,Whole Year,Sugarcane,36421.59669211196
Tamil Nadu,2003,Kharif,Moong(Green Gram),424.17853448961733
Punjab,2002,Kharif,Arhar/Tur,858.974358974359
Kerala,2023,Kharif,Sesamum,551.1813563422305
West Bengal,2006,Rabi,Safflower,606.516290726817
Bihar,2000,Rabi,Safflower,800.0
Puducherry,2023,Kharif,Other Kharif pulses,1752.4084778420038
Rajasthan,2012,Kharif,Maize,3106.508709913186
Himachal Pradesh,2011,Kharif,Potato,9900.82515958275
Karnataka,2019,Whole Year,Tobacco,869.3011028603148
Punjab,2025,Kharif,Cotton(lint),4884.3551917284285
Himachal Pradesh,2014,Kharif,Ragi,993.1865828092243
Telangana,2023,Rabi,Linseed,187.16904276985744
Nagaland,2009,Kharif,Moong(Green Gram),903.2258064516129
Nagaland,2016,Kharif,Cotton(lint),615.3846153846154
Uttarakhand,2010,Whole Year,Sugarcane,60892.111482197615
Odisha,2026,Kharif,Castor seed,899.4965967616571
Arunachal Pradesh,2002,Kharif,Maize,1379.6241491565552
Telangana,2023,Kharif,Sesamum,459.20478415181805
Andhra Pradesh,2011,Rabi,Gram,920.6096813833988
Sikkim,2024,Kharif,Other Kharif pulses,880.3124966738688
Arunachal Pradesh,2012,Whole Year,Dry chillies,1953.0655391120508
Gujarat,2017,Kharif,Jowar,1393.3956349087869
Arunachal Pradesh,2022,Kharif,Other Kharif pulses,1010.7597000326051
Kerala,2010,Whole Year,Ginger,5452.920779312508
West Bengal,2021,Rabi,Moth,1012.3537061118335
Karnataka,2001,Kharif,Urad,369.3919834249741
Assam,2010,Rabi,Rapeseed &Mustard,585.1198654717716
Rajasthan,2006,Rabi,Wheat,3514.7002925515435
Karnataka,2006,Whole Year,Sweet potato,8303.91506303915
Jammu and Kashmir,2022,Rabi,Rapeseed &Mustard,924.501503140187
West Bengal,2017,Autumn,Rice,2540.865722043306
Puducherry,2024,Summer,Other Summer Pulses,191.43239625167337
West Bengal,2025,Kharif,Sannhamp,4040.6223717409594
Odisha,2001,Rabi,Safflower,554.4303797468355
Karnataka,2019,Kharif,Maize,3119.6262730379003
Gujarat,2021,Whole Year,Mango,7530.006280482897
Delhi,2025,Kharif,Arhar/Tur,2162.863070539419
Meghalaya,2003,Kharif,Jute,8829.829334652486
Karnataka,2007,Whole Year,Black pepper,3117.041485385134
Arunachal Pradesh,2022,Whole Year,Oilseeds total,1111.2950283616951
Haryana,2012,Rabi,Barley,3501.3418316001344
Himachal Pradesh,2012,Kharif,Cotton(lint),500.0
Jammu and Kashmir,2021,Kharif,Ginger,1810.3756708407873
Andhra Pradesh,2018,Kharif,Cotton(lint),2403.9765266587774
Puducherry,2024,Rabi,Urad,865.2917870551394
Meghalaya,2019,Summer,Potato,11379.661286475311
Odisha,2000,Kharif,Groundnut,794.3253589839269
Tamil Nadu,2016,Whole Year,Sugarcane,86994.32333617395
Gujarat,2012,Kharif,Other Kharif pulses,397.7900552486188
Maharashtra,2007,Whole Year,Grapes,19879.46674109357
Andhra Pradesh,2012,Rabi,Gram,1118.942731277533
Madhya Pradesh,2000,Kharif,Arhar/Tur,667.9925302850337
Chhattisgarh,2008,Rabi,Khesari,544.6492846361256
Nagaland,2022,Kharif,Other Cereals,1082.8057642566819
Karnataka,2019,Whole Year,Cashewnut,1418.2584639704914
Himachal Pradesh,2010,Rabi,Rapeseed &Mustard,497.4311069593648
Nagaland,2022,Kharif,Arhar/Tur,880.5815543298698
Meghalaya,2021,Rabi,Tobacco,1308.7975487219126
Bihar,2013,Rabi,Masoor,1272.3656116349855
West Bengal,2018,Autumn,Sesamum,647.7272727272727
West Bengal,2006,Kharif,Small millets,703.8653366583541
Nagaland,2018,Kharif,Groundnut,1039.6039603960396
Tamil Nadu,2023,Kharif,Sunflower,1287.4311278154487
Chhattisgarh,2020,Rabi,Wheat,4329.641662310771
Karnataka,2005,Whole Year,Ginger,13032.950297660253
Meghalaya,2025,Rabi,Peas & beans (Pulses),1990.288005280728
Rajasthan,2021,Rabi,Wheat,4380.306576834361
Haryana,2010,Whole Year,Onion,20372.093023255813
Madhya Pradesh,2000,Rabi,Gram,819.9997464792303
Chhattisgarh,2011,Rabi,Khesari,594.9995972521086
Manipur,2024,Whole Year,Potato,10612.381551324468
Tripura,2014,Kharif,Maize,1319.5397211772515
Chhattisgarh,2012,Kharif,Moong(Green Gram),310.53864168618264
Bihar,2023,Whole Year,Sweet potato,17310.50525704621
Tamil Nadu,2017,Whole Year,Coriander,510.42701092353525
Bihar,2000,Rabi,Masoor,991.8874345245699
Chhattisgarh,2024,Kharif,Rice,1873.0066591560233
Himachal Pradesh,2007,Kharif,Small millets,733.9782345828295
Uttar Pradesh,2024,Rabi,Turmeric,1821.9160926737632
Jammu and Kashmir,2012,Kharif,Dry chillies,967.4220963172804
Uttarakhand,2013,Whole Year,Onion,5278.507842306062
Nagaland,2014,Kharif,Bajra,1014.4927536231884
Telangana,2008,Kharif,Maize,3410.563638272392
West Bengal,2008,Rabi,Arhar/Tur,842.6073131955485
Delhi,2021,Kharif,Arhar/Tur,1828.9275512853803
Chhattisgarh,2021,Whole Year,Sugarcane,10369.829099183868
Odisha,2003,Rabi,Gram,618.4809240462023
Punjab,2016,Kharif,Moong(Green Gram),833.3333333333334
Meghalaya,2026,Rabi,Gram,1353.6842684672122
Kerala,2023,Kharif,Ragi,1471.0017316779667
Karnataka,2000,Kharif,Castor seed,1280.0829875518673
Tamil Nadu,2011,Whole Year,Mango,7102.021035186924
Meghalaya,2026,Kharif,Mesta,5646.374141884621
Andhra Pradesh,2002,Kharif,Mesta,7559.6225159851665
Odisha,2021,Kharif,Other Kharif pulses,473.49786501326435
Haryana,2001,Whole Year,Dry chillies,1138.1272633212623
Tamil Nadu,2022,Whole Year,Cashewnut,6894.158483387178
Tamil Nadu,2018,Kharif,Sunflower,1734.567901234568
Karnataka,2023,Whole Year,Turmeric,5155.546123954062
Karnataka,2001,Whole Year,Cardamom,157.23583293894143
Telangana,2005,Kharif,Groundnut,1360.2956340720207
Karnataka,2018,Whole Year,Ginger,15390.654559213015
Tamil Nadu,2013,Whole Year,Tobacco,1527.7852348993288
Uttar Pradesh,2019,Kharif,Sweet potato,11742.871561948019
Mizoram,2006,Kharif,Other Kharif pulses,1034.3070652173913
Bihar,2007,Rabi,Gram,990.1411746353639
Odisha,2025,Autumn,Sesamum,342.43123749943607
Uttarakhand,2000,Whole Year,Onion,6191.465468837731
Chhattisgarh,2015,Kharif,Sunflower,326.9931201942533
Tripura,2009,Kharif,Jute,8072.649572649572
Tamil Nadu,2000,Kharif,Moong(Green Gram),457.5157474962614
Chhattisgarh,2016,Kharif,Moong(Green Gram),451.63079653871756
Maharashtra,2005,Kharif,Ragi,974.2268041237113
Madhya Pradesh,2016,Whole Year,Potato,21631.515209394965
Gujarat,2024,Rabi,Rapeseed &Mustard,2057.1877146194092
Haryana,2026,Whole Year,Coriander,5795.206578781266
Chhattisgarh,2001,Kharif,Bajra,450.0
Odisha,2023,Kharif,Small millets,491.36780211864277
Haryana,2008,Rabi,Peas & beans (Pulses),1035.6731875719217
Arunachal Pradesh,2018,Whole Year,Dry chillies,2850.137741046832
Odisha,2000,Kharif,Maize,1266.5943241801697
Himachal Pradesh,2010,Whole Year,Sugarcane,22792.997542997542
Tripura,2024,Kharif,Cowpea(Lobia),845.5408934390238
Karnataka,2004,Kharif,Groundnut,662.2819644056661
Chhattisgarh,2024,Kharif,Mesta,1553.4285291749509
Karnataka,2016,Whole Year,Mesta,1019.047619047619
Kerala,2005,Kharif,Sesamum,350.0
Karnataka,2018,Kharif,Maize,2629.3139698977893
Odisha,2019,Rabi,Mustard,1516.3591524114313
Punjab,2017,Kharif,Guar seed,799.1803278688525
Gujarat,2010,Rabi,Wheat,3155.8605061060052
Meghalaya,2009,Rabi,Masoor,825.3012048192771
Tamil Nadu,2013,Kharif,Moong(Green Gram),562.5549253015898
Jammu and Kashmir,2024,Kharif,Other Cereals,2033.607784847827
Madhya Pradesh,2009,Whole Year,Groundnut,1205.0014005466962
West Bengal,2019,Kharif,Mesta,13367.460189802156
Uttar Pradesh,2004,Whole Year,Tobacco,5445.500420521446
Telangana,2023,Kharif,Onion,28944.105510743517
Andhra Pradesh,2019,Whole Year,Mango,8121.5253249933785
Manipur,2005,Kharif,Ginger,1651.7857142857142
Bihar,2002,Whole Year,Coriander,651.1415525114155
Nagaland,2015,Kharif,Sugarcane,43524.02745995423
Maharashtra,2023,Kharif,Small millets,361.3527891427874
Madhya Pradesh,2014,Rabi,Linseed,611.1111111111111
Sikkim,2007,Rabi,Barley,929.5774647887324
Himachal Pradesh,2008,Rabi,Wheat,1058.9480527057099
Chhattisgarh,2021,Kharif,Horse-gram,319.82538738641335
Chhattisgarh,2008,Rabi,Rapeseed &Mustard,379.2891214032928
Madhya Pradesh,2019,Rabi,Other  Rabi pulses,719.6226697611739
Himachal Pradesh,2001,Kharif,Masoor,370.17310252996003
Bihar,2004,Whole Year,Potato,7661.0826785843
Karnataka,2024,Rabi,Safflower,607.500488922019
Meghalaya,2018,Kharif,Banana,13023.649113158257
Meghalaya,2013,Kharif,Sweet potato,3491.964285714286
West Bengal,2007,Rabi,Wheat,2601.6410506581506
Sikkim,2005,Kharif,Maize,2400.785854616896
Assam,2005,Whole Year,Sugarcane,37190.25868692905
Tamil Nadu,2011,Whole Year,Cardamom,90.95116871094655
West Bengal,2002,Rabi,Onion,15250.306155428798
Punjab,2012,Kharif,Groundnut,1812.5
Uttarakhand,2000,Rabi,other oilseeds,687.5
Andhra Pradesh,2010,Kharif,Castor seed,645.3353647167871
Karnataka,2026,Kharif,Jowar,1391.5993406954778
Andhra Pradesh,2024,Whole Year,Tobacco,13239.87428888198
Uttarakhand,2010,Rabi,Masoor,746.8939874852634
Karnataka,2012,Kharif,Moong(Green Gram),302.9993324314265
Odisha,2011,Autumn,Rice,779.8507462686567
Assam,2009,Rabi,Wheat,1087.136031431568
Chhattisgarh,2006,Whole Year,Sweet potato,5816.995900111815
Assam,2019,Whole Year,Ginger,9434.555268188464
Gujarat,2002,Kharif,Moong(Green Gram),230.38516405135522
Kerala,2019,Whole Year,Arecanut,957.0165392433013
Haryana,2000,Whole Year,Onion,12957.004972214098
Uttarakhand,2005,Kharif,Other Kharif pulses,581.5916398713827
Tamil Nadu,2021,Whole Year,Cardamom,163.83509940556593
Chhattisgarh,2019,Kharif,Ragi,267.35333631885356
Andhra Pradesh,2012,Kharif,Bajra,1666.6666666666667
Assam,2002,Whole Year,Arecanut,700.8986750651608
Puducherry,2018,Kharif,Rice,3741.7403443462076
Mizoram,2016,Kharif,Maize,1540.4123335157817
Tamil Nadu,2023,Whole Year,Cardamom,183.4631844860529
Bihar,2021,Kharif,Sesamum,864.5279867551118
Kerala,2022,Whole Year,Cardamom,102.38032854960625
Puducherry,2006,Kharif,Dry chillies,2000.0
Goa,2006,Kharif,Rice,2433.613286779277
Odisha,2026,Rabi,Masoor,644.1719696179391
Tamil Nadu,2006,Whole Year,Sunflower,1828.052225700542
Jammu and Kashmir,2018,Kharif,Onion,529.4117647058823
Tripura,2017,Kharif,Jowar,819.1365227537923
Manipur,2015,Whole Year,Banana,13513.521288837745
Kerala,2016,Kharif,Other Kharif pulses,917.4135723431498
Punjab,2000,Kharif,Rice,3505.936422826503
Jammu and Kashmir,2021,Kharif,Cotton(lint),560.403894698882
Andhra Pradesh,2025,Kharif,Other Kharif pulses,886.3588742748699
Kerala,2000,Kharif,Sesamum,398.1018981018981
Punjab,2019,Rabi,Mustard,1599.806518747113
Puducherry,2023,Rabi,Dry chillies,16148.459383753501
Jammu and Kashmir,2026,Rabi,Linseed,956.1161202897795
Uttar Pradesh,2014,Rabi,Wheat,2036.7501395932306
Bihar,2004,Whole Year,Sweet potato,15036.924515073615
Bihar,2001,Whole Year,Mango,5554.554385051462
Karnataka,2001,Kharif,Rice,2200.384754316997
Himachal Pradesh,2024,Kharif,Cotton(lint),474.4469870327994
Assam,2023,Kharif,Castor seed,700.7449745186863
Jammu and Kashmir,2024,Kharif,Rice,2159.4746584636137
Jammu and Kashmir,2016,Kharif,Barley,354.4973544973545
West Bengal,2007,Whole Year,Arecanut,1832.5430277485073
West Bengal,2008,Whole Year,Banana,28411.886518538442
Chhattisgarh,2010,Kharif,Soyabean,1173.6982810835648
Manipur,2017,Kharif,Maize,2313.9828369510346
Puducherry,2006,Kharif,Tapioca,39610.64425770308
Haryana,2017,Kharif,Maize,3121.212121212121
West Bengal,2026,Rabi,Wheat,2692.058864074006
Meghalaya,2019,Rabi,Sesamum,932.8295549958018
Delhi,2013,Kharif,Bajra,2511.5207373271887
Telangana,2000,Kharif,Maize,2550.701460577285
Karnataka,2019,Kharif,Ragi,1745.644354319372
Uttar Pradesh,2021,Kharif,Arhar/Tur,864.5001064673626
Bihar,2022,Whole Year,Turmeric,1038.4767361454115
Puducherry,2001,Kharif,Bajra,2129.6296296296296
Maharashtra,2024,Rabi,Gram,868.4787680614355
Haryana,2026,Kharif,Guar seed,1285.6538027138533
Meghalaya,2019,Kharif,Banana,13024.437122460187
Meghalaya,2014,Whole Year,Cashewnut,1917.8749073976082
Karnataka,2023,Whole Year,Mango,7838.893836413625
Jammu and Kashmir,2007,Kharif,Garlic,757.2815533980582
Gujarat,2008,Whole Year,Mango,6127.271896306693
Madhya Pradesh,2024,Rabi,Masoor,1108.1211045120979
Uttar Pradesh,2023,Rabi,Barley,3218.0692805279073
Maharashtra,2020,Whole Year,Mango,7312.837788845346
Assam,2012,Whole Year,Sugarcane,35612.24065671435
Maharashtra,2016,Kharif,Bajra,955.3949976167181
Andhra Pradesh,2009,Rabi,Gram,1308.806388681917
Haryana,2007,Rabi,Masoor,758.0174927113702
Bihar,2003,Kharif,Mesta,6941.582129828595
Bihar,2001,Kharif,Moong(Green Gram),565.0468235889648
Chhattisgarh,2012,Kharif,Potato,6886.068111455108
Telangana,2018,Kharif,Jowar,930.9623430962343
Assam,2013,Autumn,Rice,1318.3959307219745
Tamil Nadu,2008,Whole Year,Ginger,20000.0
Telangana,2025,Kharif,Castor seed,1770.1363340126138
Sikkim,2016,Kharif,Other Kharif pulses,978.9667896678967
West Bengal,2002,Summer,Potato,12863.048016701461
Haryana,2014,Kharif,Cotton(lint),2996.9088098918082
Arunachal Pradesh,2025,Whole Year,Potato,6959.5057890990565
Mizoram,2016,Kharif,Potato,4122.641509433963
Punjab,2003,Rabi,Mustard,1370.6121443341217
Bihar,2014,Whole Year,Mango,7234.29928769053
Rajasthan,2007,Kharif,Jowar,1098.8204529180027
Gujarat,2017,Kharif,Other Cereals,745.1523545706372
Tamil Nadu,2005,Whole Year,Potato,14903.696303696304
Bihar,2005,Whole Year,Potato,8721.621756238483
Uttar Pradesh,2000,Rabi,Peas & beans (Pulses),1033.117428331534
Andhra Pradesh,2024,Kharif,Ragi,1351.0554934182921
Rajasthan,2015,Rabi,Wheat,3961.544546973137
Andhra Pradesh,2006,Rabi,Gram,1085.8902026605954
Mizoram,2026,Kharif,Maize,1569.0300144369203
Mizoram,2009,Kharif,Potato,7869.718309859155
Assam,2026,Whole Year,Black pepper,2667.7233866208285
Rajasthan,2009,Kharif,Moong,652.5846120518121
West Bengal,2003,Kharif,Soyabean,714.2857142857143
Madhya Pradesh,2013,Whole Year,Banana,81040.45715512153
Andhra Pradesh,2002,Rabi,Linseed,304.1769041769042
Tamil Nadu,2000,Whole Year,Mango,5223.0951138874025
Chhattisgarh,2013,Rabi,Castor seed,355.55555555555554
Jammu and Kashmir,2025,Rabi,Other  Rabi pulses,610.5831453610916
Odisha,2022,Whole Year,Dry chillies,1326.7515417846018
Jharkhand,2018,Kharif,Sunflower,553.072625698324
Tripura,2019,Rabi,Peas & beans (Pulses),884.6875
Rajasthan,2016,Kharif,Jowar,1388.1655648672984
Meghalaya,2009,Kharif,Sweet potato,3195.3160527512505
Karnataka,2006,Kharif,Maize,2718.742276375816
Rajasthan,2011,Rabi,Wheat,3722.6514733695703
Manipur,2016,Whole Year,Banana,13402.73370759092
Mizoram,2024,Kharif,Peas & beans (Pulses),10.01787421540508
Telangana,2017,Kharif,Sesamum,235.07462686567163
Tripura,2021,Kharif,Jute,11029.378168058829
Madhya Pradesh,2011,Kharif,Castor seed,287.40157480314963
Kerala,2024,Whole Year,Sweet potato,15178.434507869842
Karnataka,2022,Kharif,Small millets,601.8623727278425
Kerala,2023,Whole Year,Horse-gram,10.008146165483533
Uttar Pradesh,2005,Whole Year,Coriander,572.348417098909
Uttarakhand,2024,Whole Year,Onion,11651.8747646625
Uttar Pradesh,2005,Kharif,Moong,576.9223783199747
Punjab,2013,Rabi,Rapeseed &Mustard,1306.25
Gujarat,2022,Kharif,Arhar/Tur,1418.0219250920986
Assam,2011,Kharif,Niger seed,519.0549685385255
Jharkhand,2022,Rabi,Peas & beans (Pulses),1385.6295814835394
Madhya Pradesh,2001,Kharif,Sunflower,444.7174447174447
Karnataka,2022,Kharif,Arhar/Tur,821.9030630350549
Karnataka,2011,Kharif,Cowpea(Lobia),528.1176107741338
Nagaland,2025,Rabi,Rapeseed &Mustard,1203.4936053502038
Tamil Nadu,2018,Kharif,Maize,7597.801638412729
Bihar,2012,Autumn,Maize,3548.569370860293
Haryana,2021,Kharif,Rice,3185.486710238672
Gujarat,2013,Kharif,Bajra,1370.1038443023176
Haryana,2024,Whole Year,Ginger,14619.278814545087
Goa,2004,Kharif,Ragi,956.8527918781726
Madhya Pradesh,2014,Kharif,Bajra,1902.2222222222222
Uttarakhand,2008,Kharif,Potato,9409.037938624886
Himachal Pradesh,2026,Kharif,Turmeric,695.8995276942894
Bihar,2006,Kharif,Jowar,1032.381513099794
Gujarat,2019,Kharif,Tobacco,1965.6881038271758
Bihar,2009,Rabi,Other  Rabi pulses,746.025591314463
Madhya Pradesh,2007,Kharif,Sannhamp,744.1453272050777
Punjab,2021,Rabi,Rapeseed &Mustard,1531.8593264885453
Chhattisgarh,2009,Whole Year,Sugarcane,5208.603417796111
Jharkhand,2023,Rabi,Other  Rabi pulses,802.2471355998806
Himachal Pradesh,2017,Whole Year,Sugarcane,19599.786552828176
Andhra Pradesh,2005,Whole Year,Cashewnut,270.6238373817162
Chhattisgarh,2003,Whole Year,Coriander,292.82465891864575
Chhattisgarh,2007,Rabi,Linseed,306.02862254025047
Nagaland,2011,Kharif,Rice,2102.150237363865
Tamil Nadu,2011,Whole Year,Black pepper,227.2365277409079
Odisha,2019,Kharif,Dry chillies,937.7759935768768
Meghalaya,2025,Kharif,Maize,2655.3997473244267
Tripura,2019,Kharif,Jute,9199.036918138041
Puducherry,2001,Whole Year,Tapioca,33491.379310344826
Madhya Pradesh,2021,Rabi,Barley,2255.6893044536178
Tamil Nadu,2023,Rabi,Gram,708.7168419245824
Madhya Pradesh,2002,Whole Year,Garlic,3378.0541589485756
Tamil Nadu,2017,Kharif,Urad,911.0609017151073
Nagaland,2017,Rabi,Linseed,813.3561643835617
Assam,2006,Autumn,Rice,884.743609678448
Uttarakhand,2025,Kharif,Urad,1217.963885260425
Meghalaya,2005,Rabi,Wheat,1788.0597014925372
Chhattisgarh,2019,Whole Year,Cotton(lint),1828.0089153046063
Telangana,2026,Kharif,Arhar/Tur,1523.5304499813342
West Bengal,2023,Summer,Potato,18423.643474319208
Madhya Pradesh,2021,Kharif,Maize,2185.002942533348
Odisha,2022,Whole Year,Garlic,4190.216824288248
Punjab,2019,Rabi,Wheat,5003.976143141153
Uttarakhand,2024,Kharif,Ragi,1409.0756606806135
Meghalaya,2023,Kharif,Maize,2302.42998337256
Manipur,2022,Rabi,Wheat,2471.6555701788343
Madhya Pradesh,2012,Kharif,Ragi,306.0240963855422
Uttar Pradesh,2006,Kharif,Other Kharif pulses,544.0072514523505
Tamil Nadu,2003,Whole Year,Coriander,290.45523411009304
Odisha,2010,Winter,Potato,11674.019607843138
Himachal Pradesh,2012,Kharif,Small millets,673.6015701668302
Assam,2010,Rabi,Mustard,1426.7441658639914
Assam,2014,Whole Year,Black pepper,1671.7687074829932
Nagaland,2026,Kharif,Sunflower,360.1725442988336
Gujarat,2008,Kharif,Moth,231.91489361702128
Bihar,2002,Whole Year,Garlic,1476.8122467357045
Telangana,2018,Kharif,Coriander,1000.0
Bihar,2025,Whole Year,Ginger,2054.7322291072733
Maharashtra,2018,Rabi,Onion,20137.857685635863
Bihar,2000,Rabi,Linseed,677.7995601032801
Karnataka,2005,Whole Year,Banana,11874.041595886323
Bihar,2012,Kharif,Jute,12113.403821304055
Nagaland,2024,Kharif,Tapioca,21042.634109237715
Odisha,2022,Whole Year,Sweet potato,9730.638013600144
West Bengal,2009,Rabi,Safflower,915.2542372881356
Andhra Pradesh,2023,Kharif,Cowpea(Lobia),455.98421044771146
Gujarat,2022,Kharif,Urad,1044.2189487942626
Chhattisgarh,2009,Kharif,Castor seed,281.25
Odisha,2004,Summer,Wheat,1310.5574740996547
Uttarakhand,2024,Kharif,Maize,1874.7380268130362
Himachal Pradesh,2014,Rabi,Garlic,1414.7135416666667
Maharashtra,2026,Kharif,Bajra,578.2217984951926
Arunachal Pradesh,2007,Whole Year,Dry chillies,1532.0404721753794
Telangana,2021,Kharif,Mesta,10.048886474741987
Telangana,2019,Kharif,Dry chillies,5359.517203107658
Meghalaya,2011,Rabi,Masoor,831.4606741573034
Madhya Pradesh,2013,Kharif,Soyabean,719.9999510971134
Himachal Pradesh,2005,Kharif,Moong(Green Gram),417.3228346456693
Madhya Pradesh,2006,Rabi,Safflower,269.3208430913349
Karnataka,2008,Whole Year,Mesta,1410.9947643979058
Uttar Pradesh,2003,Rabi,Rapeseed &Mustard,995.1857344039992
Meghalaya,2024,Rabi,Small millets,1147.170377436876
Odisha,2022,Summer,Horse-gram,433.9011153948581
Madhya Pradesh,2013,Kharif,Castor seed,484.540276647681
West Bengal,2005,Kharif,Sunflower,1257.8369277639702
Meghalaya,2025,Rabi,Tobacco,1214.7521930431415
Gujarat,2026,Rabi,Small millets,2255.2404529351456
Chhattisgarh,2016,Whole Year,Coriander,289.81164383561645
Jharkhand,2025,Autumn,Ragi,852.8673838805529
Haryana,2025,Whole Year,Turmeric,18123.535371692844
West Bengal,2016,Autumn,Sesamum,831.8777292576419
Punjab,2015,Kharif,Rice,3974.1176470588234
Tripura,2024,Kharif,Jute,9671.42472847103
Gujarat,2010,Rabi,Other  Rabi pulses,750.0
Arunachal Pradesh,2024,Kharif,Sesamum,973.8726123443155
Odisha,2006,Autumn,Maize,1550.0935278713057
Puducherry,2018,Kharif,Ragi,2307.6923076923076
Madhya Pradesh,2021,Rabi,Linseed,888.3182973889748
Madhya Pradesh,2013,Rabi,Wheat,2567.795037892917
Gujarat,2015,Whole Year,Mango,8459.725054576906
Punjab,2023,Kharif,Moth,1000.9205915543149
Uttarakhand,2024,Kharif,Groundnut,1191.3972676856486
Bihar,2001,Rabi,Linseed,709.8450700756176
Delhi,2026,Kharif,Bajra,3263.9382903818073
Assam,2001,Rabi,Wheat,1180.7045470274759
Gujarat,2005,Rabi,Rapeseed &Mustard,1564.2493638676845
Jharkhand,2019,Rabi,Masoor,849.1792230298946
Tripura,2021,Kharif,Rice,2425.3983021738063
Andhra Pradesh,2012,Kharif,Ragi,1055.5555555555557
Mizoram,2003,Kharif,Gram,1086.9565217391305
Tamil Nadu,2026,Whole Year,Onion,8384.117186882544
Uttarakhand,2026,Kharif,Sesamum,278.8635799996184
Odisha,2019,Rabi,Gram,778.9360172537743
Madhya Pradesh,2009,Whole Year,Niger seed,220.19825999665383
Karnataka,2018,Kharif,Onion,7569.410217647912
Tripura,2022,Kharif,Cowpea(Lobia),694.0775129006469
Tamil Nadu,2019,Kharif,Cotton(lint),2433.828777112359
Jammu and Kashmir,2024,Kharif,Moth,688.3346559347012
Meghalaya,2011,Kharif,Sesamum,544.5979899497487
Madhya Pradesh,2008,Kharif,Urad,378.67179756282434
Punjab,2005,Kharif,Cotton(lint),4299.820466786356
Tripura,2010,Kharif,Cotton(lint),1480.7149576669804
Nagaland,2022,Kharif,Soyabean,1256.4194887828971
Madhya Pradesh,2025,Kharif,Groundnut,1593.760944661358
Sikkim,2024,Kharif,Maize,2176.5761739347627
Odisha,2016,Autumn,Sesamum,287.59451134136094
West Bengal,2011,Autumn,Rice,2212.8928351747422
Uttarakhand,2007,Kharif,Other Cereals,1161.5848873542882
Bihar,2014,Whole Year,Banana,29320.822037838076
Haryana,2013,Kharif,Urad,375.0
West Bengal,2003,Kharif,Castor seed,1200.0
Puducherry,2016,Kharif,Sesamum,1333.3333333333333
Chhattisgarh,2014,Whole Year,Coriander,290.625
Bihar,2005,Rabi,Safflower,797.6878612716763
Bihar,2026,Rabi,Barley,1692.501240268861
Chhattisgarh,2017,Rabi,Khesari,606.0055657241045
Tripura,2021,Kharif,Cotton(lint),1396.5588675336633
Gujarat,2016,Kharif,Soyabean,881.5441433348306
Jammu and Kashmir,2023,Kharif,Bajra,507.07152494235146
Gujarat,2015,Kharif,Castor seed,1975.8023051694693
Jharkhand,2012,Autumn,Rice,871.821243471071
Meghalaya,2026,Whole Year,Coriander,2507.1815269031044
Odisha,2003,Whole Year,Garlic,3163.1336405529955
Assam,2004,Whole Year,Dry chillies,640.9717846390814
Uttar Pradesh,2023,Kharif,Guar seed,767.3743554899996
Punjab,2017,Kharif,Cotton(lint),4408.93470790378
Uttarakhand,2011,Whole Year,Onion,5364.820846905537
Andhra Pradesh,2018,Kharif,Dry chillies,3141.682404510199
Rajasthan,2015,Kharif,Maize,3113.992814187145
Himachal Pradesh,2003,Kharif,Maize,2444.3941876321337
Arunachal Pradesh,2021,Whole Year,Dry chillies,2898.5038061072705
Haryana,2017,Kharif,Urad,353.3333333333333
Nagaland,2001,Kharif,Niger seed,860.0
Haryana,2001,Kharif,Bajra,1421.0707905047875
Punjab,2016,Kharif,Guar seed,861.8618618618618
Odisha,2024,Winter,Rapeseed &Mustard,329.1846792657845
Odisha,2010,Kharif,Arhar/Tur,944.8509487541727
Kerala,2023,Whole Year,Sugarcane,51943.12905808059
Maharashtra,2025,Summer,Other Summer Pulses,100.59896823690869
Nagaland,2013,Kharif,Cowpea(Lobia),1458.3333333333333
Jammu and Kashmir,2010,Kharif,Urad,337.1615507760841
Jharkhand,2002,Autumn,Maize,1183.6509938702138
Odisha,2005,Autumn,Ragi,622.7338238640674
Jammu and Kashmir,2025,Kharif,Tobacco,612.1495327102804
Assam,2026,Whole Year,Tapioca,10394.642868800554
Uttar Pradesh,2006,Rabi,Wheat,2766.2990144647943
Uttar Pradesh,2021,Kharif,Dry chillies,858.2189857515237
West Bengal,2021,Rabi,Barley,1887.3036714178074
Manipur,2022,Rabi,Peas & beans (Pulses),1073.194932415672
Odisha,2019,Kharif,Arhar/Tur,1123.9990670916582
Bihar,2009,Kharif,Mesta,7185.652047632879
West Bengal,2023,Kharif,Bajra,252.9009009009009
Sikkim,2006,Rabi,Wheat,1623.8244514106584
Andhra Pradesh,2000,Whole Year,Arecanut,2763.358778625954
Bihar,2024,Rabi,Masoor,1131.0373673414892
Mizoram,2006,Whole Year,Tobacco,679.9204771371769
West Bengal,2007,Kharif,Urad,763.0765859537636
West Bengal,2000,Rabi,Khesari,1051.776700484782
Punjab,2003,Kharif,Groundnut,909.0909090909091
Karnataka,2026,Whole Year,Tobacco,1154.5478647963155
Madhya Pradesh,2005,Rabi,Wheat,1641.39940068096
Andhra Pradesh,2018,Kharif,Soyabean,1926.293408929837
West Bengal,2018,Rabi,Arhar/Tur,1543.4119278779474
Punjab,2023,Kharif,Groundnut,2643.4366267246046
Karnataka,2004,Rabi,Rapeseed &Mustard,277.88215200683175
Odisha,2023,Rabi,Masoor,559.9624436979977
West Bengal,2006,Autumn,Rice,2026.6893070151025
Jammu and Kashmir,2011,Kharif,Garlic,777.7777777777778
Jammu and Kashmir,2015,Kharif,Cotton(lint),500.0
Assam,2011,Rabi,Wheat,1208.9366572125193
Telangana,2013,Rabi,Wheat,620.258559454468
Jammu and Kashmir,2007,Kharif,Other Kharif pulses,537.6146788990826
Gujarat,2001,Whole Year,Garlic,6150.537634408603
Jammu and Kashmir,2010,Kharif,Cotton(lint),555.5555555555555
Karnataka,2012,Whole Year,Sannhamp,248.06201550387595
Uttarakhand,2010,Kharif,Rice,1830.8199218981126
West Bengal,2016,Kharif,Mesta,11824.096385542169
Uttarakhand,2024,Kharif,Small millets,1473.4605821739221
Himachal Pradesh,2005,Kharif,Small millets,667.0979884719445
Rajasthan,2013,Kharif,Maize,3143.577418796366
Assam,2010,Whole Year,Sugarcane,36196.26042507398
West Bengal,2005,Whole Year,Dry chillies,1168.7934253324865
Karnataka,2008,Rabi,Other  Rabi pulses,292.670088169496
Haryana,2006,Kharif,Horse-gram,291.6869227029655
Manipur,2017,Kharif,Rice,2567.78336360948
Maharashtra,2017,Kharif,Cotton(lint),1400.543989658956
Uttar Pradesh,2000,Rabi,Barley,2106.944918887642
Nagaland,2006,Kharif,Groundnut,1010.5263157894736
Mizoram,2000,Rabi,Other  Rabi pulses,2171.5116279069766
Karnataka,2015,Kharif,Bajra,656.9696152242686
Haryana,2023,Kharif,Cotton(lint),3667.5270163717855
Goa,2003,Whole Year,Cashewnut,424.9835369869028
Mizoram,2022,Kharif,Peas & beans (Pulses),10.020289014947622
Andhra Pradesh,2023,Whole Year,Tobacco,10428.129244151856
Nagaland,2023,Kharif,Other Kharif pulses,1072.5515748524726
Andhra Pradesh,2018,Kharif,Mesta,10109.74778459441
Tamil Nadu,2004,Whole Year,Mango,6251.5631686066
Bihar,2025,Kharif,Jute,22074.032593120402
Karnataka,2015,Whole Year,Arecanut,9802.054637050422
Delhi,2002,Kharif,Other Kharif pulses,1289.085545722714
Gujarat,2026,Kharif,Other Cereals,1264.439417977206
Chhattisgarh,2000,Whole Year,Sannhamp,280.76062639821026
Karnataka,2000,Kharif,Soyabean,1043.3712212044186
Rajasthan,2025,Rabi,Barley,2900.906473783577
Uttar Pradesh,2025,Kharif,Bajra,1834.7078347286445
Punjab,2001,Kharif,Moong(Green Gram),478.2608695652174
Arunachal Pradesh,2025,Kharif,Arhar/Tur,1132.6401782398812
Manipur,2024,Rabi,Gram,1109.5330667029878
Punjab,2013,Whole Year,Sugarcane,75000.0
Haryana,2013,Kharif,Cotton(lint),3574.9559082892415
Andhra Pradesh,2026,Whole Year,Arecanut,5499.418999802679
Meghalaya,2026,Kharif,Castor seed,1228.7518212724624
Maharashtra,2021,Whole Year,Mango,7863.28502825751
Himachal Pradesh,2004,Kharif,Bajra,533.8078291814946
Andhra Pradesh,2013,Kharif,Sesamum,448.88571937956857
Kerala,2025,Whole Year,Sweet potato,12931.214036793905
Uttarakhand,2023,Kharif,Soyabean,1395.8117588716616
Telangana,2004,Kharif,Jowar,967.9392903533159
Odisha,2004,Kharif,Arhar/Tur,1013.269036693224
Telangana,2019,Kharif,Banana,59105.98802395209
Meghalaya,2014,Kharif,Banana,12328.337104072398
Gujarat,2002,Whole Year,Dry chillies,867.7685950413223
Uttar Pradesh,2014,Summer,Sunflower,1710.691823899371
Maharashtra,2005,Rabi,Onion,16361.805145738903
Odisha,2002,Kharif,Horse-gram,188.56646302928166
Chhattisgarh,2013,Rabi,Khesari,551.9989087921534
Bihar,2017,Kharif,Bajra,1134.0488696049326
Uttarakhand,2008,Rabi,Rapeseed &Mustard,656.0451414820346
Uttar Pradesh,2012,Kharif,Maize,1847.0510207151237
Punjab,2002,Whole Year,Sugarcane,59542.48366013072
Arunachal Pradesh,2018,Kharif,Soyabean,1416.98595146871
Tamil Nadu,2003,Kharif,Cotton(lint),1224.0813279196539
Madhya Pradesh,2010,Kharif,Urad,385.07715451621914
Nagaland,2013,Kharif,Ginger,9120.0
Chhattisgarh,2000,Kharif,Rice,628.5025569361968
Andhra Pradesh,2021,Kharif,Mesta,9412.104272301574
Uttarakhand,2016,Kharif,Urad,816.7614774457174
Himachal Pradesh,2012,Kharif,Moong(Green Gram),471.63120567375887
Uttarakhand,2018,Summer,Other Summer Pulses,666.6666666666666
Uttarakhand,2016,Kharif,Sunflower,571.4285714285714
Tamil Nadu,2004,Rabi,Gram,614.018691588785
Mizoram,2000,Whole Year,Potato,7835.4838709677415
Gujarat,2009,Kharif,Urad,515.832482124617
Andhra Pradesh,2005,Rabi,Gram,1589.5173700636087
Tamil Nadu,2014,Kharif,Bajra,3023.0950368313006
Jharkhand,2005,Autumn,Ragi,835.9470894834711
Madhya Pradesh,2006,Rabi,Linseed,396.9993176661007
Telangana,2014,Kharif,Onion,15544.84870317003
Karnataka,2021,Kharif,Niger seed,251.3255604831534
Madhya Pradesh,2025,Whole Year,Turmeric,20825.766929764264
Delhi,2001,Kharif,Bajra,1952.887537993921
West Bengal,2017,Rabi,Linseed,207.5433231396534
West Bengal,2000,Kharif,Groundnut,789.1089108910891
Karnataka,2013,Whole Year,Tomato,20954.86842705533
Arunachal Pradesh,2023,Kharif,Soyabean,645.4144203889564
Andhra Pradesh,2009,Kharif,Cotton(lint),2203.115148003613
Andhra Pradesh,2018,Kharif,Cowpea(Lobia),103.17519611505416
Delhi,2004,Kharif,Rice,3346.69671450599
Chhattisgarh,2001,Kharif,Niger seed,191.36522753792298
Mizoram,2003,Whole Year,Sugarcane,25968.413496051686
Nagaland,2015,Kharif,Castor seed,666.6666666666666
Bihar,2010,Rabi,Potato,20457.131852671413
Meghalaya,2010,Rabi,Peas & beans (Pulses),1371.9806763285023
Mizoram,2002,Rabi,Other  Rabi pulses,1087.1029836381135
Karnataka,2024,Whole Year,Tapioca,10485.162248653844
Chhattisgarh,2006,Rabi,Safflower,224.46916076845298
Sikkim,2005,Kharif,Small millets,2819.277108433735
Andhra Pradesh,2003,Kharif,Ragi,1215.4977291891653
Jharkhand,2022,Rabi,Linseed,569.4672676188146
Jharkhand,2003,Autumn,Maize,1522.1352017163156
Tamil Nadu,2005,Whole Year,Cardamom,91.67178227951709
Karnataka,2018,Kharif,Other Kharif pulses,617.1277533039647
Tamil Nadu,2016,Whole Year,Dry chillies,459.08695555208635
Himachal Pradesh,2016,Kharif,Cotton(lint),400.0
Telangana,2023,Kharif,Rice,3671.7646353018818
Karnataka,2010,Kharif,Groundnut,655.9122808881818
Andhra Pradesh,2022,Whole Year,Garlic,6464.104945877803
Jammu and Kashmir,2005,Kharif,Moong(Green Gram),476.99214365881033
Odisha,2000,Kharif,Ginger,1976.7827529021558
Sikkim,2022,Rabi,Rapeseed &Mustard,860.0427282021074
Haryana,2012,Kharif,Arhar/Tur,1104.4455066921605
Himachal Pradesh,2000,Kharif,Masoor,277.94561933534743
Andhra Pradesh,2016,Kharif,Coriander,125.0
Haryana,2024,Whole Year,Potato,27091.127241416612
Bihar,2022,Whole Year,Garlic,1724.7771596434554
Meghalaya,2022,Rabi,Tobacco,1272.1497294782969
Mizoram,2019,Kharif,Other Kharif pulses,1310.1639344262296
Madhya Pradesh,2008,Whole Year,Turmeric,885.8447488584475
Tripura,2012,Rabi,Gram,774.390243902439
Uttarakhand,2024,Kharif,Sunflower,617.3028698801894
Uttar Pradesh,2021,Rabi,Peas & beans (Pulses),1332.9093696731725
Mizoram,2016,Kharif,Other Kharif pulses,1459.1836734693877
Punjab,2009,Kharif,Sesamum,371.42857142857144
Goa,2022,Whole Year,Banana,12961.357165163401
West Bengal,2012,Rabi,Peas & beans (Pulses),1128.0187383894677
Karnataka,2007,Whole Year,Cardamom,93.35913531882758
Puducherry,2007,Kharif,Sugarcane,98328.0241067585
Chhattisgarh,2010,Whole Year,Sweet potato,5042.385057471264
Uttar Pradesh,2013,Rabi,Coriander,547.2370766488414
Mizoram,2014,Kharif,Soyabean,1412.6679462571976
Puducherry,2026,Summer,Onion,5635.838150289017
Madhya Pradesh,2013,Kharif,Urad,363.3212113568205
Kerala,2009,Kharif,Other Cereals,778.7610619469026
Bihar,2010,Kharif,Groundnut,1024.8618784530386
Madhya Pradesh,2000,Kharif,Rice,574.5876209093491
Haryana,2006,Rabi,Wheat,4231.685518329942
Maharashtra,2026,Kharif,Soyabean,1039.5140283445664
Uttar Pradesh,2026,Kharif,Sannhamp,223.06102987921167
Nagaland,2009,Rabi,Rapeseed &Mustard,799.9658644819935
Andhra Pradesh,2002,Kharif,Moong(Green Gram),247.2951825540682
Mizoram,2025,Whole Year,Sugarcane,32681.885346653766
Punjab,2025,Kharif,Arhar/Tur,1231.2274581396564
West Bengal,2016,Kharif,Cotton(lint),3170.909090909091
Karnataka,2021,Kharif,Urad,502.20504896741267
Bihar,2024,Rabi,Other  Rabi pulses,1228.5360937680534
West Bengal,2012,Kharif,Other Kharif pulses,423.963133640553
Uttarakhand,2019,Kharif,Small millets,1351.0983003677568
Uttar Pradesh,2007,Kharif,Ginger,2261.1111111111113
West Bengal,2012,Kharif,Mesta,12346.326164874552
Karnataka,2010,Whole Year,Turmeric,4953.961304900437
Mizoram,2007,Kharif,Other Kharif pulses,301.1688634667993
Karnataka,2025,Kharif,Sunflower,898.0859949454294
Chhattisgarh,2012,Whole Year,Sugarcane,2796.1417578844694
Uttarakhand,2017,Whole Year,Sugarcane,69700.03711061145
Andhra Pradesh,2008,Kharif,Jowar,1411.307941131641
Kerala,2001,Whole Year,Ginger,3753.129086493555
Karnataka,2005,Whole Year,Turmeric,5340.529467381028
Kerala,2015,Whole Year,Garlic,6048.387096774193
Andhra Pradesh,2015,Whole Year,Banana,39087.85421013663
Bihar,2026,Kharif,Jute,18425.307233066207
Bihar,2013,Kharif,Castor seed,955.6962025316456
Uttarakhand,2023,Kharif,Sesamum,301.081664683948
Kerala,2002,Whole Year,Turmeric,2209.5541401273886
Bihar,2001,Rabi,Rapeseed &Mustard,815.9132384378747
Tripura,2004,Rabi,Wheat,2057.2033898305085
Kerala,2009,Kharif,Jowar,512.3674911660777
Chhattisgarh,2019,Whole Year,Garlic,2594.8670944087994
West Bengal,2012,Autumn,Ragi,1095.9881129271917
Uttar Pradesh,2016,Rabi,Garlic,6359.591476771642
Haryana,2002,Kharif,Arhar/Tur,822.2438602185438
Himachal Pradesh,2021,Kharif,Potato,7126.008884791436
Kerala,2003,Kharif,Sesamum,236.7109634551495
Karnataka,2001,Whole Year,Potato,12090.279906016958
Manipur,2014,Whole Year,Dry chillies,8084.017687934302
Rajasthan,2003,Kharif,Maize,2851.8376788600544
Nagaland,2019,Kharif,Maize,1983.997489802322
Odisha,2012,Autumn,Moong(Green Gram),274.1522712731926
Haryana,2006,Rabi,Mustard,1437.8567334377065
West Bengal,2026,Rabi,Onion,23117.634709159483
Karnataka,2013,Rabi,Linseed,297.9106628242075
Kerala,2023,Whole Year,Maize,4016.2859776707983
Maharashtra,2008,Whole Year,Mango,7193.413231451949
Jharkhand,2010,Rabi,Arhar/Tur,1244.718792866941
Kerala,2008,Whole Year,Garlic,17000.0
Gujarat,2009,Whole Year,Sugarcane,69910.66736731476
Manipur,2023,Kharif,Arhar/Tur,1309.217046580773
Chhattisgarh,2021,Kharif,Maize,2643.4894736020724
Haryana,2018,Kharif,Sesamum,483.55899419729207
Tamil Nadu,2005,Kharif,Sunflower,1239.9155722326454
Kerala,2017,Whole Year,Garlic,5605.633802816901
Gujarat,2004,Kharif,Other Cereals,325.2032520325203
Chhattisgarh,2016,Whole Year,Garlic,2505.460218408736
Nagaland,2003,Kharif,Maize,1733.3333333333333
Tamil Nadu,2023,Kharif,Moong(Green Gram),569.168465466862
Rajasthan,2014,Rabi,Coriander,941.4453618498637
Tamil Nadu,2022,Kharif,Sunflower,1406.852025293306
Tamil Nadu,2022,Kharif,Urad,819.3157665719446
Uttar Pradesh,2020,Rabi,Wheat,4340.7586713816045
Haryana,2015,Kharif,Moong(Green Gram),553.0612244897959
Maharashtra,2014,Rabi,Wheat,1225.2412630000938
Andhra Pradesh,2021,Kharif,Sunflower,896.8409985458358
Uttar Pradesh,2011,Rabi,Coriander,553.3712179388726
Odisha,2023,Rabi,Other  Rabi pulses,504.4030951907982
Uttar Pradesh,2004,Kharif,Groundnut,822.9763478771853
Nagaland,2026,Kharif,Tapioca,19231.68551784169
Karnataka,2026,Whole Year,Mesta,133.20013072672174
West Bengal,2021,Rabi,Wheat,3041.6098011800213
Karnataka,2012,Whole Year,Banana,28456.29143600294
West Bengal,2017,Kharif,Sunflower,1226.6323489569222
Himachal Pradesh,2006,Kharif,Maize,2325.3844841942637
Gujarat,2003,Whole Year,Garlic,7003.690036900369
Tamil Nadu,2014,Kharif,Horse-gram,760.6776254396669
Puducherry,2015,Rabi,Dry chillies,10000.0
Assam,2007,Kharif,Maize,725.2477943579131
West Bengal,2007,Rabi,Barley,1316.3265306122448
Sikkim,2001,Kharif,Other Kharif pulses,1120.6293706293707
Madhya Pradesh,2014,Kharif,Horse-gram,571.4285714285714
Andhra Pradesh,2026,Kharif,Mesta,8732.139405420034
Kerala,2026,Whole Year,Small millets,784.6541213888154
Odisha,2022,Kharif,Arhar/Tur,893.7783607954107
Arunachal Pradesh,2024,Kharif,Arhar/Tur,1048.7905195239198
Assam,2006,Kharif,Cotton(lint),471.6157205240175
Meghalaya,2000,Whole Year,Sugarcane,2755.813953488372
Bihar,2014,Kharif,Mesta,13342.028100183263
Nagaland,2007,Kharif,Dry chillies,1271.4285714285713
Himachal Pradesh,2013,Kharif,Moong(Green Gram),473.3333333333333
Maharashtra,2026,Summer,other oilseeds,745.3558922941324
Bihar,2015,Kharif,Moong(Green Gram),682.8190226733241
Kerala,2024,Whole Year,Onion,10.00243961941937
Jammu and Kashmir,2021,Kharif,Jowar,698.4397036108437
Sikkim,2023,Kharif,Soyabean,940.5790825731021
Andhra Pradesh,2000,Kharif,Turmeric,4350.076141648099
Bihar,2017,Rabi,Other  Rabi pulses,1004.9330514446793
Uttar Pradesh,2025,Kharif,Moong(Green Gram),674.162909225725
West Bengal,2014,Rabi,Other  Rabi pulses,431.8181818181818
Assam,2003,Kharif,Small millets,520.544643933004
Manipur,2013,Whole Year,Dry chillies,7890.167597765363
Himachal Pradesh,2024,Kharif,Turmeric,715.8241758241758
Manipur,2025,Whole Year,Sugarcane,75771.38905768706
Punjab,2000,Rabi,Mustard,1203.538977356036
Himachal Pradesh,2022,Rabi,Onion,8802.35567903873
Sikkim,2013,Kharif,Other Kharif pulses,953.6423841059602
West Bengal,2009,Kharif,Urad,699.2350082544702
Maharashtra,2009,Kharif,Cotton(lint),1507.061772077252
West Bengal,2011,Rabi,Peas & beans (Pulses),904.8721978658284
West Bengal,2019,Autumn,Sesamum,843.3179723502304
Madhya Pradesh,2021,Rabi,Wheat,3114.4628095520407
Karnataka,2025,Whole Year,Mesta,206.41457631349058
Bihar,2010,Rabi,Gram,1043.74725371298
Maharashtra,2022,Kharif,Arhar/Tur,696.3193814306147
Himachal Pradesh,2012,Rabi,Rapeseed &Mustard,443.7115707098938
Uttarakhand,2010,Rabi,Gram,780.2197802197802
Bihar,2005,Whole Year,Turmeric,972.1194879089616
Meghalaya,2007,Kharif,Cotton(lint),908.8505427219594
Andhra Pradesh,2025,Kharif,Maize,6279.491675606037
Himachal Pradesh,2014,Rabi,Barley,1790.1737508589379
Haryana,2016,Kharif,Moong(Green Gram),329.11392405063293
Tamil Nadu,2016,Kharif,Moong(Green Gram),808.111022225314
Maharashtra,2018,Kharif,Bajra,545.0096245427645
Tamil Nadu,2011,Whole Year,Castor seed,300.064495324089
Jammu and Kashmir,2004,Rabi,Barley,499.3914807302231
Telangana,2025,Kharif,Coriander,1828.0910335203027
Madhya Pradesh,2009,Whole Year,Banana,62356.96517412936
Arunachal Pradesh,2013,Whole Year,Dry chillies,3254.1148133279808
Chhattisgarh,2000,Rabi,Wheat,1021.1191613997225
Assam,2007,Rabi,Mustard,1387.5719909126478
Maharashtra,2007,Kharif,Soyabean,1492.791710467037
Arunachal Pradesh,2017,Whole Year,Turmeric,4550.617283950617
Bihar,2026,Kharif,Urad,1071.0481296052924
Bihar,2013,Kharif,Urad,912.2105398955041
Maharashtra,2024,Kharif,Jowar,899.9913039912719
Uttarakhand,2004,Kharif,Horse-gram,715.33527696793
Jammu and Kashmir,2024,Rabi,Linseed,876.4743385400063
Mizoram,2008,Kharif,Rice,1323.5311132108216
Tripura,2008,Kharif,Rice,2581.328251689537
Goa,2018,Kharif,Rice,2719.399404047831
Karnataka,2003,Whole Year,Garlic,730.9823677581863
Tamil Nadu,2018,Whole Year,Tapioca,34763.56353445085
Telangana,2023,Kharif,Maize,6216.720986805348
Uttar Pradesh,2025,Kharif,Guar seed,655.6126371390067
Jammu and Kashmir,2024,Rabi,Rapeseed &Mustard,965.2986598499516
Mizoram,2024,Kharif,Cowpea(Lobia),1791.2881620185499
Chhattisgarh,2023,Kharif,Small millets,381.4383691720521
Gujarat,2004,Kharif,Sesamum,314.8695885990858
Arunachal Pradesh,2022,Whole Year,Dry chillies,2602.9597231363723
Tripura,2022,Kharif,Jute,8732.300684745558
Madhya Pradesh,2026,Kharif,Other Kharif pulses,742.2094012523626
Himachal Pradesh,2023,Rabi,Gram,911.4312956881025
Gujarat,2009,Kharif,Jowar,1059.0339892665475
Nagaland,2022,Kharif,Rice,2932.7673955833757
Maharashtra,2021,Kharif,Urad,479.0282053784737
Sikkim,2018,Kharif,Other Cereals,982.6435246995994
Punjab,2010,Kharif,Moong(Green Gram),807.6923076923077
Jammu and Kashmir,2006,Kharif,other oilseeds,424.24242424242425
Delhi,2015,Kharif,Rice,2861.4887831407204
Manipur,2006,Whole Year,Dry chillies,600.4489337822671
Uttarakhand,2012,Kharif,Soyabean,2141.281570530495
Goa,2014,Whole Year,Black pepper,319.3717277486911
Rajasthan,2004,Kharif,Sesamum,500.5435526793634
Uttarakhand,2006,Kharif,Groundnut,1079.4739851343625
West Bengal,2007,Kharif,Ginger,2129.106469126714
Haryana,2006,Kharif,Cotton(lint),3420.5494482587414
Puducherry,2005,Whole Year,Black pepper,583.3333333333334
West Bengal,2008,Kharif,Mesta,11747.72382397572
Karnataka,2021,Kharif,Bajra,1133.8593007864206
Uttar Pradesh,2009,Kharif,Rice,2081.3702907860575
Maharashtra,2026,Kharif,Small millets,392.45217233970965
Andhra Pradesh,2009,Kharif,Sesamum,197.84248897931502
West Bengal,2009,Rabi,Barley,1344.7684391080618
Assam,2006,Rabi,Urad,513.9297176299253
Haryana,2014,Kharif,Castor seed,1200.0
Andhra Pradesh,2024,Rabi,Rapeseed &Mustard,853.3144512391374
Jammu and Kashmir,2010,Kharif,Dry chillies,980.0362976406534
West Bengal,2021,Whole Year,Arecanut,1342.7031314911724
Himachal Pradesh,2017,Rabi,Gram,1041.8994413407822
Tamil Nadu,2017,Kharif,Other Kharif pulses,660.2717279989076
Uttar Pradesh,2019,Rabi,Turmeric,1409.1869060190074
Himachal Pradesh,2005,Kharif,Other Kharif pulses,483.5614283467044
Assam,2002,Whole Year,Banana,13830.193990288757
Odisha,2026,Rabi,Gram,799.9645919332356
Nagaland,2013,Kharif,Maize,1968.8532326569136
Kerala,2017,Whole Year,Rubber,1607.5057163599981
Jammu and Kashmir,2023,Kharif,Other Kharif pulses,1369.1876630876502
Madhya Pradesh,2016,Whole Year,Garlic,10943.742723346453
Gujarat,2018,Whole Year,Guar seed,561.7654954363777
Kerala,2003,Whole Year,Black pepper,318.86435039733874
Bihar,2004,Rabi,Wheat,1609.447521087292
Tripura,2001,Kharif,Rice,2380.5065856129686
Gujarat,2007,Kharif,Rice,1895.7300275482094
Nagaland,2011,Rabi,Linseed,806.6202090592335
Tamil Nadu,2024,Whole Year,Cardamom,170.0134634506912
Andhra Pradesh,2012,Rabi,Wheat,1125.0
Andhra Pradesh,2006,Rabi,Safflower,628.8630960704796
Andhra Pradesh,2001,Kharif,Gram,1109.89010989011
Bihar,2007,Whole Year,Mango,6349.474282581642
Tripura,2026,Kharif,Mesta,9253.182426970088
Haryana,2001,Kharif,Moth,108.28370330265295
Manipur,2022,Kharif,Rice,2244.3518846403276
Maharashtra,2017,Kharif,Other Kharif pulses,659.7453885400314
Odisha,2022,Rabi,Other  Rabi pulses,410.44347762309343
Meghalaya,2018,Whole Year,Coriander,3917.695473251029
Uttar Pradesh,2005,Rabi,Potato,22432.273802384112
Karnataka,2021,Whole Year,Arecanut,14828.10966735283
Odisha,2005,Autumn,Rice,871.9590268886044
Karnataka,2009,Whole Year,Banana,21995.842515746863
Andhra Pradesh,2021,Kharif,Ragi,1408.7790855421522
Assam,2013,Kharif,Small millets,612.9684055841293
Telangana,2017,Kharif,Sunflower,2119.221411192214
Punjab,2003,Kharif,Cotton(lint),3269.9115044247787
Manipur,2011,Rabi,Gram,854.0983606557377
Assam,2014,Whole Year,Potato,7498.665339979526
Tripura,2017,Rabi,Masoor,716.1134163208852
Haryana,2020,Rabi,Mustard,1685.242800664108
Rajasthan,2017,Kharif,Jowar,1463.929018403055
Andhra Pradesh,2021,Rabi,Rapeseed &Mustard,695.8483552410596
Jammu and Kashmir,2005,Kharif,Dry chillies,1010.0401606425703
Bihar,2008,Kharif,Moong(Green Gram),653.1966926749737
Maharashtra,2025,Kharif,Moong(Green Gram),342.71970795949534
Delhi,2001,Kharif,Maize,1792.4528301886792
Tripura,2009,Kharif,Mesta,7231.065468549422
Kerala,2007,Whole Year,Cardamom,176.82267434549706
Karnataka,2025,Whole Year,Cardamom,115.88613251935176
Odisha,2016,Summer,Wheat,1403.5087719298247
Bihar,2013,Kharif,Jowar,1064.882400648824
Puducherry,2022,Kharif,Banana,20821.54466988006
Jammu and Kashmir,2004,Kharif,Other Kharif pulses,490.46503847440613
Mizoram,2001,Kharif,Arhar/Tur,924.5283018867924
Chhattisgarh,2016,Whole Year,Dry chillies,652.0070838252657
Madhya Pradesh,2019,Kharif,Cotton(lint),1290.01776089681
Meghalaya,2025,Whole Year,Sugarcane,2676.40986634793
Uttar Pradesh,2026,Kharif,Sweet potato,10037.583060755953
Rajasthan,2026,Kharif,Bajra,2082.7699561492473
Assam,2009,Whole Year,Tapioca,4769.422776911077
Uttar Pradesh,2014,Kharif,Sugarcane,65780.79767136794
Andhra Pradesh,2010,Kharif,Arhar/Tur,414.75284929680305
Bihar,2010,Whole Year,Tobacco,1782.9796310120507
Tripura,2012,Rabi,Masoor,682.1052631578947
Uttar Pradesh,2006,Whole Year,Guar seed,840.8179631114675
Mizoram,2021,Rabi,Masoor,1066.010660106601
Karnataka,2015,Whole Year,Mesta,1336.8146214099218
Meghalaya,2015,Whole Year,Turmeric,6334.497477687233
Punjab,2006,Kharif,Moong(Green Gram),869.9186991869918
Goa,2004,Whole Year,Cashewnut,465.85730431295343
Uttar Pradesh,2009,Rabi,Garlic,5313.013201798926
Uttar Pradesh,2020,Kharif,Moong,834.948701922535
Manipur,2017,Rabi,Masoor,925.311203319502
Arunachal Pradesh,2013,Whole Year,Sugarcane,19443.305573350415
Meghalaya,2012,Kharif,Sesamum,845.0
Andhra Pradesh,2006,Whole Year,Banana,24342.87873364356
Manipur,2010,Kharif,Soyabean,777.5401069518716
Telangana,2007,Whole Year,Sugarcane,68789.05301431673
Haryana,2003,Kharif,Horse-gram,161.4391143911439
Odisha,2024,Autumn,Maize,2994.5283594074067
Kerala,2025,Kharif,Groundnut,1749.2241751669603
Uttar Pradesh,2009,Rabi,Wheat,2846.254589294831
Chhattisgarh,2026,Kharif,Potato,6884.368513015038
Meghalaya,2004,Kharif,Mesta,4533.492252681764
Punjab,2024,Kharif,Moth,835.9268443893366
West Bengal,2024,Rabi,Horse-gram,581.6733920143095
Telangana,2020,Kharif,Jowar,1541.7847696209558
Uttarakhand,2010,Whole Year,Turmeric,1937.1727748691098
Telangana,2002,Kharif,Arhar/Tur,760.8909386321869
Karnataka,2009,Whole Year,Tobacco,769.7261525963036
Bihar,2004,Whole Year,Coriander,655.4379210779596
Meghalaya,2006,Rabi,Castor seed,636.3636363636364
West Bengal,2013,Whole Year,Tobacco,1773.0310262529833
Jharkhand,2015,Rabi,Wheat,1600.8137750432934
Gujarat,2005,Whole Year,Tobacco,1559.1397849462367
Madhya Pradesh,2017,Kharif,Jute,1447.2361809045226
Bihar,2010,Kharif,Castor seed,959.5375722543353
Tamil Nadu,2025,Kharif,Other Cereals,1272.4958816899316
Jharkhand,2018,Kharif,Moong(Green Gram),746.3856413634119
Telangana,2011,Kharif,Turmeric,5013.926847693704
Haryana,2019,Kharif,Cotton(lint),3406.639004149378
Himachal Pradesh,2023,Rabi,Garlic,581.241784265686
Tamil Nadu,2008,Whole Year,Arhar/Tur,607.7575228322963
Madhya Pradesh,2010,Rabi,Peas & beans (Pulses),269.01744066089225
Tripura,2023,Rabi,Other  Rabi pulses,800.4690409409103
Tamil Nadu,2003,Kharif,Arhar/Tur,611.7246292915349
Jammu and Kashmir,2025,Kharif,Moth,797.0368304073571
Madhya Pradesh,2011,Rabi,Peas & beans (Pulses),354.11806383603783
Chhattisgarh,2007,Kharif,Cotton(lint),1360.0
Uttar Pradesh,2023,Rabi,Peas & beans (Pulses),1322.115263217714
Nagaland,2012,Rabi,Barley,1000.0
Karnataka,2017,Kharif,Sunflower,1008.4120372032894
Manipur,2009,Kharif,Soyabean,601.7699115044247
Jammu and Kashmir,2016,Rabi,Linseed,377.04918032786884
Jammu and Kashmir,2006,Kharif,Other Kharif pulses,695.0934579439253
West Bengal,2023,Rabi,Groundnut,1979.9902881803791
Nagaland,2013,Kharif,Rice,2260.138956212635
Bihar,2016,Kharif,Ragi,723.4666108436257
Delhi,2026,Kharif,Maize,18142.79678918462
Maharashtra,2015,Kharif,Groundnut,964.8552338530067
Uttar Pradesh,2013,Rabi,Onion,20338.37475474166
Jammu and Kashmir,2000,Whole Year,Dry chillies,1020.0
West Bengal,2014,Rabi,Barley,1404.1429731925264
Bihar,2003,Kharif,Ginger,1540.0
Himachal Pradesh,2010,Kharif,Cotton(lint),1625.0
Madhya Pradesh,2018,Kharif,Rice,1875.0223692027973
Jharkhand,2023,Kharif,Other Kharif pulses,555.2142353705755
Puducherry,2011,Summer,Jowar,2000.0
Madhya Pradesh,2000,Rabi,Rapeseed &Mustard,773.9995545326304
Uttarakhand,2025,Rabi,Wheat,2373.8208348140324
Karnataka,2015,Kharif,Castor seed,525.4092222103349
Goa,2019,Rabi,Other  Rabi pulses,876.7341369115306
Assam,2013,Rabi,Peas & beans (Pulses),848.3965947641298
Nagaland,2015,Kharif,Other Kharif pulses,1215.648854961832
Gujarat,2013,Whole Year,Mango,7051.815182942521
Meghalaya,2001,Kharif,Ginger,4112.622232213105
Himachal Pradesh,2013,Rabi,Coriander,298.6111111111111
Tripura,2023,Rabi,Rapeseed &Mustard,833.0205711089075
Bihar,2004,Rabi,Safflower,804.6511627906976
Meghalaya,2015,Whole Year,Sugarcane,3042.735042735043
Jharkhand,2012,Rabi,Arhar/Tur,1902.3342175066314
Uttar Pradesh,2008,Rabi,Linseed,449.9854655857369
Chhattisgarh,2007,Rabi,Safflower,242.1875
Uttarakhand,2025,Rabi,Other  Rabi pulses,960.2766798418972
Puducherry,2019,Rabi,Other  Rabi pulses,792.4528301886793
Andhra Pradesh,2012,Kharif,Sunflower,736.8421052631579
Puducherry,2024,Kharif,Cashewnut,144.06179594464115
Haryana,2020,Rabi,Barley,2748.0682553372703
Arunachal Pradesh,2002,Kharif,Rice,1224.0737173312784
Puducherry,2007,Rabi,Coriander,500.0
Arunachal Pradesh,2013,Whole Year,Turmeric,4691.131498470948
Madhya Pradesh,2021,Rabi,Rapeseed &Mustard,1034.7912586055086
West Bengal,2011,Kharif,Cotton(lint),3013.986013986014
Jammu and Kashmir,2010,Kharif,Garlic,756.0975609756098
Andhra Pradesh,2007,Kharif,Small millets,628.5714285714286
Uttar Pradesh,2004,Kharif,Maize,1538.319526795929
Nagaland,2023,Kharif,Sweet potato,8133.273848150552
Manipur,2010,Rabi,Rapeseed &Mustard,779.4392523364486
Andhra Pradesh,2001,Whole Year,Cashewnut,262.8011128452195
Madhya Pradesh,2014,Rabi,Wheat,3077.6796132688783
Goa,2021,Whole Year,Sugarcane,47327.68997823412
Assam,2025,Whole Year,Banana,19322.7320317586
Uttar Pradesh,2004,Whole Year,Garlic,4330.499567206628
Chhattisgarh,2005,Whole Year,Sweet potato,5735.925925925926
West Bengal,2022,Kharif,Sunflower,1389.3085551051558
Jharkhand,2019,Kharif,Ragi,875.3428414701042
Maharashtra,2020,Whole Year,Sugarcane,72795.66863942576
Meghalaya,2015,Kharif,Ginger,6657.1486227424075
Kerala,2026,Whole Year,Garlic,10.009845749917952
Haryana,2015,Kharif,Bajra,1764.8648648648648
Telangana,2014,Kharif,Moong(Green Gram),494.61688237315315
Tamil Nadu,2013,Kharif,Castor seed,312.0589618943077
Nagaland,2016,Kharif,Mesta,1111.7021276595744
Gujarat,2013,Kharif,Moth,484.4432932949137
Karnataka,2023,Kharif,Arhar/Tur,827.5383828558502
Karnataka,2020,Whole Year,Cardamom,347.02273116147575
Rajasthan,2010,Rabi,Wheat,3768.4589972797985
West Bengal,2002,Kharif,Groundnut,962.719298245614
Meghalaya,2006,Rabi,Dry chillies,735.2941176470588
Haryana,2008,Rabi,Gram,1044.0018452125637
Kerala,2026,Whole Year,Cardamom,120.98330273586545
Maharashtra,2013,Rabi,Onion,18324.93255633067
Uttar Pradesh,2018,Kharif,Jowar,1247.3116821479423
Maharashtra,2015,Kharif,Arhar/Tur,359.12361549033875
Bihar,2000,Rabi,Peas & beans (Pulses),964.9191039203484
Uttar Pradesh,2008,Rabi,Coriander,596.9622041681384
Meghalaya,2011,Whole Year,Sugarcane,2689.189189189189
Assam,2000,Kharif,Maize,722.0987105380169
Tamil Nadu,2021,Kharif,Ragi,3301.6717732466414
Bihar,2010,Kharif,Other Kharif pulses,699.6740016299918
Assam,2001,Whole Year,Potato,7751.711302088538
Bihar,2026,Rabi,Masoor,888.780728529889
Maharashtra,2026,Kharif,Arhar/Tur,740.1697099692495
Uttar Pradesh,2021,Rabi,Linseed,561.3045899706551
Bihar,2026,Rabi,Safflower,885.3081682199077
Assam,2004,Kharif,Jute,7078.336006622859
Puducherry,2013,Kharif,Ragi,1894.7368421052631
Bihar,2014,Rabi,Peas & beans (Pulses),1009.9754987749387
Himachal Pradesh,2024,Rabi,Onion,8224.934280311765
Himachal Pradesh,2007,Kharif,Peas & beans (Pulses),2218.286737638046
Madhya Pradesh,2022,Kharif,Arhar/Tur,1019.2451843164552
Assam,2000,Kharif,Mesta,4863.735393147158
Uttar Pradesh,2023,Kharif,Arhar/Tur,777.9687274602362
Puducherry,2007,Summer,Cotton(lint),575.7575757575758
Punjab,2018,Kharif,Guar seed,828.4313725490196
Tamil Nadu,2002,Whole Year,Garlic,5978.761061946902
Delhi,2002,Kharif,Barley,482.3529411764706
Uttarakhand,2016,Rabi,Rapeseed &Mustard,854.1805524698216
Puducherry,2017,Kharif,Rice,3533.1791907514453
Rajasthan,2006,Rabi,Mustard,1243.1818346022562
Odisha,2001,Kharif,Other Kharif pulses,495.80223880597015
Meghalaya,2001,Kharif,Rice,1753.6121602435019
Nagaland,2013,Kharif,Mesta,1109.2896174863388
Tripura,2021,Kharif,Small millets,916.9153512111795
Bihar,2001,Rabi,Other  Rabi pulses,668.1601792215066
Uttarakhand,2017,Kharif,Other Cereals,542.1686746987951
Jammu and Kashmir,2022,Rabi,Wheat,1708.572246849804
Bihar,2019,Whole Year,Ginger,1853.018372703412
Gujarat,2007,Rabi,Gram,978.584729981378
Nagaland,2009,Kharif,Sugarcane,30035.363457760315
Nagaland,2025,Kharif,Horse-gram,1182.5656400472426
Mizoram,2025,Rabi,Masoor,839.7196261682244
Meghalaya,2022,Kharif,Ginger,8816.736399062747
Himachal Pradesh,2011,Kharif,Ginger,1776.5097479790775
Mizoram,2005,Kharif,Tapioca,4073.3333333333335
Himachal Pradesh,2013,Rabi,Wheat,780.1546918792778
Meghalaya,2026,Kharif,Soyabean,3069.582461003155
Maharashtra,2005,Rabi,Linseed,284.61538461538464
Chhattisgarh,2019,Kharif,Arhar/Tur,627.9979873651255
Kerala,2016,Whole Year,Tapioca,36842.14435512059
Mizoram,2023,Kharif,Cotton(lint),10.003449465332872
Manipur,2018,Rabi,Rapeseed &Mustard,839.823907890281
Assam,2025,Whole Year,Black pepper,2980.104969751083
Tripura,2021,Whole Year,Sugarcane,56622.48444829409
Bihar,2022,Rabi,Linseed,979.3967262909214
Jharkhand,2023,Kharif,Moong(Green Gram),762.6333482439375
Telangana,2017,Kharif,Cowpea(Lobia),1013.7795275590552
Meghalaya,2025,Autumn,Rice,2708.3857344979965
Uttarakhand,2006,Kharif,Urad,641.8974499588703
Nagaland,2008,Kharif,Potato,12298.969072164948
Sikkim,2017,Kharif,Soyabean,975.5779876261804
Telangana,2025,Rabi,Gram,1484.3372737649804
Uttarakhand,2018,Kharif,Maize,1885.9682121696605
Assam,2012,Whole Year,Tobacco,532.3741007194244
Jammu and Kashmir,2010,Kharif,Onion,887.7005347593583
Odisha,2018,Rabi,Mustard,1508.63606969559
Maharashtra,2001,Rabi,Linseed,298.39883551673944
Andhra Pradesh,2018,Kharif,Tobacco,13297.706515120763
Tamil Nadu,2018,Kharif,Urad,759.8606585009552
Mizoram,2009,Whole Year,Sugarcane,8624.825662482566
Andhra Pradesh,2003,Whole Year,Sweet potato,7228.820269200317
Assam,2021,Whole Year,Turmeric,994.1381732381169
Tripura,2012,Kharif,Groundnut,1086.2068965517242
Tripura,2018,Kharif,Cowpea(Lobia),775.633293124246
Madhya Pradesh,2010,Rabi,Gram,784.9999167321245
Chhattisgarh,2012,Whole Year,Tobacco,444.44444444444446
Bihar,2002,Whole Year,Turmeric,988.3840109326956
Bihar,2018,Rabi,Safflower,806.8181818181819
Sikkim,2010,Rabi,Barley,951.5625
Maharashtra,2011,Kharif,Sesamum,335.9338061465721
Madhya Pradesh,2018,Kharif,Urad,464.7400096352002
Jammu and Kashmir,2019,Kharif,Urad,336.9813589897775
Gujarat,2026,Kharif,Arhar/Tur,1462.9129863944493
West Bengal,2016,Autumn,Rice,2590.1894522901225
Punjab,2008,Rabi,Rapeseed &Mustard,1222.2222222222222
Meghalaya,2023,Kharif,Castor seed,1348.8742324312032
Telangana,2015,Kharif,Horse-gram,215.68627450980392
Chhattisgarh,2017,Rabi,Gram,989.9977613610924
Mizoram,2018,Rabi,Other  Rabi pulses,1552.542372881356
Rajasthan,2004,Kharif,Bajra,1210.2759888631497
Sikkim,2010,Rabi,Wheat,1022.6415094339623
Assam,2014,Whole Year,Tobacco,532.5670498084291
Andhra Pradesh,2003,Whole Year,Coriander,328.8997615327687
West Bengal,2025,Whole Year,Tobacco,1735.8800448430493
Chhattisgarh,2024,Kharif,Sesamum,469.4864037596494
Karnataka,2014,Kharif,Castor seed,607.9912700411315
Uttar Pradesh,2001,Whole Year,Potato,24662.194506784163
Telangana,2025,Kharif,Sunflower,3252.856608964624
Punjab,2019,Kharif,Rice,4034.0547422024188
Karnataka,2018,Kharif,Rapeseed &Mustard,197.98234552332914
Odisha,2023,Autumn,Ragi,843.833204227886
Madhya Pradesh,2012,Rabi,Other  Rabi pulses,162.15015548645047
Tamil Nadu,2003,Kharif,Small millets,619.8749435205294
Meghalaya,2010,Kharif,Jute,8851.842308683328
Uttarakhand,2006,Rabi,Wheat,2107.9948130309367
Tripura,2005,Kharif,Jute,7897.810218978102
Nagaland,2019,Kharif,Other Kharif pulses,1223.8938053097345
Tripura,2025,Rabi,Wheat,2319.132143276965
Kerala,2024,Whole Year,Cashewnut,219.598548693975
Madhya Pradesh,2017,Kharif,Maize,3554.4845501777413
Tamil Nadu,2017,Whole Year,Mango,6686.71849936311
Jharkhand,2018,Kharif,Jowar,684.7507331378299
Telangana,2012,Kharif,Rice,2906.2191320682005
Odisha,2010,Autumn,Urad,237.10737357986187
Kerala,2024,Kharif,Other Cereals,10.005421657055546
Uttarakhand,2018,Kharif,Ragi,1217.5758478362623
Assam,2022,Rabi,Peas & beans (Pulses),970.0965578114252
Maharashtra,2013,Whole Year,Tobacco,1200.0
Madhya Pradesh,2017,Rabi,Gram,1500.008356545961
Nagaland,2013,Kharif,Jowar,956.5217391304348
Goa,2001,Kharif,Ragi,1000.0
Bihar,2012,Kharif,Horse-gram,968.2737946540095
Tamil Nadu,2014,Kharif,Castor seed,330.2805923616524
Uttar Pradesh,2016,Kharif,Cotton(lint),358.1188997338066
Assam,2016,Whole Year,Potato,7307.881657694223
Odisha,2019,Autumn,Ragi,746.1410095953275
Tamil Nadu,2026,Whole Year,Garlic,3965.3784342236168
Haryana,2003,Kharif,Moth,77.18282682103232
Uttarakhand,2008,Kharif,Horse-gram,778.4073024866226
Manipur,2001,Kharif,Cotton(lint),333.3333333333333
Uttar Pradesh,2014,Rabi,Mustard,1709.229256657251
Punjab,2014,Rabi,Peas & beans (Pulses),1163.6363636363637
Karnataka,2014,Kharif,Ragi,1844.9905312110461
Delhi,2000,Kharif,Rice,1886.6677680489013
Chhattisgarh,2004,Kharif,Ragi,263.65255243371587
Haryana,2026,Kharif,Urad,843.3671265360895
Punjab,2000,Kharif,Moong(Green Gram),623.728813559322
Uttar Pradesh,2023,Rabi,Linseed,606.3605286025046
Karnataka,2012,Rabi,Other  Rabi pulses,457.98059054305185
Maharashtra,2024,Whole Year,Sugarcane,80037.08923565039
West Bengal,2002,Kharif,Ginger,2153.4690397527443
Nagaland,2007,Kharif,Small millets,962.4161073825503
Delhi,2001,Rabi,Wheat,3509.994638891016
Haryana,2026,Kharif,Moong(Green Gram),754.1165794627627
Uttarakhand,2010,Kharif,Urad,801.145584725537
West Bengal,2025,Rabi,Barley,2168.344859031841
West Bengal,2021,Rabi,Safflower,981.6703944138345
Uttar Pradesh,2024,Rabi,Linseed,602.7557872559797
Gujarat,2019,Kharif,Groundnut,2764.19143484065
Tamil Nadu,2012,Kharif,Turmeric,5296.062892492003
Tamil Nadu,2011,Kharif,Bajra,2210.4938872134126
Madhya Pradesh,2015,Rabi,Linseed,483.4122807017544
Odisha,2012,Autumn,Sesamum,177.67584097859327
Bihar,2003,Rabi,Barley,1119.416208150704
Jharkhand,2022,Kharif,Moong(Green Gram),721.1057574301753
Karnataka,2012,Rabi,Gram,642.9873115723084
Tamil Nadu,2007,Whole Year,Gram,674.5588235294117
Tamil Nadu,2011,Kharif,Groundnut,2202.1246271263335
Bihar,2006,Kharif,Arhar/Tur,1242.6819342707192
Chhattisgarh,2001,Kharif,Castor seed,274.3362831858407
Nagaland,2001,Kharif,Moong(Green Gram),666.6666666666666
Punjab,2011,Rabi,Peas & beans (Pulses),1250.0
Odisha,2006,Autumn,Ragi,621.182821690436
Bihar,2004,Whole Year,Sannhamp,804.922515952598
Karnataka,2023,Kharif,Sesamum,734.7730838249358
West Bengal,2015,Autumn,Small millets,531.3953488372093
Telangana,2017,Kharif,Cashewnut,302.915082382763
Karnataka,2012,Kharif,Niger seed,239.7972334392989
Tamil Nadu,2008,Whole Year,Urad,314.721755521085
Chhattisgarh,2001,Whole Year,Sweet potato,5828.892589508742
Karnataka,2001,Kharif,Groundnut,685.2450040421602
Gujarat,2023,Whole Year,Dry chillies,1524.023525296971
Madhya Pradesh,2016,Kharif,Barley,3314.298018949182
Chhattisgarh,2015,Kharif,Small millets,165.72107372079003
Tamil Nadu,2013,Kharif,Horse-gram,624.0897174482959
Bihar,2010,Whole Year,Sugarcane,47183.82587604519
Madhya Pradesh,2001,Rabi,Safflower,258.56697819314644
Chhattisgarh,2002,Whole Year,Sannhamp,294.25837320574163
Andhra Pradesh,2006,Kharif,Arhar/Tur,398.5122989354066
Jharkhand,2022,Whole Year,Sugarcane,67065.82811627007
Madhya Pradesh,2024,Kharif,Ragi,297.9315986288563
Mizoram,2005,Kharif,Soyabean,1944.8275862068965
Puducherry,2024,Kharif,Ragi,2614.9193548387098
Haryana,2022,Rabi,Gram,1159.5801386126059
Tamil Nadu,2012,Kharif,Arhar/Tur,786.9963152264353
Himachal Pradesh,2002,Whole Year,Turmeric,520.0
Manipur,2016,Kharif,Ginger,9329.715302491104
Uttarakhand,2024,Rabi,Peas & beans (Pulses),705.198520396936
Madhya Pradesh,2019,Rabi,Linseed,867.0005240784953
Punjab,2005,Rabi,Rapeseed &Mustard,1102.0408163265306
Uttarakhand,2024,Kharif,Moth,601.4662403510415
Puducherry,2022,Rabi,Coriander,819.2771084337348
Sikkim,2006,Kharif,Maize,1588.4944920440637
Assam,2003,Kharif,Jute,10390.4290377497
Tripura,2026,Rabi,Other  Rabi pulses,1023.8204106516864
Assam,2014,Kharif,Sesamum,758.4620440354913
Chhattisgarh,2009,Kharif,Ragi,247.72190347620653
Rajasthan,2002,Kharif,Jowar,947.5922198238319
Chhattisgarh,2015,Rabi,Safflower,336.51226158038145
West Bengal,2023,Kharif,Niger seed,613.8262472217184
Kerala,2025,Kharif,Jowar,908.2779398402755
Puducherry,2017,Rabi,Moong(Green Gram),1000.0
Jharkhand,2026,Rabi,Peas & beans (Pulses),1818.0465875186096
Karnataka,2025,Kharif,Peas & beans (Pulses),11086.96236187436
Jammu and Kashmir,2007,Kharif,Onion,870.2290076335878
West Bengal,2002,Rabi,Linseed,416.6384467772886
Chhattisgarh,2017,Rabi,Rapeseed &Mustard,442.9530201342282
Madhya Pradesh,2012,Kharif,Barley,1346.0003470414715
Chhattisgarh,2007,Kharif,Jowar,938.1242703333766
Maharashtra,2015,Kharif,Sesamum,124.76457837319214
Telangana,2018,Kharif,Bajra,497.1098265895954
Madhya Pradesh,2001,Whole Year,Sweet potato,5683.301861343404
Himachal Pradesh,2010,Kharif,Moong(Green Gram),466.51270207852195
Chhattisgarh,2015,Rabi,Barley,630.0851466414381
Madhya Pradesh,2021,Kharif,Niger seed,364.0911402027996
Uttar Pradesh,2022,Rabi,Wheat,3742.509591407615
Gujarat,2003,Kharif,Small millets,308.8235294117647
Himachal Pradesh,2007,Kharif,Soyabean,1680.5111821086261
Bihar,2023,Kharif,Sannhamp,731.3863334036481
Assam,2009,Whole Year,Potato,7263.224775805104
Chhattisgarh,2023,Kharif,Sesamum,425.3183671286736
West Bengal,2018,Autumn,Small millets,980.8429118773946
Chhattisgarh,2012,Whole Year,Sannhamp,338.9830508474576
Himachal Pradesh,2009,Rabi,Rapeseed &Mustard,271.25553226182154
Andhra Pradesh,2009,Whole Year,Mango,5433.418146582197
Assam,2010,Kharif,Niger seed,514.6588144923826
Maharashtra,2026,Rabi,Wheat,1851.1248016444513
Andhra Pradesh,2012,Kharif,Sesamum,240.0
Assam,2003,Rabi,Mustard,1197.686089390411
Uttar Pradesh,2016,Kharif,Sesamum,214.41351045267245
Manipur,2012,Kharif,Soyabean,811.740473738414
Uttarakhand,2017,Kharif,Potato,10121.104185218166
Madhya Pradesh,2022,Whole Year,Banana,45946.094994618
Jammu and Kashmir,2005,Kharif,Rice,2149.5903696325295
Maharashtra,2016,Kharif,Groundnut,1220.1250638080653
Chhattisgarh,2004,Kharif,Rice,1193.295220255865
Kerala,2009,Kharif,Sesamum,338.8157894736842
Meghalaya,2002,Kharif,Sesamum,526.7034990791897
Odisha,2020,Rabi,Onion,19045.02138883284
Chhattisgarh,2007,Whole Year,Ginger,1109.4771241830065
Assam,2011,Rabi,Peas & beans (Pulses),643.0901612216917
Chhattisgarh,2002,Kharif,Soyabean,549.9835037941274
Maharashtra,2008,Rabi,Wheat,1484.0477588569192
Bihar,2024,Rabi,Sunflower,1469.3812825471632
Himachal Pradesh,2019,Kharif,Arhar/Tur,649.3506493506494
Assam,2002,Whole Year,Tapioca,4762.2574955908285
Bihar,2009,Rabi,Barley,1132.5795568523754
Assam,2013,Rabi,Urad,579.9707412825688
Madhya Pradesh,2009,Whole Year,Maize,1254.0002166271158
Puducherry,2015,Kharif,Urad,527.7777777777778
Delhi,2011,Kharif,Maize,22184.21052631579
Tripura,2024,Kharif,Rice,2757.764359122693
Odisha,2026,Rabi,Other  Rabi pulses,434.27830215431896
Uttar Pradesh,2009,Rabi,Mustard,1322.1426117210851
Maharashtra,2004,Kharif,Turmeric,4916.473370115978
Odisha,2009,Autumn,Maize,2156.261915050456
Maharashtra,2022,Kharif,Jowar,906.8644456951804
Tripura,2004,Kharif,Cotton(lint),1488.0382775119617
Telangana,2022,Kharif,Banana,86051.53555037682
Punjab,2008,Kharif,Sesamum,337.34939759036143
Andhra Pradesh,2001,Rabi,Rapeseed &Mustard,322.18597063621536
Andhra Pradesh,2022,Whole Year,Cashewnut,1193.0732031932914
Nagaland,2022,Kharif,Maize,2164.4830111895226
Tripura,2000,Whole Year,Sugarcane,52019.230769230766
Tamil Nadu,2018,Kharif,Cotton(lint),2167.259329077589
Jammu and Kashmir,2011,Kharif,Linseed,625.0
Andhra Pradesh,2003,Kharif,Jowar,1270.2404853351954
Jharkhand,2014,Whole Year,Sugarcane,52497.89621318373
Rajasthan,2010,Kharif,Maize,3221.6239825177154
Odisha,2010,Autumn,Moong(Green Gram),255.29986602569156
Haryana,2004,Kharif,Rice,2938.7758290081583
Punjab,2015,Rabi,Wheat,4582.953249714938
Rajasthan,2008,Kharif,Cotton(lint),483.45328155808676
Bihar,2017,Rabi,Safflower,818.1818181818181
Meghalaya,2008,Whole Year,Potato,9108.988128886376
Andhra Pradesh,2008,Rabi,Gram,1413.562413221069
Uttar Pradesh,2015,Kharif,Arhar/Tur,688.8073851918442
Tamil Nadu,2013,Whole Year,Ginger,6963.815789473684
Puducherry,2025,Rabi,Urad,845.5688520548465
Punjab,2012,Rabi,Potato,25568.800966741375
West Bengal,2005,Rabi,Horse-gram,461.42857142857144
Odisha,2018,Summer,Wheat,1823.1292517006802
Karnataka,2011,Rabi,Wheat,891.1616520011354
Telangana,2013,Kharif,Cashewnut,639.905548996458
Manipur,2002,Whole Year,Banana,3363.231850117096
Uttarakhand,2007,Kharif,Ragi,1405.3862103871083
Karnataka,2012,Kharif,Small millets,384.4153474154843
Chhattisgarh,2006,Kharif,Bajra,478.8732394366197
Goa,2013,Kharif,Ragi,777.7777777777778
Assam,2010,Rabi,Linseed,535.438596491228
Assam,2001,Kharif,Castor seed,410.1466992665037
Chhattisgarh,2005,Kharif,Groundnut,1082.551194539249
Haryana,2023,Whole Year,Sweet potato,3043.8242546514234
Chhattisgarh,2004,Rabi,Khesari,390.0000667522579
Uttarakhand,2019,Kharif,Potato,10606.792545365375
Gujarat,2015,Kharif,Groundnut,1427.600373207259
Bihar,2014,Rabi,Linseed,861.0621084007543
Meghalaya,2002,Whole Year,Turmeric,5600.777705767984
Jammu and Kashmir,2003,Kharif,Moong(Green Gram),488.3977900552486
Nagaland,2015,Kharif,Cowpea(Lobia),1480.7692307692307
Punjab,2000,Kharif,Moth,1000.0
Assam,2015,Kharif,Small millets,673.5837624962132
Uttarakhand,2025,Kharif,Sesamum,334.11057249800575
Sikkim,2007,Rabi,Other Cereals,761.9047619047619
Assam,2023,Whole Year,Ginger,10314.199049390758
Tamil Nadu,2010,Rabi,Onion,15516.720959493934
Mizoram,2022,Rabi,Masoor,958.9442815249266
Nagaland,2003,Kharif,Arhar/Tur,933.3333333333334
Gujarat,2017,Kharif,Maize,1550.7447405792793
Delhi,2019,Rabi,Wheat,4311.680882047015
Madhya Pradesh,2006,Kharif,Urad,341.5243550558916
Jammu and Kashmir,2008,Rabi,Wheat,1795.987183510813
Tamil Nadu,2005,Kharif,Rice,2540.622934909569
Tamil Nadu,2022,Kharif,Rice,3786.589434088125
Uttarakhand,2002,Rabi,Linseed,431.8666666666667
Chhattisgarh,2008,Whole Year,Turmeric,897.1428571428571
Karnataka,2019,Kharif,Bajra,1084.225479198166
Punjab,2022,Rabi,Barley,4172.807715244857
Himachal Pradesh,2017,Rabi,Onion,6282.828282828283
Kerala,2019,Whole Year,Potato,13406.122448979591
Chhattisgarh,2022,Rabi,Gram,941.6226821860307
Himachal Pradesh,2013,Whole Year,Sugarcane,2412.6984126984125
Bihar,2004,Kharif,Ragi,675.1445086705203
Arunachal Pradesh,2013,Whole Year,Potato,8243.259679708088
Meghalaya,2025,Kharif,Mesta,7010.911035129177
Karnataka,2001,Rabi,Wheat,763.2732661256267
Jharkhand,2015,Rabi,Masoor,717.586795674445
Jammu and Kashmir,2010,Kharif,Maize,1712.0840971399834
Andhra Pradesh,2007,Kharif,Sunflower,629.3103448275862
Kerala,2023,Whole Year,Cowpea(Lobia),10.002301584257165
Maharashtra,2016,Rabi,Linseed,236.1472928254594
Tamil Nadu,2006,Kharif,Rice,3422.7075013578255
Madhya Pradesh,2002,Kharif,Ragi,246.71052631578948
Assam,2018,Whole Year,Turmeric,1220.1182687468545
Manipur,2016,Rabi,Peas & beans (Pulses),929.6397379912664
Telangana,2000,Whole Year,Sugarcane,62628.20351790505
Himachal Pradesh,2024,Rabi,Garlic,796.474622262029
Kerala,2001,Whole Year,Tapioca,22087.436706868484
Tamil Nadu,2007,Whole Year,Urad,260.0848739085898
Bihar,2023,Rabi,Safflower,873.7787713197549
Mizoram,2023,Whole Year,Sugarcane,32365.668455286865
Madhya Pradesh,2017,Kharif,Barley,3315.1053684048607
Rajasthan,2008,Rabi,Barley,2432.3261030204394
Manipur,2021,Kharif,Rice,2114.276505505381
Maharashtra,2017,Kharif,Moong(Green Gram),366.8763539410098
Jammu and Kashmir,2019,Kharif,Maize,2015.3088000476423
Sikkim,2004,Kharif,Small millets,867.4698795180723
Kerala,2024,Whole Year,Sugarcane,54030.89250311267
Assam,2022,Whole Year,Turmeric,1191.9001562954925
West Bengal,2019,Rabi,Horse-gram,528.4646348476135
Maharashtra,2012,Kharif,Rice,1964.2955303972253
Meghalaya,2023,Whole Year,Potato,7190.606875189148
Andhra Pradesh,2004,Kharif,Moong(Green Gram),363.5903187294237
Chhattisgarh,2003,Rabi,Linseed,307.9959986662221
Punjab,2026,Kharif,Urad,755.0240259428475
Assam,2002,Rabi,Wheat,1128.7412577286746
Karnataka,2013,Kharif,Soyabean,1234.112047070002
Puducherry,2004,Kharif,Small millets,1166.6666666666667
Rajasthan,2010,Kharif,Bajra,1334.6841457149317
Jharkhand,2009,Rabi,Onion,4368.385345997286
Telangana,2015,Kharif,Urad,463.82801085368396
Karnataka,2011,Whole Year,Tomato,23695.19908599222
Odisha,2023,Summer,Horse-gram,518.2521043853113
Meghalaya,2011,Kharif,Maize,1556.8976478067386
Tripura,2017,Rabi,Gram,791.4893617021277
Kerala,2013,Autumn,Rice,2720.118639497708
Punjab,2022,Kharif,Rice,4608.805268307216
Tamil Nadu,2006,Whole Year,Ragi,1551.6454052242402
West Bengal,2009,Rabi,Rapeseed &Mustard,1079.5285607748137
Madhya Pradesh,2006,Kharif,Bajra,1374.9993173688665
Madhya Pradesh,2021,Rabi,Peas & beans (Pulses),980.1463043893024
Goa,2022,Whole Year,Sugarcane,45742.2714704476
Tripura,2019,Kharif,Jowar,827.5229357798165
Tripura,2024,Kharif,Other Kharif pulses,1001.9229134100318
Assam,2020,Rabi,Potato,25481.777121379455
Sikkim,2006,Rabi,Other Cereals,877.4509803921569
Andhra Pradesh,2002,Kharif,Castor seed,374.37365783822474
Maharashtra,2005,Rabi,Rapeseed &Mustard,351.58730158730157
Maharashtra,2018,Whole Year,Grapes,25600.889247794803
Haryana,2000,Rabi,Wheat,4106.117814028407
Sikkim,2005,Kharif,other oilseeds,833.3333333333334
Chhattisgarh,2022,Whole Year,Coconut,10.004617515776513
Karnataka,2004,Whole Year,Sweet potato,8149.316215461903
Mizoram,2000,Rabi,Rapeseed &Mustard,852.2336769759451
Himachal Pradesh,2020,Kharif,Ginger,9843.052170332247
Meghalaya,2021,Rabi,Other  Rabi pulses,730.983445644142
Bihar,2003,Whole Year,Sugarcane,41570.203685741995
Chhattisgarh,2023,Kharif,Rice,2023.8890015368465
Sikkim,2026,Kharif,Other Kharif pulses,1016.4880013059802
Madhya Pradesh,2023,Kharif,Maize,3076.119526244628
Karnataka,2002,Whole Year,Black pepper,2225.6577683887076
Karnataka,2024,Whole Year,Coriander,719.0182093337725
Haryana,2018,Whole Year,Ginger,7826.086956521739
Assam,2014,Rabi,Moong(Green Gram),687.3726185201594
Mizoram,2011,Whole Year,Sugarcane,5097.0608339029395
Uttarakhand,2001,Kharif,Other Cereals,270.4088517069221
Gujarat,2012,Kharif,Other Cereals,500.0
Jammu and Kashmir,2014,Kharif,Turmeric,1000.0
Jharkhand,2023,Kharif,Castor seed,582.4175824175824
Chhattisgarh,2005,Kharif,Rice,1366.6465854701387
Telangana,2026,Rabi,Garlic,3665.6974865930088
Maharashtra,2018,Whole Year,Banana,29188.203564571682
West Bengal,2017,Rabi,Arhar/Tur,1507.6762945615405
Gujarat,2009,Kharif,Bajra,866.8805132317563
Meghalaya,2014,Autumn,Rice,2314.9960727448492
Karnataka,2015,Kharif,Cowpea(Lobia),414.36945383672685
Chhattisgarh,2025,Whole Year,Sugarcane,12776.765786027445
Uttar Pradesh,2014,Kharif,Moong,739.8575892435477
Maharashtra,2023,Summer,other oilseeds,700.7964802660052
Meghalaya,2023,Kharif,Ginger,10175.868181601934
Gujarat,2001,Rabi,Gram,553.9714867617108
Uttarakhand,2005,Rabi,Rapeseed &Mustard,643.9030628556814
Himachal Pradesh,2019,Kharif,Other Kharif pulses,934.9628359062322
West Bengal,2011,Kharif,Castor seed,600.0
Uttarakhand,2010,Whole Year,Onion,5297.757847533632
Meghalaya,2005,Whole Year,Tobacco,658.8072122052705
Nagaland,2016,Rabi,Other  Rabi pulses,1265.0
West Bengal,2001,Whole Year,Sesamum,836.76778098142
Gujarat,2004,Kharif,Small millets,325.2032520325203
Nagaland,2007,Kharif,Cotton(lint),266.6666666666667
Jammu and Kashmir,2026,Kharif,Other Kharif pulses,1274.16906537864
Manipur,2026,Kharif,Groundnut,1233.5117472188595
Madhya Pradesh,2025,Whole Year,Tobacco,411.3722833168291
Sikkim,2003,Kharif,Urad,743.3862433862433
Mizoram,2006,Rabi,Other  Rabi pulses,1321.0227272727273
Karnataka,2009,Whole Year,Mango,6559.891694585095
Odisha,2000,Kharif,Sunflower,578.3132530120482
Bihar,2023,Autumn,Rice,2465.494290272051
Puducherry,2003,Rabi,Urad,372.23168654173764
Maharashtra,2000,Whole Year,Sugarcane,83266.75625734923
Haryana,2009,Whole Year,Onion,20390.879478827363
Bihar,2009,Whole Year,Mango,6133.677731994936
Himachal Pradesh,2001,Kharif,Soyabean,1096.8229954614221
Tamil Nadu,2024,Whole Year,Tapioca,32781.777632062884
Uttarakhand,2001,Kharif,Horse-gram,441.71700295591825
Kerala,2005,Whole Year,Tapioca,28366.604446702528
Assam,2024,Whole Year,Tobacco,627.9998378466029
Uttarakhand,2009,Whole Year,Garlic,7307.231040564374
Uttarakhand,2016,Kharif,Maize,1689.516872579753
Karnataka,2017,Whole Year,Cardamom,120.71911955704422
Telangana,2008,Kharif,Turmeric,5988.477583834536
Gujarat,2003,Kharif,Ragi,1153.8461538461538
Tamil Nadu,2025,Whole Year,Sugarcane,87460.8650700419
Tripura,2026,Kharif,Jowar,788.0990557634065
West Bengal,2004,Whole Year,Banana,21823.45649640284
Manipur,2008,Rabi,Peas & beans (Pulses),830.6868060934676
Tamil Nadu,2009,Whole Year,Arhar/Tur,763.3857971232774
Jharkhand,2025,Kharif,Jowar,1228.7401824840697
Delhi,2021,Kharif,Rice,3869.5867359564463
Himachal Pradesh,2000,Rabi,Gram,610.8339272986458
Uttar Pradesh,2003,Kharif,Groundnut,668.0408254348566
Delhi,2006,Kharif,Bajra,1849.8743718592964
Madhya Pradesh,2001,Kharif,Small millets,245.5166056201572
Arunachal Pradesh,2025,Kharif,Moong(Green Gram),1477.418056611367
Bihar,2002,Autumn,Maize,1678.9146587723253
Madhya Pradesh,2022,Kharif,Urad,754.4512945181135
Jammu and Kashmir,2017,Rabi,Wheat,2138.7203677472808
Haryana,2003,Rabi,Peas & beans (Pulses),1106.6398390342051
Himachal Pradesh,2001,Whole Year,Coriander,340.90909090909093
Tamil Nadu,2016,Rabi,Gram,649.1295198010331
Maharashtra,2001,Kharif,Rice,1741.796664873588
Uttarakhand,2025,Kharif,Soyabean,1200.043750245564
Uttarakhand,2012,Kharif,Urad,782.5828377230247
Haryana,2015,Kharif,Moth,333.3333333333333
Nagaland,2007,Kharif,Sesamum,608.8957055214723
Nagaland,2014,Rabi,Potato,10190.277777777777
Punjab,2017,Rabi,Sunflower,1901.639344262295
Puducherry,2007,Kharif,Arecanut,1278.688524590164
Himachal Pradesh,2009,Kharif,Rice,1388.5359514871498
Madhya Pradesh,2011,Whole Year,Onion,18683.997229467852
Haryana,2022,Rabi,Mustard,1609.1248004323618
Haryana,2001,Rabi,Barley,2898.257675327739
Mizoram,2022,Kharif,Sesamum,751.042811166101
Chhattisgarh,2001,Kharif,Urad,308.25133675707576
Bihar,2017,Whole Year,Banana,33045.546634037135
Puducherry,2007,Kharif,Sesamum,785.7142857142857
Madhya Pradesh,2010,Kharif,Other Kharif pulses,234.99747856782653
Odisha,2015,Summer,Wheat,1346.0490463215258
Arunachal Pradesh,2019,Kharif,Rice,1833.2659176029963
Puducherry,2024,Kharif,Ginger,1030.3089653821671
West Bengal,2016,Kharif,Jute,15671.05862537562
Andhra Pradesh,2017,Rabi,Safflower,650.0
Karnataka,2004,Kharif,Horse-gram,520.2250943221946
Karnataka,2008,Whole Year,Cashewnut,614.9142095886233
Chhattisgarh,2017,Whole Year,Sugarcane,1843.1704656370214
Chhattisgarh,2010,Kharif,Horse-gram,286.88860645319994
Meghalaya,2016,Whole Year,Sugarcane,2983.471074380165
Jharkhand,2017,Kharif,Bajra,576.5472312703583
Telangana,2021,Kharif,Soyabean,1532.9279112057827
Tamil Nadu,2017,Whole Year,Turmeric,4045.022123893805
Andhra Pradesh,2016,Kharif,Castor seed,470.5499814195466
Haryana,2014,Kharif,Moong(Green Gram),492.53731343283584
Sikkim,2012,Kharif,Urad,889.9082568807339
Assam,2008,Whole Year,Ginger,6832.018408941486
Meghalaya,2003,Whole Year,Banana,11882.551528073916
Andhra Pradesh,2013,Kharif,Castor seed,521.6633047571021
West Bengal,2021,Whole Year,Cardamom,5208.416843784551
Kerala,2006,Kharif,Groundnut,739.7795947387132
Karnataka,2007,Kharif,Jowar,1625.83221050963
West Bengal,2010,Whole Year,Mango,7484.586983673966
Bihar,2015,Whole Year,Tobacco,1736.0500878734622
Uttar Pradesh,2025,Kharif,Urad,723.5546226263118
Bihar,2007,Kharif,Urad,782.3034963784315
Karnataka,2006,Whole Year,Mesta,1334.8348348348347
Madhya Pradesh,2008,Kharif,Bajra,1385.9987018100173
Bihar,2007,Kharif,Ragi,604.7496596581456
Bihar,2014,Autumn,Rice,1738.5859913822771
Bihar,2001,Whole Year,Potato,10172.527933060099
Karnataka,2000,Kharif,Sesamum,410.28189652522315
Chhattisgarh,2017,Kharif,Sannhamp,506.91244239631334
Nagaland,2022,Kharif,Bajra,824.6971175588508
Telangana,2002,Kharif,Cotton(lint),484.17687858124987
Andhra Pradesh,2015,Kharif,Gram,1000.0
Arunachal Pradesh,2008,Whole Year,Dry chillies,1706.896551724138
Jammu and Kashmir,2007,Kharif,Cotton(lint),515.625
Uttarakhand,2008,Whole Year,Tobacco,3545.4545454545455
Madhya Pradesh,2000,Kharif,Other Kharif pulses,238.65656622636462
Kerala,2026,Whole Year,Banana,9047.598514831168
Nagaland,2005,Rabi,Sugarcane,12518.518518518518
Bihar,2003,Whole Year,Potato,9519.170780139846
Arunachal Pradesh,2026,Whole Year,Oilseeds total,1365.6326334274866
Andhra Pradesh,2015,Kharif,Urad,702.4945474372955
Andhra Pradesh,2010,Kharif,Dry chillies,3231.2003736571696
Puducherry,2011,Summer,Cotton(lint),1000.0
Karnataka,2021,Whole Year,Sannhamp,267.01889007694405
Nagaland,2022,Kharif,Sunflower,473.37899623987147
Sikkim,2001,Rabi,Barley,1128.8135593220338
Delhi,2015,Rabi,Gram,2120.0
West Bengal,2024,Autumn,Sesamum,869.7298691939775
Kerala,2026,Whole Year,Sweet potato,12327.990659165693
Uttarakhand,2013,Rabi,Masoor,896.6358369753024
Jammu and Kashmir,2002,Rabi,Linseed,640.0
Andhra Pradesh,2014,Kharif,Mesta,7090.703631158656
Telangana,2011,Kharif,Cotton(lint),493.45049516945573
Mizoram,2022,Kharif,Urad,6787.5226039783
Chhattisgarh,2024,Kharif,Moong(Green Gram),361.88794546208294
Bihar,2001,Autumn,Rice,1530.7420633832476
Bihar,2023,Rabi,Maize,5208.307555026164
Karnataka,2003,Kharif,Jowar,971.5434655964788
Puducherry,2023,Kharif,Small millets,1639.511201629328
Tripura,2006,Kharif,Maize,987.7551020408164
Bihar,2013,Kharif,Groundnut,1023.542600896861
Bihar,2023,Kharif,Mesta,6946.00521808098
Uttar Pradesh,2010,Rabi,Barley,2476.7496274768173
Maharashtra,2007,Rabi,Linseed,284.6607669616519
Madhya Pradesh,2011,Rabi,Other  Rabi pulses,22.17121101842002
Chhattisgarh,2025,Kharif,Sesamum,408.47309857994895
Kerala,2008,Whole Year,Banana,7964.686969071412
Assam,2018,Rabi,Other  Rabi pulses,825.0252270433905
Uttarakhand,2014,Kharif,Other Cereals,485.52522746071133
Uttarakhand,2000,Rabi,Wheat,1884.3377325488948
Maharashtra,2017,Rabi,Onion,21420.445877242353
Tamil Nadu,2014,Whole Year,Arecanut,1312.6856803327391
Telangana,2001,Whole Year,Mango,5065.664846830027
Bihar,2024,Kharif,Jute,16832.46702622376
Sikkim,2025,Kharif,Small millets,957.257825356306
Tamil Nadu,2021,Whole Year,Turmeric,4610.115448940643
Nagaland,2007,Kharif,Turmeric,4500.0
Tamil Nadu,2024,Kharif,Moong(Green Gram),685.2314992835725
Jammu and Kashmir,2017,Kharif,Dry chillies,838.855421686747
West Bengal,2012,Kharif,Urad,672.5037257824143
Sikkim,2019,Kharif,Urad,936.5363929723916
Karnataka,2013,Whole Year,Mesta,1335.2435530085959
Karnataka,2016,Whole Year,Sannhamp,228.0701754385965
Tamil Nadu,2024,Whole Year,Sweet potato,28008.90865511174
Gujarat,2019,Kharif,Other Cereals,560.9756097560976
Delhi,2008,Kharif,Bajra,1899.9354422207875
Maharashtra,2006,Kharif,Groundnut,743.8524590163935
Maharashtra,2002,Kharif,Sesamum,311.4620938628159
Nagaland,2012,Kharif,Peas & beans (Pulses),1312.7753303964757
Bihar,2024,Kharif,Jowar,1285.425675351366
Kerala,2018,Whole Year,Rubber,1569.5384740772186
Telangana,2015,Kharif,Tobacco,2448.4126984126983
Andhra Pradesh,2013,Kharif,Linseed,482.0295983086681
Manipur,2025,Rabi,Wheat,2425.1455024590973
Assam,2007,Whole Year,Black pepper,1492.029755579171
Bihar,2025,Kharif,Castor seed,899.1084355711347
Andhra Pradesh,2017,Kharif,Small millets,811.3916358212253
Goa,2011,Kharif,Rice,2520.8820046724486
West Bengal,2013,Kharif,Bajra,291.6666666666667
Sikkim,2016,Rabi,Rapeseed &Mustard,875.5980861244019
Andhra Pradesh,2023,Kharif,Castor seed,732.3187674688929
Jammu and Kashmir,2007,Kharif,Maize,1568.8481389758663
Goa,2015,Whole Year,Black pepper,329.50191570881225
Goa,2006,Kharif,Groundnut,1742.4242424242425
Nagaland,2005,Rabi,Linseed,600.0
Chhattisgarh,2010,Kharif,Small millets,209.4961874323678
Mizoram,2008,Kharif,Potato,5832.71375464684
Madhya Pradesh,2024,Rabi,Barley,2605.801021067742
Jammu and Kashmir,2017,Kharif,Masoor,552.3809523809524
Karnataka,2016,Kharif,Potato,9824.976205981066
Manipur,2004,Kharif,Soyabean,1190.4761904761904
Arunachal Pradesh,2023,Whole Year,Sugarcane,24339.721903101847
Delhi,2024,Kharif,Rice,2943.017365623823
Nagaland,2007,Kharif,Sugarcane,55080.0
Gujarat,2012,Kharif,Cotton(lint),2014.8543057138206
Tamil Nadu,2023,Kharif,Horse-gram,766.2225182552804
Punjab,2018,Rabi,Sunflower,1940.0
West Bengal,2021,Rabi,Mustard,1685.5032512723037
Haryana,2019,Rabi,Masoor,687.1444823663254
Andhra Pradesh,2013,Kharif,Arecanut,535.7142857142857
Uttar Pradesh,2001,Kharif,Soyabean,723.0094158515403
Himachal Pradesh,2002,Kharif,Moong(Green Gram),284.26395939086296
Assam,2002,Rabi,Rapeseed &Mustard,496.66869491674606
Punjab,2024,Kharif,Arhar/Tur,1138.3985035693795
Bihar,2007,Whole Year,Turmeric,996.2121212121212
Bihar,2021,Kharif,Bajra,1030.4021189665941
Chhattisgarh,2010,Whole Year,Ginger,1329.787234042553
West Bengal,2000,Whole Year,Potato,25605.778471888516
Kerala,2003,Whole Year,Turmeric,2037.4909877433308
Punjab,2021,Rabi,Wheat,4589.523286434062
Himachal Pradesh,2000,Kharif,Urad,293.27024927618106
Odisha,2022,Autumn,Rice,2404.18662118536
Chhattisgarh,2008,Kharif,Jowar,1169.557918298825
West Bengal,2018,Autumn,Maize,3396.1796496459187
Rajasthan,2007,Rabi,Gram,821.8631559635235
Himachal Pradesh,2021,Rabi,Masoor,849.8401592375898
Assam,2009,Whole Year,Turmeric,700.0648274868544
Andhra Pradesh,2001,Kharif,Mesta,8506.777127511337
Manipur,2006,Kharif,Maize,2476.047904191617
Maharashtra,2000,Kharif,Niger seed,219.7693574958814
Andhra Pradesh,2016,Kharif,Arhar/Tur,376.68825809386874
Haryana,2007,Kharif,Moth,142.9592566118656
Himachal Pradesh,2002,Kharif,Peas & beans (Pulses),1918.3770883054892
Sikkim,2001,Kharif,Maize,1421.4410371478434
Nagaland,2011,Rabi,Masoor,763.8190954773869
Tamil Nadu,2011,Whole Year,Sesamum,612.5535610885929
Himachal Pradesh,2021,Kharif,Moong(Green Gram),591.160434631298
Himachal Pradesh,2012,Kharif,Horse-gram,389.5287958115183
Nagaland,2008,Kharif,Rice,1993.5875216637783
Nagaland,2002,Kharif,Arhar/Tur,548.3870967741935
Himachal Pradesh,2019,Kharif,Rice,1609.460203800606
Arunachal Pradesh,2001,Kharif,Maize,1361.199678564948
Himachal Pradesh,2017,Kharif,Potato,9826.571694022918
Bihar,2026,Kharif,Mesta,7303.416894542452
Jharkhand,2002,Autumn,Rice,653.2872893960316
Chhattisgarh,2019,Kharif,Mesta,2007.1942446043165
Nagaland,2004,Kharif,Cotton(lint),100.0
Telangana,2022,Rabi,Masoor,10.013908205841446
Telangana,2019,Kharif,Sugarcane,77417.99731954816
Nagaland,2023,Kharif,Other Cereals,1156.780441106079
Meghalaya,2008,Kharif,Arhar/Tur,789.6725440806046
Gujarat,2018,Whole Year,Dry chillies,953.4421888790821
Jammu and Kashmir,2015,Rabi,Masoor,600.0
Punjab,2015,Rabi,Peas & beans (Pulses),1514.2857142857142
Haryana,2026,Whole Year,Sugarcane,93569.61719940367
Chhattisgarh,2012,Rabi,Safflower,286.3436123348018
Assam,2009,Kharif,Mesta,5087.4
Uttarakhand,2013,Rabi,Gram,845.3427065026362
Chhattisgarh,2025,Rabi,Wheat,1744.0584237867486
Bihar,2021,Whole Year,Sugarcane,71975.68937722147
Uttar Pradesh,2019,Kharif,Jowar,1348.6584110397687
Chhattisgarh,2013,Kharif,Groundnut,1452.6142671143698
Nagaland,2002,Kharif,Other Kharif pulses,527.7777777777778
West Bengal,2022,Rabi,Maize,3463.9939052898717
Haryana,2013,Rabi,other oilseeds,1000.0
Tamil Nadu,2025,Whole Year,Garlic,3791.6877210712482
Tamil Nadu,2019,Kharif,Sesamum,553.1634083972614
Himachal Pradesh,2008,Kharif,Bajra,556.6502463054187
West Bengal,2018,Kharif,Sannhamp,3928.5714285714284
Kerala,2015,Whole Year,Maize,1254.2372881355932
Tamil Nadu,2008,Whole Year,Jowar,824.4719479596409
West Bengal,2023,Whole Year,Cardamom,6092.707287564033
Maharashtra,2004,Rabi,Onion,13830.21132865891
Chhattisgarh,2006,Rabi,Khesari,529.4890692846782
Telangana,2024,Kharif,Jowar,1689.7086631981476
Chhattisgarh,2017,Whole Year,Tobacco,461.53846153846155
Bihar,2025,Whole Year,Potato,14038.286765009088
Nagaland,2025,Rabi,Masoor,741.117694036365
Puducherry,2023,Kharif,Ragi,2266.8584212208375
Tripura,2004,Rabi,Other  Rabi pulses,675.2688172043011
Assam,2004,Rabi,Mustard,1316.7031714710577
Gujarat,2005,Whole Year,Mango,5714.063156157474
Madhya Pradesh,2006,Whole Year,Garlic,4376.597836774828
Karnataka,2016,Kharif,Maize,2367.246113503363
West Bengal,2023,Rabi,Small millets,775.7113943731821
Puducherry,2026,Kharif,Black pepper,1660.4609929078015
Uttarakhand,2021,Rabi,Other  Rabi pulses,959.5627255359797
Uttar Pradesh,2007,Kharif,Guar seed,838.8185654008439
West Bengal,2026,Rabi,Moth,1060.9137055837564
Gujarat,2024,Whole Year,Sugarcane,52568.12256487695
Gujarat,2016,Kharif,Arhar/Tur,1131.6975118092148
Jharkhand,2000,Rabi,Wheat,2696.6009585604447
Meghalaya,2001,Rabi,Gram,611.4519427402863
Maharashtra,2002,Kharif,Bajra,740.6928645294726
Andhra Pradesh,2006,Kharif,Dry chillies,3697.9428211006393
Bihar,2016,Rabi,Linseed,832.6237779880164
Karnataka,2014,Whole Year,Arecanut,9252.25427740124
Himachal Pradesh,2008,Rabi,Barley,904.6944825450202
Odisha,2019,Rabi,Linseed,495.57522123893807
West Bengal,2007,Kharif,Other Kharif pulses,605.1454138702461
Uttar Pradesh,2011,Rabi,Peas & beans (Pulses),1432.3904085663855
Himachal Pradesh,2016,Kharif,Ginger,8155.261160628613
Tripura,2009,Rabi,Rapeseed &Mustard,767.2240802675585
Himachal Pradesh,2008,Kharif,Peas & beans (Pulses),1258.173618940248
Madhya Pradesh,2024,Rabi,Peas & beans (Pulses),1137.3368681012876
Haryana,2005,Kharif,Bajra,1117.6898964632871
Arunachal Pradesh,2021,Kharif,Other Kharif pulses,969.4669530411013
Assam,2021,Whole Year,Banana,19235.38337780186
Tripura,2026,Whole Year,Sugarcane,62284.01855557577
Uttarakhand,2001,Rabi,Linseed,400.0
Tamil Nadu,2002,Rabi,Rapeseed &Mustard,242.73504273504273
Madhya Pradesh,2015,Kharif,Bajra,2293.6802973977697
Maharashtra,2007,Whole Year,Sugarcane,80927.15959004393
Madhya Pradesh,2016,Rabi,Safflower,501.01763907734056
Tamil Nadu,2006,Whole Year,Coriander,325.73888091822096
Uttar Pradesh,2005,Rabi,Wheat,2572.4473150167028
Chhattisgarh,2008,Rabi,Wheat,1027.310880064112
Himachal Pradesh,2025,Kharif,Horse-gram,597.2198552813998
Punjab,2004,Kharif,Bajra,1000.0
Jammu and Kashmir,2023,Kharif,Moth,781.1062182816295
West Bengal,2006,Whole Year,Banana,24183.86435531266
Puducherry,2013,Kharif,Bajra,2583.3333333333335
Tamil Nadu,2011,Whole Year,Moong(Green Gram),518.7939220693733
Uttar Pradesh,2023,Rabi,Potato,25588.428508950798
Manipur,2012,Kharif,Other Kharif pulses,1034.2657342657342
Jammu and Kashmir,2010,Rabi,Other  Rabi pulses,1035.4609929078015
Himachal Pradesh,2015,Whole Year,Sugarcane,20019.210245464248
Karnataka,2017,Whole Year,Tomato,24950.21008557926
Maharashtra,2017,Rabi,Safflower,554.110328517814
Chhattisgarh,2003,Rabi,Safflower,243.1818181818182
Jammu and Kashmir,2016,Kharif,Ginger,2043.4782608695652
Maharashtra,2026,Rabi,Gram,1230.468513465429
Kerala,2017,Autumn,Rice,2555.218092590686
Odisha,2017,Winter,Potato,10542.61220373172
Rajasthan,2013,Kharif,Cotton(lint),533.6396336643757
Karnataka,2021,Whole Year,Black pepper,503.17283736976697
Jammu and Kashmir,2006,Kharif,Sesamum,424.6119733924612
West Bengal,2010,Rabi,Potato,32955.00911777807
Karnataka,2012,Whole Year,Tapioca,10565.022421524664
Tamil Nadu,2003,Whole Year,Tapioca,33691.29254277956
Odisha,2017,Summer,Horse-gram,380.6970509383378
Chhattisgarh,2002,Kharif,Other Kharif pulses,325.96585804132974
Punjab,2022,Rabi,Gram,1363.1578059830692
Telangana,2009,Kharif,Cotton(lint),539.2831493268841
Telangana,2000,Kharif,Arhar/Tur,813.7534320069261
Jharkhand,2021,Rabi,Other  Rabi pulses,725.3237907904115
Uttarakhand,2010,Rabi,Wheat,2378.3958515724967
Madhya Pradesh,2022,Kharif,Bajra,1926.6967009773284
Kerala,2021,Whole Year,Sweet potato,15087.60939309376
Chhattisgarh,2006,Kharif,Ragi,277.10843373493975
Haryana,2012,Rabi,Rapeseed &Mustard,1718.2826129789178
Arunachal Pradesh,2021,Whole Year,Oilseeds total,1274.7996930406857
Himachal Pradesh,2008,Kharif,Arhar/Tur,133.33333333333334
Uttar Pradesh,2015,Rabi,Gram,610.5803182764199
Haryana,2011,Kharif,Sesamum,355.3299492385787
Puducherry,2004,Whole Year,Dry chillies,2500.0
Himachal Pradesh,2010,Kharif,Rice,1461.5384615384614
Assam,2008,Rabi,Linseed,513.9490790899241
Kerala,2014,Whole Year,Cardamom,402.7183488547697
Madhya Pradesh,2008,Kharif,Groundnut,1162.0006229081903
Haryana,2001,Rabi,Rapeseed &Mustard,1491.215806887553
Chhattisgarh,2013,Whole Year,Turmeric,853.0721282279608
Chhattisgarh,2018,Rabi,Rapeseed &Mustard,488.2558978057072
West Bengal,2018,Kharif,Cotton(lint),4869.444444444444
Andhra Pradesh,2005,Kharif,Niger seed,387.16027432054864
Haryana,2014,Rabi,other oilseeds,1000.0
Madhya Pradesh,2022,Whole Year,Dry chillies,4021.1180308481867
Goa,2022,Kharif,Other Kharif pulses,616.5003915693418
Puducherry,2003,Kharif,Bajra,1944.1624365482232
Telangana,2017,Kharif,Ginger,7055.434782608696
Jammu and Kashmir,2025,Rabi,Gram,303.86046720172175
Gujarat,2004,Kharif,Ragi,1061.7283950617284
Gujarat,2009,Kharif,Maize,963.3228078698081
Meghalaya,2011,Whole Year,Cashewnut,1807.519834425664
Uttar Pradesh,2003,Rabi,Mustard,1330.6309507760643
Telangana,2022,Kharif,Coriander,1210.8809907894054
West Bengal,2025,Kharif,Ginger,2461.4531072737554
Chhattisgarh,2011,Kharif,Cotton(lint),1411.764705882353
Gujarat,2024,Whole Year,Guar seed,1045.9862796084599
Bihar,2017,Whole Year,Ginger,1884.1698841698842
Gujarat,2001,Rabi,Other  Rabi pulses,583.3333333333334
Gujarat,2004,Rabi,Gram,802.7709861450693
Madhya Pradesh,2007,Whole Year,Onion,14537.993039443156
Chhattisgarh,2017,Whole Year,Jowar,1261.1960311075356
Madhya Pradesh,2014,Kharif,Rice,1712.5230918813807
Jharkhand,2015,Rabi,Arhar/Tur,1184.5719801024575
Maharashtra,2004,Kharif,Ragi,1017.9806362378977
Uttarakhand,2017,Whole Year,Garlic,6935.315101070155
Punjab,2020,Kharif,Rice,3249.415972822553
Tamil Nadu,2014,Whole Year,Tobacco,1521.3581599123768
Andhra Pradesh,2022,Rabi,Linseed,334.1290581968037
Haryana,2007,Kharif,Jowar,451.90018516885635
West Bengal,2026,Rabi,Groundnut,2092.2464463796628
Rajasthan,2014,Rabi,Mustard,1283.468046254169
Assam,2002,Rabi,Gram,504.606365159129
Odisha,2000,Rabi,Other  Rabi pulses,500.0
Himachal Pradesh,2012,Kharif,Ginger,7012.4688279301745
Andhra Pradesh,2012,Kharif,Potato,15329.588014981273
Assam,2011,Whole Year,Turmeric,870.2013335922833
Andhra Pradesh,2008,Rabi,Other  Rabi pulses,1532.5051759834369
Gujarat,2016,Kharif,Castor seed,2072.496261704589
Haryana,2019,Kharif,Moth,185.3658536585366
Odisha,2023,Autumn,Sesamum,309.7353375730712
Haryana,2004,Rabi,Rapeseed &Mustard,1177.438898923158
Punjab,2007,Rabi,Masoor,500.0
Karnataka,2010,Whole Year,Cardamom,81.23263979875269
Andhra Pradesh,2003,Kharif,Cotton(lint),2258.8267064328493
Telangana,2023,Rabi,Gram,1573.6468393369796
Karnataka,2024,Kharif,Small millets,559.2947172991582
Himachal Pradesh,2012,Kharif,Tobacco,2000.0
Odisha,2025,Autumn,Urad,440.57137037225647
Uttar Pradesh,2016,Rabi,Rapeseed &Mustard,1244.6972752889692
Telangana,2010,Kharif,Turmeric,6193.20836923796
Manipur,2022,Kharif,Arhar/Tur,1180.186170212766
Maharashtra,2011,Kharif,Small millets,521.7241379310345
Haryana,2011,Kharif,Moong(Green Gram),474.89018164549447
Bihar,2020,Rabi,Lentil,1077.8454954204296
Delhi,2018,Kharif,Maize,5100.0
West Bengal,2008,Kharif,Sunflower,1086.8964155228596
Nagaland,2006,Rabi,Urad,1196.969696969697
Nagaland,2026,Rabi,Linseed,970.8586375588745
Odisha,2009,Rabi,Onion,14315.259644738298
Madhya Pradesh,2015,Kharif,Jowar,1926.235576923077
Odisha,2022,Winter,Potato,13184.743414626013
Jharkhand,2014,Rabi,Masoor,742.4984690753215
Jammu and Kashmir,2024,Kharif,Horse-gram,457.47117987920666
Haryana,2006,Whole Year,Sweet potato,21052.63157894737
Andhra Pradesh,2004,Whole Year,Banana,23969.124333838558
West Bengal,2018,Rabi,Masoor,828.8484136310224
Karnataka,2011,Kharif,Onion,4936.289731946682
Bihar,2013,Whole Year,Sugarcane,49916.22750592867
Odisha,2012,Kharif,Arhar/Tur,998.6280857487228
Meghalaya,2025,Kharif,Banana,9979.466339101931
Meghalaya,2021,Rabi,Linseed,717.9161372299874
Uttar Pradesh,2021,Kharif,Soyabean,769.7572631390573
Arunachal Pradesh,2013,Whole Year,Ginger,8026.963999416995
Gujarat,2014,Kharif,Jowar,1219.7462860958103
Uttar Pradesh,2022,Kharif,Ginger,5134.09771204259
Kerala,2003,Kharif,Jowar,510.5683419445749
West Bengal,2026,Kharif,Cotton(lint),3222.0341580296445
Maharashtra,2014,Whole Year,Grapes,23629.499632115316
Kerala,2001,Autumn,Rice,2023.665694182255
Telangana,2021,Rabi,Potato,3487.5773455094054
West Bengal,2015,Autumn,Rice,2597.643768275628
Mizoram,2012,Kharif,Potato,7017.391304347826
Nagaland,2018,Kharif,Soyabean,1260.0557546794105
West Bengal,2007,Kharif,Niger seed,652.6725373745649
Haryana,2013,Kharif,Bajra,2057.071960297767
Haryana,2013,Kharif,Maize,3000.0
Madhya Pradesh,2025,Whole Year,Coriander,2002.4176194781776
Chhattisgarh,2003,Rabi,Rapeseed &Mustard,411.9933470730737
Delhi,2023,Kharif,Arhar/Tur,2001.0468463752943
Manipur,2018,Kharif,Cowpea(Lobia),1017.6348547717843
Bihar,2008,Kharif,Jowar,1060.0250104210088
Maharashtra,2022,Kharif,Moong(Green Gram),298.2980609030284
Uttar Pradesh,2000,Kharif,Bajra,1449.8813861363662
West Bengal,2011,Kharif,Mesta,11865.377532228362
Chhattisgarh,2022,Kharif,Rice,1906.9541343557978
Nagaland,2000,Kharif,Moong(Green Gram),900.0
Karnataka,2005,Kharif,Jowar,1491.993848800547
Karnataka,2024,Kharif,Soyabean,1118.0288942659683
Arunachal Pradesh,2007,Kharif,Rice,1275.0727652403873
Jharkhand,2016,Rabi,Potato,9159.160737386805
Uttarakhand,2026,Rabi,Rapeseed &Mustard,1017.9113753402908
Odisha,2011,Winter,Rapeseed &Mustard,212.2883405902274
Telangana,2024,Kharif,Groundnut,3327.536374834699
Goa,2025,Rabi,Other  Rabi pulses,913.7253134752093
Telangana,2026,Kharif,Small millets,2808.974648878169
Assam,2003,Whole Year,Sweet potato,3463.9980473517207
Jammu and Kashmir,2008,Rabi,other oilseeds,555.5555555555555
Telangana,2015,Kharif,Cotton(lint),2105.207595519203
Rajasthan,2008,Rabi,Wheat,3931.8258952637802
Goa,2024,Whole Year,Arecanut,1719.9379581049225
Maharashtra,2011,Kharif,Rice,1836.3228699551569
Arunachal Pradesh,2012,Kharif,Maize,1436.044307795982
Uttarakhand,2002,Whole Year,Sannhamp,314.9488395308211
Gujarat,2006,Kharif,Ragi,1004.9019607843137
Punjab,2008,Kharif,Jowar,1000.0
Uttarakhand,2004,Whole Year,Onion,8652.322738386309
Uttarakhand,2026,Rabi,Gram,807.9170845870946
Meghalaya,2022,Whole Year,Black pepper,722.1962323570019
Madhya Pradesh,2016,Whole Year,Onion,25331.921322048824
West Bengal,2003,Whole Year,Sesamum,875.5150394582979
Uttarakhand,2008,Kharif,Soyabean,1216.7387127761767
Kerala,2016,Whole Year,Cashewnut,670.7472216221406
Mizoram,2019,Rabi,Other  Rabi pulses,1393.687707641196
Nagaland,2012,Kharif,Tapioca,20208.121827411167
Nagaland,2025,Kharif,Sesamum,422.4710691310066
Uttar Pradesh,2009,Rabi,Potato,24865.65568965804
Telangana,2004,Whole Year,Mango,4775.6398217522465
Gujarat,2003,Rabi,Other  Rabi pulses,509.80392156862746
Karnataka,2004,Whole Year,Dry chillies,686.5476651589057
Bihar,2000,Whole Year,Coriander,472.7200318598168
Jammu and Kashmir,2005,Kharif,Potato,7330.788804071247
Meghalaya,2019,Rabi,Cowpea(Lobia),1516.3593099345628
Assam,2018,Rabi,Wheat,1398.2295662437298
Himachal Pradesh,2009,Rabi,Garlic,1747.119341563786
Maharashtra,2003,Kharif,Urad,597.9690361245214
West Bengal,2018,Autumn,Jowar,468.75
Jammu and Kashmir,2022,Kharif,Other Kharif pulses,1112.5443545140974
Madhya Pradesh,2021,Whole Year,Tobacco,460.2188701567583
Rajasthan,2007,Kharif,Maize,3222.085677489257
Bihar,2004,Kharif,Sesamum,772.7531285551763
Telangana,2025,Kharif,Ragi,1231.557145546978
Himachal Pradesh,2001,Kharif,Small millets,605.6256761630003
Chhattisgarh,2003,Whole Year,Turmeric,908.5545722713864
Gujarat,2019,Kharif,Maize,1497.329477575931
West Bengal,2014,Whole Year,Banana,28486.169745912448
Andhra Pradesh,2007,Kharif,Sesamum,219.5121951219512
Jammu and Kashmir,2018,Rabi,Rapeseed &Mustard,1151.2117684411048
Arunachal Pradesh,2018,Kharif,Sesamum,891.8655625913298
Meghalaya,2019,Rabi,Castor seed,902.7777777777778
Telangana,2021,Kharif,Groundnut,3014.6199774759434
Arunachal Pradesh,2004,Kharif,Rice,1109.4030022525114
Assam,2000,Kharif,Cotton(lint),454.27375971309027
Sikkim,2024,Rabi,Barley,963.6703652911108
Uttarakhand,2006,Rabi,Peas & beans (Pulses),979.8121127323606
Haryana,2026,Kharif,Bajra,2772.1747886935427
Bihar,2018,Rabi,Peas & beans (Pulses),1036.3856149894227
Uttarakhand,2022,Whole Year,Tobacco,600.92180546726
Karnataka,2003,Kharif,Soyabean,481.9283523598569
Madhya Pradesh,2015,Whole Year,Sugarcane,50588.23529411765
West Bengal,2020,Rabi,Wheat,4309.570895655309
Meghalaya,2000,Kharif,Small millets,809.2857142857143
Gujarat,2022,Kharif,Sesamum,3658.934953518999
Kerala,2024,Whole Year,Banana,8340.584612476603
Karnataka,2014,Kharif,Rapeseed &Mustard,218.78072763028516
Punjab,2010,Rabi,Masoor,671.8181818181819
Goa,2025,Whole Year,Arecanut,1745.0999208310343
Kerala,2000,Whole Year,Sugarcane,81838.43183843183
Tamil Nadu,2008,Whole Year,Castor seed,308.16585189208763
Karnataka,2007,Whole Year,Tomato,21321.1426105818
Himachal Pradesh,2001,Whole Year,Sannhamp,1000.0
Telangana,2019,Rabi,Gram,1531.7825638499314
Jharkhand,2002,Rabi,Wheat,1369.9291077201487
Gujarat,2011,Whole Year,Banana,71674.82517482518
Manipur,2008,Whole Year,Potato,8307.692307692309
Tripura,2021,Whole Year,Potato,5182.561215310132
Bihar,2025,Kharif,Sannhamp,638.974320796944
Himachal Pradesh,2008,Rabi,Coriander,139.7058823529412
Andhra Pradesh,2019,Kharif,Oilseeds total,4093.399640749006
Madhya Pradesh,2021,Kharif,Bajra,1588.0300649113572
Gujarat,2000,Kharif,Small millets,238.0952380952381
Chhattisgarh,2023,Whole Year,Onion,7025.904545867952
Haryana,2025,Whole Year,Potato,27556.59220709965
Haryana,2005,Whole Year,Onion,22922.848664688427
Uttar Pradesh,2017,Kharif,Cotton(lint),369.6385542168675
West Bengal,2019,Whole Year,Tobacco,1350.2079070688403
Jharkhand,2010,Kharif,Maize,3153.3852068765987
Chhattisgarh,2016,Whole Year,Cotton(lint),1860.759493670886
Andhra Pradesh,2002,Kharif,Gram,1216.2162162162163
Uttar Pradesh,2024,Rabi,Peas & beans (Pulses),1296.0552648933901
Arunachal Pradesh,2026,Kharif,Arhar/Tur,1021.0827960290655
Odisha,2002,Kharif,Small millets,375.8212877792378
Meghalaya,2022,Rabi,Masoor,1681.885109583382
Madhya Pradesh,2024,Rabi,Wheat,3631.5554512671865
Madhya Pradesh,2015,Whole Year,Turmeric,17121.045417769856
Tamil Nadu,2026,Whole Year,Coriander,748.1455215019308
Assam,2002,Rabi,Other  Rabi pulses,530.8316529779177
Nagaland,2002,Kharif,Moong(Green Gram),1000.0
Nagaland,2016,Rabi,Urad,817.0731707317074
Rajasthan,2001,Kharif,Cotton(lint),371.532520160878
Andhra Pradesh,2000,Kharif,Groundnut,1059.8770161907241
Madhya Pradesh,2016,Kharif,Jowar,1981.9004524886877
Karnataka,2021,Kharif,Arhar/Tur,712.3720408731556
Bihar,2025,Kharif,Urad,912.8723406036944
Karnataka,2014,Whole Year,Sannhamp,244.37299035369776
Gujarat,2003,Kharif,Groundnut,2267.095357590966
Chhattisgarh,2025,Kharif,Cotton(lint),2351.1359729991564
Mizoram,2003,Rabi,Masoor,727.2727272727273
West Bengal,2023,Rabi,Peas & beans (Pulses),1241.1985207482394
Karnataka,2007,Whole Year,Banana,17685.02232185626
Telangana,2016,Kharif,Potato,10945.945945945947
Himachal Pradesh,2015,Kharif,Sesamum,338.5826771653543
Chhattisgarh,2011,Whole Year,Ginger,1189.7560975609756
Chhattisgarh,2013,Whole Year,Tobacco,681.8181818181819
Uttar Pradesh,2010,Kharif,Bajra,1664.6398053186667
Uttarakhand,2017,Kharif,Small millets,1324.1723100075244
Chhattisgarh,2009,Kharif,Urad,273.253945843841
Odisha,2003,Whole Year,Turmeric,2372.582001682086
Odisha,2019,Rabi,Safflower,600.0
Bihar,2026,Kharif,Horse-gram,1092.8256110452905
Nagaland,2007,Kharif,Maize,1809.9452848406822
Madhya Pradesh,2022,Rabi,Mustard,1599.4521600562634
Jammu and Kashmir,2001,Kharif,Maize,1648.1150222374692
Uttar Pradesh,2023,Kharif,Jowar,1086.5418290482075
Andhra Pradesh,2000,Kharif,Jowar,988.1330184848166
Uttarakhand,2002,Kharif,Sunflower,764.7058823529412
Maharashtra,2000,Kharif,Small millets,624.7203579418344
Puducherry,2023,Kharif,Groundnut,3624.6012346190496
Kerala,2016,Whole Year,Arhar/Tur,1579.5454545454545
Maharashtra,2021,Kharif,Groundnut,1351.260936398827
Rajasthan,2006,Kharif,Moong,428.541397097565
Andhra Pradesh,2023,Whole Year,Tapioca,15652.055621001262
Uttarakhand,2020,Kharif,Small millets,1458.352878107619
Punjab,2013,Rabi,Peas & beans (Pulses),1400.0
Jammu and Kashmir,2017,Rabi,Garlic,814.4329896907217
West Bengal,2002,Kharif,Bajra,759.0361445783133
Andhra Pradesh,2010,Rabi,Other  Rabi pulses,867.380417889829
Madhya Pradesh,2002,Kharif,Sesamum,230.0028510786581
Manipur,2013,Whole Year,Potato,8474.324324324325
Karnataka,2012,Whole Year,Cashewnut,804.7757239290896
Madhya Pradesh,2003,Whole Year,Onion,13441.985916402868
Arunachal Pradesh,2004,Rabi,Wheat,1554.932211313698
Gujarat,2001,Kharif,Urad,563.7642919964819
Mizoram,2023,Kharif,Sesamum,784.7800828844278
Madhya Pradesh,2004,Whole Year,Potato,14994.008829093968
Karnataka,2022,Whole Year,Garlic,2513.9205557842874
Chhattisgarh,2019,Rabi,Wheat,1168.6877547861086
Manipur,2003,Kharif,Other Kharif pulses,508.54700854700855
Sikkim,2018,Kharif,Other Kharif pulses,990.3635567236092
West Bengal,2003,Kharif,Bajra,693.7984496124031
Maharashtra,2008,Kharif,Rice,1490.0300100033344
Bihar,2010,Rabi,Peas & beans (Pulses),1035.0913838120105
Tripura,2016,Rabi,Linseed,700.0
Chhattisgarh,2016,Rabi,Wheat,1479.5033002330729
Mizoram,2025,Kharif,Potato,4426.677412855128
Assam,2024,Rabi,Moong(Green Gram),809.5899387138161
Puducherry,2024,Kharif,Other Kharif pulses,1831.5789473684208
Manipur,2026,Kharif,Ginger,21120.15416005441
Tamil Nadu,2006,Whole Year,Bajra,1510.7003297105873
Uttar Pradesh,2002,Rabi,Onion,10320.039029149897
Maharashtra,2010,Kharif,Ragi,979.1666666666666
Jammu and Kashmir,2025,Rabi,Wheat,1664.8879783997427
Uttar Pradesh,2023,Kharif,Urad,640.726557180918
Sikkim,2015,Kharif,Soyabean,973.1543624161073
Madhya Pradesh,2016,Rabi,Masoor,1132.1739130434783
West Bengal,2024,Kharif,Other Kharif pulses,569.5301033208732
Karnataka,2013,Whole Year,Tobacco,822.8151770285672
Jammu and Kashmir,2011,Kharif,Other Cereals,510.2564102564103
Maharashtra,2006,Rabi,Safflower,605.8106169296987
Telangana,2011,Kharif,Groundnut,1560.911705462691
Punjab,2001,Rabi,Potato,19729.666470018776
Meghalaya,2023,Kharif,Arhar/Tur,1326.6858529428362
West Bengal,2007,Rabi,Horse-gram,499.77406235878897
Haryana,2022,Kharif,Guar seed,1042.9566592963542
Haryana,2025,Kharif,Horse-gram,754.1039706104374
West Bengal,2010,Rabi,Onion,16177.014162689355
Uttar Pradesh,2011,Rabi,Turmeric,2816.7396061269146
Himachal Pradesh,2013,Kharif,Peas & beans (Pulses),1325.691699604743
Delhi,2013,Kharif,Maize,22378.37837837838
Manipur,2018,Rabi,Peas & beans (Pulses),937.0945761787954
Telangana,2004,Kharif,Arhar/Tur,836.3643130537264
Andhra Pradesh,2005,Kharif,Mesta,9141.369137214762
Himachal Pradesh,2021,Kharif,Cotton(lint),497.89674952198857
Madhya Pradesh,2009,Whole Year,Potato,12287.00126556984
Karnataka,2012,Kharif,Onion,5308.980055802418
Tamil Nadu,2016,Kharif,Maize,4553.640684860237
Gujarat,2006,Whole Year,Sugarcane,76603.42434058306
West Bengal,2011,Kharif,Jowar,260.8695652173913
Uttarakhand,2013,Kharif,Small millets,1223.6420696869718
Assam,2019,Whole Year,Tapioca,9666.768014594101
Goa,2024,Whole Year,Cashewnut,419.23601844472597
West Bengal,2023,Rabi,Barley,1690.4295438912739
Arunachal Pradesh,2022,Rabi,Wheat,2590.5079713693844
Gujarat,2005,Whole Year,Garlic,7293.628808864266
Nagaland,2008,Kharif,Small millets,951.3422818791946
Goa,2021,Whole Year,Cashewnut,447.4661236609261
Uttarakhand,2006,Kharif,Ragi,1362.4721426297358
Punjab,2005,Rabi,Wheat,4179.065743944637
Jammu and Kashmir,2006,Kharif,Maize,1504.6446516974765
Gujarat,2010,Whole Year,Dry chillies,907.8947368421053
Puducherry,2016,Kharif,Sweet potato,10000.0
Odisha,2002,Kharif,Jute,9128.163992869875
Andhra Pradesh,2010,Whole Year,Mango,6500.337689956437
Tripura,2026,Kharif,Moong(Green Gram),583.3846153846154
Uttarakhand,2009,Rabi,Gram,721.5909090909091
Tripura,2023,Rabi,Wheat,2405.552438754866
Assam,2009,Kharif,Niger seed,513.4074558534991
West Bengal,2006,Rabi,Wheat,2281.3123001759736
Gujarat,2016,Kharif,Other Kharif pulses,602.5881861824254
Madhya Pradesh,2000,Rabi,Mustard,1125.4110462272827
West Bengal,2003,Rabi,Safflower,712.8279883381924
Andhra Pradesh,2025,Rabi,Gram,988.0553518325646
Kerala,2014,Whole Year,Arecanut,1302.4222741658564
Puducherry,2017,Kharif,Groundnut,3000.0
Puducherry,2015,Rabi,Moong(Green Gram),1111.111111111111
Nagaland,2025,Kharif,Ginger,9195.863418494053
Karnataka,2026,Kharif,Urad,537.498903884775
Madhya Pradesh,2026,Whole Year,Coriander,2238.9375817181703
Haryana,2021,Rabi,Masoor,949.4131214027817
Meghalaya,2001,Kharif,Cotton(lint),1075.1058309436023
Gujarat,2014,Kharif,Bajra,1631.3949548255928
Meghalaya,2019,Kharif,Ginger,6662.551440329218
Nagaland,2026,Kharif,Cowpea(Lobia),1588.644333062583
Rajasthan,2003,Kharif,Moong,588.8589673901769
Chhattisgarh,2012,Whole Year,Dry chillies,1010.1757631822387
Chhattisgarh,2026,Rabi,Rapeseed &Mustard,518.7297955046625
Karnataka,2002,Rabi,Gram,524.9197062949014
Meghalaya,2018,Whole Year,Dry chillies,1012.4623979372583
Puducherry,2011,Rabi,Other  Rabi pulses,1000.0
Andhra Pradesh,2024,Kharif,other oilseeds,18481.567747056364
Maharashtra,2023,Rabi,Rapeseed &Mustard,494.25383357973965
Andhra Pradesh,2021,Kharif,Niger seed,389.24800541406495
Karnataka,2016,Whole Year,Sugarcane,68946.1770142383
Manipur,2010,Whole Year,Banana,12955.07713171724
Haryana,2017,Kharif,Jowar,518.90756302521
Uttar Pradesh,2006,Rabi,Onion,19182.05980066445
Maharashtra,2022,Rabi,Safflower,537.9398785505688
Madhya Pradesh,2004,Whole Year,Sweet potato,5780.680728667306
Arunachal Pradesh,2019,Whole Year,Sugarcane,21500.0
Bihar,2019,Rabi,Wheat,2594.828339952934
West Bengal,2015,Autumn,Maize,2690.4787991673056
Puducherry,2022,Rabi,Dry chillies,12922.839506172839
Assam,2001,Whole Year,Sweet potato,3435.814455231931
Assam,2015,Kharif,Cotton(lint),476.6558089033659
Nagaland,2008,Rabi,Urad,692.3076923076923
Karnataka,2018,Rabi,Gram,483.81758030209204
Jharkhand,2007,Rabi,Wheat,1249.577906899572
Telangana,2019,Whole Year,Mango,7537.412918440094
Goa,2010,Kharif,Rice,2357.6978323322014
Telangana,2010,Kharif,Maize,3011.5010150997114
Chhattisgarh,2006,Kharif,Potato,4036.4963503649633
Madhya Pradesh,2007,Rabi,Barley,1018.0000627726688
Chhattisgarh,2000,Rabi,Gram,514.999643035625
Odisha,2007,Autumn,Moong(Green Gram),250.34829231223878
Chhattisgarh,2021,Whole Year,Tobacco,587.2705974228817
Uttar Pradesh,2023,Kharif,Bajra,1695.4123996237347
Odisha,2006,Winter,Potato,9701.076320939335
Jharkhand,2012,Rabi,Masoor,972.8820269200316
Karnataka,2023,Rabi,Safflower,636.8109712606255
Meghalaya,2003,Kharif,Castor seed,560.0
Telangana,2009,Kharif,Groundnut,1903.3455931029011
Bihar,2007,Rabi,Rapeseed &Mustard,992.4880285046411
Chhattisgarh,2004,Whole Year,Ginger,990.9774436090225
Uttarakhand,2006,Kharif,Potato,10127.145274353396
Goa,2010,Kharif,Other Kharif pulses,811.1111111111111
Punjab,2015,Rabi,Masoor,700.0
Madhya Pradesh,2016,Rabi,Rapeseed &Mustard,1295.3403656821379
Manipur,2016,Rabi,Wheat,2497.777777777778
Jammu and Kashmir,2001,Whole Year,Sugarcane,3303.030303030303
Andhra Pradesh,2002,Rabi,Wheat,1348.9677653024266
Uttarakhand,2020,Rabi,Masoor,756.8678347393468
Telangana,2025,Kharif,Horse-gram,689.6685310283044
Tamil Nadu,2023,Whole Year,Potato,21135.22903606737
Andhra Pradesh,2024,Kharif,Sannhamp,10.000601238551415
Arunachal Pradesh,2026,Kharif,other oilseeds,1204.1254591692568
Uttar Pradesh,2001,Rabi,Linseed,420.22576231430804
Delhi,2015,Kharif,Bajra,2197.0310391363023
Uttar Pradesh,2009,Kharif,Guar seed,834.9743993698306
Andhra Pradesh,2025,Kharif,Jowar,2395.9994970984426
Jammu and Kashmir,2025,Kharif,Small millets,416.0181024659773
Puducherry,2019,Summer,Other Summer Pulses,809.5238095238095
Tamil Nadu,2020,Whole Year,Sugarcane,79114.47378019195
Bihar,2011,Kharif,Ragi,1213.9348500517062
Jammu and Kashmir,2009,Kharif,Urad,360.4496094494189
Gujarat,2003,Rabi,Wheat,2681.3693219223173
Nagaland,2016,Kharif,Ragi,969.6969696969697
Chhattisgarh,2015,Whole Year,Cotton(lint),1918.3673469387754
Himachal Pradesh,2025,Kharif,Urad,805.459133102742
Jharkhand,2025,Rabi,Linseed,536.3916535866081
Karnataka,2000,Kharif,Other Kharif pulses,302.2349272349272
Bihar,2024,Whole Year,Banana,1726.1294371429196
Kerala,2012,Whole Year,Turmeric,2627.0928462709285
Karnataka,2011,Whole Year,Mesta,1246.060606060606
Himachal Pradesh,2014,Kharif,Maize,1741.7290217286068
Mizoram,2003,Kharif,Maize,1946.236559139785
Odisha,2001,Kharif,Jowar,578.3034257748776
Bihar,2008,Rabi,Other  Rabi pulses,741.0435200769416
Kerala,2009,Kharif,Ragi,805.4607508532423
Gujarat,2021,Kharif,Arhar/Tur,1540.0059648000679
Bihar,2010,Kharif,Safflower,800.0
Arunachal Pradesh,2025,Whole Year,Oilseeds total,1302.9095414731112
Karnataka,2016,Kharif,Other Kharif pulses,370.3314470493128
West Bengal,2002,Kharif,Moong(Green Gram),482.0143884892086
Telangana,2023,Kharif,Sugarcane,84279.95536479946
Tamil Nadu,2026,Kharif,Bajra,2969.543835373955
Nagaland,2007,Kharif,Soyabean,1180.0
Uttar Pradesh,2024,Kharif,Maize,2257.937840084252
Bihar,2024,Rabi,Rapeseed &Mustard,1352.6378476982522
Kerala,2015,Whole Year,Groundnut,1378.619153674833
Uttar Pradesh,2019,Kharif,Moong,704.1223876825234
Uttar Pradesh,2018,Kharif,Groundnut,994.4374059703856
Madhya Pradesh,2021,Kharif,Horse-gram,414.96887884965935
Chhattisgarh,2016,Rabi,Safflower,344.0366972477064
Tripura,2021,Kharif,Groundnut,1296.6672558377031
Meghalaya,2024,Kharif,Jute,11623.542583295639
West Bengal,2017,Autumn,Ragi,996.7445989937852
Odisha,2026,Summer,Horse-gram,462.8389092648503
Madhya Pradesh,2014,Kharif,Urad,507.72889417360284
Uttar Pradesh,2024,Summer,Banana,60610.524096159235
Punjab,2022,Rabi,Mustard,1741.3882929460303
Gujarat,2015,Kharif,Jowar,1371.9828105546408
Arunachal Pradesh,2012,Whole Year,Ginger,8179.348619833504
Mizoram,2021,Whole Year,Tobacco,909.1343691309544
Bihar,2022,Kharif,Other Kharif pulses,998.7323774774312
West Bengal,2018,Kharif,Moong(Green Gram),750.9637625289129
Nagaland,2023,Kharif,Cowpea(Lobia),1315.9633027522937
West Bengal,2023,Autumn,Ragi,681.7990574755484
Punjab,2020,Kharif,Groundnut,1849.11791343929
West Bengal,2006,Rabi,Horse-gram,471.83098591549293
Karnataka,2011,Kharif,Potato,8264.15705585072
Chhattisgarh,2005,Kharif,Moong(Green Gram),272.64600715137067
Andhra Pradesh,2022,Kharif,Other Kharif pulses,820.6379790194819
Uttarakhand,2021,Kharif,Sunflower,784.1179976162097
Punjab,2007,Kharif,Maize,3405.2287581699347
Puducherry,2017,Kharif,Arecanut,1500.0
Bihar,2013,Kharif,Other Kharif pulses,788.861985472155
Tamil Nadu,2014,Whole Year,Tapioca,32434.38651562713
Manipur,2012,Whole Year,Turmeric,11701.226993865032
Sikkim,2006,Kharif,Other Kharif pulses,571.7842323651453
Delhi,2018,Kharif,Jowar,961.0142630744849
Rajasthan,2008,Rabi,Gram,1061.7420683179453
Maharashtra,2020,Kharif,Cotton(lint),550.92519853827
Bihar,2022,Kharif,Horse-gram,1096.652549435699
Punjab,2022,Rabi,Masoor,569.6341267473088
Nagaland,2023,Kharif,Small millets,983.1018334864345
Puducherry,2016,Kharif,Banana,12111.111111111111
Nagaland,2015,Kharif,Sweet potato,8506.09756097561
Meghalaya,2002,Whole Year,Sweet potato,3313.547345043408
Haryana,2024,Kharif,Urad,899.7142776316161
Tamil Nadu,2011,Rabi,Rapeseed &Mustard,244.1860465116279
Manipur,2001,Kharif,Rice,2382.1738328104816
Assam,2015,Whole Year,Onion,9448.312360343409
Madhya Pradesh,2011,Kharif,Jowar,1540.9992372234935
Rajasthan,2023,Rabi,Gram,1272.8470253574085
Tamil Nadu,2002,Whole Year,Sweet potato,13662.162162162162
Odisha,2024,Rabi,Mustard,1681.3784063858586
Jharkhand,2024,Kharif,Sunflower,862.6977012230262
Mizoram,2010,Whole Year,Sugarcane,5571.227080394922
Jammu and Kashmir,2007,Kharif,Peas & beans (Pulses),568.3453237410072
Bihar,2008,Whole Year,Onion,9290.442418101993
West Bengal,2020,Whole Year,Mango,7951.85999467098
Meghalaya,2021,Kharif,Sweet potato,3914.2827843635914
Delhi,2024,Kharif,Bajra,2779.869425357367
Jharkhand,2010,Rabi,Rapeseed &Mustard,745.7756563245823
Uttarakhand,2001,Rabi,Masoor,522.288210799372
Madhya Pradesh,2023,Whole Year,Ginger,18531.598590705828
Jammu and Kashmir,2025,Rabi,Barley,563.6549085168447
Puducherry,2013,Summer,Cotton(lint),746.2686567164179
Meghalaya,2021,Whole Year,Turmeric,6045.375875833961
Karnataka,2024,Whole Year,Turmeric,5435.639186899238
West Bengal,2017,Kharif,Safflower,980.1980198019802
Goa,2016,Whole Year,Black pepper,362.9343629343629
Nagaland,2009,Rabi,Masoor,712.041884816754
Assam,2025,Whole Year,Turmeric,1328.3673181502816
Uttar Pradesh,2022,Kharif,Maize,2441.9526534152988
Jammu and Kashmir,2003,Kharif,Maize,1658.2759683550807
Himachal Pradesh,2004,Rabi,Wheat,1869.2443646844495
Nagaland,2017,Rabi,Other  Rabi pulses,1272.1342031686859
Gujarat,2000,Rabi,Rapeseed &Mustard,1235.2625937834941
Bihar,2012,Kharif,Groundnut,1022.3097112860893
West Bengal,2001,Kharif,Bajra,757.6470588235294
Meghalaya,2021,Kharif,Cotton(lint),1086.8018230115226
West Bengal,2009,Autumn,Groundnut,916.4237123420797
Madhya Pradesh,2016,Kharif,Bajra,2781.3620071684586
Uttar Pradesh,2010,Kharif,Guar seed,832.8553871364195
Assam,2009,Rabi,Linseed,510.92388976153075
Maharashtra,2001,Kharif,Castor seed,273.109243697479
Odisha,2001,Kharif,Urad,299.1392160285764
Gujarat,2024,Rabi,Wheat,3423.036362855473
Odisha,2000,Kharif,Urad,249.84188962520966
Andhra Pradesh,2010,Whole Year,Tobacco,3302.634483123946
West Bengal,2001,Rabi,Horse-gram,860.3640315131757
West Bengal,2023,Rabi,Wheat,2430.4318037301255
Nagaland,2018,Kharif,Sugarcane,43509.00900900901
Assam,2011,Whole Year,Tapioca,7298.322580645161
Sikkim,2010,Kharif,Small millets,964.3333333333334
Gujarat,2016,Whole Year,Garlic,5113.718030014796
Odisha,2004,Winter,Sugarcane,63929.656219798424
Telangana,2004,Kharif,Rice,2689.299532986155
Himachal Pradesh,2005,Rabi,Linseed,110.11904761904762
Himachal Pradesh,2023,Rabi,Barley,1616.6762543673385
Manipur,2012,Kharif,Rice,2099.4376069769337
West Bengal,2019,Kharif,Niger seed,516.4179104477612
Karnataka,2004,Whole Year,Sannhamp,251.70068027210885
Uttarakhand,2007,Kharif,Groundnut,852.522639068564
Uttarakhand,2007,Kharif,Moong(Green Gram),375.0
Gujarat,2014,Rabi,Rapeseed &Mustard,1819.6023955720834
Goa,2009,Kharif,Rice,1901.6556503882437
Meghalaya,2000,Whole Year,Sweet potato,3376.0451098580593
Puducherry,2015,Kharif,Rice,3209.3266963583965
Meghalaya,2011,Rabi,Tobacco,677.0670826833074
Haryana,2023,Rabi,Rapeseed &Mustard,2122.524176219262
Assam,2013,Whole Year,Dry chillies,871.0547184773989
Gujarat,2010,Kharif,Moong(Green Gram),502.8184892897407
Sikkim,2000,Kharif,Soyabean,821.6867469879518
Gujarat,2018,Whole Year,Sugarcane,72435.0561044219
West Bengal,2014,Kharif,Bajra,292.6829268292683
Tripura,2016,Kharif,Cowpea(Lobia),637.1590324240865
West Bengal,2002,Kharif,Jowar,751.065124771759
Nagaland,2018,Kharif,Rice,2486.2433609263603
Sikkim,2010,Kharif,Maize,6871.371670400797
Arunachal Pradesh,2003,Whole Year,Dry chillies,1466.5057332528665
Jammu and Kashmir,2006,Kharif,Sugarcane,4886.792452830188
Gujarat,2002,Rabi,Rapeseed &Mustard,1070.8955223880596
Himachal Pradesh,2010,Kharif,Potato,9982.841990329121
Telangana,2025,Kharif,Moong(Green Gram),921.3691409814071
Jharkhand,2023,Rabi,Gram,1458.6528204983492
Assam,2013,Whole Year,Turmeric,967.6865534367527
Puducherry,2009,Kharif,Sunflower,1000.0
Uttar Pradesh,2022,Kharif,Sugarcane,77969.92377142953
Sikkim,2018,Kharif,Rice,1856.3094209161625
Punjab,2005,Kharif,Arhar/Tur,884.6153846153846
Assam,2022,Rabi,Masoor,848.4718697868008
Gujarat,2022,Kharif,Tobacco,2364.5956456259673
Assam,2010,Kharif,Sesamum,568.556527590848
Goa,2023,Kharif,Ragi,936.9921189105313
Gujarat,2014,Whole Year,Garlic,5847.399286078531
Tamil Nadu,2017,Whole Year,Arecanut,2214.540059347181
Uttar Pradesh,2006,Kharif,Sesamum,168.356477688082
Andhra Pradesh,2009,Rabi,Other  Rabi pulses,867.966991747937
Karnataka,2019,Whole Year,Black pepper,392.0161220097777
Karnataka,2013,Whole Year,Coriander,310.42296072507554
Jharkhand,2019,Kharif,Arhar/Tur,1047.7361543032368
Mizoram,2018,Kharif,Soyabean,1731.2252964426877
Manipur,2015,Kharif,Urad,1121.2751212751214
Delhi,2017,Kharif,Maize,4833.333333333333
Andhra Pradesh,2013,Kharif,Moong(Green Gram),512.0640365923384
Rajasthan,2022,Rabi,Coriander,1009.2504939322399
Mizoram,2025,Kharif,Tapioca,10566.659017898119
Madhya Pradesh,2020,Kharif,Cotton(lint),557.4439816294896
Madhya Pradesh,2005,Kharif,Arhar/Tur,744.0002754536378
Telangana,2023,Whole Year,Mango,7872.687170603768
Maharashtra,2013,Kharif,Castor seed,369.5652173913044
West Bengal,2008,Rabi,Mustard,1272.0779551646322
Nagaland,2019,Rabi,Masoor,823.5294117647059
Gujarat,2024,Kharif,Rice,2774.143856346339
Karnataka,2017,Whole Year,Turmeric,6348.001447851492
Nagaland,2019,Kharif,Cotton(lint),701.7543859649122
Odisha,2002,Whole Year,Sugarcane,53127.88319108415
Chhattisgarh,2001,Kharif,Sesamum,241.98127198000086
Karnataka,2023,Kharif,Onion,10305.44194132877
Gujarat,2018,Whole Year,Potato,30099.926718210936
Goa,2021,Whole Year,Sweet potato,1969.8185624563853
Telangana,2011,Kharif,Arhar/Tur,935.952549502867
Meghalaya,2017,Whole Year,Sugarcane,2983.471074380165
Chhattisgarh,2004,Whole Year,Sweet potato,5420.391577391947
Uttar Pradesh,2021,Rabi,Mustard,1670.8616024672465
Jammu and Kashmir,2026,Rabi,Barley,516.5157073246412
Odisha,2023,Autumn,Groundnut,1538.6059347321077
Meghalaya,2012,Whole Year,Maize,2149.9861226755484
Meghalaya,2011,Kharif,Ginger,6144.382200613043
Odisha,2011,Rabi,Mustard,1354.7683661665978
Gujarat,2023,Kharif,Groundnut,2496.115516810266
West Bengal,2013,Kharif,Other Kharif pulses,667.8043230944255
Himachal Pradesh,2018,Kharif,Other Kharif pulses,920.0669914738124
Himachal Pradesh,2023,Kharif,Other Kharif pulses,899.3408344980293
Gujarat,2003,Kharif,Bajra,1370.3785944265571
Telangana,2020,Whole Year,Sugarcane,71548.0335040757
Jammu and Kashmir,2021,Kharif,Sesamum,396.9806844164666
Rajasthan,2017,Rabi,Wheat,4245.656721038019
Karnataka,2013,Whole Year,Sugarcane,90572.35573374727
West Bengal,2007,Kharif,Maize,2096.1238067688746
Assam,2026,Rabi,Mustard,1899.100476324141
Andhra Pradesh,2004,Kharif,Soyabean,1528.0074652012754
Uttar Pradesh,2019,Kharif,Ginger,5250.0
Uttarakhand,2022,Kharif,Potato,6824.229629263878
Odisha,2023,Whole Year,Onion,11751.184862986262
Puducherry,2009,Kharif,Small millets,1000.0
Odisha,2022,Whole Year,Coriander,650.0089446669143
Bihar,2019,Rabi,Gram,729.6882693837355
Goa,2002,Kharif,Ragi,852.6912181303117
Uttarakhand,2026,Rabi,Peas & beans (Pulses),638.671341559546
Madhya Pradesh,2019,Rabi,Mustard,1570.9119784426307
Kerala,2019,Whole Year,Sunflower,1000.0
Odisha,2001,Rabi,Rapeseed &Mustard,157.0732396355675
Chhattisgarh,2000,Rabi,Linseed,213.99621723858417
Punjab,2008,Rabi,Mustard,1252.9417973710051
Andhra Pradesh,2011,Kharif,Ragi,843.7542164773188
Madhya Pradesh,2021,Rabi,Other  Rabi pulses,852.7970730554836
Arunachal Pradesh,2022,Whole Year,Sugarcane,24881.493555495184
Gujarat,2015,Whole Year,Guar seed,611.0813328738976
Punjab,2024,Kharif,Moong(Green Gram),974.5357431778094
Maharashtra,2009,Rabi,Linseed,240.9972299168975
Uttarakhand,2015,Kharif,other oilseeds,633.3333333333334
Assam,2005,Rabi,Wheat,1075.538920357879
Haryana,2021,Rabi,Mustard,1553.8947261087094
Kerala,2024,Kharif,Ragi,1456.9874894598267
Maharashtra,2012,Rabi,Gram,765.0066108417806
Gujarat,2001,Whole Year,Dry chillies,889.7058823529412
Madhya Pradesh,2017,Whole Year,Sweet potato,15187.013461890054
Manipur,2021,Kharif,Groundnut,990.9656856563063
Mizoram,2013,Rabi,Other  Rabi pulses,1633.5754640839386
West Bengal,2025,Kharif,Soyabean,937.6877908917736
Karnataka,2011,Rabi,Gram,446.6091749245639
Arunachal Pradesh,2005,Whole Year,Turmeric,3819.6721311475408
Uttar Pradesh,2004,Whole Year,Banana,36369.04024767802
Maharashtra,2024,Whole Year,Tobacco,2013.5673159377682
Karnataka,2019,Kharif,Small millets,727.152975315477
Madhya Pradesh,2004,Kharif,Sunflower,497.1006852925672
Bihar,2026,Whole Year,Sugarcane,72872.14549606455
Bihar,2025,Kharif,Sesamum,1085.266216836272
Karnataka,2015,Whole Year,Sugarcane,80772.37502947156
Maharashtra,2012,Whole Year,Grapes,21152.790479820233
Uttarakhand,2021,Rabi,Other Cereals,792.6106869775174
Karnataka,2007,Kharif,Niger seed,376.0722058635258
Madhya Pradesh,2009,Whole Year,Tobacco,455.12820512820514
Himachal Pradesh,2013,Kharif,Maize,2035.484312919578
Uttar Pradesh,2012,Kharif,Cotton(lint),233.34647221127315
Nagaland,2002,Kharif,Jowar,2000.0
Karnataka,2017,Whole Year,Sweet potato,12975.777295733911
Telangana,2024,Kharif,Bajra,614.5554657550232
Manipur,2017,Whole Year,Turmeric,12048.58934169279
Haryana,2002,Whole Year,Potato,28262.97443841983
Haryana,2001,Rabi,Peas & beans (Pulses),1126.7605633802816
Chhattisgarh,2022,Kharif,Arhar/Tur,445.43480514378933
Gujarat,2021,Kharif,Other Cereals,887.4301886503921
Sikkim,2011,Kharif,Maize,1657.3216520650813
Madhya Pradesh,2014,Rabi,Rapeseed &Mustard,1026.0586319218241
Maharashtra,2022,Kharif,Sunflower,550.0137250708674
Jammu and Kashmir,2021,Kharif,Other Cereals,1547.8360507532036
Karnataka,2015,Whole Year,Black pepper,765.1614747070591
Manipur,2009,Whole Year,Banana,10431.946584488958
Madhya Pradesh,2000,Rabi,Safflower,274.6478873239437
Bihar,2011,Rabi,Peas & beans (Pulses),1030.930045564192
Karnataka,2009,Kharif,Maize,2332.2940292340363
Karnataka,2024,Whole Year,Banana,30835.181578246687
Nagaland,2019,Kharif,Castor seed,666.6666666666666
Andhra Pradesh,2016,Whole Year,Sugarcane,76220.16508974809
Bihar,2006,Kharif,Maize,1532.1780079693558
Haryana,2019,Kharif,Rice,3332.2214381935983
Tamil Nadu,2003,Kharif,Groundnut,1551.879681458046
Madhya Pradesh,2003,Whole Year,Sannhamp,1992.6575931232092
Karnataka,2020,Kharif,Rice,3295.0884343745283
Uttarakhand,2003,Whole Year,Sugarcane,60090.69363518913
Tripura,2003,Whole Year,Sugarcane,42419.642857142855
Uttar Pradesh,2011,Rabi,Potato,22080.614365187645
Bihar,2016,Kharif,Small millets,758.5784313725491
Kerala,2002,Whole Year,Cashewnut,746.3409676107874
West Bengal,2008,Kharif,Niger seed,659.4
Nagaland,2001,Kharif,Peas & beans (Pulses),815.7894736842105
Bihar,2025,Kharif,Ragi,1128.4359604589508
West Bengal,2021,Summer,Potato,19742.56643763337
Andhra Pradesh,2007,Kharif,Ragi,1229.1666666666667
Punjab,2026,Kharif,Sesamum,271.40386877175575
Jharkhand,2020,Whole Year,Sugarcane,85393.4077465566
Gujarat,2019,Kharif,Jowar,1519.589356798659
Assam,2010,Whole Year,Ginger,6868.546320029293
Himachal Pradesh,2026,Rabi,Coriander,175.91077165545252
Mizoram,2016,Kharif,Cotton(lint),338.0281690140845
Punjab,2025,Kharif,Moth,741.8186563998826
Maharashtra,2003,Kharif,Sunflower,364.0449438202247
Andhra Pradesh,2014,Whole Year,Mango,7181.9828031958095
Tamil Nadu,2014,Kharif,Sunflower,1514.7375988497483
Uttarakhand,2005,Whole Year,Onion,13373.74749498998
Sikkim,2009,Rabi,Wheat,907.6923076923077
Himachal Pradesh,2006,Rabi,Peas & beans (Pulses),2063.157894736842
Sikkim,2004,Kharif,Other Kharif pulses,737.2013651877133
Andhra Pradesh,2008,Whole Year,Coriander,466.9996112323933
Puducherry,2009,Kharif,Jowar,1500.0
Puducherry,2017,Kharif,Banana,11831.325301204819
Andhra Pradesh,2009,Rabi,Rapeseed &Mustard,597.818519378046
Jammu and Kashmir,2003,Rabi,Other  Rabi pulses,475.86206896551727
Chhattisgarh,2006,Whole Year,Onion,5152.988403211419
Punjab,2011,Kharif,Cotton(lint),3147.5728155339807
Maharashtra,2006,Whole Year,Banana,25352.65413082732
Telangana,2006,Kharif,Jowar,1080.3698928500196
Uttarakhand,2025,Kharif,Maize,1996.2186489258588
Uttar Pradesh,2016,Kharif,Urad,540.3912279875377
Meghalaya,2017,Kharif,Soyabean,1897.684437264405
Haryana,2001,Kharif,Urad,200.1000500250125
Punjab,2026,Kharif,Cotton(lint),5018.29591302162
Andhra Pradesh,2009,Kharif,Horse-gram,653.2090070429521
West Bengal,2017,Whole Year,Mango,7607.617428247692
Uttar Pradesh,2012,Kharif,Guar seed,814.1919606234619
Uttarakhand,2009,Kharif,Groundnut,1388.6048210372535
Meghalaya,2010,Whole Year,Black pepper,523.0596175478065
Karnataka,2015,Kharif,Arhar/Tur,367.57363612300225
Himachal Pradesh,2017,Kharif,Maize,2532.3580628963964
Manipur,2007,Whole Year,Sweet potato,3511.1111111111113
Assam,2006,Whole Year,Potato,6492.652357422277
Meghalaya,2019,Kharif,Jute,10263.77245508982
Bihar,2016,Rabi,Gram,1120.2412236372213
Madhya Pradesh,2018,Rabi,Masoor,782.9683328062997
Andhra Pradesh,2006,Whole Year,Tapioca,10599.635110480438
Delhi,2017,Rabi,Gram,400.0
Meghalaya,2000,Kharif,Castor seed,521.7391304347826
Chhattisgarh,2001,Rabi,Wheat,1057.4181747580753
Uttarakhand,2020,Whole Year,Garlic,7415.902712815716
Uttar Pradesh,2006,Kharif,Moong,582.3660074880016
Manipur,2011,Whole Year,Banana,13050.167224080267
Uttar Pradesh,2015,Kharif,Sannhamp,285.140562248996
West Bengal,2000,Rabi,Rapeseed &Mustard,956.4722773957678
Meghalaya,2017,Kharif,Arhar/Tur,1294.5670628183361
Madhya Pradesh,2012,Whole Year,Potato,14275.995165984314
Maharashtra,2013,Whole Year,Mango,6916.184536255968
Delhi,2004,Kharif,Jowar,689.6177237185057
Himachal Pradesh,2024,Kharif,Horse-gram,675.3370672047153
Chhattisgarh,2006,Rabi,Gram,836.3069768245982
Uttarakhand,2014,Kharif,Groundnut,1102.1097046413502
Arunachal Pradesh,2015,Whole Year,Oilseeds total,1040.0
Arunachal Pradesh,2011,Kharif,Maize,1473.1182795698924
Chhattisgarh,2006,Rabi,Other  Rabi pulses,151.02639296187684
Madhya Pradesh,2011,Kharif,Other Kharif pulses,155.27827292533175
Tamil Nadu,2004,Kharif,Groundnut,1632.3746462361803
Bihar,2012,Kharif,Sannhamp,804.2242079610073
Odisha,2002,Whole Year,Coriander,474.04661016949154
Telangana,2005,Whole Year,Mango,4804.461889322164
Meghalaya,2003,Kharif,Sesamum,525.0463821892394
Jammu and Kashmir,2009,Kharif,Turmeric,1000.0
Assam,2022,Whole Year,Tobacco,611.9045703250724
Tamil Nadu,2006,Whole Year,Onion,8731.300909183086
Tamil Nadu,2024,Kharif,Castor seed,293.5937783984924
West Bengal,2024,Kharif,Castor seed,276.0797342192691
Maharashtra,2006,Kharif,Sesamum,246.23115577889448
West Bengal,2009,Rabi,Arhar/Tur,770.8609271523179
Gujarat,2014,Kharif,Moth,431.56342182890853
Karnataka,2006,Whole Year,Onion,5678.747298217319
Madhya Pradesh,2004,Kharif,Sesamum,405.99760693987434
West Bengal,2025,Rabi,Masoor,890.290316371785
Chhattisgarh,2010,Rabi,Khesari,622.5647136119911
Bihar,2013,Kharif,Ragi,1014.7853284048905
West Bengal,2018,Rabi,Khesari,787.0702702702703
Gujarat,2003,Kharif,Urad,663.2558139534884
Jharkhand,2019,Kharif,Bajra,715.2777777777778
Delhi,2023,Kharif,Cotton(lint),1058.252427184466
Madhya Pradesh,2019,Kharif,Groundnut,1587.0004000018391
Rajasthan,2010,Kharif,Groundnut,1531.7415721115824
Andhra Pradesh,2019,Kharif,Turmeric,5727.095666567488
Karnataka,2021,Whole Year,Tomato,26350.09463861062
Madhya Pradesh,2024,Whole Year,Onion,25510.54034235181
West Bengal,2013,Kharif,Soyabean,699.3127147766323
West Bengal,2010,Kharif,Mesta,12268.542199488491
Meghalaya,2000,Kharif,Rice,1616.1294407590326
Jharkhand,2006,Autumn,Ragi,768.0805509857024
West Bengal,2003,Kharif,Sunflower,660.838747784997
Punjab,2007,Rabi,Wheat,4506.880733944954
Nagaland,2019,Kharif,Sunflower,888.8888888888889
Maharashtra,2009,Kharif,Rice,1474.551724137931
West Bengal,2015,Rabi,Other  Rabi pulses,497.32620320855614
Jammu and Kashmir,2015,Kharif,Ginger,2222.222222222222
Bihar,2014,Rabi,Sunflower,1429.1112065264062
Punjab,2016,Kharif,Groundnut,1916.6666666666667
Madhya Pradesh,2018,Rabi,Gram,1288.1965501574116
Kerala,2006,Kharif,Other Cereals,782.4
Nagaland,2025,Kharif,Rice,2477.61260161937
Bihar,2011,Kharif,Urad,865.9515469935785
West Bengal,2025,Kharif,Niger seed,663.1943001270965
Karnataka,2003,Rabi,Wheat,414.4503737165616
Maharashtra,2005,Whole Year,Banana,21645.460696852664
Kerala,2025,Whole Year,Soyabean,10.416666666666668
Himachal Pradesh,2012,Kharif,Ragi,1047.9041916167664
Gujarat,2012,Whole Year,Banana,71195.72953736655
Manipur,2001,Whole Year,Onion,2125.0
Goa,2019,Whole Year,Arecanut,1879.2491121258245
Uttar Pradesh,2002,Kharif,Moth,410.85271317829455
Rajasthan,2002,Kharif,Groundnut,1278.5864957165202
Assam,2013,Kharif,Arhar/Tur,920.3915171288744
Himachal Pradesh,2019,Kharif,Maize,2590.428048593813
Puducherry,2022,Kharif,Turmeric,7878.640776699029
Odisha,2011,Autumn,Jute,8205.626598465473
Gujarat,2016,Kharif,Moong(Green Gram),453.8700456448557
Haryana,2024,Kharif,Rice,2809.725565504804
Himachal Pradesh,2021,Kharif,Arhar/Tur,460.54417372196735
Jharkhand,2011,Rabi,Gram,927.8894114293857
Arunachal Pradesh,2009,Kharif,Rice,1184.6165245167451
Gujarat,2000,Kharif,Other Cereals,238.0952380952381
Tripura,2021,Kharif,Mesta,8759.985302223038
Meghalaya,2023,Whole Year,Coriander,3112.3642548737407
West Bengal,2026,Kharif,Mesta,12564.628453451482
Manipur,2013,Whole Year,Sugarcane,58001.7094017094
Chhattisgarh,2005,Whole Year,Potato,4573.958922178255
Bihar,2016,Kharif,Jowar,1064.587973273942
Tripura,2026,Kharif,Soyabean,592.9626411815813
Uttar Pradesh,2008,Kharif,Rice,2170.972032986674
Karnataka,2006,Kharif,Bajra,418.9429068250978
Maharashtra,2024,Rabi,Other  Rabi pulses,451.7183003903018
Karnataka,2026,Kharif,Castor seed,461.401735592522
Bihar,2025,Whole Year,Onion,14440.53361710701
Haryana,2011,Whole Year,Turmeric,749.0636704119851
Andhra Pradesh,2024,Rabi,Linseed,354.7409129377484
Odisha,2004,Whole Year,Turmeric,2379.212070410729
Meghalaya,2017,Kharif,Jute,10260.002997152706
Haryana,2016,Whole Year,Potato,24716.7093079922
Andhra Pradesh,2019,Rabi,Other  Rabi pulses,1048.8393686165273
Tripura,2017,Rabi,Peas & beans (Pulses),879.9654576856649
Himachal Pradesh,2026,Kharif,Other Kharif pulses,1026.3336522812958
West Bengal,2025,Rabi,Peas & beans (Pulses),1100.917017055877
Odisha,2003,Kharif,Niger seed,231.9233550253073
Haryana,2024,Kharif,Guar seed,1106.7464365019944
Uttar Pradesh,2023,Summer,Banana,48808.39154910472
West Bengal,2008,Kharif,Other Kharif pulses,770.4918032786885
Andhra Pradesh,2011,Kharif,Moong(Green Gram),542.4951343958761
Jammu and Kashmir,2023,Kharif,Tobacco,532.2076297686053
Kerala,2017,Whole Year,Sesamum,376.4115432873275
Andhra Pradesh,2009,Kharif,Groundnut,385.3224712010398
Puducherry,2019,Rabi,Moong(Green Gram),750.0
Uttarakhand,2022,Kharif,Small millets,1391.8866593049643
West Bengal,2002,Kharif,Khesari,868.1506849315068
Gujarat,2003,Kharif,Cotton(lint),2453.930530164534
Telangana,2017,Kharif,Maize,3449.735860950814
Punjab,2012,Whole Year,Sugarcane,71121.9512195122
Himachal Pradesh,2013,Rabi,Masoor,682.4196597353497
Andhra Pradesh,2017,Kharif,other oilseeds,19759.782982547626
Madhya Pradesh,2001,Kharif,Castor seed,323.3173076923077
Meghalaya,2016,Rabi,Peas & beans (Pulses),1935.1771823681936
West Bengal,2003,Rabi,Masoor,766.5897953300663
Nagaland,2018,Rabi,Masoor,821.1009174311927
Mizoram,2018,Kharif,Cowpea(Lobia),2011.3960113960113
Gujarat,2025,Kharif,Tobacco,2143.6442976184603
Tamil Nadu,2006,Whole Year,Cashewnut,491.0837950138504
Tamil Nadu,2003,Kharif,Urad,408.76101048823034
Nagaland,2021,Rabi,Gram,775.5166251352915
Puducherry,2021,Summer,Other Summer Pulses,688.0530973451328
Meghalaya,2002,Whole Year,Tobacco,653.6856745479834
Punjab,2022,Kharif,Urad,781.2743657786508
Tripura,2024,Kharif,Groundnut,1573.7387300978326
West Bengal,2015,Rabi,Horse-gram,519.4617972128784
Uttarakhand,2001,Rabi,Peas & beans (Pulses),729.0064595509074
Bihar,2009,Rabi,Masoor,893.4789685791583
Nagaland,2003,Kharif,Groundnut,1500.0
Uttar Pradesh,2013,Rabi,Rapeseed &Mustard,1013.7196755329184
Arunachal Pradesh,2022,Kharif,Rice,1820.525415023586
Haryana,2015,Whole Year,Coriander,2142.534787514103
Haryana,2014,Kharif,Moth,500.0
Jharkhand,2016,Rabi,Arhar/Tur,2075.6975248694193
Kerala,2021,Whole Year,Wheat,2196.72131147541
Kerala,2004,Whole Year,Cashewnut,742.9335229990068
Tamil Nadu,2026,Kharif,Other Kharif pulses,934.3913047072394
Chhattisgarh,2017,Kharif,Ragi,226.97277976354138
Karnataka,2012,Kharif,Other Kharif pulses,937.0996372617118
Haryana,2008,Rabi,Mustard,1441.3595233029407
Punjab,2014,Kharif,Moong(Green Gram),837.8378378378378
Andhra Pradesh,2000,Kharif,Rice,2741.2458013904975
Tripura,2019,Kharif,Mesta,8925.581395348838
Gujarat,2024,Kharif,Moth,481.9452829362067
Meghalaya,2021,Kharif,Maize,2247.0461029826233
Andhra Pradesh,2011,Kharif,Bajra,1465.5560697208082
Assam,2002,Rabi,Linseed,521.8688895749717
Puducherry,2025,Kharif,Ragi,2278.4256559766764
Karnataka,2018,Whole Year,Tobacco,821.4598997493734
Mizoram,2022,Kharif,other oilseeds,47.91597058882101
Andhra Pradesh,2012,Kharif,Cashewnut,271.37015322461446
Odisha,2017,Winter,Rapeseed &Mustard,325.8959537572254
Meghalaya,2005,Kharif,Castor seed,636.3636363636364
Kerala,2011,Whole Year,Cashewnut,679.7686903088699
Chhattisgarh,2009,Whole Year,Dry chillies,698.7179487179487
Madhya Pradesh,2002,Kharif,Cotton(lint),686.9294143843242
Karnataka,2022,Whole Year,Sugarcane,85510.61085667685
Odisha,2017,Autumn,Urad,313.7389261416475
Tamil Nadu,2006,Whole Year,Mango,5044.97602130566
Odisha,2014,Autumn,Moong(Green Gram),222.81793811622518
West Bengal,2023,Kharif,Other Kharif pulses,577.2999212592033
Nagaland,2003,Rabi,Linseed,800.0
Meghalaya,2016,Kharif,Tapioca,6566.580118694362
Uttar Pradesh,2024,Kharif,Groundnut,1026.7025266602282
Uttarakhand,2003,Kharif,Bajra,1000.0
Rajasthan,2012,Kharif,Groundnut,1498.8742267758626
Uttar Pradesh,2011,Kharif,Urad,668.6647599035712
Puducherry,2021,Kharif,Cotton(lint),483.53864363684187
Nagaland,2023,Kharif,Maize,2248.4963927162466
Gujarat,2017,Kharif,Cotton(lint),3850.2901404042736
Himachal Pradesh,2024,Rabi,Peas & beans (Pulses),1560.54840621833
Karnataka,2021,Rabi,Safflower,559.0890994292939
Odisha,2008,Winter,Rapeseed &Mustard,183.9691322073384
Haryana,2015,Rabi,Masoor,722.2222222222222
Assam,2017,Rabi,Other  Rabi pulses,794.9462874130127
Chhattisgarh,2004,Whole Year,Garlic,2684.8837209302324
Madhya Pradesh,2018,Whole Year,Banana,69816.46402091224
Assam,2003,Rabi,Urad,522.7846822269374
Assam,2002,Kharif,Small millets,520.8182912154032
Haryana,2022,Whole Year,Sugarcane,74804.45743489415
Meghalaya,2019,Autumn,Rice,2331.959378733572
Telangana,2016,Kharif,Bajra,868.8576898532227
Manipur,2021,Kharif,Moong(Green Gram),1230.475608825101
Punjab,2024,Kharif,Urad,626.0915543734277
Andhra Pradesh,2017,Kharif,Turmeric,5770.539910811667
Mizoram,2001,Kharif,Urad,1035.7142857142858
Karnataka,2009,Kharif,Sesamum,406.90875721027794
Chhattisgarh,2016,Rabi,Other  Rabi pulses,380.73394495412845
Tamil Nadu,2019,Kharif,Groundnut,2478.5832787496593
Himachal Pradesh,2008,Rabi,Masoor,325.26475037821484
Jammu and Kashmir,2024,Kharif,Groundnut,786.1757105943152
West Bengal,2000,Kharif,Small millets,530.8722639660242
Bihar,2006,Rabi,Khesari,789.1771230775282
Uttar Pradesh,2023,Kharif,Soyabean,947.5253610061592
West Bengal,2014,Rabi,Mustard,1362.7348567430963
Assam,2018,Whole Year,Sugarcane,35062.98278790987
Karnataka,2010,Kharif,Cotton(lint),2377.641265895401
Uttarakhand,2019,Rabi,Rapeseed &Mustard,986.7869293456761
Gujarat,2022,Rabi,Gram,1661.6841833910821
Jammu and Kashmir,2021,Kharif,Other Kharif pulses,1126.175569005792
Meghalaya,2008,Kharif,Small millets,839.8853398853399
Andhra Pradesh,2017,Whole Year,Sugarcane,78682.76852151407
Jammu and Kashmir,2003,Rabi,Wheat,1820.1069193949224
Chhattisgarh,2007,Kharif,Sunflower,352.01541673357957
Punjab,2016,Kharif,Arhar/Tur,859.6491228070175
Haryana,2003,Whole Year,Onion,24314.55257607713
Chhattisgarh,2011,Whole Year,Sugarcane,5566.70341786108
Uttarakhand,2006,Rabi,Masoor,461.1501143803739
Uttar Pradesh,2026,Rabi,Barley,2775.398988937458
Manipur,2018,Kharif,Groundnut,931.592039800995
Uttarakhand,2002,Kharif,Sesamum,125.0
Andhra Pradesh,2016,Kharif,other oilseeds,1108.695652173913
Bihar,2008,Kharif,Castor seed,956.7567567567568
Chhattisgarh,2003,Kharif,Other Kharif pulses,317.21116992151855
Meghalaya,2024,Rabi,Other  Rabi pulses,715.2714373381629
Gujarat,2004,Whole Year,Guar seed,732.7425373134329
Andhra Pradesh,2015,Kharif,Cowpea(Lobia),878.0222765552838
Mizoram,2004,Kharif,Tapioca,6415.584415584415
Uttar Pradesh,2025,Kharif,Maize,2667.983088658645
Nagaland,2023,Kharif,Moong(Green Gram),1167.5708932266905
Andhra Pradesh,2007,Kharif,Urad,510.4166666666667
Assam,2020,Whole Year,Banana,28167.441327359673
Karnataka,2006,Whole Year,Mango,5507.731388516544
Madhya Pradesh,2017,Whole Year,Onion,24531.86147140236
Andhra Pradesh,2001,Kharif,Groundnut,568.2705841874238
Jharkhand,2021,Rabi,Onion,11050.27348777349
Uttarakhand,2012,Whole Year,Onion,5291.559000861326
West Bengal,2010,Rabi,Other  Rabi pulses,439.2156862745098
Bihar,2021,Kharif,Arhar/Tur,1593.838746913675
Bihar,2014,Kharif,Small millets,757.2741194486983
Haryana,2018,Rabi,Rapeseed &Mustard,2063.314097279472
Chhattisgarh,2019,Whole Year,Tobacco,666.6666666666666
West Bengal,2021,Rabi,Masoor,808.3314578176635
Uttar Pradesh,2024,Rabi,Coriander,653.5399700847598
West Bengal,2009,Whole Year,Mango,6458.338937927369
Odisha,2000,Kharif,Niger seed,236.93985616059433
Tripura,2022,Kharif,Small millets,857.7065703147285
Chhattisgarh,2010,Kharif,Castor seed,345.2914798206278
Nagaland,2014,Kharif,Jute,1904.6052631578948
Jharkhand,2023,Kharif,Urad,37.09105308426404
Haryana,2016,Kharif,Bajra,2011.6304113719577
Madhya Pradesh,2001,Kharif,Other Kharif pulses,344.6030817447644
Haryana,2022,Whole Year,Sannhamp,96.19715317612068
Bihar,2006,Rabi,Gram,842.9035921529583
Mizoram,2005,Rabi,Masoor,1000.0
Madhya Pradesh,2021,Rabi,Safflower,502.6852028185108
Tamil Nadu,2002,Whole Year,Onion,8458.837050910948
Madhya Pradesh,2004,Whole Year,Onion,15712.010319396539
Chhattisgarh,2025,Whole Year,Coriander,320.9471866478094
Tamil Nadu,2021,Whole Year,Ginger,12443.608094768015
Himachal Pradesh,2005,Kharif,Maize,1838.697007966792
Andhra Pradesh,2009,Whole Year,Tapioca,13028.84101833719
Madhya Pradesh,2025,Rabi,Rapeseed &Mustard,1319.619218169098
Chhattisgarh,2014,Kharif,Sannhamp,336.42195295794727
Telangana,2025,Rabi,Rapeseed &Mustard,2188.2450897496306
Madhya Pradesh,2014,Kharif,Barley,1333.3333333333333
West Bengal,2017,Rabi,Peas & beans (Pulses),1124.6381652193274
Tripura,2004,Kharif,Mesta,7720.0
Himachal Pradesh,2018,Rabi,Garlic,395.16129032258067
Puducherry,2010,Kharif,Ragi,2071.4285714285716
Kerala,2024,Whole Year,Garlic,593.6804811732718
Nagaland,2005,Kharif,Bajra,1026.2295081967213
Jammu and Kashmir,2002,Kharif,Other Kharif pulses,542.3835832675612
Tamil Nadu,2025,Kharif,Ragi,4336.945392714517
Andhra Pradesh,2011,Whole Year,Cashewnut,282.04905074765406
Chhattisgarh,2019,Rabi,Khesari,323.0004029948883
Bihar,2004,Whole Year,Garlic,1506.6559096409842
Bihar,2025,Whole Year,Dry chillies,1497.0779947198066
Haryana,2016,Rabi,Masoor,750.0
Telangana,2006,Kharif,Soyabean,1196.7882204364378
Madhya Pradesh,2007,Kharif,Soyabean,1033.000072475948
Maharashtra,2003,Kharif,Soyabean,1396.513749921339
Manipur,2001,Rabi,Rapeseed &Mustard,440.6779661016949
Bihar,2014,Kharif,Castor seed,958.3333333333334
Madhya Pradesh,2025,Whole Year,Ginger,18545.364850449594
Chhattisgarh,2002,Rabi,Khesari,515.9999515336568
Chhattisgarh,2015,Rabi,Gram,778.9975403037778
West Bengal,2002,Whole Year,Cardamom,244.95476687543493
Nagaland,2008,Kharif,Cotton(lint),545.4545454545455
Tripura,2006,Rabi,Masoor,650.0
Telangana,2004,Kharif,Cotton(lint),429.88602463780217
Goa,2014,Whole Year,Cashewnut,445.99582731503773
Mizoram,2014,Kharif,Tapioca,9254.658385093167
Gujarat,2025,Whole Year,Potato,30836.770562599126
Bihar,2022,Whole Year,Onion,13007.175597511732
Uttar Pradesh,2000,Rabi,Gram,843.591950607858
Nagaland,2023,Kharif,Ginger,9092.163011134971
Bihar,2001,Rabi,Masoor,821.2592341103059
Punjab,2010,Kharif,Arhar/Tur,928.5714285714286
Chhattisgarh,2004,Kharif,Horse-gram,296.74378284661645
Jharkhand,2020,Rabi,Onion,19648.281906483724
West Bengal,2014,Kharif,Niger seed,717.855409995148
Gujarat,2022,Kharif,Jowar,1411.0194743309542
Andhra Pradesh,2010,Kharif,Rice,2570.29365187746
Uttar Pradesh,2018,Kharif,Moong(Green Gram),424.1710383054538
Telangana,2019,Kharif,Maize,4845.466505584962
Jharkhand,2021,Autumn,Rice,1639.5463685411767
Andhra Pradesh,2017,Kharif,Tobacco,10821.481236269523
Jharkhand,2002,Rabi,Arhar/Tur,1666.2094801096139
Uttar Pradesh,2007,Rabi,Linseed,251.75934185746854
Assam,2008,Whole Year,Dry chillies,638.5655496766608
Punjab,2009,Rabi,Wheat,4306.927881885293
Kerala,2019,Whole Year,Cardamom,253.82270700556717
Punjab,2002,Rabi,Gram,957.1428571428571
Madhya Pradesh,2009,Kharif,Moong(Green Gram),323.29390724708367
Haryana,2013,Kharif,Horse-gram,666.6666666666666
Uttar Pradesh,2021,Kharif,Guar seed,718.4726708101176
Himachal Pradesh,2013,Kharif,Moth,370.3703703703704
Andhra Pradesh,2023,Kharif,Niger seed,448.4546137322763
Chhattisgarh,2026,Rabi,Gram,960.6479726722298
Himachal Pradesh,2023,Kharif,Small millets,881.1276453483852
Assam,2018,Whole Year,Banana,17956.136403654647
Maharashtra,2011,Rabi,Rapeseed &Mustard,348.85496183206106
Haryana,2003,Whole Year,Sugarcane,57906.9869022882
Karnataka,2014,Kharif,Jowar,1383.3711249199453
West Bengal,2001,Rabi,Rapeseed &Mustard,765.6138387271428
West Bengal,2005,Whole Year,Arecanut,3127.9504432340063
Tamil Nadu,2017,Kharif,Other Cereals,1216.446124763705
Chhattisgarh,2014,Kharif,Mesta,1817.2992056487203
Uttarakhand,2016,Kharif,Sesamum,291.84549356223175
Assam,2026,Kharif,Mesta,7453.348598883425
West Bengal,2010,Whole Year,Tobacco,1487.0379428411711
Bihar,2000,Rabi,Rapeseed &Mustard,869.540567564503
Bihar,2026,Rabi,Peas & beans (Pulses),1015.3396772753905
Bihar,2023,Kharif,Sesamum,1024.6404476372275
West Bengal,2024,Rabi,Mustard,1572.068709603047
Uttarakhand,2001,Kharif,Sesamum,171.89514396218306
Jharkhand,2026,Kharif,Niger seed,383.09878501608455
Assam,2007,Kharif,Small millets,508.88856771209714
Chhattisgarh,2000,Kharif,Castor seed,270.6766917293233
Odisha,2000,Whole Year,Sugarcane,57461.52011922504
Kerala,2014,Whole Year,Sugarcane,97906.47700156883
Assam,2021,Rabi,Wheat,1412.2587274085852
Uttarakhand,2025,Whole Year,Turmeric,3186.950354609929
Madhya Pradesh,2018,Rabi,Mustard,1434.8047185168666
Madhya Pradesh,2011,Whole Year,Garlic,4486.922754272261
Tripura,2017,Whole Year,Sugarcane,52715.88089330025
Uttar Pradesh,2008,Kharif,Dry chillies,996.9835098538678
Uttarakhand,2008,Rabi,Barley,856.3905115949725
Meghalaya,2010,Rabi,Masoor,825.9587020648968
Sikkim,2005,Rabi,Barley,1292.6829268292684
Tripura,2005,Rabi,Peas & beans (Pulses),627.3170731707318
Uttar Pradesh,2019,Kharif,Urad,409.51008312362956
Kerala,2000,Whole Year,Turmeric,2189.7261933607947
Chhattisgarh,2004,Rabi,Gram,512.9992028184226
Uttar Pradesh,2011,Kharif,Rice,2357.5447650651913
Jharkhand,2021,Kharif,Niger seed,456.8810320903337
Jharkhand,2008,Autumn,Rice,863.3477783657596
Uttar Pradesh,2021,Summer,Banana,49111.99354160444
Nagaland,2022,Kharif,Cowpea(Lobia),1559.720632916387
Manipur,2016,Rabi,Other  Rabi pulses,934.0189873417721
Karnataka,2007,Kharif,Dry chillies,900.7375051435445
Assam,2004,Whole Year,Tobacco,538.3480825958702
Chhattisgarh,2023,Kharif,Jute,10.00335040444168
Himachal Pradesh,2014,Kharif,Cotton(lint),500.0
Gujarat,2011,Kharif,Rice,2025.555703447358
Bihar,2001,Rabi,Peas & beans (Pulses),984.0910833397224
Assam,2012,Kharif,Sesamum,702.0064838342241
Jammu and Kashmir,2006,Kharif,Cotton(lint),523.8095238095239
Andhra Pradesh,2004,Kharif,Onion,15727.393070707993
Haryana,2004,Rabi,Peas & beans (Pulses),1117.31843575419
Puducherry,2021,Kharif,Other Kharif pulses,1626.953125
Karnataka,2013,Whole Year,Sweet potato,14675.52
Punjab,2010,Whole Year,Sugarcane,73242.52443625122
Gujarat,2012,Whole Year,Potato,25023.776223776225
Andhra Pradesh,2007,Whole Year,Tobacco,1458.3333333333333
Rajasthan,2013,Kharif,Sesamum,517.8357517146586
Uttarakhand,2007,Kharif,Moth,375.0
Uttar Pradesh,2016,Kharif,Sugarcane,72666.77084100172
Bihar,2026,Kharif,Castor seed,1011.747764135213
Jharkhand,2021,Rabi,Masoor,787.6634362302788
Goa,2026,Kharif,Groundnut,3035.952708732558
Gujarat,2022,Kharif,Moong(Green Gram),719.8296608147805
Nagaland,2010,Kharif,Horse-gram,1000.0
Kerala,2009,Whole Year,Sugarcane,95884.92597577389
Mizoram,2012,Kharif,Cotton(lint),857.1428571428571
Chhattisgarh,2000,Kharif,Niger seed,176.99579831932772
Uttar Pradesh,2018,Rabi,Tobacco,2145.6153512062224
Karnataka,2019,Kharif,Jowar,1317.3390822297506
Rajasthan,2025,Rabi,Coriander,988.3273885753708
Gujarat,2003,Kharif,Sesamum,598.4095427435387
Assam,2018,Whole Year,Potato,7494.607819388595
Karnataka,2006,Whole Year,Tomato,22285.740351668046
Punjab,2011,Rabi,Gram,1222.2222222222222
Punjab,2024,Rabi,Sunflower,1674.385031857754
Gujarat,2023,Kharif,Ragi,976.6319026668889
Punjab,2013,Rabi,Potato,21458.938495993476
Tamil Nadu,2002,Kharif,Rice,2358.7344060843884
Uttar Pradesh,2024,Kharif,Jowar,1168.840709711386
Delhi,2000,Kharif,Bajra,1485.732606604681
Madhya Pradesh,2008,Rabi,Wheat,1819.1139529915706
Telangana,2009,Whole Year,Sugarcane,72234.35971509344
West Bengal,2017,Rabi,Horse-gram,570.1288855193328
Andhra Pradesh,2011,Kharif,Niger seed,371.80232558139534
Andhra Pradesh,2000,Kharif,Castor seed,343.38532872007045
Jammu and Kashmir,2013,Rabi,Gram,554.2168674698795
Andhra Pradesh,2009,Kharif,Urad,153.50856040511212
Gujarat,2013,Kharif,Tobacco,2023.2194972095642
Arunachal Pradesh,2021,Kharif,Sesamum,857.7180147113309
Maharashtra,2022,Kharif,Soyabean,1232.6429822868013
Chhattisgarh,2003,Kharif,Sunflower,340.7747866053841
Karnataka,2017,Kharif,Other Kharif pulses,972.0355698191422
Himachal Pradesh,2021,Kharif,Small millets,744.3975490297995
Maharashtra,2024,Kharif,Castor seed,254.9826617351637
Andhra Pradesh,2026,Whole Year,Coriander,542.4306084992235
West Bengal,2022,Rabi,Barley,1662.03458640387
Haryana,2015,Kharif,Peas & beans (Pulses),7776.057719249089
Haryana,2016,Whole Year,Coriander,1770.8978328173375
Sikkim,2021,Rabi,Other Cereals,1007.932090598587
Tamil Nadu,2024,Kharif,Arhar/Tur,1161.581968175168
Assam,2003,Autumn,Rice,975.5884146410574
Uttar Pradesh,2007,Rabi,Tobacco,5594.966133621899
Tamil Nadu,2007,Whole Year,Bajra,1435.4995150339475
Tripura,2012,Kharif,Arhar/Tur,750.3337783711615
Odisha,2016,Rabi,Onion,18900.451212757223
Odisha,2008,Summer,Wheat,1402.316309094361
West Bengal,2009,Rabi,Mustard,1414.5473234130673
Bihar,2017,Whole Year,Garlic,1514.792899408284
Uttarakhand,2025,Whole Year,Sugarcane,73438.90914269854
Haryana,2007,Kharif,Cotton(lint),3900.7283294022063
Telangana,2021,Kharif,Cashewnut,84.96045550207495
Andhra Pradesh,2021,Kharif,Bajra,1984.2657277554758
Rajasthan,2014,Rabi,Barley,2676.245165357085
Sikkim,2013,Kharif,Small millets,1002.027027027027
Madhya Pradesh,2005,Kharif,Jowar,1048.154291579005
Odisha,2004,Summer,Horse-gram,258.3333333333333
Manipur,2023,Kharif,Urad,1252.2908049634107
Goa,2003,Whole Year,Black pepper,174.87266553480475
Jharkhand,2014,Rabi,Potato,7164.303782575445
Nagaland,2026,Rabi,Urad,814.1282646452513
Haryana,2026,Kharif,Horse-gram,938.0399007275012
Chhattisgarh,2007,Whole Year,Onion,4778.362305580969
Kerala,2018,Whole Year,Tapioca,37576.36467307193
Assam,2019,Rabi,Masoor,764.1986568277921
Kerala,2015,Whole Year,Arecanut,1336.2022829395119
Uttar Pradesh,2010,Kharif,Sannhamp,326.87651331719127
Andhra Pradesh,2026,Kharif,Cowpea(Lobia),380.9086138917945
Maharashtra,2010,Kharif,Arhar/Tur,749.5199324064828
Tamil Nadu,2021,Whole Year,Sugarcane,98042.8112784881
Telangana,2022,Kharif,Bajra,725.6620200788107
Nagaland,2004,Kharif,Jowar,1600.0
Chhattisgarh,2016,Rabi,Masoor,371.3114754098361
Madhya Pradesh,2001,Rabi,Rapeseed &Mustard,909.0003150080535
Chhattisgarh,2012,Kharif,Urad,320.2136927065294
Meghalaya,2016,Rabi,Gram,1063.7837837837837
Uttar Pradesh,2016,Kharif,Arhar/Tur,1074.46307641741
Odisha,2013,Autumn,Sesamum,206.06503470953598
Nagaland,2003,Kharif,Jowar,1666.6666666666667
Telangana,2026,Kharif,Sunflower,3669.471321752871
Meghalaya,2010,Kharif,Banana,11766.593083149375
Uttarakhand,2006,Kharif,Soyabean,1321.8612629998927
Jharkhand,2019,Kharif,Castor seed,603.448275862069
Sikkim,2006,Kharif,Rice,2331.521739130435
Kerala,2006,Kharif,Sesamum,401.6393442622951
Chhattisgarh,2025,Whole Year,Onion,6492.19133445222
Maharashtra,2013,Kharif,Sunflower,613.0952380952381
Tamil Nadu,2026,Kharif,Jowar,1643.703200371258
Andhra Pradesh,2003,Whole Year,Tapioca,6278.011924342105
Karnataka,2026,Rabi,Gram,642.0300300020045
Arunachal Pradesh,2018,Kharif,Sunflower,816.7539267015707
Bihar,2006,Kharif,Jute,10206.780324119356
Chhattisgarh,2022,Kharif,Maize,3264.984152933987
Jharkhand,2011,Rabi,Arhar/Tur,1615.5209660444248
Jammu and Kashmir,2016,Rabi,Garlic,818.7919463087248
Mizoram,2026,Kharif,Rice,1718.5770209823957
Tamil Nadu,2003,Whole Year,Onion,9004.477230086986
Assam,2015,Rabi,Masoor,722.7740986019131
Tripura,2018,Kharif,Jowar,799.2895204262877
Nagaland,2005,Kharif,Maize,1800.0
Madhya Pradesh,2017,Rabi,Linseed,528.0864197530864
Mizoram,2003,Whole Year,Potato,2460.055096418733
West Bengal,2016,Kharif,Moong(Green Gram),893.3764135702746
Andhra Pradesh,2015,Kharif,Moong(Green Gram),352.65503875968994
Meghalaya,2006,Rabi,Other  Rabi pulses,787.2634979233964
Madhya Pradesh,2007,Kharif,Groundnut,927.998090293319
Delhi,2026,Kharif,Cotton(lint),883.4951456310679
Odisha,2004,Rabi,Linseed,381.1673221308545
Andhra Pradesh,2011,Kharif,Groundnut,361.2904508003566
Odisha,2003,Whole Year,Dry chillies,841.9509594882729
Chhattisgarh,2000,Kharif,Soyabean,546.9909966829885
Uttarakhand,2007,Whole Year,Turmeric,1807.1748878923768
Punjab,2017,Kharif,Groundnut,1916.6666666666667
Meghalaya,2019,Whole Year,Turmeric,6246.3087248322145
Arunachal Pradesh,2025,Kharif,Other Kharif pulses,1188.656697852529
Telangana,2011,Kharif,Soyabean,1437.8714963686357
Assam,2026,Whole Year,Sugarcane,35034.2191143942
Odisha,2010,Summer,Horse-gram,297.029702970297
Maharashtra,2010,Whole Year,Banana,28471.138908203375
Andhra Pradesh,2008,Whole Year,Sweet potato,10922.480620155038
Madhya Pradesh,2008,Whole Year,Sweet potato,5795.200892857143
Madhya Pradesh,2026,Whole Year,Dry chillies,4707.034663486171
Odisha,2015,Autumn,Sesamum,210.5441027374113
Odisha,2009,Autumn,Urad,220.64153371947296
Mizoram,2023,Kharif,Potato,4285.6548683608535
Bihar,2019,Rabi,Potato,13746.127304314256
Arunachal Pradesh,2016,Whole Year,Ginger,7300.064308681672
Kerala,2025,Whole Year,Wheat,2410.8527131782944
Arunachal Pradesh,2016,Kharif,Sesamum,889.0539871223378
Nagaland,2004,Kharif,Groundnut,1259.927797833935
West Bengal,2016,Autumn,Maize,2692.0807219314684
Karnataka,2005,Kharif,Maize,2952.7107972402264
Madhya Pradesh,2009,Whole Year,Turmeric,882.8967642526965
Mizoram,2023,Kharif,Other Kharif pulses,1556.6379146145684
Sikkim,2000,Rabi,Other Cereals,768.8442211055276
Odisha,2000,Rabi,Gram,618.5167232186137
Rajasthan,2009,Rabi,Gram,1009.7703374265741
Chhattisgarh,2013,Rabi,Safflower,345.8646616541353
Karnataka,2003,Kharif,Small millets,569.4181524689999
Uttar Pradesh,2013,Kharif,Moong,599.7977920618339
Maharashtra,2018,Kharif,Sunflower,162.8603519281168
Manipur,2002,Whole Year,Cashewnut,326.3157894736842
Karnataka,2018,Kharif,Niger seed,197.56554307116104
Punjab,2024,Kharif,Groundnut,2221.9728662788098
Meghalaya,2013,Kharif,Ginger,6485.951599671862
Bihar,2011,Kharif,Sesamum,879.4520547945206
Maharashtra,2026,Kharif,Ragi,1032.179704331247
Jammu and Kashmir,2023,Kharif,Turmeric,991.5522703273494
Himachal Pradesh,2026,Kharif,Urad,695.2754001442562
Jharkhand,2025,Kharif,Moong(Green Gram),797.5939509502696
Meghalaya,2010,Rabi,Rapeseed &Mustard,679.3903803131991
Jammu and Kashmir,2013,Rabi,Linseed,581.8181818181819
Nagaland,2008,Kharif,Tapioca,23050.0
Bihar,2021,Kharif,Groundnut,1116.7187243136611
Arunachal Pradesh,2021,Kharif,Small millets,1048.0192705469588
Meghalaya,2023,Kharif,Mesta,6949.015329343957
Karnataka,2006,Kharif,Ragi,1054.3926032988509
Chhattisgarh,2018,Kharif,Sesamum,346.0167904813674
Uttar Pradesh,2001,Kharif,Moth,389.3805309734513
Jharkhand,2024,Kharif,Groundnut,1189.2861980470775
Karnataka,2004,Whole Year,Onion,6184.544024463753
Chhattisgarh,2006,Kharif,Niger seed,175.72951585426168
Gujarat,2021,Kharif,Bajra,2525.2123927422113
Haryana,2007,Kharif,Sesamum,364.8303538854433
Telangana,2020,Kharif,Turmeric,5726.52760521699
Gujarat,2009,Rabi,Onion,27309.090909090908
Uttar Pradesh,2008,Rabi,Garlic,5890.009275605158
Manipur,2014,Kharif,Rice,2237.1869150548177
Tamil Nadu,2025,Whole Year,Arecanut,2693.9100664954904
Kerala,2013,Whole Year,Banana,8533.415781950178
Telangana,2013,Rabi,Other  Rabi pulses,1413.2762312633834
Gujarat,2000,Whole Year,Sugarcane,71406.86550365786
Jammu and Kashmir,2026,Rabi,Garlic,733.6323625413271
West Bengal,2001,Whole Year,Arecanut,1604.6787408365674
Haryana,2022,Kharif,Maize,3875.2211434465003
Jharkhand,2004,Rabi,Gram,782.5347771166175
Assam,2008,Rabi,Gram,515.9976730657359
Madhya Pradesh,2004,Kharif,Bajra,1349.998370078997
Kerala,2009,Kharif,Groundnut,740.2985074626865
Gujarat,2026,Kharif,Moth,586.4161416120342
Nagaland,2000,Kharif,Jowar,833.3333333333334
Assam,2022,Rabi,Gram,726.2022969119093
Tripura,2014,Kharif,Urad,584.9268841394826
Andhra Pradesh,2022,Whole Year,Sweet potato,15134.151099458464
Karnataka,2014,Kharif,Small millets,524.3060138137346
West Bengal,2023,Kharif,Urad,742.769909308351
Karnataka,2014,Rabi,Wheat,1316.1602105103357
West Bengal,2012,Rabi,Mustard,1260.4015385812775
West Bengal,2011,Whole Year,Mango,7488.196593310103
West Bengal,2019,Kharif,Cotton(lint),1934.4262295081967
Himachal Pradesh,2019,Rabi,Gram,1068.527918781726
Bihar,2021,Kharif,Castor seed,845.2611218568666
Mizoram,2005,Kharif,Rapeseed &Mustard,734.9397590361446
Andhra Pradesh,2016,Kharif,Gram,400.0
Rajasthan,2001,Kharif,Jowar,884.3200545538369
Meghalaya,2014,Rabi,Masoor,1068.07131280389
Tamil Nadu,2021,Kharif,Rice,4397.146836730088
Assam,2004,Rabi,Rapeseed &Mustard,528.254976566455
Tamil Nadu,2010,Whole Year,Sesamum,526.8214737803233
Himachal Pradesh,2017,Kharif,Rice,1602.8514375881473
Andhra Pradesh,2025,Whole Year,Potato,11913.532327054372
Sikkim,2021,Kharif,Soyabean,865.6798833865021
Nagaland,2007,Kharif,Potato,14340.0
West Bengal,2019,Whole Year,Sugarcane,79656.72420086562
Goa,2026,Rabi,Other  Rabi pulses,988.772549971207
Assam,2025,Rabi,Masoor,879.079653940866
West Bengal,2019,Rabi,Mustard,1541.5692384567476
Chhattisgarh,2024,Kharif,Arhar/Tur,565.734788517997
Meghalaya,2010,Whole Year,Dry chillies,765.6926406926407
Rajasthan,2012,Rabi,Coriander,823.5086717818707
Bihar,2008,Kharif,Mesta,8694.41085230559
West Bengal,2010,Kharif,Horse-gram,503.59712230215825
Goa,2007,Kharif,Rice,2331.417294169493
Tamil Nadu,2021,Kharif,Other Kharif pulses,808.9952262254159
Kerala,2008,Whole Year,Sugarcane,81214.62264150943
Himachal Pradesh,2022,Rabi,Wheat,1464.6579224507632
Chhattisgarh,2007,Kharif,Sesamum,317.4924642049736
Arunachal Pradesh,2024,Kharif,Maize,1502.1803194902077
Telangana,2025,Kharif,Cotton(lint),3183.150060882472
Chhattisgarh,2005,Kharif,Sesamum,295.9100868295058
Himachal Pradesh,2009,Kharif,Cotton(lint),250.0
Rajasthan,2000,Rabi,Gram,792.052566320927
Andhra Pradesh,2014,Kharif,Small millets,697.1544715447154
Jharkhand,2001,Rabi,Onion,14571.540670614731
Arunachal Pradesh,2023,Kharif,Other Kharif pulses,1122.0829257952107
Maharashtra,2019,Kharif,Turmeric,6493.405738966403
Assam,2011,Autumn,Rice,1222.5392967455857
Kerala,2005,Whole Year,Ginger,4603.95877637821
Manipur,2026,Whole Year,Onion,2176.29179331307
Haryana,2014,Rabi,Mustard,1491.536581978142
Tamil Nadu,2026,Whole Year,Cardamom,185.32406276520464
Arunachal Pradesh,2026,Rabi,Masoor,2342.9716923824567
Bihar,2008,Rabi,Masoor,811.7821618948178
Bihar,2018,Rabi,Barley,1990.3960743077462
Jammu and Kashmir,2016,Kharif,Other Kharif pulses,713.7566137566138
Haryana,2014,Whole Year,Potato,23979.02701267671
Karnataka,2002,Rabi,Wheat,598.5213992019607
Karnataka,2026,Kharif,Rice,2962.7527571022665
Uttarakhand,2008,Rabi,Other  Rabi pulses,447.76119402985074
Odisha,2011,Autumn,Groundnut,811.6296642798028
Telangana,2000,Kharif,Turmeric,5128.853954116233
Odisha,2004,Rabi,Mustard,1318.92056872597
Jharkhand,2005,Rabi,Arhar/Tur,1265.4159041066407
Andhra Pradesh,2025,Kharif,Turmeric,6473.671802698446
West Bengal,2012,Rabi,Other  Rabi pulses,434.9775784753363
Goa,2015,Kharif,Rice,2830.4724125495854
Himachal Pradesh,2017,Rabi,Garlic,381.508078994614
Tamil Nadu,2007,Whole Year,Black pepper,229.71246006389777
Delhi,2018,Kharif,Bajra,2198.2408660351825
Uttarakhand,2020,Rabi,Rapeseed &Mustard,901.3688212927757
Bihar,2022,Whole Year,Sugarcane,72142.40557094861
Meghalaya,2019,Rabi,Gram,1072.23113964687
Nagaland,2006,Kharif,Cotton(lint),200.0
Odisha,2010,Autumn,Rice,830.3834808259587
Andhra Pradesh,2011,Kharif,Maize,2810.7922300765276
Chhattisgarh,2017,Kharif,Mesta,1904.0451552210725
Telangana,2001,Whole Year,Sugarcane,65624.63891198057
Rajasthan,2015,Kharif,Sesamum,538.1778492985053
Andhra Pradesh,2007,Kharif,Rice,3177.2692009309544
Karnataka,2012,Kharif,Dry chillies,916.5626706185164
Gujarat,2001,Kharif,Cotton(lint),973.3683849582809
Uttarakhand,2011,Kharif,Rice,2083.6487205293147
Uttarakhand,2024,Whole Year,Garlic,6580.935524326276
Kerala,2014,Whole Year,Wheat,3000.0
Madhya Pradesh,2005,Kharif,Bajra,1490.000328756315
Bihar,2024,Rabi,Gram,1209.1437630898868
Karnataka,2026,Kharif,Rapeseed &Mustard,201.0894389535166
Arunachal Pradesh,2023,Kharif,Sesamum,684.4251895986242
Jammu and Kashmir,2001,Rabi,Rapeseed &Mustard,548.5635158195093
Bihar,2020,Whole Year,Mango,7685.666037538581
Uttar Pradesh,2016,Kharif,Groundnut,904.1941008158446
Nagaland,2022,Kharif,other oilseeds,673.1560586491138
Andhra Pradesh,2017,Kharif,Soyabean,1890.0804289544235
Sikkim,2021,Kharif,other oilseeds,1775.4312429469612
Chhattisgarh,2019,Kharif,Urad,327.26513794821386
Meghalaya,2013,Rabi,Small millets,889.2782060266293
West Bengal,2014,Kharif,Soyabean,700.8403361344538
Maharashtra,2007,Kharif,Niger seed,270.61310782241014
Bihar,2005,Kharif,Jute,10143.167822722799
Maharashtra,2020,Rabi,Onion,18341.50834278912
Rajasthan,2000,Kharif,Sesamum,391.9878332838885
Maharashtra,2024,Kharif,Urad,424.35193041652377
Tamil Nadu,2010,Kharif,Bajra,1544.9687992605607
Kerala,2014,Whole Year,Tapioca,38995.920151537226
Rajasthan,2018,Rabi,Coriander,1047.8538491565773
Sikkim,2025,Rabi,Rapeseed &Mustard,855.4286885542386
Delhi,2017,Kharif,Jowar,948.1412058731646
Tamil Nadu,2001,Kharif,Sesamum,548.5044365995611
Gujarat,2015,Kharif,Maize,1323.4001371023026
Goa,2022,Whole Year,Cashewnut,376.1961032042867
Jharkhand,2017,Kharif,Sunflower,701.4563106796116
Karnataka,2006,Kharif,Sesamum,588.2070387553306
Chhattisgarh,2006,Kharif,Rice,1393.3624884420453
Odisha,2015,Kharif,Arhar/Tur,979.8337976006495
Karnataka,2004,Kharif,Castor seed,867.6652943802391
Madhya Pradesh,2026,Kharif,Ragi,246.91248334073745
Jammu and Kashmir,2022,Rabi,Barley,557.9172400731005
Mizoram,2012,Kharif,Tapioca,7618.181818181818
Madhya Pradesh,2010,Kharif,Sunflower,437.5
Nagaland,2019,Kharif,other oilseeds,603.9215686274509
Karnataka,2023,Rabi,Gram,683.6842779529862
Chhattisgarh,2026,Kharif,Sunflower,200.40515776094486
Karnataka,2025,Rabi,Other  Rabi pulses,817.8921415582917
Chhattisgarh,2008,Kharif,Maize,1407.235220125786
Jammu and Kashmir,2014,Kharif,Masoor,500.0
Punjab,2006,Rabi,Linseed,500.0
Jammu and Kashmir,2008,Rabi,Peas & beans (Pulses),1006.311992786294
Arunachal Pradesh,2004,Kharif,Maize,1454.6296296296296
Haryana,2009,Whole Year,Sweet potato,18644.06779661017
Nagaland,2017,Kharif,other oilseeds,603.2388663967612
Uttarakhand,2019,Kharif,Moong(Green Gram),1000.0
Uttar Pradesh,2009,Kharif,Cotton(lint),168.57775095554214
Assam,2004,Whole Year,Banana,27114.565460613907
Uttarakhand,2016,Kharif,Small millets,1365.4619172742619
Maharashtra,2011,Rabi,Safflower,543.9938791124713
Andhra Pradesh,2016,Kharif,Arecanut,4196.808510638298
Karnataka,2013,Kharif,Ragi,1888.908531405516
Nagaland,2011,Kharif,Cotton(lint),545.4545454545455
Madhya Pradesh,2005,Whole Year,Sweet potato,5482.857827859027
Karnataka,2026,Whole Year,Coriander,795.5108160533708
West Bengal,2017,Kharif,Mesta,10525.3861003861
Chhattisgarh,2018,Kharif,Urad,327.94709384242395
Jharkhand,2020,Rabi,Gram,1115.2872086468656
Gujarat,2009,Rabi,Wheat,2678.018223234624
Mizoram,2009,Kharif,Rice,1399.4478071572687
Puducherry,2025,Rabi,Other  Rabi pulses,1416.033341505271
Punjab,2002,Whole Year,Guar seed,737.012987012987
Karnataka,2023,Whole Year,Mesta,387.78573077811126
Andhra Pradesh,2020,Rabi,Onion,17907.68100877626
Nagaland,2025,Kharif,Peas & beans (Pulses),1416.281240717953
West Bengal,2006,Kharif,Sunflower,1293.4035395641363
Bihar,2018,Kharif,Arhar/Tur,1852.414922231318
Bihar,2025,Rabi,Linseed,931.1957975540869
Assam,2026,Whole Year,Potato,7958.707345438577
Uttarakhand,2009,Rabi,Rapeseed &Mustard,836.854103343465
Jammu and Kashmir,2017,Kharif,Ginger,2040.0
Jammu and Kashmir,2015,Kharif,Maize,1781.8436115402678
Karnataka,2012,Kharif,Ragi,1515.0468182179898
Puducherry,2025,Kharif,Ginger,1019.0148305084745
Gujarat,2005,Whole Year,Potato,27764.57399103139
Uttarakhand,2018,Whole Year,Onion,16068.16143497758
West Bengal,2001,Whole Year,Tobacco,545.3797077587981
Maharashtra,2006,Kharif,Cotton(lint),1486.208117416074
Jammu and Kashmir,2005,Kharif,Jowar,310.07751937984494
Goa,2024,Whole Year,Sugarcane,43170.08512276499
Bihar,2018,Whole Year,Coriander,905.0807404489957
Puducherry,2002,Whole Year,Sugarcane,89912.44635193133
Maharashtra,2004,Kharif,Sesamum,233.8403041825095
Madhya Pradesh,2005,Kharif,Urad,353.71282597480405
Goa,2002,Kharif,Other Kharif pulses,835.820895522388
Maharashtra,2022,Rabi,Gram,999.7127260374797
Arunachal Pradesh,2016,Kharif,Moong(Green Gram),992.2299922299923
Andhra Pradesh,2017,Kharif,Urad,822.634176164898
Madhya Pradesh,2006,Rabi,Rapeseed &Mustard,938.9999946796908
Chhattisgarh,2019,Whole Year,Coriander,278.12718378756114
Karnataka,2004,Whole Year,Banana,12552.064225647378
Tripura,2017,Kharif,Other Kharif pulses,954.5454545454545
Mizoram,2015,Kharif,Cowpea(Lobia),1140.5857740585775
Jammu and Kashmir,2001,Rabi,Wheat,1328.2638133331245
Mizoram,2011,Rabi,Other  Rabi pulses,1907.1815718157181
Arunachal Pradesh,2003,Whole Year,Turmeric,3416.1073825503354
Andhra Pradesh,2004,Kharif,Maize,2450.9793057594816
Bihar,2002,Kharif,Sunflower,1301.9687102328019
Haryana,2023,Kharif,Sunflower,2732.9592842520283
Karnataka,2017,Whole Year,Ginger,25827.959056177617
Haryana,2008,Whole Year,Coriander,2010.0502512562814
Maharashtra,2004,Rabi,Safflower,476.77649861055977
West Bengal,2001,Rabi,Mustard,934.8621940860398
Himachal Pradesh,2017,Kharif,Other Kharif pulses,918.5116851168511
Uttarakhand,2021,Rabi,Rapeseed &Mustard,822.3931080533312
Kerala,2007,Whole Year,Rubber,1484.3871933788178
Chhattisgarh,2008,Kharif,Mesta,1956.8345323741007
Gujarat,2000,Whole Year,Guar seed,217.65988372093022
Chhattisgarh,2018,Whole Year,Onion,5533.8817925958
Madhya Pradesh,2019,Rabi,Rapeseed &Mustard,1538.1236862648668
Odisha,2004,Whole Year,Garlic,3161.7167692864905
Maharashtra,2021,Summer,other oilseeds,639.3806974833155
Himachal Pradesh,2019,Rabi,Barley,1735.5910605763577
Karnataka,2025,Whole Year,Tomato,26510.108091146405
Puducherry,2006,Summer,Jowar,1750.0
Tamil Nadu,2001,Kharif,Sunflower,1291.0549417284699
Gujarat,2020,Rabi,Wheat,4062.5139463223104
Jammu and Kashmir,2007,Rabi,Linseed,568.4647302904565
Madhya Pradesh,2010,Kharif,Cotton(lint),1717.457826598666
Haryana,2010,Whole Year,Potato,22631.324524653563
Assam,2003,Whole Year,Dry chillies,654.2409508373852
Uttarakhand,2024,Rabi,Gram,683.5615223112635
Madhya Pradesh,2026,Rabi,Gram,1648.751685398968
Himachal Pradesh,2015,Kharif,Ginger,6761.423550087873
Assam,2011,Kharif,Maize,801.7561158848664
Madhya Pradesh,2023,Kharif,Urad,759.8450418012173
Tamil Nadu,2004,Kharif,Cotton(lint),1437.4942024056152
Odisha,2001,Kharif,Sesamum,219.90188664611327
Uttarakhand,2023,Kharif,Horse-gram,1118.4773008828897
West Bengal,2024,Rabi,Linseed,307.1890767883628
Karnataka,2025,Whole Year,Tobacco,1111.5159888276535
Telangana,2002,Kharif,Jowar,1224.0784859979033
Rajasthan,2024,Kharif,Maize,4556.368127830916
Goa,2013,Whole Year,Sugarcane,54666.28440366973
Tripura,2010,Kharif,Jute,8520.08032128514
Andhra Pradesh,2015,Kharif,Rapeseed &Mustard,700.0
Andhra Pradesh,2007,Kharif,Maize,4579.961464354528
Uttar Pradesh,2026,Kharif,Ginger,5267.480538275698
Nagaland,2012,Kharif,Urad,1000.0
West Bengal,2015,Kharif,Bajra,295.1807228915663
Odisha,2019,Kharif,Other Kharif pulses,445.9844078703131
Meghalaya,2006,Rabi,Small millets,845.3333333333334
Goa,2025,Whole Year,Banana,15106.766917293233
Uttar Pradesh,2016,Rabi,Mustard,1450.7404843719037
Jammu and Kashmir,2006,Kharif,Turmeric,1000.0
Bihar,2011,Kharif,Jute,11549.515766638258
Chhattisgarh,2012,Rabi,Barley,473.85272145144074
Karnataka,2011,Kharif,Groundnut,579.8787089485494
Sikkim,2003,Kharif,Soyabean,825.1928020565553
Himachal Pradesh,2013,Kharif,Arhar/Tur,323.943661971831
Karnataka,2021,Kharif,Rapeseed &Mustard,183.08715737078958
Andhra Pradesh,2024,Whole Year,Cashewnut,1243.658387609284
Uttar Pradesh,2023,Rabi,Gram,1222.4339106748705
Uttarakhand,2024,Rabi,other oilseeds,837.4052652572796
West Bengal,2014,Kharif,Castor seed,592.5925925925926
Maharashtra,2012,Kharif,Sunflower,411.84971098265896
Himachal Pradesh,2026,Kharif,Moong(Green Gram),745.8445234811642
Nagaland,2019,Kharif,Peas & beans (Pulses),1365.2173913043478
Uttar Pradesh,2018,Rabi,Gram,1271.7795601895934
Andhra Pradesh,2001,Kharif,Turmeric,4974.470874662496
Haryana,2002,Kharif,Urad,172.66187050359713
Madhya Pradesh,2024,Kharif,Other Cereals,58.540182515779584
Jharkhand,2011,Whole Year,Sugarcane,35312.01044386423
Uttar Pradesh,2016,Kharif,Sweet potato,11165.795179186329
Manipur,2004,Kharif,Rice,2472.5199931938064
Gujarat,2013,Rabi,Wheat,3194.9187679575784
Assam,2019,Whole Year,Tobacco,543.859649122807
Karnataka,2016,Rabi,Gram,590.8376639692422
West Bengal,2005,Rabi,Onion,15578.663748313938
Kerala,2024,Whole Year,Small millets,721.5001616553508
West Bengal,2003,Kharif,Small millets,663.2801161103048
Haryana,2013,Kharif,Moth,333.3333333333333
Nagaland,2019,Rabi,Gram,842.1052631578947
Karnataka,2013,Kharif,Niger seed,218.8835189465574
Punjab,2024,Whole Year,Sugarcane,87458.15165282643
Gujarat,2015,Kharif,Moong(Green Gram),505.4110062169008
Maharashtra,2002,Kharif,Ragi,851.2679917751885
Madhya Pradesh,2004,Rabi,Gram,920.0011762726451
Nagaland,2000,Kharif,Sesamum,833.3333333333334
Maharashtra,2018,Summer,Other Summer Pulses,319.2118226600985
Haryana,2016,Whole Year,Garlic,10511.603919546158
Maharashtra,2025,Kharif,Niger seed,74.22822234328797
Meghalaya,2013,Kharif,Banana,12279.016905810484
Rajasthan,2021,Rabi,Coriander,961.6909034696555
Uttarakhand,2007,Kharif,Sunflower,955.5555555555555
Kerala,2014,Whole Year,Cashewnut,653.9968307069284
Puducherry,2026,Rabi,Moong(Green Gram),946.7000461532007
West Bengal,2010,Rabi,Safflower,838.4030418250951
West Bengal,2022,Rabi,Onion,22902.583061183912
Andhra Pradesh,2003,Kharif,Mesta,7945.620764824172
Karnataka,2008,Whole Year,Cotton(lint),2017.1701416053825
Madhya Pradesh,2012,Kharif,Arhar/Tur,692.0000264003748
Puducherry,2014,Summer,Cotton(lint),1914.8936170212767
Haryana,2008,Whole Year,Onion,15008.025682182986
Uttarakhand,2019,Rabi,Barley,1418.650892280161
Tripura,2019,Kharif,Other Kharif pulses,984.1269841269841
West Bengal,2007,Whole Year,Turmeric,2326.5868746637975
Gujarat,2005,Kharif,Moth,516.2689804772234
Tamil Nadu,2011,Whole Year,Tapioca,37662.562885619365
Himachal Pradesh,2009,Kharif,Dry chillies,527.363184079602
Uttarakhand,2018,Kharif,Small millets,1279.9606160248193
Meghalaya,2004,Rabi,Gram,624.2774566473988
Puducherry,2017,Kharif,Dry chillies,10000.0
Meghalaya,2002,Kharif,Rice,1772.1686993001802
Kerala,2002,Kharif,Jowar,509.91831971995333
Meghalaya,2022,Kharif,Soyabean,2612.4395828033576
Assam,2015,Kharif,Maize,3067.3821252638986
Gujarat,2000,Whole Year,Banana,56013.15789473684
Gujarat,2002,Kharif,Bajra,849.1417115649668
Puducherry,2025,Kharif,Sunflower,2420.168067226891
Kerala,2012,Whole Year,Maize,83.33333333333333
Gujarat,2005,Kharif,Other Kharif pulses,524.8447204968944
Manipur,2016,Kharif,Maize,2117.5278622087135
Telangana,2025,Kharif,Maize,7194.069114535997
West Bengal,2026,Rabi,Khesari,1110.234569126024
Gujarat,2006,Whole Year,Mango,5436.599891233412
Haryana,2011,Rabi,Peas & beans (Pulses),867.3026886383348
Chhattisgarh,2006,Whole Year,Sugarcane,2542.3601551745714
Uttar Pradesh,2007,Kharif,Arhar/Tur,890.5249436493496
Chhattisgarh,2007,Kharif,Niger seed,177.95290912628917
Bihar,2015,Rabi,Onion,18630.326129708275
Chhattisgarh,2003,Kharif,Small millets,257.50454096427774
Tamil Nadu,2026,Kharif,Arhar/Tur,1261.5059773090004
Andhra Pradesh,2004,Kharif,Bajra,893.6973430328017
Punjab,2019,Rabi,Gram,1200.0
Madhya Pradesh,2010,Rabi,Masoor,288.7506539484151
Chhattisgarh,2002,Rabi,Rapeseed &Mustard,329.00998020802626
Andhra Pradesh,2006,Kharif,Soyabean,1524.0724661717218
Arunachal Pradesh,2006,Whole Year,Turmeric,3693.6090225563908
Nagaland,2017,Kharif,Cotton(lint),615.3846153846154
Manipur,2009,Kharif,Moong(Green Gram),815.7894736842105
Uttar Pradesh,2010,Kharif,Soyabean,1231.8310631684797
West Bengal,2009,Rabi,Khesari,699.0080705372062
Madhya Pradesh,2017,Rabi,Other  Rabi pulses,904.2082855739316
Madhya Pradesh,2015,Kharif,Groundnut,1111.111111111111
Kerala,2005,Kharif,Groundnut,739.9211882388603
Tripura,2012,Rabi,Rapeseed &Mustard,797.8424015009381
Punjab,2011,Rabi,Wheat,5096.938775510204
Andhra Pradesh,2004,Whole Year,Tobacco,3088.350467585654
Sikkim,2008,Kharif,Rice,1710.0
Himachal Pradesh,2021,Kharif,Sannhamp,10.129235068110374
Jammu and Kashmir,2005,Kharif,Urad,420.3357004519045
Karnataka,2022,Rabi,Other  Rabi pulses,924.3334401028221
Madhya Pradesh,2021,Kharif,Ragi,249.14471433458775
Haryana,2024,Whole Year,Sweet potato,2123.656610125599
West Bengal,2009,Rabi,Horse-gram,501.8786902844874
Jharkhand,2018,Kharif,Groundnut,1032.388933226922
Madhya Pradesh,2007,Kharif,Bajra,1372.0020504755412
Haryana,2008,Rabi,Sunflower,1803.1784841075794
Punjab,2009,Rabi,Gram,1133.3333333333333
Assam,2002,Rabi,Moong(Green Gram),458.87445887445887
Madhya Pradesh,2007,Kharif,Niger seed,226.46789356277884
Andhra Pradesh,2019,Kharif,Arhar/Tur,481.6008617823915
Madhya Pradesh,2006,Rabi,Gram,987.9998436915415
Himachal Pradesh,2020,Rabi,Barley,2876.14937369664
Tamil Nadu,2000,Kharif,Urad,484.9617645074626
Gujarat,2001,Kharif,Moong(Green Gram),455.4631828978622
Maharashtra,2007,Kharif,Moong(Green Gram),555.5387409200969
Assam,2021,Rabi,Rapeseed &Mustard,746.6884492941622
Andhra Pradesh,2024,Rabi,Guar seed,10.035419126328216
Karnataka,2008,Whole Year,Sugarcane,86325.86623977232
Mizoram,2017,Kharif,Maize,1605.0420168067226
Nagaland,2015,Rabi,Gram,844.1558441558442
Jammu and Kashmir,2023,Rabi,Garlic,737.2906460066082
Jharkhand,2025,Rabi,Gram,1292.967968616244
Maharashtra,2025,Rabi,Wheat,1509.1106838654002
Puducherry,2022,Kharif,Tapioca,24155.31760058218
Nagaland,2013,Rabi,Wheat,1823.3333333333333
Uttarakhand,2016,Rabi,Barley,1241.403650297469
Tamil Nadu,2024,Rabi,Rapeseed &Mustard,82.39349234799394
Uttar Pradesh,2001,Kharif,Sesamum,249.810491943478
Madhya Pradesh,2024,Kharif,Sunflower,1086.8732263233753
Madhya Pradesh,2000,Kharif,Groundnut,1052.9986052998606
Mizoram,2021,Rabi,Rapeseed &Mustard,934.3223214528082
Nagaland,2019,Kharif,Rice,2503.407800075729
Andhra Pradesh,2005,Kharif,Rice,2524.4328429346647
Odisha,2014,Autumn,Groundnut,1032.1653102003022
Manipur,2014,Rabi,Masoor,841.0714285714286
West Bengal,2016,Autumn,Small millets,516.210739614995
Nagaland,2003,Kharif,Jute,5500.0
Karnataka,2008,Kharif,Moong(Green Gram),137.34580646130053
Uttar Pradesh,2009,Kharif,Sesamum,103.99066904963547
Uttarakhand,2003,Whole Year,Potato,16305.282172667248
Jammu and Kashmir,2009,Kharif,Peas & beans (Pulses),561.7529880478088
Maharashtra,2015,Rabi,Linseed,245.38518336204774
Uttarakhand,2025,Kharif,Moth,531.7913560222983
Maharashtra,2015,Rabi,Gram,538.605567190469
Tamil Nadu,2023,Kharif,Jowar,1846.6960553937806
West Bengal,2019,Rabi,Gram,1313.4365565188489
Telangana,2015,Kharif,Sesamum,36.88933200398804
Arunachal Pradesh,2024,Whole Year,Potato,7083.260850990178
Jammu and Kashmir,2024,Kharif,Tobacco,495.96022374145434
Tamil Nadu,2020,Whole Year,Mango,7965.587299958611
Punjab,2023,Rabi,Gram,1217.3010087310333
Haryana,2026,Kharif,Castor seed,1061.7601950528924
Chhattisgarh,2017,Kharif,Other Kharif pulses,188.01254220935843
Andhra Pradesh,2016,Kharif,Ginger,2638.59649122807
Jharkhand,2014,Rabi,Onion,5886.10662358643
Punjab,2020,Kharif,Maize,3902.8158737543613
Chhattisgarh,2006,Kharif,Urad,303.98407470942766
Madhya Pradesh,2003,Kharif,Ginger,1240.1815670021708
Goa,2000,Kharif,Groundnut,1575.0
Himachal Pradesh,2012,Kharif,Other Kharif pulses,917.2413793103449
Haryana,2026,Rabi,Mustard,1792.938720231891
Tamil Nadu,2014,Whole Year,Sweet potato,17581.61648177496
Bihar,2023,Rabi,Other  Rabi pulses,1144.0449860618398
Madhya Pradesh,2023,Rabi,Barley,2342.0259775949216
Jammu and Kashmir,2014,Kharif,Rapeseed &Mustard,1761.904761904762
Gujarat,2013,Kharif,Moong(Green Gram),530.6189717550483
Jammu and Kashmir,2023,Rabi,Wheat,1548.662352098179
Uttarakhand,2001,Kharif,Moong(Green Gram),477.6119402985075
Bihar,2015,Kharif,Ragi,1428.5920577617328
Rajasthan,2002,Kharif,Sesamum,324.27658704257414
Manipur,2026,Rabi,Wheat,2801.2121701385113
Maharashtra,2008,Kharif,Other Kharif pulses,317.04545454545456
Nagaland,2008,Rabi,Wheat,1500.0
Telangana,2021,Rabi,Wheat,1218.951473766413
Tripura,2007,Kharif,Cotton(lint),1354.954954954955
Jammu and Kashmir,2017,Kharif,Onion,508.7719298245614
Assam,2004,Kharif,Maize,2300.170189340628
Gujarat,2023,Kharif,Urad,938.6645162112591
Andhra Pradesh,2004,Whole Year,Sugarcane,75114.40516188148
Chhattisgarh,2014,Whole Year,Turmeric,862.2340425531914
Meghalaya,2011,Rabi,Peas & beans (Pulses),1413.1054131054132
Karnataka,2009,Rabi,Dry chillies,2981.4290210890777
Tripura,2023,Kharif,Small millets,905.3832863508229
Puducherry,2026,Kharif,Other Kharif pulses,1685.0393700787401
Odisha,2000,Whole Year,Onion,8372.992700729927
Rajasthan,2006,Kharif,Groundnut,1573.9703783140908
Maharashtra,2001,Whole Year,Banana,22700.842264406056
Telangana,2008,Whole Year,Mango,5199.512548106105
Chhattisgarh,2019,Kharif,Small millets,290.001584534939
Manipur,2024,Rabi,Rapeseed &Mustard,973.213814769411
Bihar,2023,Whole Year,Tobacco,2295.7285387653296
Karnataka,2025,Whole Year,Sannhamp,308.97307872587584
Chhattisgarh,2007,Kharif,Horse-gram,320.9569149254029
Kerala,2019,Whole Year,Gram,756.6666666666666
Tamil Nadu,2017,Kharif,Jowar,1139.261904860556
Bihar,2017,Whole Year,Coriander,907.6034648700673
Puducherry,2026,Kharif,Cashewnut,97.15076071922545
Jammu and Kashmir,2026,Rabi,Rapeseed &Mustard,1071.0248348321204
Nagaland,2016,Rabi,Potato,10005.347593582888
Tripura,2006,Kharif,Sesamum,504.5739046701974
Tripura,2022,Rabi,Gram,761.7462694846619
Tripura,2021,Rabi,Peas & beans (Pulses),913.3818212648447
Assam,2005,Rabi,Mustard,1364.7140763172779
Punjab,2022,Rabi,Wheat,5430.187799708248
Tamil Nadu,2012,Whole Year,Tapioca,31332.033475678552
Kerala,2019,Whole Year,Cashewnut,487.34272394606245
Punjab,2011,Kharif,Sesamum,333.3333333333333
Goa,2017,Whole Year,Sugarcane,51824.17582417582
Bihar,2024,Whole Year,Turmeric,969.0130183172804
Nagaland,2018,Kharif,Niger seed,1120.1210287443268
Arunachal Pradesh,2023,Kharif,Urad,1208.238936716508
Andhra Pradesh,2025,Kharif,Moong(Green Gram),959.4963801393869
Nagaland,2021,Kharif,Moong(Green Gram),1006.5086834851327
Mizoram,2017,Kharif,Tobacco,830.1329394387002
Haryana,2015,Kharif,Sunflower,2559.5238095238096
Kerala,2005,Whole Year,Turmeric,2434.101654846336
Tamil Nadu,2021,Whole Year,Tobacco,1717.6977360254668
Kerala,2006,Whole Year,Cardamom,206.59059039698275
Himachal Pradesh,2013,Rabi,Gram,943.1578947368421
Gujarat,2017,Rabi,Gram,1285.2063001916292
Uttar Pradesh,2017,Rabi,Potato,26201.14485026867
Uttar Pradesh,2001,Kharif,Rice,2117.347692080542
Bihar,2024,Rabi,Peas & beans (Pulses),1083.703574643552
Himachal Pradesh,2021,Whole Year,Sugarcane,24607.485693865863
Gujarat,2023,Rabi,Small millets,1696.296356907568
Maharashtra,2022,Rabi,Rapeseed &Mustard,483.58500155932506
Andhra Pradesh,2026,Whole Year,Potato,13794.315808186304
Andhra Pradesh,2018,Kharif,Niger seed,304.3478260869565
Andhra Pradesh,2007,Kharif,Jowar,1419.5804195804196
Himachal Pradesh,2024,Rabi,Wheat,1819.5839637002962
Gujarat,2004,Kharif,Arhar/Tur,927.6729559748428
Maharashtra,2025,Rabi,Linseed,282.35938958025383
Sikkim,2008,Kharif,Small millets,938.8297872340426
Nagaland,2021,Kharif,Cotton(lint),148.94793669186
Maharashtra,2012,Kharif,Niger seed,307.4441687344913
Maharashtra,2014,Kharif,Niger seed,170.73170731707316
Andhra Pradesh,2006,Rabi,Linseed,274.5583038869258
Manipur,2007,Kharif,Sesamum,494.5054945054945
Goa,2018,Whole Year,Cashewnut,489.0015420883776
Assam,2002,Whole Year,Turmeric,689.12647107575
Manipur,2007,Whole Year,Potato,5230.7692307692305
Rajasthan,2004,Kharif,Cotton(lint),442.6483259730698
Tripura,2010,Kharif,Maize,1323.444050306353
Assam,2012,Kharif,Mesta,5603.0363920517975
Meghalaya,2010,Kharif,Sesamum,537.8787878787879
Madhya Pradesh,2010,Whole Year,Garlic,3293.516034355475
Karnataka,2010,Kharif,Sesamum,566.3022923296896
Goa,2016,Whole Year,Sweet potato,3153.846153846154
Nagaland,2024,Kharif,Other Kharif pulses,1301.521479607079
Jammu and Kashmir,2006,Kharif,Urad,411.17374963862386
Tripura,2009,Rabi,Gram,752.0661157024794
Himachal Pradesh,2001,Rabi,Barley,1386.5371547347804
Andhra Pradesh,2024,Kharif,Cotton(lint),2529.2416509801283
Gujarat,2002,Kharif,Ragi,646.3414634146342
Andhra Pradesh,2024,Kharif,Horse-gram,474.15342665797914
Jharkhand,2021,Rabi,Gram,1105.1007892079695
Maharashtra,2001,Kharif,Jowar,1164.4666629219794
Punjab,2012,Kharif,Maize,3687.022900763359
Puducherry,2016,Summer,Onion,5000.0
Tamil Nadu,2006,Whole Year,Garlic,5945.075757575758
Andhra Pradesh,2025,Kharif,Dry chillies,4896.272522863643
Chhattisgarh,2003,Whole Year,Sannhamp,339.01292596944774
Tamil Nadu,2016,Kharif,Potato,24256.731371321228
Jammu and Kashmir,2003,Rabi,Linseed,560.0
Assam,2016,Rabi,Urad,677.324973876698
Haryana,2022,Rabi,Rapeseed &Mustard,2162.191584032543
Telangana,2014,Kharif,Urad,655.9871039242355
Himachal Pradesh,2023,Rabi,Onion,10048.016727758253
Assam,2001,Kharif,Sesamum,546.4784909757091
Mizoram,2026,Kharif,other oilseeds,10.000888486301058
Bihar,2022,Rabi,Rapeseed &Mustard,1100.8665236315246
Haryana,2005,Whole Year,Sugarcane,64307.43753047058
Kerala,2018,Whole Year,Garlic,4956.184456256285
Karnataka,2015,Whole Year,Cashewnut,647.8695570921324
Chhattisgarh,2002,Rabi,Linseed,291.99692416893413
Tamil Nadu,2006,Whole Year,Cotton(lint),2201.178006557769
Kerala,2000,Whole Year,Tapioca,22571.551972358193
Gujarat,2018,Kharif,Arhar/Tur,1208.872131379572
Kerala,2023,Whole Year,Black pepper,468.3592940856673
Karnataka,2023,Kharif,Rapeseed &Mustard,192.63630368234033
Bihar,2000,Kharif,Groundnut,1104.1666666666667
Gujarat,2015,Kharif,Bajra,1623.0978870319902
Haryana,2023,Rabi,Gram,1171.7578022578452
Maharashtra,2001,Kharif,Small millets,660.9589041095891
Kerala,2021,Whole Year,Cashewnut,238.59850795873152
Meghalaya,2014,Rabi,Onion,8478.957915831663
Karnataka,2006,Whole Year,Tapioca,8428.220858895706
Karnataka,2015,Rabi,Other  Rabi pulses,632.8172303433959
Meghalaya,2004,Kharif,Ginger,5111.47256560399
Kerala,2002,Whole Year,Banana,7577.225695192929
Telangana,2015,Rabi,Linseed,428.57142857142856
Arunachal Pradesh,2016,Whole Year,Sugarcane,21400.0
Karnataka,2007,Kharif,Horse-gram,511.9686421575472
West Bengal,2007,Rabi,Arhar/Tur,810.3919781221513
Bihar,2005,Whole Year,Sugarcane,41884.01173414458
West Bengal,2012,Kharif,Moong(Green Gram),767.6848874598071
Jammu and Kashmir,2011,Kharif,Horse-gram,294.6708463949843
Sikkim,2013,Rabi,Rapeseed &Mustard,831.4496314496314
Andhra Pradesh,2008,Rabi,Wheat,1126.6895594359612
Punjab,2023,Kharif,Moong(Green Gram),1063.4610088124691
Andhra Pradesh,2017,Rabi,Rapeseed &Mustard,457.6666666666667
Himachal Pradesh,2006,Kharif,Moth,250.0
Himachal Pradesh,2002,Whole Year,Sugarcane,1588.8585099111415
Bihar,2001,Kharif,Ginger,1389.0784982935154
Uttarakhand,2015,Rabi,Peas & beans (Pulses),936.3837045956251
Haryana,2008,Rabi,Wheat,4615.222107563926
Manipur,2011,Kharif,Other Kharif pulses,1110.88295687885
Bihar,2005,Kharif,Groundnut,493.96267837541166
Telangana,2008,Kharif,Rice,2798.006434653826
Chhattisgarh,2017,Kharif,Groundnut,1263.9533968353933
Assam,2010,Kharif,Arhar/Tur,714.3057306991733
Manipur,2001,Whole Year,Dry chillies,600.0
Uttarakhand,2010,Rabi,Rapeseed &Mustard,812.445707968096
Himachal Pradesh,2008,Rabi,Onion,5942.01030927835
Madhya Pradesh,2015,Whole Year,Garlic,10829.971373868739
Haryana,2016,Rabi,Gram,1170.7317073170732
Rajasthan,2009,Kharif,Cotton(lint),444.4288722742413
Maharashtra,2005,Whole Year,Sugarcane,77518.8735769922
Gujarat,2009,Kharif,Moth,257.77777777777777
Chhattisgarh,2005,Whole Year,Onion,5622.187913542126
Manipur,2000,Whole Year,Potato,5231.660231660232
Gujarat,2025,Whole Year,Sugarcane,59372.01092787193
West Bengal,2016,Kharif,Urad,691.6081782117791
Himachal Pradesh,2025,Rabi,Gram,869.6809484853295
Telangana,2022,Kharif,Sesamum,467.9313459801264
Goa,2013,Whole Year,Cashewnut,434.9971395881007
Haryana,2004,Rabi,Mustard,1313.4140316781793
Meghalaya,2014,Summer,Potato,11204.503417772417
Telangana,2007,Kharif,Groundnut,1821.1000120160597
Assam,2024,Rabi,Rapeseed &Mustard,725.902517006908
Assam,2001,Kharif,Small millets,519.2216981132076
Arunachal Pradesh,2003,Whole Year,Ginger,7943.803418803419
Jammu and Kashmir,2018,Kharif,Small millets,461.3297150610583
Gujarat,2026,Kharif,Moong(Green Gram),892.2350732083819
Maharashtra,2000,Whole Year,Banana,19904.318005800447
Gujarat,2015,Kharif,Ragi,780.5042890564076
Manipur,2026,Whole Year,Banana,14914.959071726702
Bihar,2017,Rabi,Peas & beans (Pulses),1030.845044716189
Uttar Pradesh,2011,Summer,Banana,43688.73563218391
Tripura,2016,Rabi,Other  Rabi pulses,850.9090909090909
Assam,2013,Rabi,Rapeseed &Mustard,605.2488305287515
Chhattisgarh,2018,Rabi,Khesari,699.0023421313396
Manipur,2025,Kharif,Sesamum,229.16468053463495
West Bengal,2002,Autumn,Sesamum,561.487130600572
Karnataka,2001,Kharif,Other Kharif pulses,310.37797684072535
Mizoram,2015,Kharif,Cotton(lint),437.5
Meghalaya,2000,Kharif,Arhar/Tur,742.757821552723
Sikkim,2017,Kharif,Maize,1767.3305944146862
Puducherry,2024,Rabi,Coriander,981.9494584837545
Uttar Pradesh,2000,Rabi,Mustard,1230.6435551624531
Karnataka,2007,Whole Year,Garlic,1033.4148329258353
Uttar Pradesh,2018,Kharif,Urad,555.3629435881309
Manipur,2000,Kharif,Other Kharif pulses,511.73708920187795
Jharkhand,2016,Rabi,Wheat,2023.5128312624322
Uttarakhand,2012,Kharif,Ragi,1393.7991343520891
Madhya Pradesh,2010,Whole Year,Banana,53476.055294988895
Tamil Nadu,2019,Kharif,Other Cereals,1461.7863720073665
Bihar,2006,Rabi,Wheat,2001.0049467262668
Goa,2023,Whole Year,Sweet potato,1364.5959508565495
Jammu and Kashmir,2017,Rabi,Other  Rabi pulses,348.59154929577466
Jammu and Kashmir,2006,Kharif,Other Cereals,357.0402298850575
Telangana,2017,Kharif,Sugarcane,74412.9875936068
Uttarakhand,2003,Kharif,Moth,500.0
Haryana,2023,Rabi,Wheat,4669.110490917593
Kerala,2014,Autumn,Rice,2523.8273862552946
Punjab,2004,Rabi,Mustard,1211.5832419164597
Tamil Nadu,2012,Kharif,Sunflower,1054.9063253570766
Karnataka,2017,Whole Year,Tapioca,8366.621067031463
Odisha,2002,Kharif,Sesamum,161.53297600699318
Madhya Pradesh,2017,Kharif,Small millets,981.8143957798293
Maharashtra,2007,Whole Year,Banana,27273.600913651146
Kerala,2024,Whole Year,Moong(Green Gram),10.032715376226825
Chhattisgarh,2014,Rabi,Barley,1079.9041150619257
Madhya Pradesh,2015,Kharif,Niger seed,285.4625
Gujarat,2009,Kharif,Arhar/Tur,905.8514628657165
Assam,2003,Whole Year,Turmeric,687.4030533104743
Chhattisgarh,2011,Whole Year,Onion,5176.381529144587
Bihar,2026,Rabi,Rapeseed &Mustard,1447.3970387488957
Nagaland,2004,Kharif,Small millets,1000.0
Punjab,2021,Kharif,Urad,746.6965641442141
Haryana,2005,Rabi,Gram,554.7764713134333
Madhya Pradesh,2015,Whole Year,Dry chillies,3581.4146913451805
Karnataka,2005,Kharif,Small millets,514.9503567807473
Madhya Pradesh,2023,Rabi,Mustard,1732.0999062722826
Punjab,2002,Rabi,Mustard,1122.016424521636
Bihar,2013,Whole Year,Tobacco,1900.8755988765902
Arunachal Pradesh,2011,Kharif,Small millets,1000.0
Chhattisgarh,2007,Rabi,Gram,872.1343792352868
Chhattisgarh,2005,Kharif,Sunflower,366.51699807568957
Karnataka,2014,Kharif,Arhar/Tur,651.1022594602019
Puducherry,2016,Kharif,Tapioca,20477.707006369426
Mizoram,2010,Kharif,Potato,8698.795180722891
Madhya Pradesh,2014,Whole Year,Sesamum,524.9266862170088
Himachal Pradesh,2011,Kharif,Soyabean,1784.5303867403316
Goa,2000,Kharif,Rice,2355.317073170732
West Bengal,2012,Kharif,Cotton(lint),3722.488038277512
Uttar Pradesh,2017,Rabi,Mustard,1631.8512480838917
Andhra Pradesh,2018,Kharif,Other Kharif pulses,330.07334963325184
Andhra Pradesh,2003,Kharif,Horse-gram,406.2278839348903
Uttarakhand,2021,Kharif,Moong(Green Gram),895.2038100288607
Karnataka,2007,Kharif,Onion,5960.945988362267
Maharashtra,2023,Rabi,Onion,19555.7862852589
Maharashtra,2018,Whole Year,Tobacco,1745.6521739130435
Tamil Nadu,2005,Kharif,Ragi,1327.7079629127365
Tamil Nadu,2021,Whole Year,Mango,7870.62290700423
Jharkhand,2026,Kharif,Soyabean,750.4524614879728
Jammu and Kashmir,2003,Kharif,other oilseeds,428.57142857142856
Uttarakhand,2011,Kharif,Soyabean,1594.292666740405
Tamil Nadu,2020,Kharif,Bajra,1879.4558609789715
Andhra Pradesh,2026,Rabi,Other  Rabi pulses,1661.8734333974362
Jharkhand,2025,Whole Year,Sugarcane,75239.1962487855
Telangana,2023,Kharif,Moong(Green Gram),974.5659039608735
Haryana,2024,Kharif,Cotton(lint),3893.051585395798
West Bengal,2013,Rabi,Safflower,826.271186440678
Bihar,2012,Rabi,Safflower,807.6923076923077
West Bengal,2003,Rabi,Horse-gram,436.0479334800685
Uttar Pradesh,2010,Kharif,Sugarcane,56730.961714944584
Bihar,2022,Kharif,Jute,20087.81262201345
Odisha,2006,Autumn,Moong(Green Gram),228.96764252696457
Punjab,2020,Rabi,Wheat,4519.631804262489
Nagaland,2025,Kharif,other oilseeds,551.4858626035958
Jharkhand,2018,Kharif,Niger seed,548.3870967741935
Maharashtra,2016,Rabi,Rapeseed &Mustard,359.2548467453699
Manipur,2005,Kharif,Peas & beans (Pulses),510.0182149362477
Madhya Pradesh,2026,Kharif,Soyabean,1085.5383523040487
Gujarat,2014,Kharif,Soyabean,776.8704670353335
Bihar,2004,Whole Year,Sugarcane,39464.070103369835
Mizoram,2002,Kharif,Maize,2006.0966758600669
Madhya Pradesh,2000,Rabi,Barley,1117.0027564195561
Arunachal Pradesh,2016,Kharif,Urad,864.0429338103756
Madhya Pradesh,2013,Rabi,Rapeseed &Mustard,927.9999430244069
Assam,2019,Kharif,Sesamum,709.5701338654694
West Bengal,2017,Autumn,Groundnut,1298.1090100111235
Madhya Pradesh,2006,Kharif,Niger seed,222.50278221997775
Maharashtra,2022,Summer,other oilseeds,510.52340511559294
Maharashtra,2013,Kharif,Bajra,1034.53256302521
West Bengal,2005,Rabi,Barley,1248.4394506866417
Madhya Pradesh,2009,Whole Year,Rice,850.9727438387869
Bihar,2026,Rabi,Other  Rabi pulses,1108.2181910655252
Goa,2017,Kharif,Other Kharif pulses,958.974358974359
Tamil Nadu,2011,Whole Year,Garlic,5755.656108597285
Meghalaya,2025,Kharif,Soyabean,3219.575464919088
Chhattisgarh,2024,Rabi,Peas & beans (Pulses),411.66985543586117
Sikkim,2000,Rabi,Rapeseed &Mustard,683.6805555555555
Haryana,2023,Rabi,Masoor,887.3890838970157
Andhra Pradesh,2019,Kharif,Bajra,2296.670572153876
Andhra Pradesh,2023,Kharif,Horse-gram,452.5921000435913
Sikkim,2023,Kharif,Rice,1545.1174967801871
Uttar Pradesh,2013,Kharif,Arhar/Tur,902.6622849616157
Himachal Pradesh,2021,Rabi,Wheat,1518.4023864380633
Karnataka,2025,Rabi,Linseed,249.20522610386354
Andhra Pradesh,2007,Kharif,Mesta,8789.473684210527
Himachal Pradesh,2023,Kharif,Maize,2694.3880989468507
Nagaland,2026,Kharif,Niger seed,1028.6706315796564
Kerala,2014,Whole Year,Garlic,8333.333333333334
Telangana,2023,Kharif,Horse-gram,747.8279779225217
Andhra Pradesh,2012,Rabi,Other  Rabi pulses,610.1669195751138
Goa,2016,Kharif,Rice,2790.770901194354
Arunachal Pradesh,2008,Kharif,Small millets,849.9685562842512
Mizoram,2024,Kharif,Rice,1854.7303731907027
Uttar Pradesh,2024,Kharif,Moong(Green Gram),656.8410717193208
Uttarakhand,2005,Whole Year,Sugarcane,61585.50506737944
Andhra Pradesh,2000,Kharif,Urad,284.6021544310673
Tamil Nadu,2006,Kharif,Small millets,1166.4263215817236
Chhattisgarh,2003,Rabi,Other  Rabi pulses,325.49317147192716
Punjab,2006,Rabi,Gram,1000.0
Gujarat,2012,Kharif,Arhar/Tur,1184.5681718544497
Punjab,2001,Kharif,Maize,2721.212121212121
Kerala,2000,Kharif,Groundnut,743.2689692684254
Maharashtra,2024,Kharif,Rice,2212.935268907322
Sikkim,2007,Kharif,Maize,1486.5476489816444
Nagaland,2016,Kharif,Bajra,1014.4927536231884
Meghalaya,2025,Whole Year,Black pepper,857.0316435407794
Uttarakhand,2026,Rabi,Barley,1399.9204558167546
Meghalaya,2021,Rabi,Gram,1292.249668912305
Haryana,2005,Rabi,Peas & beans (Pulses),1145.0381679389313
Nagaland,2014,Kharif,Soyabean,1254.4426494345719
Uttarakhand,2000,Whole Year,Turmeric,256.57894736842104
West Bengal,2012,Rabi,Masoor,954.9717107936607
Haryana,2017,Kharif,Bajra,1602.803738317757
Sikkim,2014,Kharif,Soyabean,949.0147783251232
Karnataka,2025,Kharif,Maize,3479.3895364722766
Himachal Pradesh,2000,Kharif,Moong(Green Gram),281.25
Nagaland,2010,Rabi,Wheat,1711.5384615384614
Uttar Pradesh,2002,Whole Year,Potato,23175.21208967717
Haryana,2012,Kharif,Sannhamp,371.79487179487177
Uttarakhand,2018,Kharif,Moong(Green Gram),1000.0
Jammu and Kashmir,2023,Kharif,Groundnut,750.8361204013378
Meghalaya,2016,Kharif,Soyabean,1892.972972972973
Chhattisgarh,2025,Rabi,Gram,1143.9389143313679
Assam,2011,Whole Year,Banana,15329.184450097766
Kerala,2001,Whole Year,Sugarcane,82577.28803183348
Tamil Nadu,2015,Kharif,Onion,9640.60450883657
Goa,2017,Whole Year,Sweet potato,2109.090909090909
Nagaland,2025,Kharif,Sweet potato,9591.419178970877
Chhattisgarh,2005,Rabi,Peas & beans (Pulses),351.6726891246066
Uttarakhand,2023,Rabi,Masoor,856.1118193893388
Maharashtra,2019,Whole Year,Mango,8516.48496092085
Gujarat,2001,Rabi,Rapeseed &Mustard,1182.1125050586807
Rajasthan,2008,Rabi,Mustard,1303.874553635893
Meghalaya,2004,Whole Year,Dry chillies,706.6160520607375
Telangana,2022,Rabi,Linseed,212.65141318977118
Tamil Nadu,2017,Kharif,Cowpea(Lobia),718.2236481067162
Nagaland,2015,Rabi,Urad,817.0731707317074
Jharkhand,2017,Rabi,Other  Rabi pulses,697.0108037401288
Nagaland,2025,Kharif,Cardamom,10.005265929436547
Karnataka,2018,Rabi,Safflower,585.957696827262
Nagaland,2024,Kharif,Ginger,9572.222471339102
Chhattisgarh,2013,Whole Year,Cotton(lint),1428.5714285714287
Nagaland,2005,Kharif,Soyabean,1200.3000750187548
Assam,2005,Rabi,Rapeseed &Mustard,456.49523935031135
Chhattisgarh,2005,Kharif,Castor seed,315.7894736842105
Meghalaya,2003,Whole Year,Sweet potato,3300.2266639192253
Madhya Pradesh,2021,Rabi,Khesari,972.3668570893553
West Bengal,2026,Rabi,Other  Rabi pulses,1165.5566894032977
Telangana,2023,Kharif,Turmeric,8334.887630100397
Chhattisgarh,2026,Whole Year,Sweet potato,5928.280852889725
Jharkhand,2019,Kharif,Sunflower,523.489932885906
Tripura,2004,Kharif,Jute,7922.290388548057
Karnataka,2014,Rabi,Linseed,312.03980099502485
Uttar Pradesh,2000,Kharif,Moong(Green Gram),301.76807620654506
Andhra Pradesh,2008,Kharif,Small millets,538.6088277045988
Manipur,2023,Whole Year,Onion,2049.1609162549507
Tamil Nadu,2009,Whole Year,Tapioca,34468.17028664863
Haryana,2002,Rabi,Sunflower,1495.7264957264956
Mizoram,2023,Rabi,Onion,7376.091336467428
Punjab,2021,Rabi,Gram,1274.129291933629
Punjab,2014,Rabi,Potato,24263.204147538952
Telangana,2019,Kharif,Coriander,937.5
Andhra Pradesh,2017,Kharif,Sesamum,219.95987218547967
Madhya Pradesh,2022,Kharif,Small millets,799.6754408899664
Uttarakhand,2022,Kharif,Sunflower,788.329055788194
Jammu and Kashmir,2026,Kharif,Other Cereals,1930.5195926117729
Manipur,2021,Rabi,Wheat,2832.027123948621
Uttar Pradesh,2017,Kharif,Moong,876.8911167684547
Madhya Pradesh,2002,Whole Year,Dry chillies,719.9735931524312
Uttar Pradesh,2016,Kharif,Maize,1876.403783667088
Jharkhand,2018,Rabi,Other  Rabi pulses,700.6277160791888
Arunachal Pradesh,2018,Kharif,Rice,1801.7867867867867
Tamil Nadu,2001,Whole Year,Tapioca,21608.738089005128
Madhya Pradesh,2006,Whole Year,Banana,31621.326503100565
Uttar Pradesh,2003,Kharif,Jowar,993.0305463292101
Maharashtra,2013,Kharif,Soyabean,1213.8668712179324
Karnataka,2021,Kharif,Onion,10800.076747827963
West Bengal,2008,Rabi,Khesari,627.6177774573766
Manipur,2001,Kharif,Maize,1994.0711462450593
Puducherry,2012,Kharif,Tapioca,23861.878453038673
Uttarakhand,2018,Kharif,Arhar/Tur,803.68865270397
Gujarat,2013,Kharif,Arhar/Tur,995.6782770286368
Manipur,2008,Kharif,Arhar/Tur,1118.095238095238
Jammu and Kashmir,2014,Kharif,Urad,330.7815968766746
Tamil Nadu,2020,Rabi,Onion,18670.650315274324
Himachal Pradesh,2026,Rabi,Masoor,926.6658470617162
Uttar Pradesh,2009,Kharif,Jowar,887.9178535522789
Mizoram,2013,Kharif,Tapioca,8026.905829596412
Gujarat,2012,Kharif,Rice,2095.3869047619046
Jammu and Kashmir,2022,Kharif,Ginger,1853.9435248296008
Punjab,2004,Kharif,Rice,3727.5
Karnataka,2011,Kharif,Moong(Green Gram),254.17936346707296
Telangana,2021,Rabi,Gram,1386.5303840288168
West Bengal,2006,Rabi,Barley,916.4325842696629
Assam,2013,Whole Year,Sugarcane,36969.05408657979
Punjab,2016,Rabi,Rapeseed &Mustard,1413.249211356467
Uttarakhand,2013,Whole Year,Garlic,6426.410337220296
Nagaland,2008,Rabi,Other  Rabi pulses,633.9285714285714
Karnataka,2024,Kharif,Onion,10337.861823909165
Assam,2006,Whole Year,Tobacco,534.6358792184725
Uttar Pradesh,2022,Rabi,Barley,3045.358532296029
West Bengal,2018,Kharif,Soyabean,802.8846153846154
Puducherry,2024,Kharif,Arecanut,1603.4021105685933
Gujarat,2013,Kharif,Other Kharif pulses,470.1963177703184
Andhra Pradesh,2018,Kharif,Moong(Green Gram),293.55488418932526
Gujarat,2019,Rabi,Other  Rabi pulses,748.4912280701755
Madhya Pradesh,2026,Whole Year,Potato,22731.1926122064
Karnataka,2003,Whole Year,Sugarcane,65814.80309524495
Bihar,2025,Kharif,Horse-gram,1058.6642652226712
Haryana,2015,Kharif,Horse-gram,500.0
Kerala,2018,Whole Year,Cashewnut,403.16487651318977
Sikkim,2008,Kharif,Soyabean,877.7777777777778
Tamil Nadu,2016,Whole Year,Banana,33286.83525106327
Jammu and Kashmir,2025,Kharif,other oilseeds,791.2130637636081
Delhi,2008,Rabi,Gram,1458.3333333333333
Gujarat,2004,Kharif,Bajra,1020.5168159979223
Nagaland,2017,Kharif,Castor seed,685.7142857142857
Andhra Pradesh,2023,Kharif,Soyabean,1999.3073456405239
Haryana,2010,Kharif,Sesamum,428.3965728274174
West Bengal,2007,Kharif,Soyabean,600.7462686567164
Nagaland,2026,Kharif,Jute,1159.2478910970494
Kerala,2012,Whole Year,Cashewnut,728.0075260146681
Uttar Pradesh,2018,Kharif,Bajra,2029.4767794653733
Andhra Pradesh,2017,Kharif,Jowar,1017.8252518785591
Andhra Pradesh,2005,Kharif,Moong(Green Gram),486.9720867283963
Odisha,2019,Autumn,Jute,2170.0680272108843
Rajasthan,2016,Kharif,Cotton(lint),504.6146959994066
Uttar Pradesh,2014,Kharif,Maize,1778.14651966779
Andhra Pradesh,2012,Kharif,Jowar,1563.106796116505
Delhi,2010,Rabi,Wheat,4339.955301713434
Meghalaya,2017,Rabi,Cashewnut,1416.212599177899
Kerala,2022,Whole Year,Small millets,664.0243902439025
Gujarat,2025,Kharif,Castor seed,2654.8274492320584
Mizoram,2001,Kharif,Sesamum,436.8883312421581
Puducherry,2002,Whole Year,Tapioca,30885.58352402746
Gujarat,2006,Whole Year,Guar seed,404.4943820224719
Uttar Pradesh,2005,Whole Year,Onion,12853.808498139808
Rajasthan,2023,Rabi,Coriander,892.6250940632104
Andhra Pradesh,2010,Kharif,Sesamum,169.46210268948656
Tamil Nadu,2007,Whole Year,Potato,16765.617314313822
Punjab,2015,Kharif,Guar seed,688.0658436213992
Haryana,2000,Rabi,Sunflower,1196.1722488038276
Assam,2017,Kharif,Jute,12029.145096244602
Madhya Pradesh,2005,Kharif,Niger seed,221.66394903492474
Gujarat,2002,Rabi,Other  Rabi pulses,523.8095238095239
Odisha,2019,Kharif,Ginger,13351.2252042007
Haryana,2024,Kharif,Groundnut,1548.1189103510435
West Bengal,2024,Summer,Potato,20759.471827400856
West Bengal,2012,Rabi,Linseed,349.90887789638117
Madhya Pradesh,2015,Kharif,Arhar/Tur,1108.4113597246128
Jammu and Kashmir,2007,Kharif,Turmeric,1000.0
Bihar,2019,Kharif,Soyabean,754.030612244898
Karnataka,2016,Kharif,Groundnut,498.6389298283763
Kerala,2009,Whole Year,Black pepper,247.59605572369074
Gujarat,2026,Rabi,Wheat,3396.3108436257935
Delhi,2014,Kharif,Rice,2861.4747307373655
Uttarakhand,2015,Kharif,Bajra,1000.0
Puducherry,2016,Rabi,Dry chillies,6500.0
Himachal Pradesh,2001,Rabi,Other  Rabi pulses,600.0
Assam,2020,Kharif,Jute,2564.3711222480083
Meghalaya,2016,Rabi,Arecanut,1315.6129741616273
Maharashtra,2009,Kharif,Niger seed,212.12121212121212
Haryana,2014,Rabi,Masoor,800.0
Madhya Pradesh,2024,Whole Year,Sannhamp,1266.4151766038415
Uttarakhand,2023,Kharif,Groundnut,1252.8326319197151
Goa,2023,Kharif,Rice,2959.4169377027374
Tamil Nadu,2019,Kharif,Horse-gram,695.7769577695777
Chhattisgarh,2006,Kharif,Soyabean,995.2228805409933
Arunachal Pradesh,2014,Kharif,Maize,1562.5
Gujarat,2022,Whole Year,Garlic,6238.921334933513
Madhya Pradesh,2012,Whole Year,Sesamum,501.0017127731354
Andhra Pradesh,2017,Kharif,Potato,10411.378555798687
Bihar,2006,Rabi,Lentil,862.6932091977383
Goa,2001,Kharif,Rice,2414.6766017223476
Andhra Pradesh,2004,Kharif,Sunflower,609.609842979442
West Bengal,2007,Kharif,Garlic,9879.320445225541
Haryana,2014,Whole Year,Coriander,1802.4007386888272
Madhya Pradesh,2010,Rabi,Khesari,569.0007957258156
Meghalaya,2022,Whole Year,Cashewnut,1615.675771393156
Rajasthan,2011,Rabi,Coriander,842.1880461832698
Chhattisgarh,2011,Kharif,Ragi,252.08742632612967
Tamil Nadu,2015,Rabi,Gram,651.3535684987695
Assam,2024,Kharif,Maize,3517.224365319326
Kerala,2020,Whole Year,Banana,34168.74948623784
Maharashtra,2002,Kharif,Arhar/Tur,733.1823756958204
Andhra Pradesh,2002,Whole Year,Tapioca,6049.17034556249
Chhattisgarh,2019,Whole Year,Dry chillies,600.0407083248524
Gujarat,2018,Kharif,Sesamum,462.20008488752404
Mizoram,2023,Rabi,Masoor,912.1503496503497
Tripura,2017,Rabi,Wheat,2030.7692307692307
West Bengal,2014,Autumn,Ragi,1095.487311148415
Tamil Nadu,2018,Kharif,Moong(Green Gram),674.1298142862438
Chhattisgarh,2016,Kharif,Sesamum,410.9768049656975
Haryana,2007,Kharif,Castor seed,905.6244041944709
Bihar,2016,Whole Year,Coriander,893.4081346423562
West Bengal,2012,Rabi,Khesari,1239.9957877000843
Puducherry,2008,Rabi,Other  Rabi pulses,909.0909090909091
Jammu and Kashmir,2009,Kharif,Horse-gram,289.90411731528485
Punjab,2018,Kharif,Cotton(lint),4564.389697648377
Karnataka,2023,Kharif,Horse-gram,507.61503864884924
Bihar,2002,Kharif,Mesta,6006.241885548787
Assam,2008,Whole Year,Black pepper,1516.062481579723
Puducherry,2009,Kharif,Urad,322.5806451612903
Himachal Pradesh,2022,Whole Year,Sugarcane,21013.225009809128
Kerala,2019,Whole Year,Banana,9038.28405682455
Uttarakhand,2026,Rabi,other oilseeds,740.1330854818287
Andhra Pradesh,2013,Kharif,Groundnut,626.9158768350751
Telangana,2016,Kharif,Banana,46228.62571247625
Karnataka,2008,Whole Year,Tapioca,9706.422018348623
Tamil Nadu,2009,Whole Year,Jowar,930.7435549069927
Uttarakhand,2003,Kharif,Moong(Green Gram),384.61538461538464
Maharashtra,2004,Kharif,Niger seed,308.1180811808118
Chhattisgarh,2021,Kharif,Sesamum,460.4798189011482
Goa,2002,Kharif,Rice,2670.540796963947
Himachal Pradesh,2019,Kharif,Dry chillies,473.41337907375646
Madhya Pradesh,2012,Rabi,Mustard,1245.1168465074827
Haryana,2000,Kharif,Arhar/Tur,787.1840905952216
Jammu and Kashmir,2022,Kharif,Small millets,497.4943515016121
Jharkhand,2008,Autumn,Maize,1059.1190735104753
Telangana,2012,Kharif,Cotton(lint),473.8569184450374
Maharashtra,2004,Kharif,Small millets,556.0
Karnataka,2003,Whole Year,Coriander,152.23804027189945
Kerala,2023,Kharif,Cotton(lint),1584.3541547846357
Uttar Pradesh,2016,Kharif,Sannhamp,234.0696686491079
Tripura,2011,Kharif,Groundnut,1073.0593607305937
Manipur,2016,Whole Year,Sugarcane,58000.0
Karnataka,2016,Kharif,Sesamum,635.9907715970264
Chhattisgarh,2021,Kharif,Niger seed,738.4622209524005
Uttarakhand,2017,Whole Year,Turmeric,2255.0
Manipur,2010,Kharif,Other Kharif pulses,1116.551724137931
Chhattisgarh,2026,Whole Year,Onion,6677.121075768356
Tamil Nadu,2010,Whole Year,Banana,28130.702783921657
Nagaland,2007,Rabi,Rapeseed &Mustard,725.2268602540835
Bihar,2004,Kharif,Urad,745.8681135225376
Delhi,2016,Kharif,Maize,5117.64705882353
Bihar,2015,Kharif,Sesamum,867.8286129266521
West Bengal,2026,Rabi,Masoor,756.773624929251
Tamil Nadu,2016,Whole Year,Tobacco,1525.2918287937744
Jharkhand,2007,Autumn,Rice,892.9149545035687
Nagaland,2024,Kharif,Sesamum,461.54986472964464
Chhattisgarh,2022,Rabi,Peas & beans (Pulses),377.00969335513247
Andhra Pradesh,2005,Whole Year,Arecanut,798.6348122866895
Nagaland,2004,Kharif,Moong(Green Gram),646.1538461538462
Uttarakhand,2007,Kharif,Horse-gram,778.2468614598378
Chhattisgarh,2000,Kharif,Ragi,235.1783957793079
Delhi,2021,Rabi,Gram,2627.2801524639262
Uttar Pradesh,2012,Kharif,Sweet potato,12946.785714285714
Madhya Pradesh,2004,Rabi,Wheat,1747.7575348928717
Bihar,2008,Kharif,Sesamum,802.4369016536118
Karnataka,2021,Whole Year,Banana,35402.81799777955
Telangana,2015,Rabi,Wheat,3413.1663974151857
Karnataka,2017,Whole Year,Banana,26752.336509229393
Karnataka,2007,Whole Year,Sannhamp,247.5
Kerala,2013,Whole Year,Arecanut,1000.09999200064
Arunachal Pradesh,2014,Kharif,Small millets,1038.4615384615386
Andhra Pradesh,2015,Kharif,Oilseeds total,2289.4905616636797
Maharashtra,2000,Kharif,Jowar,1255.916230366492
Arunachal Pradesh,2025,Kharif,Rice,1916.19436473722
Madhya Pradesh,2008,Kharif,Arhar/Tur,795.0000163312767
Delhi,2001,Kharif,Cotton(lint),1000.0
Tamil Nadu,2004,Whole Year,Sweet potato,15116.678596993557
Nagaland,2018,Kharif,Arhar/Tur,909.6573208722741
Gujarat,2007,Whole Year,Guar seed,661.899897854954
Himachal Pradesh,2018,Kharif,Sesamum,449.54128440366975
Gujarat,2007,Whole Year,Potato,24835.408022130014
Rajasthan,2011,Rabi,Barley,2224.205354304327
Nagaland,2001,Rabi,Gram,1000.0
Puducherry,2008,Kharif,Groundnut,1954.0229885057472
Uttarakhand,2003,Rabi,Rapeseed &Mustard,799.12315663611
Bihar,2026,Rabi,Gram,1408.1720482562966
Himachal Pradesh,2002,Whole Year,Dry chillies,103.94265232974911
Andhra Pradesh,2015,Kharif,Soyabean,1476.0330578512396
Telangana,2013,Rabi,Linseed,489.0829694323144
Maharashtra,2009,Kharif,Ragi,904.3261231281198
Uttar Pradesh,2017,Rabi,Rapeseed &Mustard,1391.6989392401595
Puducherry,2021,Rabi,Coriander,786.7647058823529
Gujarat,2024,Whole Year,Mango,8246.29730291145
Telangana,2023,Kharif,other oilseeds,63715.399841851475
Karnataka,2000,Kharif,Horse-gram,573.8365882723406
Telangana,2021,Kharif,Onion,24900.093797211863
Mizoram,2013,Autumn,Rice,1134.2287809835195
Arunachal Pradesh,2016,Kharif,Maize,1500.0
Chhattisgarh,2010,Kharif,Jowar,1432.3426573426573
West Bengal,2023,Whole Year,Arecanut,1301.6569839459335
Bihar,2013,Rabi,Khesari,1115.6832666487435
Karnataka,2005,Kharif,Other Kharif pulses,324.20259699212477
Bihar,2014,Rabi,Onion,17011.997774276893
Chhattisgarh,2009,Rabi,Barley,765.1540245114277
Tripura,2008,Kharif,Moong(Green Gram),524.4215938303342
Manipur,2009,Kharif,Maize,1855.191256830601
Karnataka,2022,Kharif,Castor seed,591.0452100596017
Andhra Pradesh,2001,Kharif,Maize,2921.228442848551
Nagaland,2016,Kharif,Sweet potato,8514.124293785311
Telangana,2026,Kharif,Onion,25712.93004382663
West Bengal,2014,Rabi,Linseed,364.2021878536401
West Bengal,2003,Whole Year,Cardamom,244.95476687543493
Telangana,2015,Kharif,Banana,47840.54669703873
Puducherry,2014,Rabi,Other Kharif pulses,1500.0
Sikkim,2023,Rabi,Rapeseed &Mustard,1023.203709814683
Haryana,2001,Kharif,Moong(Green Gram),227.6064610866373
Karnataka,2003,Kharif,Horse-gram,350.75537291664756
Puducherry,2001,Whole Year,Sugarcane,93250.82664147379
Manipur,2008,Rabi,Wheat,2497.560975609756
Tripura,2018,Kharif,Arhar/Tur,773.3598409542743
Punjab,2022,Rabi,Peas & beans (Pulses),1408.4562069746908
Chhattisgarh,2025,Whole Year,Tobacco,611.5018618121638
Jammu and Kashmir,2003,Rabi,Gram,604.8951048951049
West Bengal,2012,Kharif,Sunflower,1305.786249149081
Meghalaya,2022,Kharif,Jute,9298.141586798965
Meghalaya,2022,Kharif,Banana,10100.996202098355
Chhattisgarh,2013,Kharif,Niger seed,181.83961893383218
West Bengal,2015,Kharif,Safflower,872.4279835390946
Maharashtra,2002,Kharif,Urad,567.8661616161617
Jammu and Kashmir,2021,Rabi,Linseed,933.8044498426544
Karnataka,2006,Kharif,Rapeseed &Mustard,263.88512598211867
Jharkhand,2004,Rabi,Arhar/Tur,1490.9398206219928
Arunachal Pradesh,2018,Whole Year,Ginger,7100.0
Andhra Pradesh,2001,Whole Year,Sugarcane,82831.21696030197
Haryana,2013,Kharif,Groundnut,1196.4285714285713
Assam,2014,Kharif,Small millets,602.8448437207561
Gujarat,2004,Whole Year,Banana,59981.36645962733
Tripura,2003,Kharif,Maize,959.8214285714286
Himachal Pradesh,2019,Rabi,Masoor,926.530612244898
Maharashtra,2017,Kharif,Rice,1873.010636841865
Sikkim,2025,Kharif,Soyabean,1037.7103758111264
West Bengal,2000,Kharif,Ginger,2025.9433962264152
Andhra Pradesh,2002,Kharif,Horse-gram,437.60443820600227
Meghalaya,2013,Rabi,Rapeseed &Mustard,949.7950819672132
Gujarat,2007,Kharif,Arhar/Tur,1109.769898151641
Odisha,2024,Rabi,Niger seed,209.16420563695272
Punjab,2022,Kharif,Arhar/Tur,1045.0406354071165
Meghalaya,2023,Whole Year,Cashewnut,1918.4491920943433
Delhi,2024,Whole Year,Sugarcane,95207.08446866485
West Bengal,2002,Kharif,Maize,1994.661664983408
Chhattisgarh,2017,Rabi,Wheat,1385.997357992074
Telangana,2019,Kharif,Cowpea(Lobia),706.786171574904
Madhya Pradesh,2017,Kharif,Groundnut,1549.9174917491748
Himachal Pradesh,2001,Whole Year,Potato,8916.745283018869
Assam,2001,Whole Year,Dry chillies,654.8330165625848
Chhattisgarh,2013,Whole Year,Sweet potato,5324.183365358222
Karnataka,2024,Whole Year,Black pepper,191.04744495203596
Tripura,2015,Kharif,Urad,556.9565217391304
Goa,2000,Rabi,Other  Rabi pulses,922.6361031518625
Delhi,2006,Rabi,Gram,1444.4444444444443
Meghalaya,2004,Whole Year,Tobacco,657.0644718792867
Uttar Pradesh,2012,Rabi,Onion,23002.83519297604
Jammu and Kashmir,2022,Rabi,Other  Rabi pulses,535.3376470167661
Andhra Pradesh,2012,Whole Year,Mango,6067.780594711437
Uttarakhand,2005,Whole Year,Tobacco,3730.769230769231
Tripura,2025,Kharif,Sesamum,766.7916491691162
Puducherry,2021,Kharif,Rice,2627.0250135890665
Mizoram,2012,Rabi,Other  Rabi pulses,1280.982905982906
Meghalaya,2026,Kharif,Sweet potato,3768.9810842069915
Bihar,2016,Rabi,Sunflower,1427.6686758701146
Tripura,2013,Rabi,Peas & beans (Pulses),872.568093385214
Telangana,2014,Kharif,other oilseeds,26552.230215827338
Odisha,2004,Winter,Rapeseed &Mustard,190.9474878648427
Punjab,2009,Rabi,Mustard,1413.0612038473666
Maharashtra,2016,Kharif,Other Cereals,547.2014502605937
Arunachal Pradesh,2019,Kharif,Soyabean,1417.596429709914
Assam,2008,Whole Year,Sugarcane,38386.99431044714
Andhra Pradesh,2004,Rabi,Rapeseed &Mustard,249.5169748826939
Arunachal Pradesh,2024,Kharif,Peas & beans (Pulses),1734.1153470185727
Tamil Nadu,2004,Whole Year,Potato,15705.204608661104
Nagaland,2007,Kharif,Groundnut,1096.551724137931
Karnataka,2006,Kharif,Castor seed,798.9619377162629
Uttar Pradesh,2002,Kharif,Jowar,910.3246377892558
Telangana,2013,Kharif,Tobacco,1753.381424706943
Meghalaya,2007,Rabi,Rapeseed &Mustard,661.1969111969112
Goa,2006,Whole Year,Cashewnut,440.85204875049726
Tripura,2016,Rabi,Soyabean,880.0
Maharashtra,2022,Kharif,Rice,2100.7832996777256
Tamil Nadu,2011,Kharif,Ragi,2636.6092830682064
Goa,2025,Kharif,Other Kharif pulses,677.6920249908121
West Bengal,2000,Whole Year,Arecanut,1568.3777177408979
Manipur,2003,Kharif,Sesamum,493.82716049382714
Haryana,2013,Whole Year,Potato,23238.04757615187
Bihar,2004,Rabi,Gram,834.2439538495673
Tamil Nadu,2023,Kharif,Cowpea(Lobia),919.1274307778584
Andhra Pradesh,2004,Rabi,Linseed,111.6957665630232
Andhra Pradesh,2006,Kharif,Moong(Green Gram),325.0324780772978
Madhya Pradesh,2008,Rabi,Masoor,498.272574524722
Uttarakhand,2006,Kharif,Arhar/Tur,544.6086480569239
Andhra Pradesh,2005,Whole Year,Banana,20496.84501117392
Tamil Nadu,2025,Whole Year,Onion,7020.20144999988
West Bengal,2001,Kharif,Small millets,677.8741865509761
Punjab,2012,Rabi,Mustard,1441.903282631966
Jammu and Kashmir,2005,Kharif,other oilseeds,450.0
Odisha,2019,Autumn,Rice,1805.951933909125
Andhra Pradesh,2011,Kharif,Cotton(lint),1542.3696279057817
Gujarat,2000,Kharif,Ragi,714.2857142857143
Nagaland,2013,Rabi,Urad,802.6315789473684
Andhra Pradesh,2009,Kharif,Mesta,8305.35908006075
Tamil Nadu,2004,Kharif,Rice,2702.6711561483153
Assam,2005,Whole Year,Turmeric,732.0644216691069
Jharkhand,2019,Kharif,Soyabean,857.5020955574183
Himachal Pradesh,2015,Kharif,Dry chillies,362.2704507512521
Nagaland,2003,Kharif,Other Kharif pulses,1260.3719599427754
Madhya Pradesh,2015,Kharif,Horse-gram,259.6923076923077
Sikkim,2018,Rabi,Barley,1073.7913486005089
Tamil Nadu,2024,Whole Year,Coriander,663.8805469264415
West Bengal,2017,Rabi,Potato,34648.57935743065
Chhattisgarh,2011,Kharif,Urad,296.12649509953746
Odisha,2023,Kharif,Arhar/Tur,1076.0505505815242
Jammu and Kashmir,2019,Kharif,Rice,2092.9475639275183
Goa,2022,Kharif,Groundnut,2520.505514445295
Himachal Pradesh,2023,Kharif,Potato,6761.588580939933
Uttar Pradesh,2011,Rabi,Masoor,881.2582425633761
Andhra Pradesh,2007,Kharif,Horse-gram,571.4285714285714
Puducherry,2016,Kharif,Groundnut,3000.0
Andhra Pradesh,2018,Whole Year,Mango,7535.514649860733
West Bengal,2002,Rabi,Rapeseed &Mustard,803.6764885982316
Jammu and Kashmir,2000,Kharif,Ginger,1200.0
Chhattisgarh,2018,Kharif,Castor seed,408.16326530612247
Tamil Nadu,2026,Kharif,Sesamum,608.202567509614
Nagaland,2004,Kharif,Niger seed,1100.0
Assam,2014,Whole Year,Dry chillies,881.7648559041061
Nagaland,2004,Kharif,Maize,1799.5594713656387
Nagaland,2006,Rabi,Sugarcane,16724.137931034482
Jharkhand,2022,Kharif,Sesamum,442.62848683208784
Nagaland,2004,Kharif,Sesamum,500.0
Bihar,2012,Rabi,Linseed,866.9488825162729
Himachal Pradesh,2005,Whole Year,Potato,6844.133599771624
Himachal Pradesh,2023,Kharif,Rice,1674.3499672469597
Uttar Pradesh,2024,Kharif,Small millets,971.4363150654461
Nagaland,2014,Kharif,Other Kharif pulses,1196.9407265774378
Maharashtra,2004,Kharif,Moong(Green Gram),347.2560975609756
West Bengal,2013,Kharif,Niger seed,749.925925925926
Maharashtra,2003,Kharif,Moong(Green Gram),557.7774603628053
Haryana,2008,Kharif,Rice,2723.8597398008005
Andhra Pradesh,2020,Kharif,Jowar,1481.607242376361
Punjab,2024,Kharif,Bajra,580.5645007506802
Uttarakhand,2007,Whole Year,Sugarcane,61979.65446043107
Arunachal Pradesh,2016,Rabi,Masoor,489.1041162227603
Puducherry,2003,Whole Year,Sugarcane,84636.46855164455
Maharashtra,2017,Rabi,Wheat,1656.6667970430633
Maharashtra,2019,Rabi,Linseed,352.4485709084289
Tripura,2026,Kharif,Groundnut,1673.1803547168406
Haryana,2020,Rabi,Wheat,4092.1459782695
Chhattisgarh,2024,Kharif,Maize,2923.0303502371476
Punjab,2014,Kharif,Rice,3837.940566689703
Gujarat,2017,Kharif,Sesamum,605.3005205868434
Arunachal Pradesh,2026,Whole Year,Ginger,6195.1559000861325
Uttar Pradesh,2019,Kharif,Guar seed,716.5234967155129
Puducherry,2022,Kharif,Arecanut,1373.6456341618866
Odisha,2013,Winter,Sugarcane,65891.36705832688
Punjab,2022,Kharif,Sesamum,338.2645596300237
Madhya Pradesh,2025,Whole Year,Sugarcane,42839.44473593634
Gujarat,2017,Rabi,Wheat,2928.8831086403384
Uttarakhand,2006,Kharif,Small millets,1185.6298381421534
Gujarat,2019,Whole Year,Garlic,7181.56103597631
Karnataka,2002,Whole Year,Potato,2947.6157567380787
Jammu and Kashmir,2026,Rabi,Masoor,1091.046658259773
Andhra Pradesh,2006,Kharif,Jowar,1003.8082272426227
Puducherry,2001,Rabi,Urad,329.2231812577065
Karnataka,2020,Whole Year,Black pepper,404.89247016397314
Chhattisgarh,2012,Kharif,Ragi,282.2396146899458
Tamil Nadu,2013,Kharif,Jowar,1113.0794186925025
Haryana,2024,Rabi,Gram,964.1205000149499
Madhya Pradesh,2017,Kharif,Other Kharif pulses,550.8021390374331
Karnataka,2003,Kharif,Niger seed,187.66599963616517
Maharashtra,2011,Kharif,Ragi,1057.5594781273983
West Bengal,2015,Kharif,Moong(Green Gram),863.255033557047
Andhra Pradesh,2022,Rabi,Wheat,806.2417863300419
Himachal Pradesh,2016,Kharif,Soyabean,1787.109375
Haryana,2021,Kharif,Horse-gram,708.8765941866851
Manipur,2003,Kharif,Maize,3217.948717948718
Gujarat,2007,Rabi,Wheat,3012.559855561661
Maharashtra,2021,Whole Year,Grapes,27381.32201699004
Meghalaya,2023,Rabi,Small millets,1196.2543812954116
Karnataka,2012,Kharif,Castor seed,623.1024254056883
Manipur,2010,Kharif,Maize,1809.3952483801295
Punjab,2002,Kharif,Sesamum,283.2369942196532
Madhya Pradesh,2013,Whole Year,Dry chillies,1841.00616330676
Puducherry,2013,Kharif,Sesamum,727.2727272727273
Gujarat,2012,Whole Year,Guar seed,620.4732013520039
Uttarakhand,2018,Whole Year,Turmeric,3128.440366972477
Assam,2020,Rabi,Mustard,1676.1099476167606
Puducherry,2025,Kharif,Groundnut,3800.5457598656594
Jharkhand,2019,Kharif,Niger seed,479.94866859159447
Uttar Pradesh,2022,Rabi,Rapeseed &Mustard,1173.4471298928686
Karnataka,2011,Whole Year,Sannhamp,238.0952380952381
Bihar,2025,Rabi,Wheat,3093.2810416184557
West Bengal,2006,Whole Year,Dry chillies,1217.2415113118707
Uttar Pradesh,2015,Kharif,Bajra,1821.4510283819257
Kerala,2024,Whole Year,Tobacco,10.049176822749626
Puducherry,2017,Kharif,Bajra,2777.777777777778
West Bengal,2016,Kharif,Niger seed,727.866473149492
Assam,2003,Rabi,Linseed,522.8029987505206
Tamil Nadu,2023,Kharif,Other Cereals,1031.2792342918092
Assam,2009,Whole Year,Ginger,6876.545570427023
Chhattisgarh,2010,Kharif,Bajra,486.8421052631579
Puducherry,2025,Kharif,Cashewnut,125.13397642015005
Gujarat,2013,Kharif,Other Cereals,619.9173553719008
Punjab,2024,Rabi,Barley,3471.9689579618234
Punjab,2020,Rabi,Potato,25838.932385891236
Delhi,2012,Rabi,Wheat,4360.0
Haryana,2011,Kharif,Maize,2716.161158895428
Manipur,2004,Kharif,Ginger,1649.1935483870968
West Bengal,2002,Kharif,Niger seed,528.1245410486122
Assam,2023,Whole Year,Onion,8185.728748502176
Assam,2007,Whole Year,Tapioca,4678.804139517057
Meghalaya,2023,Kharif,Banana,10262.54225020554
Odisha,2021,Rabi,Masoor,541.4765525571186
Puducherry,2019,Kharif,Turmeric,15000.0
Uttarakhand,2001,Kharif,Moth,363.6363636363636
Haryana,2009,Rabi,Barley,3254.4659825161534
Bihar,2023,Kharif,Bajra,1235.0806911068864
Karnataka,2012,Kharif,Horse-gram,406.7817837406265
Himachal Pradesh,2015,Kharif,Groundnut,942.8571428571429
Madhya Pradesh,2021,Whole Year,Banana,50542.58413662135
Odisha,2002,Whole Year,Turmeric,1425.5499153976311
Gujarat,2012,Kharif,Jowar,1535.3535353535353
Haryana,2003,Kharif,Urad,165.35758577924761
Odisha,2025,Rabi,Safflower,802.3546910515455
Odisha,2001,Kharif,Maize,907.2489694329937
Andhra Pradesh,2023,Kharif,Jowar,1893.8198028908494
Haryana,2001,Rabi,Masoor,804.289544235925
Andhra Pradesh,2011,Whole Year,Sweet potato,12856.122448979591
Himachal Pradesh,2018,Kharif,Moth,625.0
Haryana,2022,Kharif,Horse-gram,710.7380128626918
Andhra Pradesh,2017,Kharif,Cowpea(Lobia),716.1785216178522
Rajasthan,2011,Kharif,Sesamum,514.1661772498666
Assam,2006,Kharif,Maize,726.6441550088439
Madhya Pradesh,2016,Kharif,Urad,910.9589041095891
Karnataka,2013,Kharif,Castor seed,894.6158896913986
Sikkim,2025,Kharif,other oilseeds,2168.2430495844083
Goa,2024,Rabi,Other  Rabi pulses,1042.561351163745
Punjab,2017,Rabi,Rapeseed &Mustard,1498.360655737705
Odisha,2004,Autumn,Ragi,654.5258888291047
Andhra Pradesh,2014,Kharif,Maize,3292.090163524028
Assam,2025,Rabi,Other  Rabi pulses,755.349857642192
Telangana,2021,Kharif,Small millets,2105.9276912935447
Goa,2022,Whole Year,Arecanut,1840.040352977695
Madhya Pradesh,2020,Kharif,Rice,3564.4826441190953
Himachal Pradesh,2006,Rabi,Masoor,546.0797799174691
Karnataka,2011,Whole Year,Tapioca,10554.651162790698
Bihar,2022,Rabi,Safflower,769.7838629122535
Tripura,2014,Rabi,Other  Rabi pulses,836.9565217391304
Bihar,2010,Whole Year,Banana,27834.560996448112
Tripura,2017,Rabi,Rapeseed &Mustard,829.6343810134701
Himachal Pradesh,2005,Rabi,Barley,1163.5030711313652
Uttarakhand,2003,Whole Year,Tobacco,3391.304347826087
Sikkim,2011,Kharif,Soyabean,896.640826873385
West Bengal,2025,Rabi,Other  Rabi pulses,915.9258318516637
Karnataka,2021,Kharif,Small millets,569.4575946366741
Tamil Nadu,2007,Whole Year,Rapeseed &Mustard,243.63636363636363
Assam,2002,Kharif,Arhar/Tur,707.4005418508484
Chhattisgarh,2021,Rabi,Rapeseed &Mustard,477.13524705417234
Himachal Pradesh,2008,Kharif,Sesamum,350.7710916238282
Arunachal Pradesh,2013,Kharif,Rice,1394.8435096864132
Mizoram,2012,Kharif,Maize,1295.8700293568188
Madhya Pradesh,2010,Kharif,Maize,1589.999582271607
Telangana,2010,Kharif,Cotton(lint),483.1706136799989
Tamil Nadu,2003,Kharif,Maize,1567.1426519895854
Tamil Nadu,2002,Kharif,Cotton(lint),1105.4623405494099
Bihar,2017,Whole Year,Tobacco,1756.1736895253832
Gujarat,2011,Rabi,Gram,1139.2246769487285
Jammu and Kashmir,2011,Kharif,Turmeric,1000.0
Andhra Pradesh,2005,Whole Year,Sweet potato,8042.3963133640555
Nagaland,2019,Kharif,Mesta,1102.0408163265306
Karnataka,2013,Kharif,Urad,481.0271370705396
Uttar Pradesh,2010,Kharif,Maize,1466.1405018759767
Manipur,2012,Whole Year,Potato,8466.666666666666
Puducherry,2005,Rabi,Urad,382.17338217338215
West Bengal,2004,Kharif,Maize,2948.3049405065835
Bihar,2004,Kharif,Castor seed,942.1965317919075
Telangana,2017,Kharif,Jowar,944.0168760721406
Chhattisgarh,2008,Kharif,Groundnut,1256.265184544214
Puducherry,2014,Kharif,Tapioca,25436.17021276596
Manipur,2011,Rabi,Wheat,2497.6744186046512
Arunachal Pradesh,2022,Kharif,Arhar/Tur,839.418548207234
Chhattisgarh,2001,Kharif,Maize,742.9972287358772
Maharashtra,2006,Kharif,Jowar,1195.075219982969
Nagaland,2009,Kharif,Small millets,358.5492227979275
Nagaland,2026,Kharif,Mesta,683.9594986452012
Bihar,2010,Kharif,Small millets,769.3758250047143
West Bengal,2018,Rabi,Peas & beans (Pulses),1170.1754385964912
Karnataka,2011,Kharif,Niger seed,271.8498948617027
Odisha,2021,Autumn,Groundnut,1598.7286805327208
Nagaland,2017,Kharif,Cowpea(Lobia),1462.962962962963
West Bengal,2021,Kharif,Sannhamp,4710.849708241407
Meghalaya,2005,Kharif,Cotton(lint),1074.2635873323193
Jharkhand,2016,Autumn,Urad,976.5200336228636
Tamil Nadu,2025,Kharif,Jowar,1789.0636955395516
Maharashtra,2000,Rabi,Rapeseed &Mustard,231.70731707317074
Bihar,2005,Whole Year,Banana,15344.383175173121
Odisha,2003,Rabi,Safflower,438.2716049382716
Tamil Nadu,2008,Whole Year,Banana,44455.58011813064
Jammu and Kashmir,2013,Rabi,Garlic,868.3001531393568
Madhya Pradesh,2007,Kharif,Horse-gram,321.6474217349619
Karnataka,2004,Whole Year,Coriander,154.8929981300644
Uttarakhand,2009,Kharif,Maize,1382.5230816381259
Uttar Pradesh,2016,Kharif,Jowar,1000.5302777671479
Arunachal Pradesh,2025,Kharif,Small millets,906.8201399474502
West Bengal,2017,Whole Year,Banana,32847.33222097338
Manipur,2006,Kharif,Sesamum,494.7368421052632
Madhya Pradesh,2024,Kharif,Jute,2099.273323629415
Kerala,2019,Whole Year,Groundnut,1256.4102564102564
Kerala,2023,Whole Year,Cardamom,125.29812864819854
Odisha,2009,Summer,Wheat,1447.6715072608913
Kerala,2014,Whole Year,Black pepper,476.2908077864007
Madhya Pradesh,2006,Whole Year,Onion,16646.001321877065
Sikkim,2002,Kharif,Maize,1449.0740740740741
Nagaland,2012,Rabi,Gram,842.1052631578947
Chhattisgarh,2008,Kharif,Small millets,189.14101823582803
Kerala,2023,Whole Year,Arecanut,879.1755348495415
Telangana,2018,Kharif,Onion,13082.709891936825
Maharashtra,2024,Whole Year,Grapes,26206.541866399537
Uttar Pradesh,2022,Kharif,Urad,817.1240393668863
Uttar Pradesh,2022,Rabi,Linseed,559.0008561676223
Odisha,2025,Rabi,Linseed,499.21608811676475
Manipur,2016,Kharif,Arhar/Tur,1131.3320825515948
Jammu and Kashmir,2015,Kharif,Sannhamp,833.3333333333334
West Bengal,2003,Kharif,Niger seed,622.7055569524767
Uttar Pradesh,2004,Kharif,Bajra,1520.336430255499
Haryana,2024,Kharif,Sunflower,3151.2515807161294
Maharashtra,2006,Kharif,Rice,1668.7453899282505
Odisha,2023,Autumn,Rice,2427.9701512804245
Uttar Pradesh,2002,Kharif,Maize,1107.439110775688
Karnataka,2020,Rabi,Onion,21173.373793096373
Chhattisgarh,2000,Whole Year,Dry chillies,253.95656974604344
Chhattisgarh,2001,Rabi,Linseed,269.9975686846584
Mizoram,2005,Rabi,Other  Rabi pulses,1859.8247809762204
Kerala,2018,Whole Year,Sesamum,415.7178414446857
Karnataka,2023,Kharif,Peas & beans (Pulses),12736.897453608488
Jharkhand,2023,Kharif,Horse-gram,593.5478186658559
Goa,2021,Rabi,Other  Rabi pulses,868.0321675760439
Puducherry,2010,Kharif,Bajra,2344.8275862068967
Kerala,2017,Whole Year,Groundnut,1394.1605839416059
Chhattisgarh,2026,Kharif,Sesamum,442.0465580673087
Gujarat,2026,Rabi,Other  Rabi pulses,810.0555563511251
Puducherry,2008,Summer,Cotton(lint),812.5
Gujarat,2011,Kharif,Jowar,1178.8856304985338
Tamil Nadu,2021,Kharif,Bajra,2924.984906924932
Kerala,2026,Whole Year,Rubber,1873.0775480915122
Haryana,2014,Whole Year,Sugarcane,74052.63157894737
Nagaland,2026,Kharif,Small millets,1009.6669443708108
Jammu and Kashmir,2011,Kharif,Groundnut,600.0
Gujarat,2008,Kharif,Ragi,1030.9278350515465
Himachal Pradesh,2025,Kharif,Arhar/Tur,489.32676518883414
Maharashtra,2026,Kharif,Turmeric,6864.341778397836
Haryana,2025,Kharif,Guar seed,1094.7008638346997
Haryana,2024,Rabi,Barley,3865.6413016608813
Tamil Nadu,2000,Kharif,Other Kharif pulses,201.37542721150922
Mizoram,2009,Kharif,Cotton(lint),641.7910447761194
Telangana,2022,Rabi,Safflower,541.8176568677709
Madhya Pradesh,2022,Whole Year,Turmeric,20805.441678547755
Himachal Pradesh,2018,Kharif,Maize,2529.9986052025943
Puducherry,2010,Kharif,Rice,2874.543795620438
Kerala,2017,Whole Year,Ragi,1271.6763005780347
Jharkhand,2022,Autumn,Rice,1794.7145095926348
Meghalaya,2021,Whole Year,Black pepper,707.3106653867529
Karnataka,2015,Kharif,Rapeseed &Mustard,218.06853582554518
Uttar Pradesh,2002,Kharif,Cotton(lint),685.381993182274
West Bengal,2009,Whole Year,Sugarcane,72786.03636363636
Maharashtra,2001,Kharif,Sunflower,356.9651741293532
Delhi,2005,Rabi,Gram,1425.531914893617
Meghalaya,2024,Rabi,Wheat,1707.9341415824435
Gujarat,2009,Rabi,Other  Rabi pulses,735.8490566037735
Telangana,2001,Kharif,Turmeric,4163.161408922113
Haryana,2011,Whole Year,Garlic,958.4664536741215
Haryana,2004,Rabi,Masoor,795.1277279648114
Rajasthan,2014,Kharif,Sesamum,495.88934584709995
Haryana,2006,Rabi,Rapeseed &Mustard,1344.0981537664336
Uttar Pradesh,2025,Summer,Sunflower,1444.7824489239504
Uttar Pradesh,2010,Rabi,Turmeric,3142.194744976816
Uttar Pradesh,2020,Rabi,Potato,26751.64678229751
Telangana,2013,Kharif,Groundnut,1499.0651584556417
Tamil Nadu,2007,Whole Year,Onion,9634.942467040155
Maharashtra,2000,Kharif,Maize,835.5899419729207
Rajasthan,2011,Kharif,Jowar,1327.7187909724453
Arunachal Pradesh,2004,Whole Year,Ginger,7386.430015726803
Uttar Pradesh,2000,Kharif,Soyabean,584.8313536174808
Manipur,2018,Rabi,Gram,925.7950530035336
Haryana,2009,Whole Year,Dry chillies,1541.8502202643172
Karnataka,2000,Rabi,Rapeseed &Mustard,263.45423595652744
Tripura,2003,Whole Year,Moong(Green Gram),681.0515873015873
Mizoram,2004,Kharif,Moong(Green Gram),1133.3333333333333
Andhra Pradesh,2000,Kharif,Onion,13358.717317387736
Kerala,2019,Whole Year,Wheat,2000.0
Assam,2008,Whole Year,Tobacco,539.553752535497
Nagaland,2004,Rabi,Rapeseed &Mustard,778.1997721230535
Puducherry,2004,Kharif,Ragi,1596.1538461538462
Uttar Pradesh,2004,Kharif,Soyabean,412.95938104448743
Puducherry,2026,Kharif,Ragi,2447.9166666666665
Karnataka,2018,Kharif,Small millets,837.5370534089136
Chhattisgarh,2018,Kharif,Sannhamp,527.9755849440488
Chhattisgarh,2016,Whole Year,Tobacco,600.0
Karnataka,2008,Whole Year,Arecanut,6365.829336368317
Himachal Pradesh,2011,Kharif,Arhar/Tur,333.3333333333333
Jammu and Kashmir,2017,Kharif,Peas & beans (Pulses),4891.666666666667
Himachal Pradesh,2008,Kharif,Sannhamp,166.66666666666666
Karnataka,2024,Kharif,Rice,2723.9184442064184
Meghalaya,2026,Rabi,Tobacco,1402.9552357396421
Gujarat,2008,Kharif,Other Kharif pulses,623.0769230769231
West Bengal,2026,Kharif,Soyabean,888.9709411808146
Gujarat,2024,Kharif,Other Kharif pulses,631.678897430556
Bihar,2015,Kharif,Horse-gram,928.7646528403967
Madhya Pradesh,2011,Kharif,Mesta,1743.6548223350253
Kerala,2020,Whole Year,Arecanut,2110.357252974994
Himachal Pradesh,2011,Rabi,Rapeseed &Mustard,561.1684603558093
Haryana,2010,Rabi,Gram,986.3613131159154
Karnataka,2008,Kharif,Arhar/Tur,525.8438341194257
Nagaland,2005,Kharif,Small millets,1063.1229235880398
Maharashtra,2015,Kharif,Rice,1710.683702596167
Telangana,2019,Kharif,Groundnut,2742.6191053951306
Himachal Pradesh,2007,Kharif,Other Kharif pulses,344.9856733524355
Uttarakhand,2011,Kharif,Other Kharif pulses,868.3874766905486
West Bengal,2014,Kharif,Jute,15528.981074195852
Himachal Pradesh,2018,Rabi,Wheat,1770.0014419972288
Tripura,2023,Kharif,Cowpea(Lobia),690.5924144558497
West Bengal,2010,Autumn,Sesamum,615.8940397350993
Madhya Pradesh,2001,Kharif,Soyabean,839.9999729477973
Uttarakhand,2012,Whole Year,Turmeric,7806.547619047619
Odisha,2002,Kharif,Jowar,520.0
Nagaland,2024,Rabi,Rapeseed &Mustard,834.0481943497077
Jammu and Kashmir,2005,Kharif,Ginger,1184.2105263157894
Odisha,2025,Whole Year,Garlic,4594.20260144935
Tamil Nadu,2015,Kharif,Castor seed,320.83712465878074
Punjab,2008,Kharif,Maize,3403.973509933775
Uttarakhand,2000,Kharif,Maize,1443.2724773657633
Haryana,2021,Whole Year,Dry chillies,14462.253562882493
Andhra Pradesh,2008,Kharif,Castor seed,512.6226192801296
Tripura,2009,Kharif,Groundnut,1084.7457627118645
Kerala,2019,Kharif,Other Kharif pulses,835.1648351648352
Jammu and Kashmir,2001,Rabi,Linseed,623.8532110091743
Jammu and Kashmir,2017,Kharif,Rice,2426.1647330599235
Himachal Pradesh,2016,Rabi,Rapeseed &Mustard,237.3404404544817
Maharashtra,2023,Kharif,Groundnut,1321.7167578227359
Tamil Nadu,2022,Kharif,Horse-gram,627.095913789195
Sikkim,2024,Kharif,other oilseeds,2112.7316924946826
Haryana,2024,Whole Year,Turmeric,16721.136632964375
Telangana,2021,Kharif,Ginger,6535.135868873599
Uttar Pradesh,2002,Kharif,Urad,398.42373713337435
Himachal Pradesh,2024,Kharif,Rice,1775.9948081560974
Meghalaya,2013,Kharif,Castor seed,793.6507936507936
Chhattisgarh,2023,Rabi,Peas & beans (Pulses),368.33840883136656
West Bengal,2018,Kharif,Other Kharif pulses,668.4782608695652
Jammu and Kashmir,2025,Kharif,Horse-gram,555.1559343745381
Chhattisgarh,2014,Whole Year,Cotton(lint),1271.1864406779662
Assam,2018,Kharif,Maize,3254.494173072155
Tamil Nadu,2022,Whole Year,Mango,8715.592267913038
Nagaland,2023,Kharif,Mesta,790.314328298445
Andhra Pradesh,2014,Kharif,Cowpea(Lobia),418.2552141735815
Assam,2002,Rabi,Masoor,542.0172326406488
Assam,2018,Whole Year,Sweet potato,5247.410358565737
Himachal Pradesh,2019,Kharif,Horse-gram,625.8420085731782
Telangana,2014,Whole Year,Coriander,239.19849718221667
West Bengal,2016,Autumn,Groundnut,963.8876504681231
Odisha,2019,Kharif,Small millets,516.8846972923639
Manipur,2009,Rabi,Gram,857.1428571428571
Assam,2004,Autumn,Rice,656.352866744299
Madhya Pradesh,2007,Rabi,Mustard,1200.5343256471879
Maharashtra,2002,Whole Year,Grapes,21385.082982874905
Nagaland,2009,Rabi,Wheat,1199.004975124378
Himachal Pradesh,2013,Kharif,Small millets,724.3697478991596
Madhya Pradesh,2014,Rabi,Peas & beans (Pulses),1138.888888888889
Arunachal Pradesh,2023,Kharif,other oilseeds,1236.5838492524806
Karnataka,2015,Kharif,Moong(Green Gram),120.35169017434741
Sikkim,2003,Rabi,Rapeseed &Mustard,700.0
Assam,2013,Whole Year,Sweet potato,5046.807806814423
Meghalaya,2013,Kharif,Arhar/Tur,1248.9044697633656
Meghalaya,2018,Kharif,Tapioca,6572.008862629246
Chhattisgarh,2008,Kharif,Bajra,396.6942148760331
Karnataka,2006,Kharif,Soyabean,741.2669000068629
Puducherry,2016,Rabi,Moong(Green Gram),625.0
Odisha,2018,Autumn,Jute,1565.0
Uttarakhand,2002,Whole Year,Turmeric,2077.4647887323945
Telangana,2018,Rabi,Garlic,2558.139534883721
Odisha,2010,Rabi,Onion,17972.248449788618
Maharashtra,2010,Kharif,Sunflower,508.72093023255815
West Bengal,2012,Kharif,Horse-gram,495.0853595447491
Jharkhand,2024,Rabi,Onion,8945.33311946806
Jharkhand,2019,Kharif,Maize,1986.4767769049522
Karnataka,2004,Whole Year,Cardamom,56.780227120908485
Himachal Pradesh,2009,Kharif,Potato,10061.839651957738
Andhra Pradesh,2009,Whole Year,Arecanut,512.9533678756477
Tamil Nadu,2019,Kharif,Onion,9154.35036365269
Chhattisgarh,2024,Rabi,Khesari,733.8921503185617
Jammu and Kashmir,2018,Rabi,Other  Rabi pulses,559.2105263157895
Tripura,2025,Kharif,Jowar,943.8081603435935
Himachal Pradesh,2026,Kharif,Rice,1666.141586635728
Assam,2011,Kharif,Small millets,511.40065146579803
Gujarat,2003,Rabi,Rapeseed &Mustard,1468.622354251764
Uttarakhand,2011,Rabi,Masoor,823.9205684095464
Madhya Pradesh,2025,Rabi,Gram,1474.1758166406873
West Bengal,2019,Kharif,Sannhamp,4159.459459459459
Himachal Pradesh,2012,Kharif,Turmeric,558.303886925795
Andhra Pradesh,2002,Kharif,Arhar/Tur,348.01245052380995
Madhya Pradesh,2012,Kharif,Cotton(lint),1958.4530744118508
Himachal Pradesh,2013,Kharif,Bajra,547.1956224350205
Uttar Pradesh,2014,Kharif,Cotton(lint),298.5594427734684
Mizoram,2011,Kharif,Cotton(lint),689.873417721519
Gujarat,2004,Whole Year,Garlic,6088.803088803089
Uttar Pradesh,2002,Kharif,Bajra,1290.1687224680202
Punjab,2004,Rabi,Potato,24031.857951881706
Punjab,2005,Kharif,Bajra,1000.0
Kerala,2018,Whole Year,Arecanut,1043.7198771789513
Karnataka,2019,Kharif,Dry chillies,1744.6205351116391
Nagaland,2008,Kharif,Groundnut,1000.0
Manipur,2003,Whole Year,Onion,2123.7113402061855
Karnataka,2021,Whole Year,Ginger,28723.125782603154
Punjab,2008,Kharif,Cotton(lint),4335.863377609108
Punjab,2026,Rabi,Potato,25457.776780755168
Uttarakhand,2014,Kharif,Urad,756.3838223632038
Maharashtra,2019,Summer,Other Summer Pulses,435.6326369728025
Chhattisgarh,2006,Kharif,Small millets,202.89313813365203
Punjab,2015,Rabi,Potato,25063.246740481547
Gujarat,2010,Kharif,Maize,1638.1065088757396
Uttar Pradesh,2012,Kharif,Arhar/Tur,1042.3624600664623
Delhi,2012,Whole Year,Sugarcane,75333.33333333333
Karnataka,2013,Kharif,Moong(Green Gram),252.91568201605418
Tripura,2012,Rabi,Peas & beans (Pulses),761.8090452261307
Nagaland,2023,Kharif,Cotton(lint),45.32996560619088
Karnataka,2018,Kharif,Sesamum,631.2560542460445
West Bengal,2010,Kharif,Castor seed,600.0
Chhattisgarh,2013,Rabi,Gram,764.7324787563765
Madhya Pradesh,2011,Kharif,Bajra,1941.0002800224017
West Bengal,2026,Whole Year,Cardamom,7667.250499707242
Jharkhand,2025,Rabi,Potato,7486.526867612682
Haryana,2018,Kharif,Rice,3120.9398756046994
Tripura,2008,Rabi,Masoor,761.3636363636364
Sikkim,2012,Rabi,Wheat,1057.6923076923076
Chhattisgarh,2011,Rabi,Masoor,329.0690690690691
Telangana,2013,Kharif,Rice,3230.674060775044
Tamil Nadu,2003,Whole Year,Turmeric,4156.109016748038
Punjab,2012,Kharif,Moong(Green Gram),875.0
Andhra Pradesh,2023,Kharif,Bajra,2260.1060322524368
West Bengal,2004,Kharif,Jute,13797.955572891135
Madhya Pradesh,2023,Rabi,Wheat,4198.578448821489
Bihar,2018,Rabi,Gram,1198.5764116365954
Chhattisgarh,2018,Kharif,Ragi,244.47674418604652
Rajasthan,2018,Rabi,Barley,2674.440776876083
Nagaland,2018,Rabi,Linseed,813.6752136752136
Haryana,2012,Whole Year,Guar seed,717.8139061150291
Meghalaya,2015,Summer,Potato,11226.676268202913
Andhra Pradesh,2017,Kharif,Tapioca,12399.973219068024
Andhra Pradesh,2005,Whole Year,Coriander,452.62146973038347
Goa,2026,Whole Year,Black pepper,461.5965814083111
Uttar Pradesh,2018,Kharif,Soyabean,900.9770266701875
Jharkhand,2023,Autumn,Maize,2026.2034988338644
Himachal Pradesh,2010,Kharif,Horse-gram,560.6648199445983
Maharashtra,2001,Kharif,Groundnut,1081.4940577249577
Assam,2019,Autumn,Rice,1518.7112393199343
Chhattisgarh,2012,Kharif,Jowar,714.9959903769046
Haryana,2013,Whole Year,Coriander,1209.4488188976377
Assam,2018,Rabi,Masoor,732.2210167969773
Bihar,2019,Whole Year,Mango,7398.994610163728
Chhattisgarh,2010,Kharif,Other Kharif pulses,254.3006731488407
Tamil Nadu,2000,Whole Year,Tobacco,1556.6992912588594
Kerala,2007,Whole Year,Sweet potato,12711.422845691382
Jharkhand,2005,Rabi,Potato,8160.151783319121
Karnataka,2005,Whole Year,Sannhamp,224.390243902439
Uttar Pradesh,2012,Rabi,Rapeseed &Mustard,1261.7653542213352
Madhya Pradesh,2008,Rabi,Mustard,1330.7116677690938
Chhattisgarh,2018,Whole Year,Garlic,2801.4469453376205
Tripura,2019,Kharif,Cowpea(Lobia),788.1944444444445
Chhattisgarh,2016,Kharif,Maize,2566.0033016167968
Uttar Pradesh,2004,Kharif,Sannhamp,276.8899815611555
Rajasthan,2007,Kharif,Cotton(lint),460.8209978602136
Uttar Pradesh,2015,Kharif,Moong,710.4123560270801
Assam,2016,Rabi,Gram,651.2968299711815
Maharashtra,2000,Kharif,Groundnut,893.01461481298
Uttarakhand,2013,Kharif,Ragi,1369.4871889265205
West Bengal,2023,Rabi,Gram,1228.0452531911535
Gujarat,2019,Kharif,Sesamum,511.7408465050292
Odisha,2016,Winter,Niger seed,307.3644959382075
West Bengal,2009,Kharif,Castor seed,583.3333333333334
Himachal Pradesh,2007,Rabi,Linseed,251.43220878421388
Delhi,2011,Rabi,Wheat,4339.937655201564
Uttar Pradesh,2022,Kharif,Moth,623.8589287678265
West Bengal,2024,Kharif,Urad,734.7429926237155
Tamil Nadu,2015,Kharif,Other Kharif pulses,584.9994729259637
Maharashtra,2021,Kharif,Niger seed,111.53573368041768
Meghalaya,2014,Whole Year,Black pepper,719.3877551020408
Chhattisgarh,2010,Rabi,Rapeseed &Mustard,413.25027861805444
Andhra Pradesh,2016,Kharif,Other Kharif pulses,648.7503359312013
Odisha,2003,Kharif,Rice,1510.9975560986447
Tamil Nadu,2007,Whole Year,Mango,5695.07314642862
Meghalaya,2007,Kharif,Arhar/Tur,788.5572139303482
Haryana,2018,Rabi,other oilseeds,1566.6666666666667
Karnataka,2008,Whole Year,Sweet potato,10119.598765432098
Mizoram,2013,Kharif,Soyabean,1487.7551020408164
West Bengal,2025,Autumn,Rice,2951.4766891594318
Andhra Pradesh,2021,Whole Year,Potato,12396.027501147544
Chhattisgarh,2023,Whole Year,Coconut,10.024252223120452
Nagaland,2009,Kharif,Cotton(lint),444.44444444444446
Haryana,2015,Rabi,Gram,619.047619047619
Kerala,2010,Whole Year,Cashewnut,792.5606216966663
Puducherry,2007,Kharif,Tapioca,40153.15315315315
Andhra Pradesh,2005,Rabi,Wheat,800.3420649923486
Tamil Nadu,2022,Whole Year,Banana,36891.930457380455
Tamil Nadu,2005,Kharif,Cotton(lint),1532.2665889085308
Manipur,2024,Whole Year,Sugarcane,70169.02020117117
Odisha,2009,Autumn,Rice,899.5633187772926
Manipur,2024,Rabi,Peas & beans (Pulses),1257.26872378625
Jammu and Kashmir,2023,Kharif,Potato,9553.670822869395
Meghalaya,2006,Rabi,Cotton(lint),1073.5294117647059
Mizoram,2004,Kharif,Rice,1885.9595340282035
West Bengal,2003,Whole Year,Turmeric,1941.1997781123703
Andhra Pradesh,2005,Kharif,Small millets,601.3646563172597
Uttarakhand,2008,Whole Year,Garlic,9125.504710632571
Sikkim,2015,Kharif,Other Kharif pulses,975.4157628344179
Bihar,2002,Rabi,Linseed,760.0836877486623
Rajasthan,2026,Kharif,Groundnut,2189.025281085741
Nagaland,2005,Kharif,Sunflower,700.0
Himachal Pradesh,2012,Rabi,Onion,9314.171122994652
Uttarakhand,2022,Rabi,Linseed,682.6553505278353
Himachal Pradesh,2024,Kharif,Groundnut,1210.599870995485
Uttarakhand,2008,Kharif,Groundnut,1324.7232472324724
Tamil Nadu,2024,Whole Year,Banana,40272.376309660736
Maharashtra,2011,Kharif,Castor seed,441.9753086419753
Jammu and Kashmir,2023,Kharif,Maize,1499.1058405385652
Maharashtra,2016,Whole Year,Banana,27547.57855999584
Haryana,2019,Rabi,Barley,3851.2396694214876
Jammu and Kashmir,2001,Kharif,Groundnut,500.0
Uttar Pradesh,2005,Rabi,Mustard,1444.7161560591298
West Bengal,2011,Rabi,Onion,19419.02387595375
Jammu and Kashmir,2024,Rabi,Wheat,1624.9269228392786
Manipur,2008,Kharif,Groundnut,727.6966117500778
Jammu and Kashmir,2021,Kharif,Small millets,479.0126751167445
Meghalaya,2004,Whole Year,Garlic,3120.5479452054797
Maharashtra,2020,Kharif,Soyabean,1614.0753563802018
Madhya Pradesh,2018,Kharif,Jute,476.77261613691934
Haryana,2022,Kharif,Urad,809.9990145177102
Chhattisgarh,2024,Kharif,Cotton(lint),2024.506705989748
Bihar,2023,Rabi,Linseed,942.452554304884
Karnataka,2001,Whole Year,Sugarcane,81131.87860916574
Nagaland,2000,Kharif,Bajra,833.3333333333334
West Bengal,2025,Whole Year,Banana,34973.25329815348
Punjab,2013,Kharif,Sesamum,341.4634146341463
Haryana,2004,Kharif,Arhar/Tur,1042.966042966043
Tamil Nadu,2000,Rabi,Rapeseed &Mustard,245.68393094289507
Madhya Pradesh,2022,Rabi,Wheat,4333.473057277581
Bihar,2006,Rabi,Barley,1067.4060976263195
Bihar,2022,Rabi,Peas & beans (Pulses),958.1663919234818
Mizoram,2023,Kharif,Peas & beans (Pulses),10.00963891154445
Puducherry,2001,Rabi,Other  Rabi pulses,784.4827586206897
Manipur,2008,Kharif,Other Kharif pulses,1117.6470588235295
Andhra Pradesh,2015,Kharif,Arecanut,3478.6821705426355
Manipur,2011,Kharif,Arhar/Tur,961.4678899082569
Kerala,2010,Whole Year,Tapioca,33326.305508403646
Tamil Nadu,2018,Kharif,Other Cereals,1356.6765578635016
Madhya Pradesh,2006,Kharif,Small millets,264.73279562284796
Telangana,2023,Kharif,Urad,1579.1136939241205
Odisha,2003,Kharif,Castor seed,512.8440366972477
Assam,2003,Rabi,Gram,519.2228193468376
Assam,2007,Whole Year,Tobacco,528.942115768463
Chhattisgarh,2013,Kharif,Guar seed,807.6923076923077
Odisha,2005,Summer,Wheat,1369.3528693528694
Punjab,2003,Kharif,Maize,2980.5194805194806
Kerala,2021,Whole Year,Urad,10.011778563015312
Odisha,2004,Autumn,Sesamum,244.43889027743063
Telangana,2026,Kharif,Horse-gram,679.3121115591098
Assam,2011,Whole Year,Onion,3064.9755832881174
Maharashtra,2015,Kharif,Maize,1469.7756938284122
Goa,2018,Kharif,Other Kharif pulses,817.6470588235294
Himachal Pradesh,2001,Whole Year,Turmeric,582.6771653543307
Rajasthan,2018,Kharif,Bajra,1656.9745459522442
Bihar,2004,Kharif,Horse-gram,808.0740790087269
Telangana,2015,Rabi,Other  Rabi pulses,388.8888888888889
Himachal Pradesh,2015,Kharif,Maize,2523.1454608259646
Haryana,2014,Kharif,Jowar,509.4339622641509
Arunachal Pradesh,2018,Whole Year,Sugarcane,21498.591549295776
Assam,2007,Kharif,Castor seed,426.65549036043586
Tamil Nadu,2022,Kharif,Cowpea(Lobia),865.3737421409363
Arunachal Pradesh,2003,Rabi,Wheat,1522.8915662650602
Himachal Pradesh,2002,Kharif,Other Kharif pulses,346.11953612845673
Jharkhand,2015,Rabi,Rapeseed &Mustard,852.0333961755993
Gujarat,2021,Kharif,Castor seed,2223.9214570826657
Haryana,2019,Whole Year,Potato,25717.277486910996
Punjab,2006,Kharif,Moth,1000.0
Bihar,2007,Kharif,Sesamum,792.7259887005649
Odisha,2024,Kharif,Castor seed,804.2789242848471
Karnataka,2003,Kharif,Other Kharif pulses,315.300301794183
Assam,2011,Whole Year,Ginger,7428.63263557351
Uttarakhand,2006,Whole Year,Onion,5617.202268431002
Bihar,2023,Whole Year,Garlic,1512.7220211670506
Chhattisgarh,2018,Whole Year,Ginger,1172.0021703743896
Uttarakhand,2009,Kharif,Horse-gram,619.5219123505976
Uttar Pradesh,2005,Kharif,Bajra,1433.6468466147007
Odisha,2019,Autumn,Urad,293.6086529006883
Madhya Pradesh,2010,Kharif,Cowpea(Lobia),230.50139275766017
Kerala,2017,Whole Year,Arhar/Tur,1560.3864734299516
Uttar Pradesh,2012,Kharif,Soyabean,1413.9922508955333
Bihar,2026,Whole Year,Dry chillies,1552.6428208170876
Manipur,2007,Whole Year,Sugarcane,32666.666666666668
Tripura,2013,Kharif,Mesta,8200.234192037471
Punjab,2004,Kharif,Cotton(lint),4100.196463654224
Uttar Pradesh,2009,Rabi,Turmeric,3304.9429657794676
Odisha,2002,Rabi,Wheat,1246.379943808083
Nagaland,2024,Kharif,Horse-gram,1108.378852316933
Andhra Pradesh,2020,Kharif,Maize,3558.2528050442697
Madhya Pradesh,2022,Rabi,Safflower,742.1346982608331
Jammu and Kashmir,2007,Kharif,Ginger,1186.6666666666667
Uttarakhand,2025,Rabi,Peas & beans (Pulses),681.7657990829201
Madhya Pradesh,2017,Kharif,Cotton(lint),1580.1322966229545
Madhya Pradesh,2010,Rabi,Mustard,1475.934117690262
Gujarat,2022,Rabi,Rapeseed &Mustard,1556.2497243310822
Assam,2012,Kharif,Arhar/Tur,828.633769721383
Assam,2024,Rabi,Linseed,654.9315146187222
Nagaland,2014,Kharif,Small millets,1122.1198156682028
Punjab,2023,Rabi,Potato,29007.439672503457
Bihar,2006,Kharif,Mesta,8530.916492463417
Karnataka,2002,Kharif,Jowar,1133.3010875161879
Karnataka,2012,Whole Year,Tomato,24840.107870355092
Tamil Nadu,2013,Kharif,Bajra,2282.072422663413
Madhya Pradesh,2002,Rabi,Rapeseed &Mustard,650.0012217404643
Tamil Nadu,2020,Whole Year,Tapioca,31811.56578990552
Karnataka,2011,Kharif,Peas & beans (Pulses),8911.11730286988
Telangana,2021,Kharif,Jowar,1906.8435153998882
Kerala,2019,Whole Year,Ginger,4227.385597729692
Telangana,2026,Rabi,Gram,1535.8698383697026
Bihar,2010,Rabi,Lentil,815.6436463135628
Bihar,2023,Kharif,Moong(Green Gram),802.3843258290661
Assam,2006,Kharif,Arhar/Tur,714.3499101258238
Gujarat,2002,Kharif,Groundnut,507.6041772280239
West Bengal,2024,Whole Year,Tobacco,1643.9785943400495
Tamil Nadu,2024,Whole Year,Dry chillies,596.8749407602262
Haryana,2005,Whole Year,Dry chillies,839.7932816537468
Puducherry,2011,Kharif,Cashewnut,314.4654088050315
Haryana,2026,Kharif,Cotton(lint),4009.076522388959
Jammu and Kashmir,2013,Rabi,Ginger,1000.0
West Bengal,2010,Kharif,Jute,14314.854264921376
Assam,2015,Rabi,Gram,704.0583675330597
Rajasthan,2017,Rabi,Mustard,1561.4282366116006
Uttar Pradesh,2008,Kharif,Sugarcane,52321.64319859283
Maharashtra,2016,Rabi,Wheat,1740.5672614751818
Manipur,2008,Rabi,Rapeseed &Mustard,769.2307692307693
Odisha,2022,Rabi,Gram,889.8086144700029
Bihar,2025,Rabi,Other  Rabi pulses,1050.1750705802565
Jammu and Kashmir,2003,Rabi,Masoor,465.51724137931035
Meghalaya,2011,Rabi,Other  Rabi pulses,721.3483146067416
Assam,2016,Autumn,Rice,1358.0133774487633
Odisha,2022,Rabi,Safflower,628.0233075445697
Kerala,2007,Autumn,Rice,2168.2122451085343
Meghalaya,2026,Rabi,Peas & beans (Pulses),2299.3549791797077
Manipur,2017,Whole Year,Potato,8470.16393442623
Madhya Pradesh,2000,Whole Year,Garlic,3476.640838650866
Haryana,2026,Whole Year,Sweet potato,1174.7957992998834
Maharashtra,2014,Rabi,Safflower,354.44743935309975
Telangana,2018,Rabi,Wheat,1877.1676300578035
Himachal Pradesh,2016,Kharif,Dry chillies,321.34831460674155
Assam,2016,Kharif,Arhar/Tur,858.2415661597623
Goa,2011,Rabi,Other  Rabi pulses,835.6783403512376
Odisha,2009,Autumn,Sesamum,172.14912280701753
Uttar Pradesh,2004,Kharif,Moong,535.5889333728437
Andhra Pradesh,2010,Whole Year,Arecanut,445.2054794520548
Madhya Pradesh,2019,Kharif,Maize,2882.2705317514706
Manipur,2021,Kharif,Ginger,16731.932164187845
Gujarat,2022,Kharif,Moth,515.0478679544217
Mizoram,2022,Kharif,Tapioca,10392.612632508833
Himachal Pradesh,2000,Kharif,Groundnut,598.5401459854014
Arunachal Pradesh,2021,Kharif,other oilseeds,1058.4601639041223
Telangana,2015,Whole Year,Mango,7173.521110665659
Tripura,2013,Kharif,Arhar/Tur,715.6201349247535
Nagaland,2009,Kharif,Rice,1425.5798777955745
Madhya Pradesh,2025,Rabi,Safflower,540.277703419802
Haryana,2017,Kharif,Horse-gram,275.86206896551727
Bihar,2021,Whole Year,Ginger,2190.6458797327396
Andhra Pradesh,2023,Whole Year,Sugarcane,89183.25220558744
Himachal Pradesh,2018,Rabi,Rapeseed &Mustard,549.9824211883276
Jammu and Kashmir,2012,Kharif,Sannhamp,727.2727272727273
Bihar,2022,Whole Year,Sweet potato,18350.06332757628
Maharashtra,2007,Rabi,Safflower,665.2230402771762
Meghalaya,2003,Rabi,Other  Rabi pulses,784.7619047619048
Madhya Pradesh,2019,Whole Year,Banana,69371.09546449682
Andhra Pradesh,2001,Kharif,Horse-gram,387.04872064493514
Haryana,2025,Kharif,Groundnut,1487.917350744857
Maharashtra,2026,Whole Year,Mango,7809.910300123703
Kerala,2003,Kharif,Small millets,778.5888077858881
Jammu and Kashmir,2017,Kharif,Potato,10793.88508170796
Telangana,2019,Kharif,Horse-gram,860.7888631090487
Madhya Pradesh,2024,Rabi,Rapeseed &Mustard,1278.3691177658834
Bihar,2021,Kharif,Moong(Green Gram),831.0279679586305
Chhattisgarh,2023,Kharif,Jowar,1075.7668291835844
Maharashtra,2026,Whole Year,Banana,36073.58842650186
Tripura,2019,Kharif,Sesamum,636.8174255029496
Uttarakhand,2019,Whole Year,Turmeric,3252.0944402132523
Haryana,2024,Kharif,Moth,563.481565282975
Himachal Pradesh,2021,Rabi,Gram,885.6109023859368
Odisha,2018,Autumn,Moong(Green Gram),263.5892604804522
Rajasthan,2018,Kharif,Jowar,1525.7565532535962
Odisha,2004,Whole Year,Coriander,477.80692549842604
Assam,2022,Rabi,Linseed,683.1791857180177
Tamil Nadu,2024,Whole Year,Mango,8517.287653750585
Odisha,2020,Whole Year,Sugarcane,72927.3547215192
Jharkhand,2018,Rabi,Gram,1166.054209086164
Kerala,2006,Whole Year,Sweet potato,12683.168316831683
Rajasthan,2022,Kharif,Sesamum,578.1824724422473
Meghalaya,2005,Whole Year,Sweet potato,3270.35175879397
Delhi,2005,Kharif,Arhar/Tur,1503.3112582781457
Tamil Nadu,2025,Kharif,Moong(Green Gram),596.3044398432738
Assam,2006,Whole Year,Turmeric,727.1952985265309
Madhya Pradesh,2016,Kharif,Rice,2389.619469026549
Nagaland,2016,Kharif,Moong(Green Gram),1022.2222222222222
Odisha,2024,Autumn,Urad,392.13749235748463
Jammu and Kashmir,2023,Kharif,Urad,373.77648480570383
Assam,2000,Kharif,Jute,9616.028656510292
Jharkhand,2023,Rabi,Potato,7113.46406793906
Jammu and Kashmir,2024,Kharif,Cotton(lint),651.7890077462191
Assam,2019,Rabi,Linseed,622.1084953940634
Maharashtra,2005,Kharif,Niger seed,260.707635009311
Himachal Pradesh,2013,Kharif,Ragi,920.6019719771666
Punjab,2020,Rabi,Mustard,1518.3068382834783
Uttar Pradesh,2016,Kharif,Moong,774.5979565812818
Madhya Pradesh,2002,Kharif,Niger seed,168.74146341463415
Manipur,2015,Whole Year,Sugarcane,58000.0
West Bengal,2022,Rabi,Khesari,1076.4805852031168
Arunachal Pradesh,2023,Kharif,Sunflower,811.8696385628656
Jharkhand,2000,Kharif,Rice,2228.3885484899793
Maharashtra,2011,Kharif,Other Kharif pulses,410.8077360637088
West Bengal,2016,Kharif,Soyabean,732.2314049586777
Odisha,2023,Rabi,Linseed,618.7779914507408
Andhra Pradesh,2024,Kharif,Groundnut,2736.081425353155
Uttar Pradesh,2026,Kharif,Arhar/Tur,915.2473018272703
West Bengal,2025,Rabi,Moth,1211.6689280868386
Andhra Pradesh,2012,Whole Year,Banana,26685.422528022653
Mizoram,2026,Kharif,Potato,4637.897214593959
Uttar Pradesh,2026,Kharif,Sugarcane,74720.04530995165
Sikkim,2010,Rabi,Other Cereals,924.1457858769932
Karnataka,2008,Whole Year,Tomato,24146.675216155076
Karnataka,2020,Whole Year,Mango,7024.601885740602
Assam,2018,Whole Year,Ginger,9307.136859781696
Delhi,2026,Rabi,Gram,2762.1155638397017
Tripura,2008,Rabi,Gram,967.032967032967
Bihar,2011,Autumn,Maize,2358.2080504364694
Uttar Pradesh,2005,Kharif,Jowar,1064.5955023043098
Andhra Pradesh,2019,Whole Year,Black pepper,1000.0
Assam,2001,Whole Year,Arecanut,951.3813965557271
Assam,2016,Whole Year,Tobacco,506.6079295154185
Mizoram,2018,Rabi,Onion,3368.4210526315787
Maharashtra,2023,Kharif,Sesamum,2392.9224053125604
Bihar,2004,Kharif,Arhar/Tur,1233.9350986355646
Assam,2004,Rabi,Other  Rabi pulses,575.9452783583507
Uttarakhand,2015,Kharif,Other Kharif pulses,980.3204033504106
Chhattisgarh,2008,Whole Year,Sugarcane,2460.704007084348
Tamil Nadu,2017,Whole Year,Dry chillies,410.4261106074343
Madhya Pradesh,2015,Whole Year,Ginger,16001.250865993605
Assam,2012,Kharif,Maize,897.1512977421397
Odisha,2019,Kharif,Cotton(lint),3411.7716442557207
Maharashtra,2009,Rabi,Safflower,578.9473684210526
Assam,2010,Kharif,Small millets,501.3497878904744
Maharashtra,2003,Kharif,Arhar/Tur,662.3339386409251
Uttar Pradesh,2016,Kharif,Dry chillies,922.3889646809156
Uttarakhand,2015,Kharif,Urad,659.6314907872696
Himachal Pradesh,2024,Kharif,Sannhamp,10.108051585918439
Tamil Nadu,2024,Kharif,Other Kharif pulses,901.7222006603487
Karnataka,2026,Kharif,Other Kharif pulses,1137.5853727314948
Bihar,2005,Whole Year,Sannhamp,810.7176433719837
West Bengal,2021,Kharif,Jute,17215.669658193503
Bihar,2022,Kharif,Jowar,1003.2562789654656
Tripura,2021,Rabi,Other  Rabi pulses,861.8503407668413
Gujarat,2004,Kharif,Castor seed,1708.9258698940998
Jharkhand,2017,Rabi,Gram,1228.2623644083822
Haryana,2025,Rabi,Gram,1264.7024860765252
Haryana,2012,Whole Year,Dry chillies,9615.384615384615
Andhra Pradesh,2010,Kharif,Turmeric,5336.719249716652
Kerala,2017,Whole Year,Ginger,4343.020594965675
Meghalaya,2011,Kharif,Cotton(lint),929.8500946004948
West Bengal,2005,Kharif,Soyabean,572.4258289703316
Andhra Pradesh,2005,Kharif,Onion,17823.284721542528
Puducherry,2003,Kharif,Ginger,834.2245989304813
Gujarat,2018,Kharif,Tobacco,1849.3054991471042
Haryana,2012,Rabi,Gram,1126.8683690174983
Meghalaya,2012,Kharif,Arhar/Tur,1223.5915492957747
West Bengal,2015,Autumn,Sesamum,817.7842565597667
Meghalaya,2012,Kharif,Castor seed,750.0
Karnataka,2025,Kharif,Sesamum,833.7498556290013
Jammu and Kashmir,2003,Kharif,Other Kharif pulses,522.6277372262774
Puducherry,2002,Whole Year,Dry chillies,2571.4285714285716
Madhya Pradesh,2002,Rabi,Safflower,167.85714285714286
Karnataka,2009,Whole Year,Cashewnut,758.2525191900686
Tripura,2023,Kharif,Jowar,895.7322741485676
Assam,2002,Kharif,Cotton(lint),460.1542416452442
Andhra Pradesh,2026,Rabi,Safflower,716.260567610731
West Bengal,2009,Kharif,Niger seed,656.6429743028978
Punjab,2001,Kharif,Moth,1000.0
Rajasthan,2009,Kharif,Bajra,1460.968157605219
Kerala,2024,Whole Year,Cardamom,120.16027491600175
Karnataka,2022,Whole Year,Arecanut,13619.807476815122
Bihar,2008,Rabi,Peas & beans (Pulses),962.0077415011781
Himachal Pradesh,2013,Kharif,Rice,1461.5868414935944
Maharashtra,2010,Rabi,Gram,904.2353432088462
Odisha,2019,Kharif,Sannhamp,5243.852459016393
Uttarakhand,2013,Kharif,Moong(Green Gram),533.3333333333334
Telangana,2019,Kharif,Onion,22314.729332773815
Meghalaya,2026,Whole Year,Black pepper,780.2275435211253
West Bengal,2005,Whole Year,Sugarcane,83009.31408422593
Andhra Pradesh,2024,Kharif,Cowpea(Lobia),367.6372556701404
Himachal Pradesh,2014,Kharif,Tobacco,2500.0
Assam,2000,Whole Year,Tapioca,4738.020286813571
Puducherry,2018,Rabi,Moong(Green Gram),800.0
Odisha,2018,Rabi,Onion,19822.051909937778
Himachal Pradesh,2003,Kharif,Bajra,554.4871794871794
Sikkim,2013,Kharif,Maize,1723.641372401703
Himachal Pradesh,2006,Rabi,Other  Rabi pulses,546.0797799174691
Rajasthan,2007,Rabi,Wheat,3474.3135773354325
Assam,2022,Autumn,Rice,1895.064341869627
Uttarakhand,2022,Rabi,Peas & beans (Pulses),789.2161392669651
Odisha,2025,Rabi,Gram,923.5938326582946
Puducherry,2011,Kharif,Rice,3019.589332074581
Manipur,2024,Kharif,Sesamum,234.90595758086627
Tripura,2024,Kharif,Sesamum,710.9491617332027
Kerala,2013,Whole Year,Maize,1392.1568627450981
Assam,2005,Rabi,Linseed,505.50660792951544
Karnataka,2008,Whole Year,Turmeric,4760.505685429762
Telangana,2019,Kharif,Ragi,1582.6612903225807
Tripura,2011,Kharif,Arhar/Tur,747.6866132017274
Nagaland,2025,Rabi,Other  Rabi pulses,1381.4395667080696
Jammu and Kashmir,2001,Rabi,Masoor,470.5882352941176
Uttarakhand,2006,Kharif,Bajra,1181.8181818181818
Kerala,2018,Whole Year,Tobacco,1648.3516483516482
Haryana,2009,Kharif,Moth,250.9860164933668
Himachal Pradesh,2015,Kharif,Turmeric,548.5436893203884
Uttarakhand,2006,Kharif,other oilseeds,542.7196149217809
Karnataka,2000,Kharif,Sunflower,534.8517061762517
Karnataka,2025,Kharif,Moong(Green Gram),246.71461510597294
West Bengal,2024,Rabi,Maize,3918.977227409974
Manipur,2026,Whole Year,Sugarcane,79833.96852773991
Uttar Pradesh,2001,Kharif,Jowar,958.1275672324266
Assam,2009,Kharif,Jute,10928.359123640263
Nagaland,2024,Kharif,Sweet potato,8495.501945342621
Punjab,2011,Kharif,Bajra,1000.0
Tamil Nadu,2015,Kharif,Bajra,2693.344613649182
Himachal Pradesh,2016,Kharif,Ragi,1048.7412961971077
Meghalaya,2014,Kharif,Cotton(lint),1235.3182751540041
Jammu and Kashmir,2021,Rabi,Garlic,821.2642394460577
Nagaland,2008,Kharif,Ginger,9436.363636363636
Meghalaya,2010,Rabi,Wheat,1791.3486005089057
Tamil Nadu,2011,Whole Year,Dry chillies,436.55433896743557
Goa,2022,Whole Year,other oilseeds,3332.1328721034924
Puducherry,2009,Kharif,Ragi,2416.6666666666665
Maharashtra,2009,Kharif,Arhar/Tur,840.7427735089645
Himachal Pradesh,2011,Rabi,Barley,1422.619893007622
Manipur,2009,Rabi,Masoor,845.7183297947629
Himachal Pradesh,2006,Kharif,Bajra,502.77777777777777
Manipur,2024,Kharif,Ginger,20854.87423766968
Nagaland,2021,Kharif,Sesamum,485.02654110605755
Gujarat,2026,Whole Year,Garlic,6229.426885664168
Delhi,2017,Rabi,Wheat,4240.709674139596
Mizoram,2021,Kharif,Arhar/Tur,1095.0732521481114
Nagaland,2024,Kharif,Jowar,818.3825491956421
Tamil Nadu,2023,Whole Year,Tobacco,1561.6308331832497
Uttar Pradesh,2018,Kharif,Sesamum,226.20753719553744
Manipur,2006,Kharif,Ginger,1650.2347417840376
Rajasthan,2017,Kharif,Bajra,1631.3255902806486
Maharashtra,2010,Rabi,Wheat,1760.9061686820755
Himachal Pradesh,2014,Kharif,Arhar/Tur,350.0
Odisha,2009,Autumn,Groundnut,939.6374995932446
Meghalaya,2023,Rabi,Tobacco,1090.507138291072
Punjab,2018,Rabi,Barley,3750.0
Haryana,2010,Kharif,Ginger,1639.344262295082
Assam,2012,Rabi,Mustard,1454.0994224433946
Maharashtra,2009,Whole Year,Grapes,22470.772128987774
Tamil Nadu,2004,Whole Year,Onion,9677.211128307727
Tamil Nadu,2014,Whole Year,Cardamom,90.4308617234469
Chhattisgarh,2014,Rabi,Rapeseed &Mustard,528.0044669701915
Rajasthan,2026,Rabi,Coriander,902.7858806385001
Punjab,2016,Kharif,Urad,523.8095238095239
Manipur,2011,Kharif,Ginger,11599.83150800337
Arunachal Pradesh,2022,Kharif,Small millets,939.1167701402536
Chhattisgarh,2001,Kharif,Rice,1331.6461563334622
Himachal Pradesh,2002,Kharif,Small millets,429.70031310571045
Mizoram,2006,Whole Year,Sugarcane,9095.522388059702
Manipur,2009,Whole Year,Potato,8341.391941391941
Odisha,2015,Rabi,Mustard,1732.0999378359313
Manipur,2015,Whole Year,Potato,8470.16393442623
Maharashtra,2002,Kharif,Rice,1197.8888295029396
Chhattisgarh,2011,Kharif,Mesta,2012.3456790123457
Andhra Pradesh,2010,Rabi,Gram,1232.511314116899
Nagaland,2006,Kharif,Potato,8977.142857142857
Andhra Pradesh,2015,Kharif,Cashewnut,371.82557387796726
Arunachal Pradesh,2001,Kharif,Small millets,904.305977710233
Himachal Pradesh,2021,Kharif,Horse-gram,520.6001711385799
Haryana,2026,Kharif,Jowar,853.6478155597639
Madhya Pradesh,2002,Kharif,Groundnut,619.000878992089
Odisha,2018,Autumn,Sesamum,307.7889447236181
Gujarat,2005,Kharif,Ragi,1069.1244239631337
Gujarat,2015,Kharif,Soyabean,769.4949846927346
Arunachal Pradesh,2014,Kharif,Rice,1493.6477987421383
Goa,2018,Kharif,Groundnut,2371.4285714285716
Haryana,2016,Kharif,Groundnut,1212.7659574468084
Uttar Pradesh,2011,Kharif,Small millets,925.5829903978052
Meghalaya,2005,Rabi,Rapeseed &Mustard,661.3396331295164
Andhra Pradesh,2022,Kharif,Sunflower,936.4539593709612
Himachal Pradesh,2014,Kharif,Urad,462.544265867611
Uttar Pradesh,2023,Kharif,Maize,2187.6006699944105
Nagaland,2008,Kharif,Sesamum,600.0
Himachal Pradesh,2024,Kharif,Maize,2382.0798296879625
Gujarat,2013,Rabi,Onion,30510.554973212205
Bihar,2016,Kharif,Moong(Green Gram),781.9923011923763
Madhya Pradesh,2010,Whole Year,Ginger,1201.651507898516
Chhattisgarh,2025,Kharif,Groundnut,1581.516107571616
Rajasthan,2005,Kharif,Maize,2693.642854625564
Tamil Nadu,2013,Whole Year,Coriander,347.28311412249235
Manipur,2014,Rabi,Rapeseed &Mustard,867.3505482844005
Jharkhand,2006,Whole Year,Sugarcane,44399.46248447839
Assam,2011,Whole Year,Sweet potato,3929.399207075328
Gujarat,2004,Rabi,Wheat,2482.1281275776737
Uttarakhand,2002,Kharif,Rice,1886.02568404131
Jharkhand,2017,Kharif,Ragi,972.2295271656235
Karnataka,2009,Kharif,Arhar/Tur,462.945036033129
Sikkim,2017,Kharif,Other Kharif pulses,980.7981927710844
Madhya Pradesh,2006,Kharif,Jute,1877.170138888889
Jharkhand,2014,Rabi,Wheat,1512.919470984139
Andhra Pradesh,2010,Kharif,Mesta,8951.077483758518
Nagaland,2003,Kharif,Peas & beans (Pulses),1459.85401459854
Tripura,2005,Rabi,Wheat,1819.4285714285713
Jharkhand,2011,Rabi,Wheat,1536.6657626270003
Odisha,2001,Whole Year,Sugarcane,58610.02912267928
Nagaland,2013,Kharif,Ragi,937.5
Arunachal Pradesh,2010,Whole Year,Oilseeds total,918.2834180950587
Telangana,2025,Rabi,Potato,10.001220444370219
Assam,2003,Kharif,Arhar/Tur,704.5065601825443
Meghalaya,2022,Rabi,Other  Rabi pulses,679.893888827765
Assam,2006,Whole Year,Tapioca,4718.083114938226
Gujarat,2018,Kharif,Urad,580.1179396360073
Madhya Pradesh,2005,Kharif,Rice,992.3720012279132
West Bengal,2002,Autumn,Dry chillies,873.6935734934401
West Bengal,2008,Rabi,Other  Rabi pulses,345.94594594594594
Bihar,2017,Kharif,Arhar/Tur,1548.493535998269
Manipur,2006,Summer,Potato,5223.529411764706
Jharkhand,2018,Kharif,Soyabean,747.1716674864732
Tripura,2000,Whole Year,Moong(Green Gram),719.9680511182108
Puducherry,2014,Kharif,Dry chillies,900.0
Manipur,2018,Kharif,Rice,2580.0
Meghalaya,2016,Rabi,Black pepper,747.2852912142152
Telangana,2026,Rabi,Other  Rabi pulses,10.003792907263419
Uttar Pradesh,2026,Kharif,Sesamum,243.95621031914993
Puducherry,2010,Kharif,Urad,772.7272727272727
Delhi,2004,Kharif,Arhar/Tur,1428.5714285714287
Punjab,2007,Kharif,Jowar,1000.0
Sikkim,2023,Rabi,Barley,1043.3970826580228
Punjab,2013,Kharif,Bajra,1000.0
Chhattisgarh,2018,Kharif,Mesta,1945.010183299389
Karnataka,2010,Kharif,Maize,3428.7125438306375
Uttar Pradesh,2010,Rabi,Peas & beans (Pulses),1164.7683629974188
Assam,2001,Rabi,Linseed,512.8359406337746
Haryana,2026,Whole Year,Dry chillies,16118.187894647022
Manipur,2010,Kharif,Rice,2258.040248260297
Madhya Pradesh,2008,Kharif,Jowar,1203.0000455556337
Madhya Pradesh,2023,Whole Year,Sweet potato,16902.537029311774
Odisha,2016,Autumn,Maize,2854.171231576026
Uttarakhand,2000,Rabi,Barley,971.5858433151142
Tripura,2006,Rabi,Peas & beans (Pulses),751.207729468599
Chhattisgarh,2004,Whole Year,Coriander,247.36970883288475
Jammu and Kashmir,2017,Kharif,Tobacco,500.0
Himachal Pradesh,2015,Kharif,Soyabean,1669.6750902527076
Manipur,2024,Whole Year,Turmeric,24122.650167732132
Chhattisgarh,2008,Whole Year,Tobacco,518.5185185185185
Jammu and Kashmir,2017,Rabi,Rapeseed &Mustard,793.0001476762094
Himachal Pradesh,2026,Rabi,Linseed,379.12597431891663
Andhra Pradesh,2025,Kharif,Arhar/Tur,588.9363505091159
Andhra Pradesh,2019,Kharif,Cotton(lint),649.1078105001429
Bihar,2004,Kharif,Sunflower,1415.2219873150107
Bihar,2000,Kharif,Moong(Green Gram),559.6489327121031
Karnataka,2008,Whole Year,Banana,17366.043179620006
Jammu and Kashmir,2011,Rabi,Other  Rabi pulses,711.0481586402266
Uttar Pradesh,2025,Rabi,Gram,1062.391375642935
Chhattisgarh,2014,Whole Year,Sugarcane,6114.912069380872
Jammu and Kashmir,2016,Kharif,Maize,1833.22379342354
Himachal Pradesh,2006,Kharif,Soyabean,1681.8181818181818
Delhi,2013,Kharif,Rice,3257.745550428477
Karnataka,2008,Kharif,Maize,2732.9416519008983
Haryana,2008,Kharif,Bajra,1773.4372705707303
Assam,2015,Whole Year,Dry chillies,889.9593557127804
Odisha,2024,Autumn,Ragi,615.7837766861829
Himachal Pradesh,2016,Kharif,Peas & beans (Pulses),1493.4640522875818
Nagaland,2002,Kharif,Soyabean,1346.1538461538462
Chhattisgarh,2025,Kharif,Ragi,263.58663933775637
Jammu and Kashmir,2025,Rabi,Masoor,1137.079754601227
Gujarat,2026,Kharif,Jowar,1755.8604080972264
Bihar,2015,Kharif,Other Kharif pulses,817.9122182680901
Sikkim,2008,Kharif,Maize,1677.0408163265306
Bihar,2003,Rabi,Linseed,784.0096841134425
Odisha,2010,Autumn,Jute,11423.13737818296
Gujarat,2001,Kharif,Moth,335.64814814814815
West Bengal,2023,Kharif,Jowar,202.3334722304899
Tamil Nadu,2019,Whole Year,Coriander,496.82303636609436
Bihar,2011,Rabi,Masoor,1018.4877440797674
West Bengal,2018,Rabi,Horse-gram,496.085409252669
Chhattisgarh,2020,Kharif,Arhar/Tur,1268.853558132224
Madhya Pradesh,2002,Kharif,Maize,1750.999446387976
Bihar,2007,Kharif,Small millets,738.4285714285714
Uttarakhand,2014,Kharif,Bajra,1000.0
Rajasthan,2007,Rabi,Barley,2452.6583114524597
Jammu and Kashmir,2002,Kharif,Urad,418.8448566610455
Andhra Pradesh,2010,Whole Year,Cashewnut,243.03227348100305
Madhya Pradesh,2003,Kharif,Niger seed,229.1243357299156
Bihar,2013,Autumn,Maize,2813.715529490883
Chhattisgarh,2009,Kharif,Arhar/Tur,520.9532255325572
Nagaland,2009,Kharif,Potato,9432.343234323433
Tamil Nadu,2010,Kharif,Ragi,2261.6787838730997
Assam,2017,Whole Year,Turmeric,1232.1142789401933
Odisha,2007,Autumn,Maize,1899.5053331272222
Madhya Pradesh,2017,Kharif,Rice,2407.0635222706087
Jharkhand,2022,Rabi,Safflower,425.97232324865075
Delhi,2002,Kharif,Rice,2117.290026246719
Himachal Pradesh,2019,Kharif,Ginger,4715.106007067137
Meghalaya,2025,Rabi,Linseed,744.7406907413657
Uttarakhand,2008,Kharif,Arhar/Tur,717.5828787242971
Karnataka,2002,Rabi,Linseed,351.58898913855523
Kerala,2017,Whole Year,Cardamom,469.5496417604913
Himachal Pradesh,2009,Kharif,Other Kharif pulses,531.0799197937554
Karnataka,2025,Kharif,Ragi,1712.626851077748
Assam,2002,Rabi,Urad,497.7588469824918
Jharkhand,2018,Rabi,Wheat,1846.5946889476159
Meghalaya,2008,Kharif,Soyabean,1102.3696682464456
Himachal Pradesh,2016,Kharif,Moth,266.6666666666667
Mizoram,2015,Kharif,Potato,1000.0
Punjab,2018,Rabi,Peas & beans (Pulses),1294.1176470588234
Telangana,2003,Kharif,Turmeric,4744.8370653208
Uttar Pradesh,2024,Rabi,Gram,1116.5033747416176
Chhattisgarh,2001,Kharif,Moong(Green Gram),298.5831006308822
Mizoram,2018,Kharif,Sesamum,771.4285714285714
Bihar,2007,Kharif,Castor seed,955.6650246305419
Maharashtra,2026,Kharif,Castor seed,250.60449230870452
Jammu and Kashmir,2005,Kharif,Other Kharif pulses,522.904062229905
Uttarakhand,2010,Kharif,Moth,409.09090909090907
Himachal Pradesh,2022,Rabi,Linseed,346.6535850657616
Kerala,2020,Whole Year,Cardamom,318.1434387144039
Telangana,2019,Kharif,Sesamum,145.45454545454547
Uttarakhand,2009,Kharif,Rice,2038.8015136285696
Kerala,2017,Whole Year,Cashewnut,645.2416918429003
Madhya Pradesh,2004,Kharif,Urad,353.21977140162284
West Bengal,2000,Kharif,Bajra,817.891373801917
Uttarakhand,2017,Kharif,Moth,555.5555555555555
Meghalaya,2008,Whole Year,Arecanut,1377.4540848638378
Haryana,2015,Rabi,Rapeseed &Mustard,1611.0019646365422
Arunachal Pradesh,2002,Whole Year,Potato,6962.6297577854675
Andhra Pradesh,2021,Kharif,Onion,86049.06076335411
Uttarakhand,2015,Kharif,Horse-gram,888.7737478411053
Bihar,2015,Whole Year,Sugarcane,48826.18709045533
West Bengal,2016,Rabi,Rapeseed &Mustard,1077.4681173152112
Assam,2014,Autumn,Rice,1430.7348053907476
West Bengal,2009,Rabi,Onion,15991.074601252018
Madhya Pradesh,2002,Whole Year,Sweet potato,5665.956880489753
Uttarakhand,2022,Kharif,Other Kharif pulses,1068.0212914333615
Manipur,2010,Kharif,Ginger,11565.0
Haryana,2022,Rabi,Wheat,5686.41264698266
Himachal Pradesh,2021,Rabi,Linseed,332.2149101946575
Uttarakhand,2009,Kharif,other oilseeds,732.4414715719064
Madhya Pradesh,2002,Kharif,Arhar/Tur,613.9984242926008
Andhra Pradesh,2024,Whole Year,Sugarcane,89663.83612136841
Puducherry,2024,Kharif,Turmeric,8858.108108108107
Tamil Nadu,2022,Whole Year,Arecanut,2398.1786880467007
West Bengal,2014,Kharif,Urad,686.4388915014026
Punjab,2010,Kharif,Bajra,1000.0
Punjab,2010,Rabi,Wheat,4692.877492877493
Haryana,2025,Kharif,Moth,580.7119259176336
Arunachal Pradesh,2003,Kharif,Small millets,957.2242919341084
West Bengal,2025,Summer,Potato,17599.428661144386
Karnataka,2010,Kharif,Small millets,501.431832330359
Odisha,2011,Autumn,Maize,2046.8221326255648
Andhra Pradesh,2003,Rabi,Rapeseed &Mustard,254.86725663716814
Karnataka,2007,Kharif,Sesamum,557.9348276338196
Bihar,2008,Kharif,Ginger,1628.2051282051282
Assam,2006,Rabi,Other  Rabi pulses,546.4586497307746
Rajasthan,2012,Rabi,Mustard,1384.067280386441
Himachal Pradesh,2005,Kharif,Bajra,473.6842105263158
Rajasthan,2026,Kharif,Moong,863.4921536288849
Madhya Pradesh,2013,Whole Year,Sesamum,432.00035608704843
Gujarat,2016,Kharif,Moth,468.90202598682185
Maharashtra,2002,Rabi,Onion,13406.660090414649
Rajasthan,2007,Kharif,Moong,533.202524138698
Tamil Nadu,2013,Whole Year,Dry chillies,272.7953431076544
Maharashtra,2000,Kharif,Moong(Green Gram),341.4531709365813
Arunachal Pradesh,2008,Rabi,Wheat,1576.876143990238
Nagaland,2014,Rabi,Other  Rabi pulses,1261.1050920910077
Meghalaya,2002,Kharif,Jute,8793.814432989691
Uttarakhand,2023,Kharif,Moong(Green Gram),937.251326259947
Odisha,2017,Autumn,Jute,2492.08025343189
Chhattisgarh,2009,Rabi,Safflower,284.5336481700118
Haryana,2025,Whole Year,Sweet potato,1483.593057139237
Andhra Pradesh,2012,Kharif,Rice,2881.785283474065
Delhi,2021,Kharif,Barley,3545.0
Maharashtra,2011,Kharif,Soyabean,1318.539680430522
Jammu and Kashmir,2019,Kharif,Peas & beans (Pulses),4921.7081850533805
Haryana,2000,Kharif,Other Kharif pulses,173.5106998264893
Assam,2002,Kharif,Mesta,4954.022988505747
Puducherry,2021,Kharif,Groundnut,3506.069919323857
West Bengal,2017,Autumn,Jowar,500.0
Rajasthan,2026,Rabi,Barley,3094.7262532645163
Maharashtra,2000,Kharif,Arhar/Tur,602.4085393668461
Punjab,2019,Rabi,Rapeseed &Mustard,1500.0
Meghalaya,2017,Rabi,Gram,1066.2002152852529
Uttarakhand,2018,Kharif,Sesamum,297.6190476190476
Haryana,2006,Kharif,Arhar/Tur,1087.1151320589522
Haryana,2017,Kharif,Guar seed,831.9266055045872
Assam,2025,Rabi,Mustard,1882.005133083379
Bihar,2019,Kharif,Bajra,1133.903133903134
Karnataka,2003,Whole Year,Arecanut,1335.1573462961346
Chhattisgarh,2005,Kharif,Horse-gram,329.412226012626
Tamil Nadu,2019,Rabi,Other  Rabi pulses,649.9305876908838
Assam,2017,Rabi,Linseed,612.5099920063949
Nagaland,2006,Kharif,Small millets,690.0
Uttarakhand,2022,Rabi,Masoor,890.8317535442694
Uttar Pradesh,2004,Kharif,Cotton(lint),168.38916607270136
Nagaland,2006,Kharif,Cardamom,1600.0
Maharashtra,2008,Kharif,Sesamum,251.3863216266174
Chhattisgarh,2026,Whole Year,Coriander,347.1974730176356
Bihar,2015,Kharif,Arhar/Tur,1577.2841184216115
Gujarat,2025,Kharif,Rice,2309.4429095905157
Assam,2026,Rabi,Arecanut,1041.8698101349933
Himachal Pradesh,2025,Kharif,Dry chillies,320.6156274664562
Chhattisgarh,2013,Rabi,Masoor,326.13111726685133
Uttarakhand,2003,Whole Year,Onion,11159.394997091333
Jharkhand,2014,Rabi,Rapeseed &Mustard,893.4160023619722
Uttarakhand,2010,Kharif,other oilseeds,617.169373549884
Andhra Pradesh,2012,Rabi,Niger seed,702.6471654780612
Uttarakhand,2022,Kharif,Bajra,792.4850555081126
Karnataka,2024,Kharif,Maize,3776.6895866974555
Punjab,2023,Rabi,Linseed,390.198614012401
Nagaland,2016,Kharif,Ginger,9124.352331606218
Mizoram,2009,Kharif,Tapioca,7201.030927835051
West Bengal,2005,Rabi,Castor seed,822.2222222222222
Puducherry,2026,Kharif,Turmeric,10216.738197424893
Andhra Pradesh,2004,Kharif,Turmeric,4046.5602573574247
Gujarat,2023,Whole Year,Mango,7605.094212277581
Gujarat,2013,Whole Year,Guar seed,790.1080932140228
Odisha,2011,Autumn,Sesamum,164.93247730794775
Puducherry,2024,Summer,Onion,5663.636363636364
Andhra Pradesh,2025,Whole Year,Banana,81183.66258007263
Meghalaya,2018,Rabi,Peas & beans (Pulses),1937.9014989293362
West Bengal,2018,Whole Year,Banana,27563.350815020458
Jammu and Kashmir,2025,Kharif,Turmeric,890.8489525909591
Assam,2006,Whole Year,Dry chillies,645.5057270432926
Bihar,2009,Whole Year,Tobacco,1867.0353982300885
Uttarakhand,2022,Whole Year,Turmeric,2900.469088284821
Tripura,2018,Kharif,Other Kharif pulses,967.479674796748
Tamil Nadu,2021,Kharif,Sunflower,1057.3105736603156
Gujarat,2011,Kharif,Cotton(lint),3454.6302154440414
Meghalaya,2024,Whole Year,Sugarcane,2812.8806677193775
Gujarat,2004,Whole Year,Mango,5677.163814851701
Bihar,2016,Autumn,Rice,1704.9658152352526
Uttar Pradesh,2013,Rabi,Barley,2879.8035102082586
Odisha,2014,Rabi,Mustard,1617.1770777502811
Bihar,2025,Kharif,Groundnut,1387.6579381065737
Uttarakhand,2004,Rabi,Linseed,333.3333333333333
Rajasthan,2017,Kharif,Groundnut,1818.1457108782065
Chhattisgarh,2004,Rabi,Safflower,213.69294605809128
Andhra Pradesh,2021,Kharif,Horse-gram,444.93014945659615
West Bengal,2024,Whole Year,Arecanut,1210.5563910578767
West Bengal,2021,Rabi,Rapeseed &Mustard,1081.4780912104031
Tripura,2014,Rabi,Masoor,761.4091273018415
Assam,2003,Rabi,Rapeseed &Mustard,523.644184276589
Puducherry,2019,Kharif,Bajra,2571.4285714285716
Karnataka,2002,Whole Year,Garlic,745.3218562874251
Gujarat,2008,Kharif,Arhar/Tur,987.2228485531755
Uttar Pradesh,2017,Kharif,Sweet potato,11165.645299669077
Jammu and Kashmir,2017,Kharif,Turmeric,1000.0
Kerala,2024,Whole Year,Urad,10.005002501250626
Rajasthan,2005,Rabi,Mustard,1422.3261847334384
Jammu and Kashmir,2025,Kharif,Maize,1733.2454981702397
Chhattisgarh,2014,Rabi,Other  Rabi pulses,139.86013986013987
Andhra Pradesh,2026,Whole Year,Sugarcane,83746.39187766548
Meghalaya,2013,Whole Year,Maize,2200.0
Andhra Pradesh,2016,Kharif,Small millets,695.1897905759163
Punjab,2004,Kharif,Moth,666.6666666666666
Delhi,2015,Kharif,Jowar,959.8228408731414
Arunachal Pradesh,2011,Whole Year,Turmeric,4480.0
Gujarat,2011,Kharif,Urad,702.7027027027027
Madhya Pradesh,2025,Kharif,Rice,2120.588705501308
Punjab,2010,Kharif,Sesamum,403.50877192982455
Bihar,2015,Kharif,Jute,13935.139337017752
Chhattisgarh,2024,Kharif,Niger seed,798.9428635852878
Assam,2010,Rabi,Arecanut,994.3289773304132
Gujarat,2022,Rabi,Small millets,1852.5242615003508
Manipur,2016,Kharif,Soyabean,848.2352941176471
Kerala,2017,Whole Year,Banana,9110.404456752753
Telangana,2021,Kharif,Cotton(lint),3344.9103066668604
Jammu and Kashmir,2013,Rabi,Moong(Green Gram),1194.4444444444443
Rajasthan,2014,Kharif,Bajra,1601.5655474726507
Nagaland,2006,Kharif,Soyabean,1201.7268445839875
Nagaland,2026,Kharif,Ginger,9134.694069770987
Puducherry,2013,Kharif,Sweet potato,9000.0
Delhi,2024,Kharif,Maize,14395.54370596077
Jammu and Kashmir,2003,Kharif,Small millets,363.0905768728791
Bihar,2003,Rabi,Khesari,921.1657548247459
Sikkim,2011,Rabi,Wheat,1060.0
Meghalaya,2024,Whole Year,Dry chillies,1551.1742237669953
Andhra Pradesh,2010,Kharif,Cotton(lint),2180.358887300286
Himachal Pradesh,2010,Kharif,Moth,250.0
Uttarakhand,2008,Rabi,Masoor,363.3384909438427
Telangana,2024,Kharif,Ragi,1203.1364788077783
Mizoram,2024,Kharif,Sesamum,863.3016262657256
Arunachal Pradesh,2025,Whole Year,Dry chillies,3491.8168951132297
Rajasthan,2016,Rabi,Mustard,1602.5194591417458
Gujarat,2009,Kharif,Other Kharif pulses,732.4414715719064
Puducherry,2000,Rabi,Rapeseed &Mustard,7174.603174603175
Nagaland,2009,Rabi,Barley,1400.0
Telangana,2016,Kharif,Cotton(lint),2444.992759589994
Kerala,2003,Whole Year,Ginger,3871.7707844058245
Assam,2016,Kharif,Cotton(lint),484.12698412698415
Bihar,2017,Kharif,Other Kharif pulses,807.3496659242762
West Bengal,2011,Kharif,Sannhamp,3733.9971550497867
Uttarakhand,2008,Kharif,Maize,1355.0037341299478
Andhra Pradesh,2009,Kharif,Onion,16328.483053062648
Madhya Pradesh,2021,Whole Year,Ginger,17223.84373779456
Uttarakhand,2016,Kharif,Groundnut,1298.3957219251338
Chhattisgarh,2026,Kharif,Soyabean,816.1418612932348
West Bengal,2002,Kharif,Mesta,8833.00876338851
Bihar,2012,Kharif,Ragi,1180.9703843730308
Odisha,2002,Rabi,Other  Rabi pulses,584.7583643122676
Meghalaya,2021,Kharif,Castor seed,999.7644287396937
West Bengal,2025,Whole Year,Turmeric,3434.071540114296
Bihar,2022,Whole Year,Coriander,1052.2956931227313
Assam,2012,Whole Year,Turmeric,955.4847016984487
Haryana,2026,Rabi,other oilseeds,2254.6317854068775
Uttarakhand,2007,Kharif,Other Kharif pulses,766.7785234899329
Uttar Pradesh,2024,Kharif,Dry chillies,830.604090492251
Jammu and Kashmir,2023,Kharif,Dry chillies,857.7100563346518
Karnataka,2025,Whole Year,Arecanut,14542.455347809842
Jammu and Kashmir,2021,Kharif,Cowpea(Lobia),395.72567962255675
Uttarakhand,2022,Rabi,Gram,787.8316346378278
Himachal Pradesh,2007,Kharif,Potato,9117.205330192151
West Bengal,2018,Rabi,Gram,1179.101567939399
Kerala,2013,Whole Year,Ginger,4742.397531952402
Manipur,2008,Kharif,Urad,1082.044384667115
Karnataka,2005,Rabi,Other  Rabi pulses,119.26416583725161
Haryana,2022,Kharif,Castor seed,900.7021577568561
Bihar,2009,Kharif,Other Kharif pulses,768.361581920904
Manipur,2009,Rabi,Other  Rabi pulses,873.0123429333927
Bihar,2022,Kharif,Sesamum,1080.6736971149157
Assam,2008,Whole Year,Sweet potato,3524.928999684443
Karnataka,2024,Rabi,Linseed,235.47052572000962
Tamil Nadu,2017,Kharif,Horse-gram,720.0413223140496
Madhya Pradesh,2024,Whole Year,Coriander,1928.2519401629024
Bihar,2000,Rabi,Lentil,709.1728035510579
Uttarakhand,2015,Kharif,Arhar/Tur,821.8356328734253
Jammu and Kashmir,2004,Rabi,Wheat,1908.2469541013543
Jammu and Kashmir,2002,Rabi,Other  Rabi pulses,2269.84126984127
Maharashtra,2025,Kharif,Other Cereals,733.8850881576741
Uttar Pradesh,2006,Rabi,Garlic,4396.968558186146
Maharashtra,2009,Rabi,Rapeseed &Mustard,386.2068965517241
Meghalaya,2001,Whole Year,Arecanut,1267.1639108554996
Gujarat,2014,Whole Year,Banana,73736.55933898996
Andhra Pradesh,2005,Rabi,Linseed,373.21196358907673
Tripura,2011,Kharif,Maize,1351.3224686080684
Odisha,2004,Winter,Potato,9495.65012932048
Assam,2022,Kharif,Arhar/Tur,996.6026479968489
West Bengal,2013,Autumn,Sesamum,729.5774647887324
Bihar,2007,Autumn,Rice,607.5484582254047
Jharkhand,2020,Rabi,Wheat,4162.610715518751
Arunachal Pradesh,2004,Whole Year,Sugarcane,19201.08695652174
Chhattisgarh,2025,Whole Year,Bajra,8557.090051477424
West Bengal,2023,Autumn,Rice,2733.8713451361523
Assam,2012,Whole Year,Banana,16217.28321611457
Chhattisgarh,2017,Kharif,Soyabean,331.0069899519441
Madhya Pradesh,2013,Kharif,Rice,1765.4226896392647
Karnataka,2003,Whole Year,Sannhamp,248.92703862660943
Uttar Pradesh,2022,Kharif,Moong(Green Gram),649.3338278844399
Telangana,2015,Kharif,Onion,14130.195483013855
Punjab,2025,Rabi,Gram,1577.488697068297
Chhattisgarh,2025,Rabi,Safflower,394.11806492860694
Chhattisgarh,2021,Rabi,Peas & beans (Pulses),349.73394743634793
Maharashtra,2022,Whole Year,Sugarcane,68645.81623596471
Andhra Pradesh,2024,Whole Year,Ginger,3330.9514232307215
Uttar Pradesh,2011,Rabi,Gram,1185.165532596708
West Bengal,2005,Rabi,Mustard,1060.3011908584047
Maharashtra,2008,Rabi,Gram,676.9002011720459
Delhi,2019,Kharif,Jowar,1000.0
Madhya Pradesh,2000,Kharif,Ginger,1254.630715123095
Jammu and Kashmir,2002,Kharif,Small millets,191.48936170212767
Chhattisgarh,2022,Whole Year,Bajra,10381.96653298299
Assam,2025,Whole Year,Sugarcane,38632.69237220224
Maharashtra,2012,Whole Year,Banana,26704.427833204707
Chhattisgarh,2024,Kharif,Potato,6570.337235765398
Himachal Pradesh,2003,Kharif,Rice,1483.0515768119506
Puducherry,2025,Kharif,Other Cereals,988.5228059760562
Karnataka,2002,Kharif,Sesamum,393.0639721591443
Assam,2014,Kharif,Mesta,5591.650358773646
Bihar,2021,Whole Year,Mango,7743.1388072231
Uttarakhand,2022,Rabi,Rapeseed &Mustard,698.6697303894441
Uttarakhand,2005,Rabi,Other  Rabi pulses,566.6666666666666
Chhattisgarh,2011,Kharif,Moong(Green Gram),266.52797041146556
Arunachal Pradesh,2018,Kharif,Groundnut,980.4560260586319
Gujarat,2021,Kharif,Soyabean,1463.7654452272097
Chhattisgarh,2004,Rabi,Barley,893.912604192978
Nagaland,2014,Kharif,Arhar/Tur,900.3322259136213
Andhra Pradesh,2018,Kharif,Turmeric,5973.373366510435
Uttarakhand,2025,Rabi,Other Cereals,699.7391863211072
West Bengal,2002,Kharif,Sunflower,1353.735753482482
Uttarakhand,2020,Kharif,Ragi,1473.7495171315861
West Bengal,2012,Whole Year,Mango,6193.002534568927
Madhya Pradesh,2007,Kharif,Arhar/Tur,643.0009685052735
Uttar Pradesh,2018,Kharif,Maize,2066.703969318816
Nagaland,2001,Whole Year,Potato,11949.295774647888
Punjab,2005,Kharif,Sesamum,353.98230088495575
Jammu and Kashmir,2009,Kharif,Other Kharif pulses,1182.48436103664
Nagaland,2012,Kharif,Groundnut,1012.3456790123457
Mizoram,2015,Rabi,Onion,14600.0
Odisha,2004,Kharif,Bajra,509.9841521394612
Assam,2011,Rabi,Rapeseed &Mustard,559.1754756018374
Karnataka,2012,Whole Year,Turmeric,4693.468102397399
Andhra Pradesh,2002,Kharif,Sunflower,663.0363028381172
Andhra Pradesh,2021,Kharif,Urad,897.0490617578192
Haryana,2005,Kharif,Cotton(lint),2572.89145378645
Uttar Pradesh,2006,Kharif,Small millets,613.7371615312792
Kerala,2012,Whole Year,Sugarcane,95132.03214695751
Chhattisgarh,2025,Kharif,Maize,3207.2076731366733
Sikkim,2013,Kharif,Urad,900.609756097561
Jharkhand,2009,Autumn,Ragi,735.4829402005338
Uttar Pradesh,2003,Kharif,Urad,236.71314361518216
Himachal Pradesh,2004,Rabi,Barley,1380.1531092643386
Telangana,2022,Kharif,Urad,1555.331841169398
Maharashtra,2009,Kharif,Urad,332.95615275813293
Nagaland,2017,Kharif,Mesta,1105.2631578947369
Jammu and Kashmir,2012,Kharif,other oilseeds,555.5555555555555
Himachal Pradesh,2016,Kharif,Sesamum,317.1270718232044
Tamil Nadu,2004,Kharif,Other Kharif pulses,203.5641748018083
Chhattisgarh,2021,Kharif,Jute,10.013208913886404
Puducherry,2008,Kharif,Rice,2735.366125083463
Chhattisgarh,2004,Kharif,Maize,1430.0007153733739
Sikkim,2017,Kharif,Rice,1856.225660456794
Himachal Pradesh,2015,Rabi,Linseed,292.6525529265255
Manipur,2003,Whole Year,Cashewnut,400.0
Madhya Pradesh,2019,Whole Year,Turmeric,17536.598856861903
Nagaland,2022,Kharif,Sweet potato,8383.566659016644
Chhattisgarh,2008,Kharif,Urad,294.8551175461418
Andhra Pradesh,2026,Kharif,other oilseeds,19309.566308555724
Karnataka,2016,Kharif,Urad,488.3777122698497
Meghalaya,2003,Kharif,Cotton(lint),1070.1826672160419
Andhra Pradesh,2020,Kharif,Rice,3020.95951016279
Puducherry,2024,Kharif,Jowar,2903.100775193798
Uttarakhand,2009,Kharif,Urad,718.0132326903364
Goa,2014,Kharif,Rice,2919.145114942529
Telangana,2019,Kharif,Cashewnut,305.71992110453647
Chhattisgarh,2023,Kharif,Cotton(lint),2196.5698760400746
Delhi,2005,Kharif,Bajra,1793.491124260355
Karnataka,2018,Whole Year,Black pepper,634.483316372263
Madhya Pradesh,2003,Whole Year,Potato,14344.003781205689
Nagaland,2017,Kharif,Maize,1982.0979899497488
Andhra Pradesh,2021,Kharif,Jowar,2137.176652032682
Sikkim,2016,Kharif,Maize,1766.1177204010598
Sikkim,2014,Rabi,Rapeseed &Mustard,832.1243523316062
Himachal Pradesh,2000,Rabi,Rapeseed &Mustard,375.4903985133182
Tripura,2005,Kharif,Maize,976.7441860465116
Uttarakhand,2003,Rabi,Peas & beans (Pulses),760.7279263086947
Himachal Pradesh,2007,Rabi,Onion,8549.210206561362
Punjab,2015,Kharif,Urad,540.0
Chhattisgarh,2000,Kharif,Bajra,397.43589743589746
Chhattisgarh,2015,Kharif,Urad,299.6049119060331
Manipur,2023,Kharif,Sesamum,227.45588713411692
Karnataka,2014,Whole Year,Coriander,338.55727126065915
Uttar Pradesh,2022,Rabi,Garlic,7171.761853339093
Tamil Nadu,2025,Kharif,Arhar/Tur,1624.7641815182571
Kerala,2023,Whole Year,Soyabean,11.142061281337048
Goa,2016,Whole Year,Cashewnut,429.92861549308185
Telangana,2014,Rabi,Gram,1369.7524310295432
Madhya Pradesh,2018,Rabi,Linseed,712.0413299774805
Haryana,2012,Kharif,Moth,375.6345177664975
Jammu and Kashmir,2011,Kharif,Rice,2076.5079013918503
Andhra Pradesh,2011,Whole Year,Sugarcane,81792.88661915918
Himachal Pradesh,2002,Rabi,Other  Rabi pulses,285.7142857142857
Jharkhand,2004,Rabi,Potato,7668.817457580067
Telangana,2014,Kharif,Cashewnut,560.0391293714845
Gujarat,2015,Rabi,Small millets,1284.803182005212
Odisha,2016,Winter,Sugarcane,62678.68195885672
Kerala,2010,Whole Year,Sugarcane,95554.86816806156
Telangana,2001,Kharif,Rice,2585.5586902108503
Telangana,2016,Kharif,Sugarcane,70215.34897980039
Manipur,2016,Kharif,Urad,1139.2931392931393
Maharashtra,2014,Kharif,Arhar/Tur,291.93521731945134
Himachal Pradesh,2005,Kharif,Groundnut,539.6825396825396
Karnataka,2014,Kharif,Horse-gram,467.04602626602593
Chhattisgarh,2021,Kharif,Urad,297.5925948546425
Himachal Pradesh,2002,Rabi,Wheat,1378.6984717851985
Odisha,2023,Rabi,Safflower,542.983991108799
Tripura,2005,Kharif,Rice,2382.5587690216425
Andhra Pradesh,2010,Kharif,Other Kharif pulses,462.61139093374663
Mizoram,2001,Kharif,Moong(Green Gram),727.2727272727273
Gujarat,2018,Kharif,Moong(Green Gram),334.1950012687135
Manipur,2001,Kharif,Peas & beans (Pulses),508.5574572127139
Telangana,2001,Kharif,Cotton(lint),471.23692461933524
Gujarat,2009,Kharif,Other Cereals,604.5627376425856
Puducherry,2023,Kharif,Arecanut,1417.5750461177258
Jharkhand,2000,Kharif,Arhar/Tur,885.2106141334435
Haryana,2004,Kharif,Bajra,1319.6229345513016
Goa,2017,Whole Year,Cashewnut,498.00881809130993
Uttar Pradesh,2019,Rabi,Barley,3132.4358152821615
Tamil Nadu,2026,Whole Year,Potato,26693.787124341176
Telangana,2018,Kharif,Sweet potato,6333.333333333333
Himachal Pradesh,2005,Kharif,Sannhamp,486.4864864864865
Punjab,2009,Rabi,Peas & beans (Pulses),1125.0
Assam,2019,Whole Year,Onion,10900.306560392397
Maharashtra,2025,Kharif,Soyabean,1262.7735550072682
Odisha,2024,Kharif,Other Kharif pulses,391.1126126763118
Bihar,2021,Rabi,Sunflower,1349.61561291225
Chhattisgarh,2008,Whole Year,Coriander,285.00823723228996
Meghalaya,2012,Whole Year,Black pepper,700.0
Tamil Nadu,2021,Kharif,Cowpea(Lobia),855.5642621923353
Maharashtra,2003,Kharif,Jowar,1330.9375197024146
Odisha,2021,Whole Year,Turmeric,2456.8595410271996
Jammu and Kashmir,2021,Kharif,Ragi,530.166318766413
Jammu and Kashmir,2012,Kharif,Turmeric,1000.0
Kerala,2013,Whole Year,Garlic,9000.0
Delhi,2006,Whole Year,Potato,15872.727272727272
West Bengal,2004,Rabi,Arhar/Tur,711.6812964213369
Madhya Pradesh,2011,Kharif,Arhar/Tur,627.9994739413069
Madhya Pradesh,2017,Kharif,Sunflower,500.0
Jharkhand,2004,Rabi,Barley,607.9181251413469
Tamil Nadu,2004,Kharif,Ragi,1415.6369148789563
Haryana,2014,Rabi,Wheat,3979.0715372907152
West Bengal,2013,Rabi,Onion,17765.90881945887
Bihar,2001,Kharif,Sesamum,625.1137397634213
Karnataka,2013,Rabi,Wheat,1004.601131629671
Madhya Pradesh,2020,Rabi,Wheat,4306.41662465218
West Bengal,2003,Kharif,Urad,608.33154391239
Odisha,2007,Summer,Horse-gram,276.3157894736842
Bihar,2025,Rabi,Peas & beans (Pulses),986.4090159816908
West Bengal,2009,Whole Year,Tobacco,1476.9567365375115
West Bengal,2019,Rabi,Khesari,884.834006096054
Bihar,2000,Kharif,Horse-gram,772.7143101579878
Meghalaya,2015,Kharif,Cotton(lint),1223.8519533927347
Madhya Pradesh,2016,Whole Year,Dry chillies,3081.3048393611384
Madhya Pradesh,2011,Rabi,Rapeseed &Mustard,1192.0007245993947
Meghalaya,2000,Whole Year,Arecanut,1226.8419170243205
West Bengal,2008,Rabi,Barley,1518.063583815029
Tamil Nadu,2023,Whole Year,Onion,8925.13213874495
Manipur,2025,Kharif,Arhar/Tur,1443.9938073744574
Telangana,2007,Kharif,Maize,3127.6997834865692
Assam,2009,Rabi,Gram,514.2028985507246
Kerala,2012,Whole Year,Banana,8451.049810689876
Odisha,2002,Kharif,Bajra,484.0425531914894
Karnataka,2023,Whole Year,Ginger,26055.6031171006
Mizoram,2014,Whole Year,Sugarcane,29984.417344173442
Puducherry,2011,Kharif,Dry chillies,2000.0
Uttar Pradesh,2026,Kharif,Moong(Green Gram),636.797056266944
Tamil Nadu,2024,Rabi,Other  Rabi pulses,942.5771390703633
Jammu and Kashmir,2022,Kharif,Urad,400.0538220222401
Andhra Pradesh,2005,Kharif,Arhar/Tur,607.9312792327152
Madhya Pradesh,2011,Whole Year,Sunflower,509.09090909090907
Gujarat,2015,Rabi,Onion,26931.398317103147
Maharashtra,2024,Kharif,Bajra,553.3244172680188
Odisha,2024,Winter,Sugarcane,64091.84862059583
Arunachal Pradesh,2000,Kharif,Small millets,860.1915727827684
Karnataka,2009,Whole Year,Coriander,489.9696048632219
Maharashtra,2004,Whole Year,Mango,5624.876510972445
Tamil Nadu,2023,Kharif,Urad,879.6782320309704
Maharashtra,2023,Whole Year,Tobacco,1851.0165644468054
Karnataka,2024,Whole Year,Garlic,3505.7739595298717
Punjab,2010,Kharif,Maize,3691.7293233082705
Manipur,2021,Whole Year,Potato,9680.55604093423
Rajasthan,2017,Rabi,Gram,1328.7509338198636
Madhya Pradesh,2025,Kharif,Horse-gram,457.22829452938754
Bihar,2025,Kharif,Moong(Green Gram),882.5631001702832
Uttar Pradesh,2001,Rabi,Mustard,1280.7341135062388
Uttarakhand,2014,Kharif,Moth,432.43243243243245
Chhattisgarh,2020,Rabi,Gram,1298.3703735855458
Uttarakhand,2022,Rabi,other oilseeds,786.4300509432907
Odisha,2024,Autumn,Groundnut,1716.7418212391976
Madhya Pradesh,2016,Whole Year,Sweet potato,14315.464103605433
Meghalaya,2002,Whole Year,Cashewnut,1012.1822830500827
Maharashtra,2013,Kharif,Sesamum,267.1087533156499
Arunachal Pradesh,2022,Kharif,Soyabean,741.5589448247833
Odisha,2023,Winter,Potato,14026.894066550412
Telangana,2025,Kharif,Other Kharif pulses,329.3672551814892
Jammu and Kashmir,2011,Kharif,Masoor,552.4781341107872
Kerala,2006,Whole Year,Sugarcane,56666.666666666664
Rajasthan,2012,Kharif,Cotton(lint),491.2161626831314
Chhattisgarh,2013,Kharif,Ragi,253.13807531380752
Chhattisgarh,2001,Whole Year,Potato,6886.95652173913
West Bengal,2008,Whole Year,Mango,6366.681614519785
Meghalaya,2019,Rabi,Tobacco,993.7733499377335
West Bengal,2015,Rabi,Wheat,2320.14323924308
Delhi,2016,Kharif,Bajra,2204.4384667114996
Karnataka,2001,Whole Year,Arecanut,1343.4755447763937
Tamil Nadu,2014,Kharif,Potato,22684.890656063617
Assam,2001,Whole Year,Onion,2334.5371856607812
Uttar Pradesh,2000,Kharif,Groundnut,834.8191466320121
Maharashtra,2013,Kharif,Cotton(lint),2123.8610409905036
Haryana,2012,Whole Year,Sugarcane,74267.72027805835
Gujarat,2022,Whole Year,Dry chillies,1627.820001614549
Telangana,2019,Kharif,Arhar/Tur,902.6093273183366
Bihar,2011,Rabi,Wheat,3049.1523382131313
Rajasthan,2022,Kharif,Groundnut,2058.338123058447
Rajasthan,2016,Rabi,Gram,1173.9593047119206
Karnataka,2006,Whole Year,Tobacco,445.236950879554
Nagaland,2006,Kharif,Maize,1669.9367088607594
Karnataka,2006,Whole Year,Sugarcane,87744.75950118765
Karnataka,2007,Kharif,Castor seed,670.5434643177833
Nagaland,2005,Kharif,Arhar/Tur,950.0
Andhra Pradesh,2014,Whole Year,Sugarcane,71846.78867452918
Bihar,2007,Whole Year,Tobacco,1682.5206301575395
Nagaland,2017,Kharif,Rice,2464.764207980653
Kerala,2008,Whole Year,Tobacco,1615.3846153846155
Meghalaya,2026,Rabi,Small millets,1242.5460181516041
Haryana,2007,Whole Year,Onion,19949.890385217663
Himachal Pradesh,2023,Kharif,Soyabean,1662.4499738994257
Haryana,2025,Whole Year,Garlic,13128.478226042569
Andhra Pradesh,2014,Kharif,Castor seed,578.2056285503664
Delhi,2019,Kharif,Maize,5100.0
Jammu and Kashmir,2026,Kharif,Sesamum,358.1029693303019
Arunachal Pradesh,2025,Whole Year,Turmeric,5587.997651532096
Jammu and Kashmir,2008,Rabi,Masoor,469.1358024691358
Puducherry,2023,Rabi,Urad,843.9753989497558
Meghalaya,2024,Whole Year,Turmeric,6194.096049085639
Arunachal Pradesh,2002,Whole Year,Ginger,7268.884892086331
Nagaland,2026,Kharif,Arhar/Tur,995.5776108436612
Andhra Pradesh,2018,Kharif,Arecanut,5447.745901639344
Kerala,2014,Whole Year,Sweet potato,14191.135734072022
Kerala,2025,Whole Year,Horse-gram,10.035230062987083
Bihar,2019,Autumn,Rice,1638.8927055060647
Telangana,2015,Kharif,Ginger,6510.428100987925
Andhra Pradesh,2007,Rabi,Other  Rabi pulses,1333.3333333333333
Himachal Pradesh,2001,Whole Year,Garlic,1076.393237319975
Chhattisgarh,2010,Kharif,Niger seed,173.23651452282158
Odisha,2009,Winter,Sugarcane,61488.579317269076
Karnataka,2019,Kharif,Sesamum,849.5672393747578
Jharkhand,2007,Rabi,Masoor,660.7775209091792
Jharkhand,2020,Kharif,Arhar/Tur,1211.808527245999
Uttar Pradesh,2020,Rabi,Barley,2978.78748969309
Telangana,2015,Kharif,Jowar,1118.8193352671553
Jharkhand,2012,Rabi,Onion,5658.568189180434
Haryana,2007,Rabi,Barley,3035.8227079538556
Goa,2002,Rabi,Other  Rabi pulses,794.6983746045598
Tamil Nadu,2008,Whole Year,Coriander,340.5474220241884
Maharashtra,2012,Rabi,Safflower,550.2383222116301
Andhra Pradesh,2006,Whole Year,Tobacco,3037.957064361752
Tripura,2022,Rabi,Other  Rabi pulses,909.8765432098766
Puducherry,2026,Rabi,Coriander,988.2352941176471
Andhra Pradesh,2009,Kharif,Dry chillies,4089.944080524045
Puducherry,2000,Kharif,Rice,2421.889244722878
Tamil Nadu,2015,Whole Year,Arecanut,1718.3323649041256
Himachal Pradesh,2012,Rabi,Masoor,710.5263157894736
Chhattisgarh,2021,Whole Year,Turmeric,1117.8644481496124
Meghalaya,2009,Autumn,Rice,1283.7223587223586
Mizoram,2024,Rabi,Masoor,1111.2662942271882
Nagaland,2024,Kharif,Jute,1322.224200872585
Puducherry,2014,Kharif,Sesamum,666.6666666666666
Mizoram,2015,Kharif,Arhar/Tur,932.8358208955224
West Bengal,2003,Autumn,Rice,2116.8466503607033
Tamil Nadu,2013,Kharif,Groundnut,2212.8808062087337
Odisha,2000,Kharif,Moong(Green Gram),198.657080846446
Sikkim,2017,Kharif,Other Cereals,976.4192139737992
Telangana,2023,Kharif,Jowar,2004.6617739767578
Jharkhand,2011,Rabi,Onion,6493.718592964824
Mizoram,2022,Rabi,Onion,7134.630659253376
Himachal Pradesh,2010,Rabi,Masoor,623.6363636363636
Karnataka,2014,Whole Year,Black pepper,587.4177253941527
Assam,2014,Whole Year,Tapioca,9115.419569827325
Andhra Pradesh,2014,Kharif,Turmeric,6219.580645850957
Jammu and Kashmir,2024,Rabi,Barley,479.1856909008065
Nagaland,2014,Kharif,Ragi,937.5
Kerala,2003,Kharif,Ragi,809.1755319148937
Nagaland,2001,Kharif,Cotton(lint),1000.0
Andhra Pradesh,2016,Whole Year,Banana,41327.251852250505
Manipur,2005,Whole Year,Dry chillies,599.3836671802774
Uttar Pradesh,2012,Rabi,Tobacco,5405.695931477516
Tamil Nadu,2021,Whole Year,Potato,19029.13308920515
Odisha,2021,Whole Year,Dry chillies,1290.9576137463275
Kerala,2026,Kharif,Sesamum,549.5060757059183
Telangana,2016,Kharif,Castor seed,589.6899329463121
Andhra Pradesh,2025,Whole Year,Cashewnut,1173.0703986073913
Rajasthan,2007,Kharif,Groundnut,1441.0187959321315
Andhra Pradesh,2002,Whole Year,Arecanut,1442.5675675675675
Andhra Pradesh,2000,Kharif,Cotton(lint),1627.3356425090608
Nagaland,2003,Rabi,Masoor,428.0
Punjab,2007,Kharif,Arhar/Tur,900.0
Telangana,2015,Kharif,Bajra,938.1127450980392
Uttar Pradesh,2018,Rabi,Rapeseed &Mustard,1483.306137568526
Assam,2009,Kharif,Cotton(lint),475.09113001215064
Nagaland,2018,Kharif,other oilseeds,601.593625498008
Goa,2014,Kharif,Ragi,709.6774193548387
Bihar,2024,Whole Year,Onion,11751.046575727047
Madhya Pradesh,2024,Whole Year,Potato,23697.639356302505
Jharkhand,2003,Rabi,Wheat,1330.4031710793317
Haryana,2002,Kharif,Jowar,194.57145636735092
Haryana,2016,Whole Year,Turmeric,12624.403183023873
Uttarakhand,2005,Rabi,Peas & beans (Pulses),684.9100860046912
Telangana,2025,Kharif,Bajra,709.6079567202886
Gujarat,2003,Rabi,Gram,884.3582887700535
Uttar Pradesh,2011,Kharif,Maize,1653.3130618329963
Uttarakhand,2006,Whole Year,Turmeric,2294.685990338164
Madhya Pradesh,2005,Kharif,Ragi,268.4085510688836
Himachal Pradesh,2006,Kharif,Urad,472.3797888122873
Jammu and Kashmir,2024,Kharif,Ginger,1703.6
Jharkhand,2017,Kharif,Castor seed,372.54901960784315
Madhya Pradesh,2026,Whole Year,Sesamum,671.265437936349
Bihar,2014,Rabi,Potato,23149.139176010514
Karnataka,2024,Kharif,Sesamum,657.6989259227013
Tripura,2012,Kharif,Maize,1311.2968591691997
Uttarakhand,2008,Rabi,Peas & beans (Pulses),427.7588168373151
Chhattisgarh,2017,Whole Year,Turmeric,861.4694335389793
Meghalaya,2018,Rabi,Black pepper,753.8610038610038
Haryana,2009,Whole Year,Potato,11117.450484962099
Arunachal Pradesh,2004,Whole Year,Potato,6525.492055963956
Punjab,2008,Kharif,Urad,482.7586206896552
Karnataka,2010,Whole Year,Sweet potato,8241.26213592233
Gujarat,2021,Rabi,Other  Rabi pulses,796.3891579586391
West Bengal,2021,Rabi,Onion,22125.925831484878
Nagaland,2019,Kharif,Soyabean,1262.2169249106078
Uttar Pradesh,2022,Kharif,Soyabean,743.8194423670917
Meghalaya,2025,Whole Year,Turmeric,5994.33147339668
Punjab,2025,Kharif,Jowar,1021.6671397483206
Meghalaya,2010,Rabi,Linseed,475.609756097561
Uttar Pradesh,2017,Kharif,Sugarcane,79245.3280293177
Assam,2001,Kharif,Cotton(lint),456.9606801275239
Assam,2026,Rabi,Wheat,1333.825989768453
West Bengal,2005,Kharif,Maize,2888.4088470168494
Gujarat,2013,Rabi,Rapeseed &Mustard,1763.29517435081
Uttar Pradesh,2006,Rabi,Masoor,704.6308311719107
Puducherry,2026,Rabi,Urad,957.6801018566026
Puducherry,2018,Kharif,Tapioca,24928.571428571428
Bihar,2014,Autumn,Maize,2974.399457853909
Madhya Pradesh,2000,Kharif,Soyabean,766.9998897275374
Andhra Pradesh,2008,Kharif,Horse-gram,488.21277453153334
Andhra Pradesh,2021,Whole Year,Coriander,540.1178631178918
West Bengal,2004,Kharif,Ragi,1223.3371095646544
Odisha,2000,Kharif,Small millets,385.7354392892399
Nagaland,2009,Kharif,Arhar/Tur,703.3333333333334
Bihar,2002,Kharif,Small millets,757.2830420116529
Tamil Nadu,2006,Whole Year,Potato,14921.579961464355
Puducherry,2007,Kharif,Urad,684.2105263157895
Nagaland,2025,Kharif,Other Cereals,1076.0787727636348
Chhattisgarh,2010,Rabi,Wheat,1174.0002507208224
Madhya Pradesh,2026,Rabi,Peas & beans (Pulses),1201.523592052873
Assam,2023,Whole Year,Sugarcane,35625.08657597142
Gujarat,2010,Kharif,Rice,1954.9636138953729
Puducherry,2022,Rabi,Urad,1008.3955421151691
Karnataka,2012,Whole Year,Coriander,395.11732638065894
Jammu and Kashmir,2012,Kharif,Rice,2083.5425719341292
Rajasthan,2013,Kharif,Bajra,1351.7742274625323
Tamil Nadu,2024,Whole Year,Black pepper,160.7264679749717
West Bengal,2013,Autumn,Groundnut,917.4986862848134
Manipur,2005,Whole Year,Sugarcane,32714.285714285714
Andhra Pradesh,2012,Kharif,Other Kharif pulses,656.5380675998634
Tripura,2009,Kharif,Arhar/Tur,725.4305977710233
Haryana,2021,Kharif,Groundnut,1427.0327036217202
Jharkhand,2021,Kharif,Jowar,905.0986352972277
Meghalaya,2004,Kharif,Cotton(lint),1073.8487069561609
Uttar Pradesh,2002,Kharif,Arhar/Tur,722.0697670332527
Mizoram,2014,Kharif,Other Kharif pulses,1800.0
Maharashtra,2025,Kharif,Bajra,528.3971642517531
Uttar Pradesh,2021,Rabi,Potato,24066.90187796754
Nagaland,2021,Kharif,Castor seed,550.9780162714212
Haryana,2015,Whole Year,Sugarcane,75182.79569892473
Meghalaya,2013,Rabi,Tobacco,935.8974358974359
Puducherry,2004,Rabi,Moong(Green Gram),305.0483351235231
Jammu and Kashmir,2005,Kharif,Onion,872.3404255319149
Assam,2018,Kharif,Mesta,6000.0
Tamil Nadu,2009,Whole Year,Black pepper,230.46594982078852
Delhi,2007,Kharif,Other Kharif pulses,1501.2787723785166
Tripura,2023,Kharif,Soyabean,682.7266865951585
Assam,2021,Rabi,Moong(Green Gram),719.9260569274325
Jharkhand,2023,Kharif,Bajra,533.1594634873323
Meghalaya,2021,Rabi,Rapeseed &Mustard,872.335870279317
West Bengal,2022,Kharif,Cotton(lint),2961.0145175513644
Meghalaya,2010,Whole Year,Cashewnut,1781.9653179190752
Nagaland,2019,Kharif,Sweet potato,8515.95744680851
Chhattisgarh,2013,Kharif,Sesamum,281.99553414032204
Haryana,2013,Whole Year,Turmeric,12350.525624178712
Uttarakhand,2009,Kharif,Moong(Green Gram),750.0
Uttarakhand,2021,Kharif,Moth,501.87337270591223
Gujarat,2010,Kharif,Soyabean,810.7142857142857
Chhattisgarh,2008,Kharif,Other Kharif pulses,257.8021002810235
Assam,2018,Whole Year,Onion,10331.871879186458
Himachal Pradesh,2014,Kharif,Peas & beans (Pulses),1243.9382806759736
Karnataka,2005,Whole Year,Cardamom,56.87897446250126
Bihar,2009,Autumn,Maize,1708.9732674953175
Meghalaya,2022,Kharif,Sweet potato,4072.4685818502435
Karnataka,2024,Whole Year,Tobacco,1029.1987837473391
Chhattisgarh,2001,Kharif,Small millets,247.91694291438054
Andhra Pradesh,2003,Kharif,Gram,1730.7692307692307
Karnataka,2017,Kharif,Sesamum,877.3447152645176
Gujarat,2025,Rabi,Rapeseed &Mustard,2020.164364279719
Uttarakhand,2015,Kharif,Sunflower,950.9803921568628
Nagaland,2021,Kharif,Groundnut,783.8607820327152
Chhattisgarh,2011,Kharif,Soyabean,820.0058128269715
Mizoram,2014,Rabi,Other  Rabi pulses,1422.4165241082178
Nagaland,2001,Kharif,Rice,1516.1290322580646
Uttar Pradesh,2006,Rabi,Lentil,816.9679859565305
Madhya Pradesh,2009,Whole Year,Khesari,745.9927851537803
Gujarat,2009,Whole Year,Potato,20885.83509513742
Himachal Pradesh,2013,Rabi,Garlic,1515.0171336424107
Uttar Pradesh,2012,Rabi,Mustard,1446.2686581974415
Haryana,2023,Whole Year,Potato,28342.17480897972
Manipur,2023,Kharif,Other Kharif pulses,1130.2461052421415
Tripura,2016,Rabi,Peas & beans (Pulses),880.0
Tripura,2006,Rabi,Wheat,1902.0618556701031
Rajasthan,2020,Kharif,Maize,3720.396070758162
Maharashtra,2023,Rabi,Gram,888.4076228426123
Assam,2026,Kharif,Cotton(lint),700.530699020125
Maharashtra,2013,Kharif,Rice,1924.4657097288675
Karnataka,2007,Whole Year,Cotton(lint),1748.9336995600813
Gujarat,2007,Kharif,Other Cereals,581.9672131147541
Madhya Pradesh,2001,Whole Year,Sannhamp,1743.80714879468
Puducherry,2000,Whole Year,Dry chillies,3300.0
Tripura,2018,Kharif,Cotton(lint),1497.536945812808
Haryana,2024,Kharif,Moong(Green Gram),773.7274653895907
Chhattisgarh,2008,Kharif,Sesamum,304.47626677348285
Odisha,2016,Autumn,Groundnut,945.2100047192072
Tamil Nadu,2014,Kharif,Urad,814.2056074766355
Jammu and Kashmir,2017,Rabi,Linseed,516.1290322580645
Madhya Pradesh,2003,Kharif,Castor seed,375.5745239658569
Karnataka,2018,Kharif,Horse-gram,420.52196121205674
Punjab,2024,Kharif,Sesamum,341.085715661402
Tripura,2008,Rabi,Other  Rabi pulses,903.5369774919615
Bihar,2001,Kharif,Groundnut,559.1836734693877
Madhya Pradesh,2007,Whole Year,Sugarcane,42488.58921161826
Madhya Pradesh,2007,Whole Year,Tobacco,426.7515923566879
Meghalaya,2010,Kharif,Maize,1533.9198888631627
Karnataka,2023,Kharif,Ragi,1995.9333751896415
West Bengal,2015,Rabi,Peas & beans (Pulses),753.4109816971713
Kerala,2021,Whole Year,Garlic,2981.636309346073
Kerala,2016,Autumn,Rice,2953.6757301107755
Manipur,2010,Whole Year,Turmeric,11335.416666666666
Maharashtra,2000,Rabi,Other  Rabi pulses,370.69813176007864
Haryana,2022,Kharif,Rice,3293.2420541292995
Jammu and Kashmir,2000,Whole Year,Tobacco,121.21212121212122
Himachal Pradesh,2012,Kharif,Potato,10229.544034978138
Uttar Pradesh,2021,Rabi,Wheat,3593.8576576447335
Assam,2016,Whole Year,Ginger,8885.095281306714
Himachal Pradesh,2026,Kharif,Ginger,2328.2066341737086
Punjab,2007,Rabi,Mustard,1369.8214927556608
Tamil Nadu,2026,Kharif,Ragi,4478.710349517136
Kerala,2012,Whole Year,Sweet potato,16950.35460992908
Tripura,2022,Rabi,Peas & beans (Pulses),936.5396165974273
Madhya Pradesh,2026,Whole Year,Tobacco,429.80869374554624
Assam,2023,Whole Year,Sweet potato,6303.1875387234195
Jammu and Kashmir,2014,Kharif,Other Cereals,410.40462427745666
Puducherry,2004,Whole Year,Sugarcane,76262.3599208965
Jharkhand,2026,Rabi,Other  Rabi pulses,772.5443269483618
Jharkhand,2018,Kharif,Other Kharif pulses,615.1877133105802
Sikkim,2012,Kharif,Small millets,993.2885906040268
Uttarakhand,2011,Kharif,Sesamum,229.22636103151862
Assam,2023,Autumn,Rice,2413.833569944317
Uttarakhand,2001,Kharif,Maize,1235.1083854514543
Jammu and Kashmir,2026,Kharif,Rice,2338.668588136102
Andhra Pradesh,2014,Kharif,Safflower,435.29411764705884
Bihar,2001,Whole Year,Banana,21831.273442784233
Haryana,2004,Kharif,Urad,324.82598607888633
Assam,2010,Rabi,Urad,557.7506352979752
Gujarat,2026,Kharif,Groundnut,2450.5861561897436
Maharashtra,2017,Kharif,Ragi,1146.4494650764407
Madhya Pradesh,2003,Kharif,Soyabean,1106.000091934991
Gujarat,2026,Kharif,Bajra,2884.4098228226417
Uttarakhand,2004,Kharif,Sunflower,1194.1747572815534
West Bengal,2021,Kharif,Cotton(lint),3170.355833886468
Odisha,2003,Kharif,Moong(Green Gram),233.54103420261913
Chhattisgarh,2019,Whole Year,Onion,5463.708759954494
Jammu and Kashmir,2017,Kharif,other oilseeds,500.0
Uttar Pradesh,2002,Kharif,Moong(Green Gram),281.7442385901491
Goa,2021,Whole Year,Arecanut,1876.6783998928947
Maharashtra,2010,Kharif,Groundnut,1255.4505813953488
Arunachal Pradesh,2006,Whole Year,Sugarcane,16352.42718446602
Himachal Pradesh,2011,Rabi,Wheat,1468.158826358269
Tripura,2010,Kharif,Urad,569.078947368421
Gujarat,2013,Kharif,Ragi,982.968030154963
Gujarat,2007,Whole Year,Tobacco,1722.1006564551421
Odisha,2018,Autumn,Rice,1160.9261174813478
Telangana,2012,Kharif,Maize,3465.404005920711
Puducherry,2019,Kharif,Rice,3509.3684941013184
Uttarakhand,2007,Kharif,other oilseeds,526.6666666666666
Assam,2000,Whole Year,Potato,8303.401073238598
Gujarat,2021,Whole Year,Dry chillies,1446.2674945044344
Himachal Pradesh,2010,Kharif,Garlic,1333.3333333333333
Odisha,2018,Winter,Potato,11113.265306122448
Mizoram,2021,Kharif,other oilseeds,85.84239213536802
Uttar Pradesh,2012,Kharif,Moong,773.2569608760999
Nagaland,2025,Kharif,Sugarcane,44783.8234807635
Uttarakhand,2015,Whole Year,Sugarcane,59201.72078125981
Jammu and Kashmir,2025,Kharif,Cowpea(Lobia),294.73964575842325
Maharashtra,2015,Kharif,Cotton(lint),930.2933067123028
West Bengal,2000,Whole Year,Sannhamp,4650.427913100724
Bihar,2005,Whole Year,Onion,8730.829846204011
Bihar,2014,Rabi,Safflower,803.9215686274509
Gujarat,2001,Kharif,Rice,1549.2469879518073
Tamil Nadu,2011,Whole Year,Ginger,11040.944881889764
Punjab,2010,Kharif,Groundnut,1772.7272727272727
Jammu and Kashmir,2001,Kharif,Horse-gram,308.641975308642
Andhra Pradesh,2015,Rabi,Wheat,701.219512195122
Odisha,2007,Autumn,Ragi,662.051340733112
Andhra Pradesh,2001,Kharif,Dry chillies,2714.7795922911505
Uttarakhand,2018,Whole Year,Garlic,7472.855839416058
Jammu and Kashmir,2008,Rabi,Arhar/Tur,545.4545454545455
Puducherry,2016,Kharif,Bajra,1333.3333333333333
Arunachal Pradesh,2010,Whole Year,Turmeric,4450.081833060556
Delhi,2006,Kharif,Jowar,945.0226244343892
Uttarakhand,2017,Kharif,Groundnut,1377.6397515527951
Uttar Pradesh,2025,Rabi,Rapeseed &Mustard,1301.0990340284911
Chhattisgarh,2014,Kharif,Small millets,238.1546671257047
Kerala,2012,Whole Year,Cardamom,245.72115384615384
Karnataka,2025,Kharif,Rapeseed &Mustard,195.9403944668681
Karnataka,2000,Whole Year,Cardamom,56.938785775363414
Tamil Nadu,2017,Whole Year,Banana,38787.51815702964
Uttarakhand,2012,Kharif,other oilseeds,604.6511627906976
Maharashtra,2019,Rabi,Gram,1096.3597440887077
Manipur,2024,Whole Year,Cashewnut,678.622668579627
West Bengal,2001,Rabi,Masoor,524.286534878182
Jharkhand,2024,Rabi,Gram,1225.18131979782
Chhattisgarh,2002,Kharif,Urad,260.67703631095173
Nagaland,2016,Kharif,Tapioca,20239.495798319327
Kerala,2022,Kharif,Cotton(lint),1471.9998133904048
Rajasthan,2012,Kharif,Sesamum,501.4007375277279
Andhra Pradesh,2006,Kharif,Turmeric,4247.355424722872
Nagaland,2023,Kharif,Groundnut,750.7682621535324
West Bengal,2023,Rabi,Masoor,831.9558989128412
Himachal Pradesh,2006,Rabi,Barley,1405.3033446759066
Sikkim,2000,Kharif,Urad,726.984126984127
Madhya Pradesh,2015,Rabi,Peas & beans (Pulses),921.0596026490066
Puducherry,2025,Kharif,Banana,18936.936289482193
Manipur,2022,Whole Year,Sweet potato,3577.341583102197
Karnataka,2018,Kharif,Rice,2843.6535224141358
Tamil Nadu,2000,Kharif,Mesta,4432.835820895522
Mizoram,2025,Rabi,Onion,7240.401865805526
Delhi,2005,Kharif,Barley,2614.285714285714
Himachal Pradesh,2008,Kharif,Rice,1522.0502129740441
Jharkhand,2022,Autumn,Ragi,806.4397912776519
Bihar,2023,Kharif,Castor seed,934.2358389739936
Assam,2025,Kharif,Cotton(lint),608.0213301288069
Bihar,2003,Kharif,Urad,744.2043059630563
Karnataka,2021,Rabi,Gram,735.8044416269042
Uttar Pradesh,2013,Kharif,Guar seed,823.1835363292735
Madhya Pradesh,2024,Whole Year,Turmeric,22204.096476901363
Uttarakhand,2002,Kharif,Maize,1127.025889286466
Puducherry,2000,Kharif,Cotton(lint),5088.495575221239
Chhattisgarh,2012,Whole Year,Turmeric,903.4416826003824
Manipur,2018,Whole Year,Potato,8236.012861736335
Andhra Pradesh,2014,Kharif,Urad,1078.5111202635915
Assam,2013,Whole Year,Ginger,7798.699228463942
Andhra Pradesh,2021,Whole Year,Tapioca,15536.095593052069
Puducherry,2008,Kharif,Urad,761.9047619047619
Bihar,2013,Kharif,Horse-gram,952.1955966427441
Meghalaya,2022,Kharif,Cotton(lint),1294.1500220430696
Haryana,2014,Whole Year,Garlic,9747.157390783961
Maharashtra,2009,Rabi,Onion,17223.071174115088
Telangana,2022,Kharif,Arhar/Tur,1298.9764354028014
Odisha,2012,Winter,Rapeseed &Mustard,275.5109015104914
Bihar,2019,Rabi,Khesari,760.2548876301845
Gujarat,2008,Whole Year,Guar seed,350.3989361702128
Himachal Pradesh,2015,Kharif,Moth,352.94117647058823
Sikkim,2000,Kharif,Small millets,927.4600043830814
Meghalaya,2003,Rabi,Wheat,1786.5429234338746
Telangana,2018,Kharif,Urad,844.8642795803308
Uttar Pradesh,2009,Kharif,Ginger,3002.5445292620866
Chhattisgarh,2007,Kharif,Small millets,257.8701378964039
Karnataka,2009,Whole Year,Sannhamp,248.22695035460993
Tripura,2018,Rabi,other oilseeds,773.5849056603773
Madhya Pradesh,2009,Kharif,Jowar,1292.9991070402361
Madhya Pradesh,2025,Kharif,Small millets,898.4707847836854
Tamil Nadu,2023,Whole Year,Black pepper,161.2081611861198
Kerala,2002,Whole Year,Ginger,3602.1338075127805
Arunachal Pradesh,2026,Whole Year,Turmeric,4722.765688427497
Telangana,2008,Kharif,Groundnut,1617.9790898011508
Arunachal Pradesh,2015,Whole Year,Dry chillies,2800.0
Bihar,2012,Rabi,Lentil,955.0516340972298
Meghalaya,2000,Whole Year,Turmeric,5623.768877216021
Nagaland,2025,Rabi,Barley,576.5412441688316
Jharkhand,2023,Rabi,Onion,7610.3510208393855
Karnataka,2024,Kharif,Horse-gram,640.2588219026306
Uttar Pradesh,2017,Rabi,Garlic,5355.319571822028
Tamil Nadu,2021,Whole Year,Sweet potato,22618.81279502123
Madhya Pradesh,2022,Whole Year,Sesamum,609.2950303199998
Haryana,2007,Kharif,Bajra,1840.8141621668103
Uttarakhand,2002,Rabi,Gram,604.8218029350105
Bihar,2020,Whole Year,Sugarcane,73340.42798316065
West Bengal,2015,Rabi,Khesari,896.105285683715
Sikkim,2023,Rabi,Wheat,851.5669398827066
Gujarat,2007,Kharif,Groundnut,1780.6587245970568
Mizoram,2023,Rabi,Rapeseed &Mustard,1228.7810104673206
Madhya Pradesh,2026,Whole Year,Turmeric,22814.343898131698
Meghalaya,2022,Whole Year,Coriander,3503.625165666173
Punjab,2021,Rabi,Sunflower,1766.7672855207957
Odisha,2025,Whole Year,Dry chillies,1255.048816599122
Chhattisgarh,2026,Whole Year,Ginger,1357.197860962567
Himachal Pradesh,2001,Kharif,Groundnut,581.3953488372093
Nagaland,2014,Kharif,Jowar,958.3333333333334
Tamil Nadu,2021,Rabi,Gram,744.4300079004917
Delhi,2007,Kharif,Rice,2823.2915487262435
Andhra Pradesh,2001,Kharif,Jowar,959.9206163591775
Andhra Pradesh,2002,Kharif,Sesamum,143.52643968536486
West Bengal,2017,Kharif,Other Kharif pulses,808.872411148044
Uttarakhand,2025,Whole Year,Garlic,6757.353319706261
Uttar Pradesh,2010,Kharif,Urad,675.1091208440027
Delhi,2010,Kharif,Maize,21950.0
Meghalaya,2016,Kharif,Mesta,5891.801075268817
Tamil Nadu,2017,Whole Year,Cardamom,90.55727554179566
Andhra Pradesh,2006,Kharif,Urad,275.0106687801012
Jharkhand,2021,Rabi,Wheat,1917.0364916946053
Bihar,2017,Kharif,Jowar,1066.2739322533137
Bihar,2002,Kharif,Other Kharif pulses,552.6805344156942
Karnataka,2015,Kharif,Onion,4366.981730159645
Madhya Pradesh,2024,Kharif,Moong(Green Gram),713.8052274695165
Himachal Pradesh,2015,Kharif,Urad,480.6414331118174
Arunachal Pradesh,2017,Rabi,Rapeseed &Mustard,1018.7327041793799
Bihar,2023,Kharif,Groundnut,1109.1633916706721
Kerala,2023,Kharif,Other Kharif pulses,2539.175387385241
Punjab,2005,Kharif,Maize,2722.972972972973
Tamil Nadu,2021,Kharif,Jowar,1727.9914087546954
Meghalaya,2013,Rabi,Masoor,1045.639771801141
West Bengal,2000,Kharif,Cotton(lint),2299.6632996632998
Madhya Pradesh,2016,Kharif,Small millets,997.1212121212121
Tamil Nadu,2005,Kharif,Groundnut,1773.6424087196103
Assam,2017,Whole Year,Sugarcane,37402.205569553975
Manipur,2002,Kharif,Ginger,1653.5433070866143
Nagaland,2024,Rabi,Other  Rabi pulses,1295.468056227773
Bihar,2006,Kharif,Bajra,1075.7428153921092
Bihar,2007,Autumn,Maize,1220.6730750971328
Madhya Pradesh,2018,Kharif,Jowar,2188.9759560645634
Karnataka,2006,Rabi,Other  Rabi pulses,244.4114591064272
Punjab,2013,Kharif,Rice,3951.946685373553
Manipur,2024,Kharif,Arhar/Tur,1137.011184586497
Jammu and Kashmir,2009,Kharif,Potato,6998.178506375228
Arunachal Pradesh,2021,Rabi,Other  Rabi pulses,741.6900147548864
Manipur,2023,Kharif,Ginger,17144.07993645931
Mizoram,2016,Kharif,Arhar/Tur,977.9411764705883
Andhra Pradesh,2013,Kharif,Jowar,1747.3114994500795
Tamil Nadu,2010,Kharif,Castor seed,286.503683858004
Uttarakhand,2016,Rabi,Peas & beans (Pulses),980.3875236294896
Kerala,2006,Autumn,Rice,2280.506564590563
Bihar,2024,Whole Year,Coriander,1066.0404879592081
Chhattisgarh,2004,Kharif,Small millets,239.26588823024332
Tamil Nadu,2007,Whole Year,Jowar,874.1208919111475
Sikkim,2016,Rabi,Barley,1061.8101545253862
Meghalaya,2010,Whole Year,Potato,9309.98020921685
Assam,2012,Rabi,Rapeseed &Mustard,609.6044308326416
Karnataka,2016,Kharif,Sunflower,587.6508904027728
Himachal Pradesh,2007,Kharif,Turmeric,507.0422535211268
Haryana,2004,Kharif,Moong(Green Gram),380.3229627782281
Assam,2013,Rabi,Masoor,745.6406494848798
Punjab,2022,Kharif,Moth,884.4021092022455
Manipur,2002,Whole Year,Turmeric,696.969696969697
Haryana,2026,Rabi,Peas & beans (Pulses),8030.28654456228
Maharashtra,2026,Whole Year,Sugarcane,64623.49028584623
Tripura,2010,Rabi,Peas & beans (Pulses),755.9912854030501
Karnataka,2025,Whole Year,Mango,8846.184963920454
Delhi,2004,Kharif,Maize,1524.3902439024391
Puducherry,2022,Kharif,Small millets,1354.9695740365112
Assam,2007,Whole Year,Banana,13790.063410532057
Odisha,2024,Kharif,Small millets,524.1334409970449
Karnataka,2011,Rabi,Rapeseed &Mustard,286.0536944642433
Uttar Pradesh,2026,Rabi,Potato,26014.01618355324
Meghalaya,2008,Kharif,Maize,1502.366068820471
Andhra Pradesh,2009,Kharif,Ragi,1078.265563152213
Bihar,2000,Kharif,Ragi,1105.7812221628362
Punjab,2006,Rabi,Rapeseed &Mustard,1121.9512195121952
Himachal Pradesh,2003,Rabi,Barley,1043.9483637559613
Delhi,2009,Kharif,Jowar,965.8536585365854
Manipur,2026,Kharif,Sesamum,187.43913496087845
Nagaland,2007,Rabi,Wheat,1565.2173913043478
Maharashtra,2023,Kharif,Jowar,857.8303175866977
Chhattisgarh,2015,Whole Year,Sweet potato,5871.040723981901
Nagaland,2024,Kharif,Castor seed,599.7025594281465
Chhattisgarh,2017,Whole Year,Cotton(lint),1677.824267782427
West Bengal,2005,Kharif,Moong(Green Gram),503.44827586206895
Bihar,2001,Whole Year,Coriander,580.0524934383202
Haryana,2022,Whole Year,Coriander,4702.134126624846
Chhattisgarh,2002,Whole Year,Coriander,258.05592543275634
Maharashtra,2023,Rabi,Safflower,564.9474390827609
Uttar Pradesh,2026,Kharif,Moong,876.2309549075994
Assam,2019,Whole Year,Banana,18337.202952775813
Himachal Pradesh,2010,Kharif,Bajra,532.3383084577115
Jharkhand,2015,Whole Year,Sugarcane,75562.19996707223
Haryana,2021,Kharif,Jowar,749.6763168092058
Tamil Nadu,2019,Kharif,Other Kharif pulses,853.068146777675
Mizoram,2002,Whole Year,Tobacco,840.0
Maharashtra,2014,Kharif,Urad,333.8155515370705
West Bengal,2008,Rabi,Onion,17319.75064572657
Chhattisgarh,2014,Whole Year,Onion,8923.044925124792
Tripura,2023,Rabi,Masoor,813.1991581340894
Odisha,2004,Autumn,Groundnut,823.6702302092215
Nagaland,2012,Kharif,Ginger,9118.694362017804
Mizoram,2003,Kharif,Rice,1936.4484086762618
Jammu and Kashmir,2017,Kharif,Moong(Green Gram),385.99348534201954
Tripura,2026,Kharif,Small millets,959.7344527079437
Bihar,2000,Kharif,Bajra,825.2933507170795
Andhra Pradesh,2017,Rabi,Other  Rabi pulses,1216.9132347061175
Tamil Nadu,2009,Whole Year,Rapeseed &Mustard,236.6412213740458
West Bengal,2013,Kharif,Horse-gram,508.0269290523045
Odisha,2024,Kharif,Jowar,661.3716241213466
Tamil Nadu,2019,Whole Year,Banana,43140.36131544786
West Bengal,2000,Kharif,Niger seed,538.5510619726506
Uttarakhand,2014,Rabi,Other  Rabi pulses,833.3333333333334
Telangana,2024,Kharif,Turmeric,9636.204370588175
Andhra Pradesh,2016,Kharif,Horse-gram,128.98653437278526
Himachal Pradesh,2022,Kharif,Arhar/Tur,531.7614424410541
West Bengal,2015,Kharif,Jute,14075.733292209854
Andhra Pradesh,2004,Whole Year,Potato,6818.677235570968
Bihar,2025,Kharif,Bajra,1395.0288844124061
Tamil Nadu,2017,Kharif,Sunflower,1950.1845018450185
Chhattisgarh,2024,Kharif,Small millets,410.8461084502981
Andhra Pradesh,2025,Whole Year,Arecanut,5864.703813287538
Chhattisgarh,2017,Whole Year,Coriander,274.5562130177515
Arunachal Pradesh,2006,Whole Year,Ginger,7342.421124828532
Chhattisgarh,2022,Kharif,Urad,372.33889993227285
Madhya Pradesh,2015,Whole Year,Onion,23084.874611939988
Uttar Pradesh,2016,Rabi,Coriander,521.5652670665525
Manipur,2023,Kharif,Rice,2400.7882776113265
Andhra Pradesh,2002,Whole Year,Sweet potato,10404.354587869362
Madhya Pradesh,2008,Kharif,Sunflower,440.50632911392404
Chhattisgarh,2018,Rabi,Masoor,364.5609852999603
Nagaland,2022,Rabi,Urad,665.6365984859633
Chhattisgarh,2014,Rabi,Khesari,880.76652414829
Telangana,2011,Kharif,Maize,2957.552608596483
Chhattisgarh,2012,Whole Year,Garlic,2673.191489361702
Tamil Nadu,2017,Whole Year,Sugarcane,99825.45270458989
Nagaland,2004,Kharif,Arhar/Tur,937.5
Manipur,2006,Kharif,Other Kharif pulses,509.4339622641509
Nagaland,2025,Kharif,Castor seed,555.7804068078041
Arunachal Pradesh,2006,Kharif,Small millets,987.1015293900866
Tripura,2021,Rabi,Masoor,735.100254578177
Telangana,2025,Kharif,Cowpea(Lobia),1153.980029025562
Karnataka,2019,Kharif,Cotton(lint),2887.8761049825234
Jharkhand,2010,Rabi,Wheat,1091.0154044681024
Bihar,2007,Whole Year,Coriander,725.8883248730964
Karnataka,2017,Kharif,Potato,9640.768336276325
Arunachal Pradesh,2025,Kharif,other oilseeds,1113.1112726443466
Gujarat,2014,Rabi,Gram,1023.3925261001074
Haryana,2023,Kharif,Castor seed,921.420470372876
Andhra Pradesh,2011,Whole Year,Arecanut,489.3238434163701
Puducherry,2019,Kharif,Cotton(lint),2496.0
Kerala,2026,Whole Year,Sugarcane,44972.24546524656
Tripura,2011,Kharif,Urad,617.7237185056473
Maharashtra,2005,Kharif,Maize,2132.356720637368
Tripura,2005,Kharif,Arhar/Tur,710.1321585903083
Odisha,2021,Rabi,Sunflower,1103.921474397482
Madhya Pradesh,2002,Kharif,Rice,613.3239822464989
Odisha,2020,Kharif,Jute,2488.0668783988094
Manipur,2022,Whole Year,Dry chillies,13736.040934348719
Tamil Nadu,2000,Whole Year,Dry chillies,529.4665245266588
Goa,2017,Whole Year,Arecanut,1796.8409586056646
Tamil Nadu,2009,Whole Year,Sweet potato,14628.53470437018
Jharkhand,2012,Autumn,Maize,1265.875263118529
Gujarat,2015,Whole Year,Garlic,5571.108770081643
Andhra Pradesh,2015,Kharif,Cotton(lint),2732.3075855137768
Odisha,2005,Rabi,Mustard,1320.161324541638
Bihar,2023,Rabi,Wheat,2889.213138226172
Karnataka,2018,Kharif,Bajra,908.548779855966
Chhattisgarh,2004,Kharif,Jowar,584.4062947067239
Tamil Nadu,2011,Whole Year,Onion,10796.751926216595
Sikkim,2010,Rabi,Rapeseed &Mustard,791.6349809885932
Manipur,2025,Whole Year,Dry chillies,14455.173288863109
Karnataka,2002,Kharif,Ragi,949.466877986372
Tamil Nadu,2002,Whole Year,Coriander,185.85643212508884
Puducherry,2011,Kharif,Bajra,2636.3636363636365
Punjab,2012,Rabi,Gram,1291.6666666666667
Chhattisgarh,2015,Kharif,Other Kharif pulses,246.6205595724615
Gujarat,2025,Kharif,Ragi,737.1302485934002
West Bengal,2023,Whole Year,Banana,30886.832078658394
Andhra Pradesh,2025,Whole Year,Coriander,486.1378094070619
Manipur,2024,Kharif,Cotton(lint),342.3448860026823
Meghalaya,2019,Kharif,Arhar/Tur,1298.4822934232716
Rajasthan,2011,Rabi,Gram,1099.3049645153158
Tamil Nadu,2008,Whole Year,Maize,4388.383995199537
Tamil Nadu,2000,Kharif,Ginger,26473.684210526317
Gujarat,2006,Kharif,Castor seed,1800.061143381229
Chhattisgarh,2010,Kharif,Rice,1685.6477582891546
Assam,2023,Kharif,Small millets,684.8648387457229
Karnataka,2024,Rabi,Gram,589.9245454125593
Maharashtra,2024,Kharif,Moong(Green Gram),326.1727168789161
Bihar,2026,Kharif,Sannhamp,576.9948375817094
Meghalaya,2002,Whole Year,Sugarcane,2737.5
Andhra Pradesh,2019,Kharif,Tapioca,12145.004294302891
Manipur,2022,Kharif,Soyabean,667.3796435518956
Meghalaya,2015,Rabi,Wheat,1953.125
Himachal Pradesh,2016,Kharif,Arhar/Tur,181.8181818181818
Assam,2017,Rabi,Wheat,1386.3713032722367
Jammu and Kashmir,2019,Kharif,Turmeric,1000.0
Sikkim,2001,Rabi,Rapeseed &Mustard,653.6206896551724
Meghalaya,2009,Kharif,Sesamum,536.4779874213837
Karnataka,2002,Whole Year,Sugarcane,84880.31166469395
Tamil Nadu,2007,Whole Year,Groundnut,1957.332715508463
Rajasthan,2017,Rabi,Barley,2617.7590198176813
Odisha,2023,Kharif,Ginger,15968.487406625754
Tamil Nadu,2009,Whole Year,Garlic,5921.212121212121
West Bengal,2026,Kharif,Sunflower,1230.996664905821
Puducherry,2016,Kharif,Turmeric,3000.0
Tamil Nadu,2008,Whole Year,Moong(Green Gram),226.09272861080245
Assam,2008,Kharif,Sesamum,563.0072968762811
West Bengal,2015,Kharif,Urad,690.3475270589354
Telangana,2018,Kharif,Turmeric,6501.770111479361
Himachal Pradesh,2010,Kharif,Peas & beans (Pulses),1303.2
Gujarat,2010,Kharif,Groundnut,1867.9635761589404
Telangana,2004,Whole Year,Sugarcane,69128.76761331105
Maharashtra,2002,Whole Year,Sugarcane,74362.24044669342
Chhattisgarh,2001,Kharif,Arhar/Tur,401.0094787671641
Manipur,2007,Whole Year,Turmeric,700.0
Bihar,2021,Kharif,Jowar,1198.9401080692664
Haryana,2007,Whole Year,Sugarcane,63049.90560324867
Bihar,2005,Rabi,Wheat,1409.3120541760272
Manipur,2000,Kharif,Peas & beans (Pulses),524.6305418719212
Chhattisgarh,2011,Kharif,Small millets,204.65940811493735
Jammu and Kashmir,2015,Kharif,Bajra,596.2684050803641
Bihar,2020,Kharif,Rice,3607.5166886456714
Goa,2022,Whole Year,Sweet potato,1742.7010736485213
Punjab,2006,Rabi,Barley,3368.4210526315787
Madhya Pradesh,2022,Whole Year,Sugarcane,40333.70374167838
Bihar,2024,Rabi,Linseed,979.5536717152501
Delhi,2024,Kharif,Jowar,1069.9959749860107
Uttar Pradesh,2021,Kharif,Ginger,5065.789331867516
Sikkim,2002,Whole Year,other oilseeds,500.0
Tamil Nadu,2005,Rabi,Rapeseed &Mustard,246.21212121212122
Maharashtra,2015,Whole Year,Banana,28696.152999663922
Chhattisgarh,2006,Kharif,Horse-gram,316.48988996146664
Tamil Nadu,2016,Whole Year,Ginger,21921.832884097035
Nagaland,2022,Kharif,Horse-gram,967.6738980716253
Madhya Pradesh,2018,Kharif,Small millets,695.0447048505372
Jharkhand,2022,Rabi,Potato,8159.224632431939
Karnataka,2014,Kharif,Groundnut,728.6761562125241
Punjab,2016,Kharif,Maize,3836.206896551724
Arunachal Pradesh,2019,Whole Year,Turmeric,4500.5988023952095
Delhi,2025,Rabi,Wheat,4644.087908613845
Bihar,2026,Whole Year,Mango,8019.343832944394
Uttar Pradesh,2005,Whole Year,Sweet potato,13083.658917757375
Tamil Nadu,2013,Whole Year,Arhar/Tur,966.8527740053318
Manipur,2011,Kharif,Rice,2642.285509902982
Uttarakhand,2001,Rabi,Gram,689.4360603653694
Karnataka,2016,Kharif,Onion,7182.170267391364
Bihar,2004,Whole Year,Banana,12822.781385281385
Jammu and Kashmir,2019,Kharif,Ginger,1947.3684210526317
Karnataka,2004,Whole Year,Black pepper,2229.1801685029163
Gujarat,2012,Whole Year,Mango,6481.521938580104
Uttar Pradesh,2011,Kharif,Sesamum,216.80186945151544
Kerala,2016,Whole Year,Tobacco,1500.0
Delhi,2022,Rabi,Gram,2731.9941205291525
Kerala,2018,Whole Year,Sweet potato,14538.282401026567
Bihar,2022,Rabi,Lentil,1059.9524444055135
Haryana,2010,Rabi,Wheat,4623.870240894134
Kerala,2009,Whole Year,Rubber,1577.8801182473
Madhya Pradesh,2002,Kharif,Ginger,1026.604973973395
Puducherry,2025,Kharif,Turmeric,10216.346153846154
Haryana,2023,Kharif,Groundnut,1804.3011471707084
Tamil Nadu,2021,Kharif,Moong(Green Gram),554.2825781409288
Telangana,2010,Kharif,Groundnut,1491.9815874924918
Himachal Pradesh,2017,Rabi,Wheat,1761.3978259283579
Tamil Nadu,2014,Kharif,Maize,8688.151827074227
West Bengal,2000,Rabi,Wheat,2482.652582159624
Karnataka,2000,Whole Year,Coriander,149.25221283955642
Manipur,2004,Whole Year,Potato,5229.72972972973
Uttar Pradesh,2006,Rabi,Linseed,351.1656150952339
Karnataka,2011,Kharif,Castor seed,838.4105146787864
Puducherry,2003,Whole Year,Banana,36053.57142857143
Tamil Nadu,2025,Rabi,Gram,839.7681353778828
Assam,2001,Kharif,Mesta,4927.3495673173675
Manipur,2026,Rabi,Peas & beans (Pulses),1152.247198632553
Mizoram,2011,Kharif,Sesamum,634.1719077568134
West Bengal,2022,Kharif,Sannhamp,4225.88706502576
Assam,2026,Whole Year,Tobacco,602.353613020334
Maharashtra,2019,Kharif,Bajra,761.495162630447
Jammu and Kashmir,2001,Kharif,Moong(Green Gram),444.72152950955945
Uttarakhand,2002,Kharif,Bajra,1250.0
Jammu and Kashmir,2002,Whole Year,Potato,10369.027058146228
Haryana,2018,Kharif,Peas & beans (Pulses),9282.561272937251
West Bengal,2009,Kharif,Mesta,14010.63829787234
West Bengal,2015,Rabi,Barley,1410.0
Telangana,2000,Kharif,Groundnut,1256.9129670468424
Delhi,2012,Kharif,Barley,2815.3846153846152
Madhya Pradesh,2006,Kharif,Groundnut,948.9988896268842
Gujarat,2019,Whole Year,Mango,9007.964066000564
Telangana,2009,Kharif,Jowar,1074.9046787209054
Karnataka,2000,Kharif,Rice,2492.222116123436
Tamil Nadu,2015,Kharif,Masoor,1016.2862033318081
Assam,2020,Kharif,Rice,3176.305871762232
Mizoram,2026,Rabi,Rapeseed &Mustard,956.6317776252573
Meghalaya,2008,Kharif,Ginger,5416.998815038242
Haryana,2021,Whole Year,Sugarcane,71356.64981163331
Manipur,2026,Whole Year,Turmeric,23219.03646069687
Uttarakhand,2011,Whole Year,Tobacco,1500.0
West Bengal,2023,Whole Year,Mango,8216.967317433177
Uttarakhand,2012,Kharif,Bajra,1000.0
Tamil Nadu,2017,Kharif,Onion,9706.658191641507
Mizoram,2011,Kharif,Rapeseed &Mustard,400.0
Madhya Pradesh,2018,Rabi,Peas & beans (Pulses),776.0139730431557
Sikkim,2007,Kharif,Urad,876.1904761904761
Chhattisgarh,2005,Rabi,Barley,827.1365149833518
Maharashtra,2001,Kharif,Turmeric,3982.947607259431
Punjab,2000,Kharif,Maize,2793.939393939394
Bihar,2009,Kharif,Small millets,767.5312199807877
Uttar Pradesh,2017,Kharif,Rice,2618.2257970715195
Haryana,2016,Kharif,Peas & beans (Pulses),7403.725834797891
Goa,2014,Whole Year,Banana,11294.957983193277
Nagaland,2026,Rabi,Gram,729.6742723039306
Tamil Nadu,2013,Kharif,Sesamum,557.8974358974359
Andhra Pradesh,2008,Whole Year,Arecanut,738.1615598885794
Mizoram,2018,Kharif,Maize,1796.616082330368
West Bengal,2006,Rabi,Rapeseed &Mustard,803.2344693752639
Madhya Pradesh,2012,Rabi,Khesari,847.9983143699958
Chhattisgarh,2004,Whole Year,Tobacco,515.1515151515151
Punjab,2019,Kharif,Arhar/Tur,1100.0
Assam,2004,Rabi,Linseed,522.7812567480026
Kerala,2017,Whole Year,Potato,14153.100775193798
Tamil Nadu,2021,Rabi,Rapeseed &Mustard,119.18986256597101
Rajasthan,2010,Kharif,Moong,671.1662985549416
Sikkim,2009,Rabi,Rapeseed &Mustard,836.3970588235294
Jharkhand,2017,Kharif,Rice,1971.436737464497
Manipur,2024,Kharif,Maize,2389.4936341724424
Assam,2004,Rabi,Masoor,541.5971745315412
Uttar Pradesh,2009,Kharif,Sweet potato,13600.0119345984
Jharkhand,2024,Rabi,Safflower,348.40014636526263
Karnataka,2010,Kharif,Peas & beans (Pulses),8955.461557601393
Bihar,2014,Rabi,Wheat,1657.1541428958008
Uttarakhand,2014,Kharif,Moong(Green Gram),588.2352941176471
Gujarat,2011,Whole Year,Potato,23037.275064267353
Punjab,2002,Rabi,Potato,21270.187267604353
Jharkhand,2021,Kharif,Moong(Green Gram),814.7267088066457
Jammu and Kashmir,2015,Rabi,other oilseeds,761.9047619047619
Tripura,2017,Kharif,Small millets,782.9614604462474
West Bengal,2001,Whole Year,Cardamom,244.8695652173913
Karnataka,2007,Kharif,Other Kharif pulses,743.1456636814825
Jammu and Kashmir,2019,Kharif,Other Kharif pulses,845.4094878451734
Madhya Pradesh,2017,Kharif,Bajra,2435.1164741562884
Rajasthan,2001,Rabi,Wheat,3237.4437905108343
Manipur,2003,Kharif,Arhar/Tur,500.0
Bihar,2004,Whole Year,Onion,7547.14842366277
Himachal Pradesh,2001,Kharif,Ginger,11119.969336910694
Maharashtra,2016,Whole Year,Grapes,22822.229126940885
Assam,2015,Kharif,Jute,12003.729480922804
Punjab,2023,Kharif,Sesamum,304.27208585660406
Telangana,2003,Kharif,Rice,2521.0982676186795
Meghalaya,2012,Rabi,Gram,975.0
Madhya Pradesh,2018,Kharif,Bajra,1921.0590681178917
Uttarakhand,2015,Rabi,Rapeseed &Mustard,945.9063136456211
Andhra Pradesh,2006,Kharif,Mesta,8782.337544834718
Tripura,2012,Kharif,Urad,619.1051995163241
Meghalaya,2019,Kharif,Cotton(lint),1200.4140786749483
Kerala,2020,Whole Year,Rubber,1738.1591919043185
Bihar,2003,Rabi,Lentil,823.6612068982142
Haryana,2021,Whole Year,Sweet potato,4385.196187646986
West Bengal,2020,Kharif,Arhar/Tur,1096.6291825087517
Chhattisgarh,2001,Rabi,Rapeseed &Mustard,371.1930068540777
Gujarat,2003,Whole Year,Guar seed,766.1654135338346
Nagaland,2021,Rabi,Rapeseed &Mustard,1071.8229507200733
West Bengal,2004,Whole Year,Mango,5280.076336849251
Arunachal Pradesh,2001,Kharif,Rice,1126.959943074798
Punjab,2026,Kharif,Moth,795.3368633531288
Chhattisgarh,2023,Kharif,Soyabean,986.6631905901647
Jammu and Kashmir,2021,Kharif,Horse-gram,595.8382933034568
Manipur,2018,Whole Year,Sugarcane,57811.00917431193
Nagaland,2019,Rabi,Urad,819.277108433735
Nagaland,2018,Rabi,Potato,10005.31914893617
Gujarat,2001,Whole Year,Mango,5337.916718675559
Mizoram,2017,Kharif,Potato,5396.551724137931
Karnataka,2006,Kharif,Arhar/Tur,440.9506846601544
Mizoram,2016,Kharif,Sesamum,672.9411764705883
Uttarakhand,2026,Kharif,Urad,1132.6143339241546
Gujarat,2004,Whole Year,Onion,27756.81818181818
Kerala,2026,Whole Year,Ginger,4266.510853484984
Goa,2013,Rabi,Other  Rabi pulses,1108.3501513622602
Mizoram,2004,Kharif,Sesamum,576.9380599922088
West Bengal,2021,Rabi,Small millets,903.4888435880488
Arunachal Pradesh,2005,Whole Year,Sugarcane,18429.384965831436
Telangana,2021,Kharif,Sesamum,449.42941689189684
Arunachal Pradesh,2021,Kharif,Soyabean,1183.192348592669
Uttar Pradesh,2001,Rabi,Masoor,799.2994970132663
Uttar Pradesh,2009,Kharif,Arhar/Tur,661.8112729575681
Karnataka,2000,Whole Year,Tomato,18956.613291275724
Karnataka,2011,Whole Year,Tobacco,916.2607587422965
Maharashtra,2013,Kharif,Other Kharif pulses,425.57251908396944
Odisha,2020,Kharif,Arhar/Tur,961.0341350070187
Jammu and Kashmir,2002,Whole Year,Sugarcane,4059.82905982906
Maharashtra,2022,Kharif,Niger seed,109.39988013566587
Karnataka,2016,Whole Year,Ginger,25288.288288288288
Karnataka,2012,Kharif,Bajra,1038.3882890592283
Himachal Pradesh,2022,Kharif,Ginger,3297.4549812356113
Maharashtra,2010,Kharif,Soyabean,1581.5103880400131
Haryana,2010,Kharif,Castor seed,423.21644498186214
Chhattisgarh,2008,Kharif,Soyabean,976.701237708527
Odisha,2025,Winter,Rapeseed &Mustard,388.1932266108921
Madhya Pradesh,2025,Rabi,Masoor,1102.842736537909
Puducherry,2002,Whole Year,Onion,15000.0
Jammu and Kashmir,2016,Kharif,Small millets,487.8769958604376
Madhya Pradesh,2023,Rabi,Other  Rabi pulses,756.963170453298
Karnataka,2016,Whole Year,Turmeric,5924.923681895793
Chhattisgarh,2013,Rabi,Barley,903.4048852701702
Manipur,2012,Rabi,Gram,850.7042253521126
Madhya Pradesh,2003,Rabi,Linseed,429.99916308653684
Bihar,2002,Whole Year,Onion,8592.170137611303
Nagaland,2012,Kharif,Sunflower,807.6923076923077
Maharashtra,2021,Whole Year,Tobacco,1800.420942483085
West Bengal,2023,Rabi,Maize,3454.280775625356
Haryana,2010,Kharif,Urad,504.6863734679164
Andhra Pradesh,2002,Kharif,Onion,11163.409725378173
Tamil Nadu,2002,Kharif,Ragi,1344.0826189517288
Punjab,2026,Kharif,Bajra,704.1140580727837
Jammu and Kashmir,2001,Rabi,Peas & beans (Pulses),821.5613382899628
Odisha,2006,Summer,Horse-gram,126.90355329949239
Maharashtra,2012,Kharif,Maize,2296.602787456446
Rajasthan,2014,Rabi,Gram,988.6565138185942
Bihar,2003,Kharif,Jowar,1009.2531394580304
Assam,2005,Kharif,Sesamum,555.5395268320831
Jammu and Kashmir,2012,Kharif,Barley,333.3333333333333
Uttar Pradesh,2009,Rabi,Linseed,440.69425434637003
Haryana,2016,Whole Year,Sugarcane,80463.05418719212
Bihar,2005,Kharif,Maize,1646.6895080203478
Uttar Pradesh,2008,Kharif,Groundnut,713.8384073455053
Mizoram,2023,Kharif,Moong(Green Gram),3567.448275862069
Tamil Nadu,2015,Whole Year,Garlic,5738.382099827883
Jharkhand,2018,Kharif,Urad,840.8940770504162
Jharkhand,2019,Rabi,Rapeseed &Mustard,793.8551492463052
Uttar Pradesh,2022,Kharif,Sesamum,202.71234667321258
Meghalaya,2010,Kharif,Cotton(lint),817.3415492957746
Himachal Pradesh,2007,Rabi,Coriander,288.135593220339
Assam,2016,Whole Year,Onion,9833.293007500604
Bihar,2004,Autumn,Rice,893.06929952084
Jammu and Kashmir,2011,Kharif,Dry chillies,966.3120567375887
Chhattisgarh,2010,Kharif,Sunflower,326.9230769230769
Uttarakhand,2022,Rabi,Other Cereals,769.8927843942566
Maharashtra,2016,Kharif,Ragi,1196.5849717209803
Nagaland,2021,Kharif,Other Cereals,1053.6580620843113
Rajasthan,2022,Kharif,Cotton(lint),597.3790021114721
Haryana,2005,Kharif,Sesamum,353.6246526900733
Tamil Nadu,2015,Kharif,Rice,3686.9496833335666
Telangana,2017,Kharif,Coriander,312.5
Goa,2019,Whole Year,Black pepper,373.66548042704625
Gujarat,2011,Rabi,Rapeseed &Mustard,1576.5895953757226
Andhra Pradesh,2025,Kharif,Mesta,8485.679754865589
Andhra Pradesh,2013,Kharif,Onion,18831.05109976621
Delhi,2016,Rabi,Gram,2120.0
Maharashtra,2005,Kharif,Turmeric,4969.702963593005
Karnataka,2017,Kharif,Cotton(lint),3500.0153441304865
Puducherry,2008,Kharif,Tapioca,29600.0
Manipur,2016,Kharif,Rice,2645.901639344262
Uttar Pradesh,2018,Rabi,Barley,3015.50901378579
Chhattisgarh,2002,Whole Year,Dry chillies,881.7054263565891
Maharashtra,2016,Kharif,Other Kharif pulses,459.38719302272204
Assam,2003,Kharif,Mesta,4772.509225092251
Madhya Pradesh,2023,Whole Year,Turmeric,20494.554348204227
Odisha,2019,Rabi,Garlic,3668.8888888888887
Bihar,2012,Rabi,Masoor,1147.2694942209198
Andhra Pradesh,2001,Whole Year,Tobacco,2212.691069991955
West Bengal,2022,Rabi,Horse-gram,619.4817048972141
Karnataka,2021,Kharif,Castor seed,549.6370354742621
Himachal Pradesh,2001,Whole Year,Tobacco,1130.4347826086957
Bihar,2000,Whole Year,Mango,5631.583162183136
Madhya Pradesh,2018,Kharif,Niger seed,301.0576324868503
Himachal Pradesh,2018,Rabi,Gram,1039.0625
Jharkhand,2024,Rabi,Potato,8320.927764865484
Meghalaya,2025,Kharif,Sesamum,1292.7325675807342
Punjab,2009,Kharif,Guar seed,770.6422018348624
Mizoram,2019,Kharif,Rapeseed &Mustard,739.1304347826087
Manipur,2014,Rabi,Gram,848.5294117647059
Bihar,2009,Rabi,Peas & beans (Pulses),1000.8527287319422
Nagaland,2000,Kharif,Rice,1533.3333333333333
Uttar Pradesh,2003,Rabi,Ragi,1461.5384615384614
Maharashtra,2006,Kharif,Turmeric,4534.519442762298
Kerala,2013,Whole Year,Turmeric,2573.251028806584
Manipur,2026,Kharif,Rice,1968.7969703321476
Haryana,2022,Kharif,Moong(Green Gram),563.3762207876243
Himachal Pradesh,2001,Rabi,Wheat,1738.1629278780306
Assam,2026,Rabi,Urad,807.1897669953247
Gujarat,2025,Kharif,Soyabean,1844.3531467441308
Odisha,2001,Whole Year,Turmeric,2242.24072672218
Bihar,2018,Kharif,Groundnut,1019.8598130841121
Tamil Nadu,2004,Kharif,Bajra,1273.461191705598
Himachal Pradesh,2025,Kharif,Sesamum,422.6043151306605
Tripura,2001,Kharif,Maize,1000.0
Telangana,2018,Kharif,Horse-gram,638.8888888888889
Tripura,2018,Rabi,Gram,669.2607003891051
Jammu and Kashmir,2018,Kharif,Moth,731.3167259786477
West Bengal,2025,Rabi,Safflower,1015.8582773365913
Chhattisgarh,2016,Rabi,Khesari,1182.034604811614
Arunachal Pradesh,2021,Whole Year,Potato,7428.859719293143
Gujarat,2001,Kharif,Groundnut,1400.605176419733
Andhra Pradesh,2025,Whole Year,Tobacco,11308.744104854237
Mizoram,2010,Kharif,Cotton(lint),748.3443708609271
Gujarat,2003,Kharif,Moong(Green Gram),586.073500967118
Goa,2008,Rabi,Other  Rabi pulses,1040.7732122108378
Nagaland,2005,Rabi,Other  Rabi pulses,1441.2811387900356
Meghalaya,2022,Rabi,Rapeseed &Mustard,962.7950685064674
Rajasthan,2015,Kharif,Bajra,1666.4179012086915
Punjab,2009,Kharif,Arhar/Tur,956.5217391304348
West Bengal,2017,Rabi,Other  Rabi pulses,707.182320441989
Maharashtra,2020,Rabi,Wheat,4251.559461173295
Meghalaya,2008,Whole Year,Sugarcane,2717.391304347826
Tamil Nadu,2025,Kharif,Sesamum,657.6595219003397
Chhattisgarh,2000,Kharif,Moong(Green Gram),268.30012200081336
Madhya Pradesh,2008,Kharif,Soyabean,1119.999916687763
Bihar,2025,Rabi,Gram,1183.9439398363334
Haryana,2009,Kharif,Castor seed,1086.9565217391305
Kerala,2025,Whole Year,Cowpea(Lobia),10.004141147751792
Andhra Pradesh,2022,Kharif,other oilseeds,18107.65448392404
Maharashtra,2021,Kharif,Other Cereals,601.9832239173121
Andhra Pradesh,2012,Kharif,Soyabean,1817.0083523158694
Nagaland,2015,Kharif,Ragi,969.6969696969697
Karnataka,2022,Kharif,Cowpea(Lobia),245.38636860637402
Arunachal Pradesh,2017,Kharif,Urad,871.2522045855379
Karnataka,2014,Whole Year,Garlic,1098.6243386243386
Delhi,2019,Kharif,Rice,3006.155950752394
Madhya Pradesh,2001,Rabi,Other  Rabi pulses,491.1011794751168
Uttarakhand,2025,Kharif,Moong(Green Gram),965.807050913434
Andhra Pradesh,2023,Kharif,Cotton(lint),2337.1706489811622
Odisha,2013,Rabi,Onion,19213.640673595834
Goa,2001,Whole Year,Arecanut,1562.5
Nagaland,2017,Kharif,Sugarcane,43510.158013544016
Bihar,2008,Whole Year,Garlic,1591.593973037272
Punjab,2016,Rabi,Peas & beans (Pulses),1354.8387096774193
Jharkhand,2001,Kharif,Rice,2151.678003697827
Bihar,2001,Whole Year,Garlic,1467.5324675324675
Odisha,2021,Rabi,Other  Rabi pulses,371.1295721584518
Kerala,2021,Whole Year,Maize,3703.8256328754683
Goa,2019,Whole Year,Banana,12560.162601626016
Gujarat,2011,Kharif,Bajra,1192.4850161364684
Manipur,2005,Kharif,Soyabean,1176.4705882352941
Telangana,2012,Kharif,Groundnut,1600.9075443810007
Kerala,2006,Whole Year,Turmeric,2547.868266530508
Punjab,2019,Rabi,Masoor,500.0
Karnataka,2011,Whole Year,Garlic,1248.0392156862745
West Bengal,2004,Kharif,Sunflower,1312.6097646645592
Jharkhand,2008,Whole Year,Sugarcane,25292.399665437195
Chhattisgarh,2022,Rabi,Other  Rabi pulses,268.7135751141468
Karnataka,2009,Whole Year,Sweet potato,6571.130579891531
Assam,2017,Rabi,Rapeseed &Mustard,639.2476359439861
Jammu and Kashmir,2009,Kharif,Ginger,1351.3513513513512
Maharashtra,2015,Kharif,Other Kharif pulses,308.83927205994803
Odisha,2021,Kharif,Bajra,666.8850800307201
Goa,2003,Kharif,Ragi,897.49430523918
Chhattisgarh,2012,Kharif,Sunflower,349.1514770584538
Puducherry,2023,Summer,Other Summer Pulses,349.82578397212546
Punjab,2021,Kharif,Bajra,631.6129826938474
Madhya Pradesh,2017,Rabi,Rapeseed &Mustard,1304.7065115657174
Uttarakhand,2007,Rabi,Masoor,455.256139060057
Telangana,2017,Whole Year,Mango,7632.558279470894
Himachal Pradesh,2018,Kharif,Bajra,738.6363636363636
Tamil Nadu,2005,Kharif,Arhar/Tur,540.1254997484709
Andhra Pradesh,2011,Kharif,Mesta,7749.184782608696
West Bengal,2004,Whole Year,Groundnut,1538.0592678675189
West Bengal,2001,Kharif,Sunflower,1322.1266614542612
Bihar,2020,Rabi,Wheat,4154.652899164633
Himachal Pradesh,2018,Rabi,Barley,1769.9941049322067
Chhattisgarh,2017,Rabi,Peas & beans (Pulses),376.33155792276966
Maharashtra,2016,Kharif,Rice,2332.6403907950303
Tripura,2007,Kharif,Rice,2532.35111527618
Telangana,2012,Whole Year,Sugarcane,68348.17704232542
Madhya Pradesh,2016,Kharif,Cotton(lint),1578.3333333333333
Chhattisgarh,2023,Whole Year,Coriander,306.0244819585567
Jammu and Kashmir,2010,Kharif,Other Kharif pulses,1295.9285004965243
Nagaland,2016,Kharif,Peas & beans (Pulses),1357.4468085106382
Arunachal Pradesh,2017,Rabi,Masoor,575.3424657534247
Sikkim,2004,Kharif,Soyabean,557.840616966581
Telangana,2024,Kharif,Tobacco,4204.668906223311
Odisha,2021,Rabi,Safflower,572.1869922037696
Bihar,2007,Whole Year,Potato,8083.399931128134
Meghalaya,2016,Whole Year,Dry chillies,1008.2358040745557
Punjab,2019,Kharif,Sesamum,384.61538461538464
Tamil Nadu,2008,Whole Year,Cashewnut,521.0047595998709
West Bengal,2015,Rabi,Arhar/Tur,874.1628480789567
Bihar,2018,Rabi,Khesari,1018.3738999445017
Manipur,2014,Whole Year,Turmeric,11918.10144253141
Arunachal Pradesh,2024,Kharif,Soyabean,458.3556931038792
Himachal Pradesh,2011,Kharif,Ragi,1122.533272143185
Jharkhand,2013,Rabi,Potato,5867.401412088859
Chhattisgarh,2022,Kharif,Potato,5987.556005309047
Andhra Pradesh,2023,Kharif,Turmeric,6737.829005866794
Andhra Pradesh,2013,Kharif,Urad,682.4510614833196
Puducherry,2002,Rabi,Moong(Green Gram),197.6401179941003
Arunachal Pradesh,2023,Kharif,Arhar/Tur,1164.463210355091
West Bengal,2007,Kharif,Mesta,10427.744886975242
Tripura,2022,Whole Year,Sugarcane,56055.79259355763
West Bengal,2007,Whole Year,Banana,25286.54820553425
Nagaland,2011,Rabi,Gram,720.0
Punjab,2008,Rabi,Linseed,1000.0
Telangana,2018,Kharif,Ragi,977.7562862669246
Haryana,2010,Kharif,Horse-gram,240.3846153846154
Jammu and Kashmir,2006,Rabi,Other  Rabi pulses,461.53846153846155
Andhra Pradesh,2018,Kharif,Oilseeds total,2464.548648008824
Uttar Pradesh,2012,Rabi,Gram,1120.0996663990134
Haryana,2019,Rabi,Gram,1070.9574710029565
Karnataka,2012,Kharif,Arhar/Tur,708.017679638404
Meghalaya,2000,Rabi,Gram,617.7105831533478
Arunachal Pradesh,2024,Whole Year,Oilseeds total,1348.983610088882
Uttarakhand,2013,Kharif,Sesamum,259.7330367074527
Tripura,2025,Kharif,Rice,2919.074312255934
Andhra Pradesh,2026,Whole Year,Garlic,7366.102673256611
Chhattisgarh,2016,Kharif,Sannhamp,475.1892346509672
Karnataka,2016,Kharif,Small millets,320.0037948863906
West Bengal,2004,Whole Year,Dry chillies,1177.4558276800428
Haryana,2016,Kharif,Cotton(lint),3583.0852740325686
Kerala,2019,Whole Year,Arhar/Tur,1667.7316293929712
Jammu and Kashmir,2003,Kharif,Peas & beans (Pulses),597.8260869565217
Meghalaya,2025,Rabi,Other  Rabi pulses,770.1485509031874
Meghalaya,2005,Whole Year,Banana,11157.018362900715
Gujarat,2005,Kharif,Maize,1581.0899540380826
Manipur,2017,Rabi,Gram,932.5153374233129
Chhattisgarh,2007,Whole Year,Sweet potato,5870.83489329839
Mizoram,2023,Kharif,Rice,1632.171857174567
Madhya Pradesh,2024,Kharif,Urad,716.9040256009881
Puducherry,2010,Kharif,Sweet potato,8000.0
Kerala,2004,Whole Year,Garlic,17000.0
Sikkim,2014,Kharif,Rice,1817.9347826086957
Haryana,2010,Kharif,Groundnut,1035.3753235547886
Meghalaya,2004,Rabi,Linseed,466.6666666666667
Kerala,2010,Whole Year,Turmeric,2592.4593647261563
Madhya Pradesh,2019,Whole Year,Sugarcane,59468.002341976724
Uttarakhand,2018,Whole Year,Sugarcane,69554.24657829276
Meghalaya,2014,Rabi,Wheat,1909.502262443439
Punjab,2022,Whole Year,Sugarcane,93271.21337462935
Andhra Pradesh,2019,Kharif,Onion,21966.05766007375
Andhra Pradesh,2015,Kharif,Small millets,911.3414425218434
Bihar,2026,Kharif,Small millets,815.257979182344
Uttarakhand,2009,Whole Year,Tobacco,636.3636363636364
Maharashtra,2006,Kharif,Bajra,728.9629527613276
Chhattisgarh,2010,Rabi,Peas & beans (Pulses),338.22388375537844
West Bengal,2000,Kharif,Other Kharif pulses,495.75757575757575
Andhra Pradesh,2026,Kharif,Small millets,983.8515354958788
Punjab,2023,Kharif,Cotton(lint),3561.067633876499
Arunachal Pradesh,2005,Rabi,Wheat,1544.2655935613682
Chhattisgarh,2008,Kharif,Castor seed,307.6923076923077
Karnataka,2012,Whole Year,Black pepper,2833.4016469799158
Jammu and Kashmir,2019,Kharif,Gram,333.3333333333333
Telangana,2014,Kharif,Dry chillies,3249.9414256105256
Andhra Pradesh,2013,Kharif,Arhar/Tur,563.1255948278691
West Bengal,2010,Kharif,Cotton(lint),1730.5863708399365
Tamil Nadu,2016,Whole Year,Garlic,5819.462227912933
Andhra Pradesh,2012,Kharif,Small millets,972.2222222222222
Tamil Nadu,2020,Kharif,Turmeric,6261.3527692899515
Himachal Pradesh,2022,Kharif,Cotton(lint),493.09334449560487
West Bengal,2005,Rabi,Linseed,288.8855557222139
Maharashtra,2021,Kharif,Castor seed,307.9888430765423
Telangana,2017,Kharif,Small millets,1326.388888888889
Haryana,2021,Whole Year,Coriander,3117.566648353086
Madhya Pradesh,2008,Kharif,Castor seed,354.92957746478874
Karnataka,2009,Rabi,Safflower,764.6928920558271
Gujarat,2005,Whole Year,Sugarcane,83424.01500938086
Maharashtra,2005,Kharif,Moong(Green Gram),354.25252903709253
Andhra Pradesh,2004,Kharif,Cotton(lint),1858.8880525517664
Chhattisgarh,2024,Whole Year,Coriander,277.60026463392916
Maharashtra,2017,Kharif,Bajra,849.3881317487336
Kerala,2026,Autumn,Rice,2470.4223667256388
Meghalaya,2023,Kharif,Soyabean,2198.4875047265477
Kerala,2004,Kharif,Jowar,510.13250194855806
Gujarat,2012,Kharif,Castor seed,1988.8104435859864
Tamil Nadu,2006,Whole Year,Tapioca,40360.357521414044
Odisha,2019,Autumn,Sesamum,306.9767441860465
West Bengal,2023,Rabi,Safflower,1145.863983674244
Andhra Pradesh,2012,Whole Year,Sugarcane,78816.32653061225
Karnataka,2019,Whole Year,Turmeric,6396.7213114754095
Madhya Pradesh,2003,Kharif,Arhar/Tur,809.0007872877135
Karnataka,2024,Kharif,Other Kharif pulses,905.959398138234
Chhattisgarh,2001,Rabi,Peas & beans (Pulses),372.62678254999577
Haryana,2001,Rabi,Wheat,4103.264697748922
Maharashtra,2026,Kharif,Maize,2276.411428053239
West Bengal,2002,Whole Year,Tobacco,542.0910145674874
Jharkhand,2018,Kharif,Bajra,576.9230769230769
Haryana,2025,Rabi,Barley,4535.417560768221
Chhattisgarh,2001,Rabi,Barley,820.0235571260306
Maharashtra,2004,Kharif,Rice,1409.891143663486
Goa,2026,Kharif,Ragi,945.1995430012213
Goa,2012,Kharif,Groundnut,2518.7265917602995
Uttar Pradesh,2010,Rabi,Potato,24394.910993597863
Odisha,2019,Winter,Rapeseed &Mustard,293.2968929804373
Puducherry,2021,Kharif,Sunflower,2238.532110091743
Himachal Pradesh,2026,Rabi,Peas & beans (Pulses),1762.6766707380912
Karnataka,2017,Whole Year,Sannhamp,250.0
Assam,2008,Whole Year,Tapioca,4728.07881773399
Andhra Pradesh,2004,Kharif,Mesta,8547.42769770087
Karnataka,2004,Kharif,Cotton(lint),1196.8075729122754
Telangana,2001,Kharif,Maize,2553.356714788965
Madhya Pradesh,2026,Kharif,Small millets,911.2631014920502
Bihar,2018,Autumn,Maize,2078.377373867641
Bihar,2016,Rabi,Safflower,813.0841121495328
Sikkim,2015,Kharif,Urad,923.5537190082645
Bihar,2004,Rabi,Masoor,710.5969748500851
West Bengal,2009,Kharif,Sannhamp,5614.37125748503
Chhattisgarh,2021,Kharif,Sunflower,381.3442753574721
Assam,2018,Rabi,Arecanut,704.1214105043892
Goa,2015,Rabi,Other  Rabi pulses,842.3313761993412
Manipur,2021,Whole Year,Sweet potato,2940.9475238223054
Jammu and Kashmir,2015,Kharif,Sugarcane,1502.5906735751296
West Bengal,2004,Rabi,Barley,1671.6232961586122
Uttarakhand,2004,Rabi,Wheat,2064.621044011542
Manipur,2022,Whole Year,Banana,13369.913821315586
Meghalaya,2023,Kharif,Tapioca,7862.704075992299
Kerala,2021,Autumn,Rice,2883.0791270340524
Maharashtra,2022,Kharif,Turmeric,6760.764476828648
Madhya Pradesh,2008,Kharif,Ragi,310.81081081081084
Madhya Pradesh,2016,Kharif,Other Cereals,801.9230769230769
Madhya Pradesh,2007,Whole Year,Turmeric,832.0610687022901
Tripura,2015,Kharif,Groundnut,1145.5576559546314
Meghalaya,2014,Whole Year,Maize,2260.0210678050676
Maharashtra,2019,Kharif,other oilseeds,305.52943389129206
Assam,2024,Whole Year,Onion,7996.972453091867
Puducherry,2010,Kharif,Arecanut,1300.0
Jharkhand,2022,Kharif,Bajra,563.8313544091217
Karnataka,2016,Whole Year,Coriander,433.07086614173227
Mizoram,2022,Rabi,Other  Rabi pulses,1563.9395635142698
Chhattisgarh,2000,Kharif,Arhar/Tur,428.99378328574613
West Bengal,2014,Autumn,Groundnut,928.2868525896414
Andhra Pradesh,2016,Kharif,Sesamum,227.82426778242677
Telangana,2022,Kharif,Sunflower,2640.782226869719
Maharashtra,2006,Kharif,Castor seed,336.1344537815126
Assam,2009,Rabi,Moong(Green Gram),457.3746508844261
Rajasthan,2002,Rabi,Barley,2124.419418485069
Uttarakhand,2026,Rabi,Linseed,808.7625761655094
Maharashtra,2019,Kharif,Maize,1362.7938438094054
Chhattisgarh,2014,Rabi,Safflower,295.71106094808124
Nagaland,2025,Kharif,Tapioca,24392.938588524954
Telangana,2017,Kharif,Cotton(lint),2738.7923940678747
Jammu and Kashmir,2010,Kharif,Bajra,597.2558027079303
Bihar,2000,Kharif,Urad,633.0464071856287
Goa,2026,Whole Year,Cashewnut,406.7242243920825
Gujarat,2002,Whole Year,Tobacco,1725.9036144578313
Mizoram,2014,Kharif,Potato,4608.695652173913
Tamil Nadu,2019,Rabi,Rapeseed &Mustard,240.87591240875912
Madhya Pradesh,2019,Rabi,Barley,2130.746208427212
Bihar,2002,Rabi,Peas & beans (Pulses),893.1101094655505
Himachal Pradesh,2016,Rabi,Linseed,273.38129496402877
Jammu and Kashmir,2014,Kharif,Peas & beans (Pulses),437.5
Delhi,2009,Rabi,Wheat,4339.9502557604765
Chhattisgarh,2005,Kharif,Maize,1078.8585153612175
Punjab,2014,Kharif,Guar seed,751.7730496453901
Telangana,2017,Kharif,Castor seed,937.4013488305352
Uttar Pradesh,2025,Kharif,Small millets,919.8493486448444
West Bengal,2000,Kharif,Jute,12118.226279539442
West Bengal,2004,Rabi,Mustard,1251.9148801646104
Arunachal Pradesh,2021,Kharif,Groundnut,1469.9801740863645
Karnataka,2011,Kharif,Arhar/Tur,458.1734358935601
Rajasthan,2021,Kharif,Bajra,1894.4969762722303
Rajasthan,2026,Rabi,Gram,1235.5728605307997
Jammu and Kashmir,2023,Kharif,Other Cereals,1719.0083479877912
Nagaland,2003,Kharif,Sesamum,1000.0
Punjab,2023,Rabi,Rapeseed &Mustard,1549.84538110043
Odisha,2021,Kharif,Small millets,492.3672244418791
Karnataka,2015,Kharif,Small millets,368.8219601235608
Puducherry,2007,Kharif,Bajra,2078.125
Puducherry,2007,Kharif,Small millets,500.0
Karnataka,2004,Whole Year,Tomato,23217.822958691206
Uttar Pradesh,2001,Kharif,Small millets,677.2280701754386
Madhya Pradesh,2008,Kharif,Rice,920.6273215603112
Himachal Pradesh,2024,Kharif,Tobacco,1510.580204778157
Nagaland,2013,Kharif,Castor seed,666.6666666666666
Arunachal Pradesh,2021,Kharif,Urad,1013.43425772935
Uttar Pradesh,2005,Kharif,Small millets,678.0719159850942
Uttar Pradesh,2015,Kharif,Small millets,645.1691114074433
Karnataka,2017,Rabi,Linseed,345.24847428073235
Puducherry,2012,Rabi,Moong(Green Gram),594.5945945945946
Odisha,2019,Rabi,Onion,12447.038724373577
Bihar,2005,Rabi,Masoor,738.9839229910014
Bihar,2018,Whole Year,Banana,31883.507307440494
Mizoram,2007,Kharif,Maize,70.73954983922829
Manipur,2017,Kharif,Ginger,14465.095194922937
Uttarakhand,2018,Kharif,Urad,858.7783203906813
Uttarakhand,2004,Kharif,Maize,1524.2534151384698
Chhattisgarh,2010,Whole Year,Potato,4493.399478684941
Assam,2025,Kharif,Castor seed,708.9328803273264
Assam,2019,Whole Year,Sugarcane,41009.93165673501
Punjab,2011,Rabi,Barley,3916.6666666666665
Maharashtra,2017,Whole Year,Sugarcane,91503.32304178884
Uttarakhand,2016,Kharif,Moong(Green Gram),486.4864864864865
Bihar,2014,Kharif,Urad,912.8775834658188
Tripura,2015,Kharif,Cowpea(Lobia),777.7520278099653
Tamil Nadu,2005,Rabi,Gram,678.3477230404604
Gujarat,2003,Kharif,Arhar/Tur,869.5652173913044
Madhya Pradesh,2023,Whole Year,Coriander,1951.7702155906197
Kerala,2025,Whole Year,Arecanut,865.7230147252199
Bihar,2024,Kharif,Groundnut,1365.3359917934492
Punjab,2003,Kharif,Rice,3693.9556235654168
Manipur,2017,Rabi,Rapeseed &Mustard,855.7758031442241
Madhya Pradesh,2006,Whole Year,Sesamum,356.000210754135
Kerala,2014,Whole Year,Sesamum,335.87786259541986
Haryana,2010,Kharif,Rice,2786.980578002881
Assam,2023,Rabi,Moong(Green Gram),813.073587556247
Haryana,2007,Whole Year,Dry chillies,10446.63133989402
West Bengal,2014,Kharif,Sunflower,1304.8267864907957
Jammu and Kashmir,2019,Kharif,Sesamum,409.1503267973856
West Bengal,2019,Rabi,Onion,22269.485384211297
Tripura,2017,Kharif,Soyabean,697.4789915966387
Goa,2009,Rabi,Other  Rabi pulses,1092.2484735864082
Chhattisgarh,2003,Whole Year,Sweet potato,5716.697936210131
Madhya Pradesh,2022,Rabi,Linseed,859.2499445836219
Himachal Pradesh,2025,Kharif,Ragi,1092.1577337642775
Mizoram,2021,Kharif,Other Kharif pulses,1352.731339431652
Kerala,2004,Autumn,Rice,2295.456055586669
Haryana,2003,Whole Year,Dry chillies,1043.2190760059611
Assam,2003,Kharif,Sesamum,549.8098859315589
Telangana,2018,Kharif,Castor seed,762.1222227923444
Jammu and Kashmir,2010,Rabi,Gram,551.5151515151515
Telangana,2026,Kharif,Cotton(lint),4054.5917608883515
Andhra Pradesh,2005,Kharif,Jowar,1531.4928548380922
Puducherry,2011,Kharif,Tapioca,24751.020408163266
Mizoram,2002,Kharif,Urad,666.6666666666666
Jharkhand,2017,Kharif,Maize,2024.6797743924938
Bihar,2024,Autumn,Rice,2347.083363690531
Andhra Pradesh,2003,Whole Year,Ginger,2997.330485851575
Uttarakhand,2022,Kharif,Moth,547.8706335380948
Madhya Pradesh,2024,Kharif,Groundnut,1424.0728194360922
Uttar Pradesh,2001,Kharif,Bajra,1137.5353080365383
Madhya Pradesh,2014,Rabi,Gram,1050.7868383404864
Uttarakhand,2015,Kharif,Jowar,800.0
Bihar,2006,Rabi,Masoor,725.8728428376551
Uttar Pradesh,2018,Rabi,Garlic,6625.389793955644
Tripura,2002,Kharif,Rice,2359.8934461550516
Uttarakhand,2025,Kharif,Sunflower,736.2809212396929
West Bengal,2011,Kharif,Jute,14287.51458615388
Nagaland,2009,Kharif,Maize,1041.0459587955627
Uttar Pradesh,2005,Kharif,Rice,1995.700817227028
Tripura,2011,Kharif,Mesta,8299.363057324841
Jammu and Kashmir,2013,Rabi,Peas & beans (Pulses),900.1322751322751
Tripura,2026,Kharif,Arhar/Tur,773.7176029178509
Jammu and Kashmir,2009,Kharif,Masoor,553.4465534465535
Uttarakhand,2011,Whole Year,Turmeric,8542.569659442725
Manipur,2013,Kharif,Urad,1125.3424657534247
Himachal Pradesh,2023,Kharif,Groundnut,1086.1995753715498
Himachal Pradesh,2018,Rabi,Linseed,299.6300863131936
Madhya Pradesh,2022,Kharif,Niger seed,367.956979519601
Assam,2017,Whole Year,Ginger,8925.932062966032
Maharashtra,2021,Kharif,Small millets,483.39240268224415
Jammu and Kashmir,2012,Rabi,Linseed,581.8181818181819
Arunachal Pradesh,2017,Kharif,other oilseeds,907.6923076923077
West Bengal,2009,Rabi,Linseed,295.0159066808059
Manipur,2005,Kharif,Rice,2322.0858895705524
Madhya Pradesh,2019,Rabi,Wheat,3671.233454610803
Kerala,2021,Whole Year,Tapioca,41711.43252363744
Chhattisgarh,2026,Whole Year,Sannhamp,578.7620272426725
Karnataka,2004,Whole Year,Mango,4192.916615173181
Himachal Pradesh,2012,Rabi,Coriander,319.44444444444446
Tripura,2021,Rabi,Rapeseed &Mustard,1049.6557548236044
Andhra Pradesh,2004,Whole Year,Tapioca,7289.268510701693
Haryana,2017,Rabi,other oilseeds,1615.3846153846155
Andhra Pradesh,2016,Kharif,Dry chillies,5120.7678944942745
Madhya Pradesh,2013,Kharif,Bajra,2098.9975330322795
Maharashtra,2024,Rabi,Wheat,1557.1347219407592
Chhattisgarh,2022,Whole Year,Ginger,1315.2490602827886
Madhya Pradesh,2015,Kharif,Barley,2904.255319148936
Kerala,2016,Whole Year,Cotton(lint),1500.0
Maharashtra,2005,Kharif,Groundnut,831.006831006831
Uttar Pradesh,2012,Rabi,Garlic,5194.057155528453
Assam,2001,Kharif,Maize,711.2244897959183
Karnataka,2026,Kharif,Peas & beans (Pulses),11467.199854914763
Tamil Nadu,2009,Whole Year,Groundnut,2168.7509533644384
Uttarakhand,2013,Kharif,Potato,9163.962794722042
Haryana,2014,Kharif,Sunflower,4492.957746478874
Uttar Pradesh,2004,Rabi,Mustard,1246.9141896402675
Karnataka,2018,Kharif,Jowar,1373.5444928764227
West Bengal,2026,Kharif,Moong(Green Gram),908.7947205911076
Manipur,2014,Kharif,Groundnut,843.6849925705795
Andhra Pradesh,2010,Kharif,Onion,19505.075745744183
Telangana,2016,Kharif,Moong(Green Gram),609.5100222717149
Bihar,2003,Rabi,Safflower,810.0
Madhya Pradesh,2011,Rabi,Safflower,210.19108280254778
Punjab,2005,Kharif,Moth,1000.0
Chhattisgarh,2002,Kharif,Jowar,739.933316234932
Assam,2012,Whole Year,Tapioca,8097.775478530782
Karnataka,2010,Kharif,Onion,6243.199631166436
Meghalaya,2015,Rabi,Peas & beans (Pulses),1951.5631880228973
Odisha,2021,Kharif,Ginger,13552.160353699139
Haryana,2022,Kharif,Jowar,618.4231127181858
Manipur,2025,Whole Year,Onion,2002.1655727405189
Uttar Pradesh,2003,Rabi,Lentil,832.6395631591998
Assam,2021,Whole Year,Tobacco,607.3549901004619
Jammu and Kashmir,2012,Kharif,Bajra,598.4747671204832
Gujarat,2009,Kharif,Sesamum,355.9096945551129
Gujarat,2017,Kharif,Urad,635.0510311653222
Haryana,2000,Rabi,Mustard,1100.1339172460273
Chhattisgarh,2017,Kharif,Niger seed,189.8615056818182
West Bengal,2024,Autumn,Ragi,696.7615429106145
Chhattisgarh,2007,Rabi,Rapeseed &Mustard,401.52148958110394
Chhattisgarh,2007,Kharif,Groundnut,1263.513726976906
Tamil Nadu,2019,Kharif,Jowar,1193.154909530074
Jharkhand,2007,Rabi,Potato,7009.035484066798
Sikkim,2023,Kharif,Urad,887.1856583411057
Gujarat,2025,Kharif,Cotton(lint),4125.460880320858
Telangana,2016,Kharif,Maize,2760.481892876728
Nagaland,2017,Kharif,Jowar,962.9629629629629
Maharashtra,2013,Rabi,Other  Rabi pulses,451.34914145543746
Arunachal Pradesh,2022,Kharif,Moong(Green Gram),1198.545906846232
Haryana,2001,Rabi,Sunflower,1433.5528864781093
Odisha,2022,Rabi,Mustard,1857.222493979981
Bihar,2010,Kharif,Bajra,1118.1199752628324
Meghalaya,2006,Whole Year,Sugarcane,2747.1264367816093
Gujarat,2015,Whole Year,Potato,25397.296406198482
Meghalaya,2009,Kharif,Arhar/Tur,783.6107554417414
Assam,2013,Whole Year,Banana,16882.2580010235
Jammu and Kashmir,2016,Kharif,Bajra,594.6103423160962
Haryana,2004,Rabi,Sunflower,1724.7844019497563
Meghalaya,2018,Rabi,Onion,8971.274685816876
Punjab,2010,Rabi,Mustard,1438.1487282204796
Jammu and Kashmir,2012,Kharif,Other Kharif pulses,677.4619960343688
Assam,2021,Kharif,Mesta,6489.215470890906
West Bengal,2001,Kharif,Castor seed,912.5
Andhra Pradesh,2008,Kharif,Dry chillies,3846.3499840637946
Kerala,2013,Whole Year,Tobacco,1888.888888888889
Puducherry,2026,Rabi,Dry chillies,15765.498652291106
Haryana,2024,Kharif,Arhar/Tur,1222.905001348286
Karnataka,2025,Kharif,Horse-gram,642.863871527871
Mizoram,2025,Kharif,Sesamum,793.3527683939623
Chhattisgarh,2005,Kharif,Bajra,382.71604938271605
Karnataka,2024,Whole Year,Cashewnut,1564.8459589739582
Delhi,2004,Rabi,Gram,1315.7894736842106
Madhya Pradesh,2024,Rabi,Gram,1641.0407486297238
Telangana,2021,Kharif,Ragi,1310.0431316881416
Telangana,2013,Kharif,Sugarcane,85899.53954565112
West Bengal,2011,Autumn,Maize,2269.4408551626925
Nagaland,2013,Rabi,Barley,1018.8679245283018
Maharashtra,2011,Rabi,Other  Rabi pulses,417.6923076923077
Tripura,2000,Kharif,Maize,1000.0
Nagaland,2017,Kharif,Small millets,1129.251700680272
Tripura,2015,Rabi,Other  Rabi pulses,819.5364238410596
Himachal Pradesh,2025,Whole Year,Sugarcane,26619.169647051163
Mizoram,2021,Kharif,Potato,4598.159390588144
Uttar Pradesh,2000,Kharif,Sesamum,161.45133956270894
Andhra Pradesh,2025,Rabi,Linseed,380.4179960234892
Bihar,2019,Kharif,Castor seed,965.5172413793103
Puducherry,2016,Kharif,Rice,3561.061467641484
Odisha,2012,Autumn,Ragi,719.8605873614445
Telangana,2022,Kharif,Cashewnut,11.94912089745525
Telangana,2000,Whole Year,Mango,4594.090742032049
Himachal Pradesh,2023,Kharif,Dry chillies,400.2389486260454
Tamil Nadu,2000,Whole Year,Black pepper,273.780487804878
Jharkhand,2004,Rabi,Onion,7207.8165550401045
Andhra Pradesh,2008,Kharif,Cotton(lint),2550.7548788333693
Bihar,2003,Rabi,Peas & beans (Pulses),933.9511373209773
Odisha,2008,Kharif,Arhar/Tur,893.2932425757174
Jammu and Kashmir,2010,Kharif,Cowpea(Lobia),501.31233595800524
Puducherry,2014,Kharif,Rice,3244.8531430139997
West Bengal,2000,Kharif,Sunflower,634.1463414634146
Madhya Pradesh,2008,Whole Year,Garlic,4226.589242053789
Bihar,2003,Kharif,Small millets,759.6291012838801
Meghalaya,2019,Rabi,Wheat,1935.344827586207
Sikkim,2011,Kharif,Rice,1729.9088649544324
Mizoram,2023,Kharif,Urad,6640.241275312365
Odisha,2001,Rabi,Linseed,369.5840554592721
Nagaland,2014,Kharif,Moong(Green Gram),1000.0
Sikkim,2021,Rabi,Rapeseed &Mustard,747.0452374985607
Telangana,2016,Kharif,Onion,15097.675930440435
Jammu and Kashmir,2025,Kharif,Sesamum,432.5448910044041
Nagaland,2001,Rabi,Wheat,2058.3333333333335
West Bengal,2005,Kharif,Niger seed,649.7119014504271
Assam,2019,Rabi,Urad,598.2271944922547
Himachal Pradesh,2012,Kharif,Dry chillies,325.3968253968254
Punjab,2016,Rabi,Barley,3795.1807228915663
Manipur,2025,Kharif,Moong(Green Gram),1190.8091908091908
Haryana,2022,Rabi,Barley,3500.318237990856
Meghalaya,2022,Rabi,Cowpea(Lobia),1839.9309843387537
Uttarakhand,2019,Kharif,Sunflower,607.1428571428571
Assam,2001,Rabi,Other  Rabi pulses,549.2473671635207
Meghalaya,2010,Kharif,Soyabean,1100.1855287569574
Andhra Pradesh,2000,Kharif,Small millets,592.872803631535
Telangana,2013,Kharif,Maize,4407.419465108329
Maharashtra,2006,Kharif,Moong(Green Gram),411.96998778572674
Madhya Pradesh,2022,Rabi,Masoor,805.3893355210181
Jharkhand,2014,Rabi,Gram,796.9579825860761
Puducherry,2022,Kharif,Other Cereals,1323.8114464520038
Himachal Pradesh,2009,Rabi,Gram,509.9337748344371
Uttar Pradesh,2004,Kharif,Small millets,357.21905000941206
Haryana,2021,Kharif,Other Kharif pulses,13.449978908886388
Haryana,2015,Whole Year,Ginger,14892.73356401384
Uttar Pradesh,2015,Kharif,Cotton(lint),345.73361082206037
Uttarakhand,2001,Kharif,Rice,2021.4731354338785
Himachal Pradesh,2000,Whole Year,Sugarcane,2788.0724174653888
Tripura,2011,Kharif,Jute,8580.594679186228
Arunachal Pradesh,2008,Kharif,Maize,1371.424575145115
West Bengal,2024,Whole Year,Turmeric,3064.4759559389695
Nagaland,2026,Rabi,Barley,665.6035125507415
Bihar,2025,Autumn,Rice,2190.874520646501
Maharashtra,2023,Kharif,Turmeric,6709.131751110079
West Bengal,2013,Kharif,Sannhamp,4296.675191815857
Manipur,2002,Kharif,Soyabean,1214.2857142857142
Nagaland,2008,Kharif,Jute,1808.0
Bihar,2025,Whole Year,Mango,7932.204769359912
Karnataka,2023,Rabi,Linseed,237.97579025156907
Assam,2014,Whole Year,Turmeric,979.1923171632603
Jammu and Kashmir,2026,Kharif,Moong(Green Gram),568.6037811143811
Gujarat,2009,Kharif,Rice,1865.4517843583903
Chhattisgarh,2026,Rabi,Peas & beans (Pulses),395.69886791634826
Puducherry,2011,Kharif,Moong(Green Gram),1000.0
Madhya Pradesh,2003,Kharif,Small millets,305.6652735325307
Haryana,2018,Kharif,Moong(Green Gram),675.4128025333634
Bihar,2009,Kharif,Arhar/Tur,1353.4329683338265
Kerala,2014,Whole Year,Ginger,4789.375
Punjab,2024,Kharif,Maize,3437.399683201286
Uttar Pradesh,2015,Rabi,Garlic,5762.701270871157
Karnataka,2010,Whole Year,Tapioca,11048.91922639363
Madhya Pradesh,2015,Whole Year,Sweet potato,13940.462085308056
Rajasthan,2010,Kharif,Cotton(lint),456.4325618948179
Andhra Pradesh,2009,Kharif,Rice,2887.4315880302684
Madhya Pradesh,2005,Kharif,Sesamum,393.99750122222827
Tripura,2008,Kharif,Mesta,7890.10989010989
Nagaland,2013,Kharif,Groundnut,1023.2558139534884
Madhya Pradesh,2016,Whole Year,Sesamum,435.6544502617801
Andhra Pradesh,2023,Kharif,Oilseeds total,4448.808144092897
Tamil Nadu,2006,Whole Year,Rapeseed &Mustard,232.5581395348837
Uttarakhand,2005,Kharif,Ragi,1260.0197782583878
Haryana,2025,Whole Year,Ginger,15200.945626477542
Andhra Pradesh,2001,Kharif,Sunflower,819.8293804860003
Puducherry,2023,Kharif,Other Cereals,1238.2201700073458
Jammu and Kashmir,2016,Kharif,Cowpea(Lobia),199.21875
Jharkhand,2021,Rabi,Linseed,606.4025373576063
Haryana,2002,Kharif,Sesamum,413.48600508905855
Nagaland,2010,Kharif,Mesta,1916.1290322580646
Nagaland,2026,Rabi,Masoor,753.4821331087298
Tamil Nadu,2015,Whole Year,Dry chillies,510.7690984910365
Meghalaya,2012,Whole Year,Potato,9534.979877611775
Assam,2000,Rabi,Mustard,961.0909649440969
West Bengal,2005,Rabi,Wheat,2109.225068102059
Puducherry,2023,Rabi,Other  Rabi pulses,1289.044873401855
Madhya Pradesh,2018,Rabi,Other  Rabi pulses,768.9134062673836
Chhattisgarh,2026,Whole Year,Turmeric,1137.4532156224109
Telangana,2026,Rabi,Wheat,971.9586006223368
Punjab,2025,Rabi,Barley,4010.8544935570626
Odisha,2011,Kharif,Arhar/Tur,945.4864719862901
Kerala,2013,Whole Year,Rubber,1544.8287321847865
Tamil Nadu,2018,Kharif,Potato,10977.720651242502
Maharashtra,2008,Kharif,Groundnut,1015.378548895899
Puducherry,2014,Kharif,Groundnut,3000.0
Himachal Pradesh,2007,Kharif,Moth,333.3333333333333
Telangana,2021,Rabi,Linseed,234.64059548939005
Tripura,2007,Rabi,Rapeseed &Mustard,731.9090282563749
Uttar Pradesh,2003,Whole Year,Sugarcane,55715.499927492485
Tamil Nadu,2006,Whole Year,Maize,3838.124804077216
Bihar,2014,Kharif,Jute,14965.137498549593
Uttar Pradesh,2020,Rabi,Lentil,1125.889525936131
Chhattisgarh,2000,Rabi,Masoor,270.96876486443637
Karnataka,2015,Whole Year,Sweet potato,15900.841908325538
Haryana,2000,Rabi,Rapeseed &Mustard,1367.5104948479836
Madhya Pradesh,2007,Kharif,Ragi,307.0175438596491
Andhra Pradesh,2023,Kharif,Small millets,860.9924927094908
Uttar Pradesh,2022,Kharif,Cotton(lint),500.9308439453508
Chhattisgarh,2015,Rabi,Wheat,1345.4554048305524
Mizoram,2009,Kharif,other oilseeds,1172.3989681857265
Meghalaya,2005,Whole Year,Tapioca,5224.617698671346
Rajasthan,2002,Rabi,Coriander,656.0152716105739
Uttar Pradesh,2005,Kharif,Sannhamp,344.9337121212121
Sikkim,2012,Kharif,Rice,1790.268456375839
Assam,2014,Rabi,Rapeseed &Mustard,667.323829384426
Jammu and Kashmir,2026,Kharif,Sugarcane,634.652564539975
Karnataka,2021,Kharif,Rice,2844.620932246924
Uttarakhand,2026,Kharif,Bajra,828.1110116383169
Nagaland,2025,Kharif,Maize,2098.4877356439324
Tamil Nadu,2022,Whole Year,Tobacco,1453.6933963012757
Assam,2023,Rabi,Gram,811.1753285476647
Assam,2023,Kharif,Maize,3308.8097852386472
Chhattisgarh,2021,Kharif,Other Kharif pulses,227.95062467818798
Tripura,2013,Kharif,Rice,2799.684567401103
Maharashtra,2015,Rabi,Wheat,1077.3965970397012
Madhya Pradesh,2018,Kharif,Castor seed,373.48538845331433
Gujarat,2012,Kharif,Maize,1674.7052518756698
Chhattisgarh,2013,Kharif,Small millets,213.53717270916022
Himachal Pradesh,2006,Kharif,Cotton(lint),418.1818181818182
Andhra Pradesh,2004,Kharif,Jowar,1120.0831252709795
Bihar,2021,Kharif,Sannhamp,821.4566801544458
Maharashtra,2025,Kharif,Jowar,797.4924564531337
Bihar,2026,Whole Year,Banana,477.74621428315174
Mizoram,2024,Kharif,Other Kharif pulses,1473.0918742124877
Andhra Pradesh,2003,Kharif,Dry chillies,3315.357438171841
Andhra Pradesh,2008,Kharif,Groundnut,299.6612520338214
Telangana,2003,Kharif,Groundnut,1326.2883855998464
Maharashtra,2014,Rabi,Linseed,221.7573221757322
Chhattisgarh,2012,Kharif,Maize,1926.6597625792758
Gujarat,2007,Kharif,Castor seed,1977.939123149958
Gujarat,2015,Kharif,Arhar/Tur,1228.408541130013
Gujarat,2014,Kharif,Moong(Green Gram),494.21726559273026
Gujarat,2003,Whole Year,Tobacco,1829.9120234604106
Puducherry,2022,Kharif,Bajra,2537.37319807795
Tripura,2017,Rabi,Linseed,700.0
Haryana,2019,Whole Year,Ginger,8418.918918918918
Tamil Nadu,2017,Kharif,Moong(Green Gram),608.7547118551975
Puducherry,2008,Rabi,Moong(Green Gram),600.0
Chhattisgarh,2019,Rabi,Peas & beans (Pulses),384.2985842985843
Assam,2015,Rabi,Peas & beans (Pulses),897.8965200818805
Arunachal Pradesh,2016,Whole Year,Dry chillies,2800.0564812199946
Jammu and Kashmir,2002,Kharif,Groundnut,530.6122448979592
Mizoram,2025,Kharif,Maize,1500.317189301877
Meghalaya,2022,Rabi,Linseed,630.1765981617267
Himachal Pradesh,2006,Rabi,Garlic,849.2496589358799
Maharashtra,2017,Kharif,Soyabean,1030.2715765016872
Assam,2001,Kharif,Niger seed,512.3401391070227
Madhya Pradesh,2023,Whole Year,Onion,28761.393068727015
Maharashtra,2025,Kharif,Other Kharif pulses,437.97761806140085
Arunachal Pradesh,2017,Kharif,Sesamum,891.7073170731708
Andhra Pradesh,2021,Kharif,Small millets,888.2197936081684
Himachal Pradesh,2006,Kharif,Sesamum,449.23724355602315
Punjab,2000,Rabi,Masoor,659.5744680851063
Himachal Pradesh,2015,Kharif,Potato,8978.8416988417
Tamil Nadu,2017,Kharif,Bajra,2355.848613887199
West Bengal,2011,Rabi,Mustard,1222.2895835881648
West Bengal,2012,Rabi,Safflower,872.6899383983573
Andhra Pradesh,2001,Kharif,Castor seed,292.6212599397006
Uttar Pradesh,2026,Kharif,Rice,3312.3551356737967
Gujarat,2025,Kharif,Maize,2583.2240129988318
Madhya Pradesh,2015,Rabi,Rapeseed &Mustard,1074.0740740740741
Madhya Pradesh,2001,Whole Year,Potato,13209.992966368824
Tripura,2007,Kharif,Mesta,7175.974710221286
Madhya Pradesh,2017,Rabi,Other Cereals,624.390243902439
Kerala,2002,Whole Year,Sugarcane,83243.74667376264
Karnataka,2011,Whole Year,Black pepper,283.3049168241095
Odisha,2013,Autumn,Ragi,732.3693556570269
Bihar,2000,Kharif,Mesta,7717.921394095155
Madhya Pradesh,2012,Rabi,Wheat,2947.7683102646392
Karnataka,2002,Kharif,Groundnut,549.185426953441
Maharashtra,2011,Rabi,Onion,15506.061035018954
Chhattisgarh,2015,Whole Year,Ginger,1214.2131979695432
Nagaland,2015,Kharif,Groundnut,1033.7078651685392
Punjab,2013,Kharif,Guar seed,819.4070080862533
Madhya Pradesh,2022,Kharif,Jowar,1966.3974391740244
Tripura,2024,Kharif,Mesta,8846.31848162606
Karnataka,2022,Whole Year,Sweet potato,18486.100736792414
Maharashtra,2011,Kharif,Moong(Green Gram),585.9486942454356
Karnataka,2004,Kharif,Maize,2947.1534187679804
Meghalaya,2023,Kharif,Jute,11688.595274672129
Andhra Pradesh,2003,Rabi,Other  Rabi pulses,183.4756519732287
Himachal Pradesh,2023,Kharif,Sesamum,421.33630179693034
West Bengal,2024,Rabi,Other  Rabi pulses,848.665247959486
Chhattisgarh,2009,Whole Year,Potato,3795.1308380258365
Karnataka,2007,Kharif,Potato,3297.684654698896
Puducherry,2014,Rabi,Turmeric,2000.0
Assam,2017,Whole Year,Banana,17204.92822425681
Sikkim,2014,Kharif,Other Kharif pulses,953.7953795379537
Andhra Pradesh,2013,Kharif,Black pepper,750.0
Bihar,2012,Rabi,Peas & beans (Pulses),1040.9818339100345
Telangana,2023,Kharif,Bajra,683.2559855198031
Haryana,2004,Kharif,Maize,2473.363774733638
Odisha,2024,Whole Year,Onion,11136.981676113663
Haryana,2006,Kharif,Maize,2236.802863107665
Jharkhand,2020,Kharif,Maize,4087.1629999353995
Madhya Pradesh,2013,Kharif,Mesta,2193.9799331103677
Mizoram,2010,Rabi,Other  Rabi pulses,2036.6132723112128
Madhya Pradesh,2014,Kharif,Small millets,508.1967213114754
Karnataka,2006,Kharif,Small millets,540.6709442732279
Bihar,2005,Rabi,Rapeseed &Mustard,925.1751931309942
Andhra Pradesh,2015,Kharif,Maize,3681.8987696122213
West Bengal,2024,Rabi,Small millets,801.3198149225051
Uttarakhand,2016,Whole Year,Turmeric,2045.6140350877192
Andhra Pradesh,2000,Kharif,Gram,1730.0
Tripura,2006,Rabi,Other  Rabi pulses,788.2703777335984
Kerala,2017,Whole Year,Small millets,723.0965546575925
West Bengal,2025,Kharif,Castor seed,179.45823927765235
Nagaland,2022,Kharif,Jowar,799.330717747519
Chhattisgarh,2013,Rabi,Wheat,1340.1121552274046
Chhattisgarh,2026,Kharif,Ragi,208.06552839510147
Uttarakhand,2018,Kharif,Rice,2359.6357308775127
Madhya Pradesh,2025,Kharif,Maize,2634.570815386705
Maharashtra,2002,Whole Year,Banana,24364.94609266796
Gujarat,2023,Kharif,Jowar,1521.2712910102323
Himachal Pradesh,2005,Kharif,Dry chillies,216.66666666666666
Uttarakhand,2003,Rabi,Wheat,1903.1761640326877
Bihar,2014,Kharif,Arhar/Tur,1437.8116971437207
Madhya Pradesh,2026,Kharif,Niger seed,443.4240013910799
Bihar,2021,Rabi,Rapeseed &Mustard,1224.4470971741298
West Bengal,2017,Autumn,Maize,2697.196760701255
Gujarat,2007,Kharif,Maize,1375.2358490566037
Tamil Nadu,2007,Whole Year,Sunflower,1589.1300903184915
Andhra Pradesh,2015,Kharif,Sweet potato,9703.703703703704
Nagaland,2016,Kharif,Soyabean,1257.4059247397918
Maharashtra,2015,Kharif,Urad,214.8303602658272
Bihar,2017,Kharif,Groundnut,1019.3321616871705
Jharkhand,2000,Rabi,Onion,14661.56750621568
Meghalaya,2010,Rabi,Tobacco,665.6101426307448
Gujarat,2017,Rabi,Onion,28677.416330739663
Punjab,2013,Kharif,Arhar/Tur,896.551724137931
Assam,2004,Kharif,Mesta,4995.878312070658
Bihar,2022,Rabi,Sunflower,1479.8552412960858
Assam,2017,Rabi,Urad,648.0149690855841
Arunachal Pradesh,2000,Kharif,Maize,1360.873298810794
Delhi,2003,Whole Year,Sugarcane,73250.0
Uttarakhand,2021,Whole Year,Turmeric,3565.303844275448
Rajasthan,2002,Rabi,Wheat,3088.2332870359714
Nagaland,2004,Rabi,Sugarcane,15952.380952380952
Jharkhand,2018,Kharif,Rice,1895.1576940127811
Haryana,2005,Kharif,Horse-gram,211.08179419525067
Manipur,2021,Kharif,Maize,1798.6577597434239
Odisha,2007,Rabi,Mustard,1311.331574795051
Maharashtra,2005,Kharif,Rice,1762.0954061206487
Chhattisgarh,2019,Kharif,Potato,5797.2429638139
Odisha,2022,Autumn,Ragi,542.5760656178227
Gujarat,2016,Whole Year,Mango,5935.807703107528
Gujarat,2011,Whole Year,Garlic,6253.588516746411
Puducherry,2011,Kharif,Black pepper,454.54545454545456
Kerala,2016,Whole Year,Turmeric,2471.884498480243
Assam,2017,Whole Year,Sweet potato,5506.12860644918
Meghalaya,2015,Rabi,Cashewnut,1948.0943356496105
Uttarakhand,2017,Kharif,Rice,2514.9246163892935
West Bengal,2003,Kharif,Jowar,480.12470771628995
Arunachal Pradesh,2001,Rabi,Wheat,1403.6793692509855
Uttar Pradesh,2006,Kharif,Sugarcane,59625.277762940015
Haryana,2012,Whole Year,Sweet potato,12849.162011173185
Himachal Pradesh,2010,Kharif,Maize,2277.642865257896
Meghalaya,2009,Kharif,Jute,8857.433808553971
Chhattisgarh,2017,Whole Year,Sweet potato,5749.900438072481
Himachal Pradesh,2019,Rabi,Other  Rabi pulses,3999.5594713656387
Tamil Nadu,2018,Kharif,Other Kharif pulses,718.9551516826757
Uttar Pradesh,2001,Rabi,Wheat,2754.7726394421225
Delhi,2007,Whole Year,Potato,15857.142857142857
Assam,2001,Whole Year,Banana,13903.48623853211
Meghalaya,2026,Kharif,Sesamum,1295.4644314080483
Meghalaya,2017,Rabi,Cowpea(Lobia),1513.4811264230077
Chhattisgarh,2003,Kharif,Niger seed,176.12024576168645
Odisha,2009,Winter,Rapeseed &Mustard,213.0675181060665
Goa,2007,Whole Year,Black pepper,312.3123123123123
Manipur,2004,Kharif,Other Kharif pulses,508.8757396449704
Bihar,2016,Kharif,Sannhamp,808.4929225645295
Chhattisgarh,2019,Whole Year,Turmeric,833.0097087378641
Goa,2021,Whole Year,Black pepper,422.8862138148467
West Bengal,2026,Kharif,Niger seed,592.5159423583764
Uttar Pradesh,2015,Rabi,Coriander,344.5276960128445
West Bengal,2009,Rabi,Wheat,2680.2442637896975
Punjab,2013,Rabi,Masoor,700.0
Jammu and Kashmir,2016,Kharif,Sugarcane,1511.111111111111
West Bengal,2023,Autumn,Sesamum,875.4962117388351
Odisha,2000,Kharif,Sesamum,133.40065739970694
Jammu and Kashmir,2015,Kharif,Potato,7105.263157894737
Kerala,2018,Autumn,Rice,1678.9457440126116
Uttarakhand,2011,Rabi,Other Cereals,863.7316561844864
Karnataka,2004,Whole Year,Tapioca,7906.191369606004
Tamil Nadu,2005,Whole Year,Black pepper,227.23631508678238
Assam,2019,Whole Year,Potato,7219.303102625298
Karnataka,2013,Kharif,Sesamum,573.2201239447617
Uttar Pradesh,2014,Rabi,Peas & beans (Pulses),755.177187686273
Tamil Nadu,2018,Kharif,Jowar,1149.1120435597138
Tripura,2012,Rabi,Wheat,2476.047904191617
Chhattisgarh,2022,Whole Year,Garlic,3085.6376899825905
Chhattisgarh,2012,Rabi,Masoor,324.4452849218356
West Bengal,2006,Kharif,Jute,14140.031334366606
Uttar Pradesh,2002,Rabi,Lentil,708.7664246939407
Karnataka,2010,Whole Year,Mango,5874.61685219544
Madhya Pradesh,2023,Kharif,Soyabean,1077.4774518396098
Assam,2016,Kharif,Mesta,6022.573363431151
Karnataka,2000,Kharif,Ginger,13161.089421825618
Chhattisgarh,2024,Kharif,Jowar,1243.695770065076
Nagaland,2002,Rabi,Other  Rabi pulses,827.7739959155888
Kerala,2014,Whole Year,Ragi,987.3417721518987
Tamil Nadu,2025,Whole Year,Tapioca,32803.988370527244
Meghalaya,2011,Whole Year,Dry chillies,778.6582144743793
Andhra Pradesh,2009,Kharif,Turmeric,5682.7778235620535
Maharashtra,2013,Whole Year,Sugarcane,89589.15804076406
Mizoram,2005,Kharif,Other Kharif pulses,1099.6921619701634
Chhattisgarh,2023,Kharif,Arhar/Tur,567.1980073417395
Bihar,2020,Kharif,Arhar/Tur,1024.6827583383974
Gujarat,2023,Kharif,Other Kharif pulses,601.8449314387854
Madhya Pradesh,2014,Kharif,Maize,2236.9584438549955
Tripura,2005,Rabi,Other  Rabi pulses,835.2941176470588
Rajasthan,2009,Rabi,Coriander,810.030830517446
Tamil Nadu,2007,Whole Year,Tobacco,1534.1351854988989
Jammu and Kashmir,2026,Kharif,Jowar,752.6331826304651
Jammu and Kashmir,2026,Kharif,Moth,780.35354318499
Jharkhand,2019,Rabi,Potato,26085.564689492465
Bihar,2021,Rabi,Linseed,853.0407934614809
Madhya Pradesh,2004,Rabi,Barley,1239.9966069654154
Uttarakhand,2021,Kharif,Other Kharif pulses,1054.815751151814
Rajasthan,2005,Kharif,Jowar,956.7562057632941
Andhra Pradesh,2026,Kharif,Sesamum,338.95817970824663
Manipur,2006,Kharif,Rice,2353.32889883292
West Bengal,2004,Rabi,Horse-gram,417.5942549371634
Tamil Nadu,2022,Kharif,Castor seed,312.1920431739933
Kerala,2024,Whole Year,Ginger,3663.2474282432913
Tripura,2011,Rabi,Masoor,788.2352941176471
West Bengal,2012,Kharif,Jute,14267.439904700637
Andhra Pradesh,2023,Whole Year,Potato,12430.121782439859
West Bengal,2000,Kharif,Ragi,1204.8059441941348
Assam,2019,Whole Year,Black pepper,2247.507331378299
Haryana,2025,Rabi,Wheat,5654.676886593458
Nagaland,2003,Rabi,Wheat,1950.0
Telangana,2021,Kharif,Coriander,1223.779979365999
Jammu and Kashmir,2003,Kharif,Cotton(lint),400.0
Nagaland,2008,Kharif,Other Kharif pulses,900.0
Jammu and Kashmir,2007,Kharif,Barley,262.5
Andhra Pradesh,2019,Kharif,Ginger,2153.061224489796
Telangana,2014,Rabi,Other  Rabi pulses,1317.7570093457944
Haryana,2006,Kharif,Moth,156.49452269170578
Goa,2002,Whole Year,Banana,7439.981096408317
Jharkhand,2021,Kharif,Sunflower,818.845482150443
West Bengal,2000,Kharif,Soyabean,598.5130111524163
Goa,2017,Whole Year,Banana,11109.96705107084
Tamil Nadu,2019,Autumn,Rice,4104.35035224054
Andhra Pradesh,2025,Whole Year,Sugarcane,98045.35803242782
Uttar Pradesh,2026,Rabi,Rapeseed &Mustard,1312.3785850604881
Bihar,2001,Rabi,Wheat,2062.361365327202
Odisha,2003,Kharif,Ragi,632.3591998865087
Madhya Pradesh,2025,Kharif,Urad,805.0817085886929
Madhya Pradesh,2016,Kharif,Arhar/Tur,1258.670520231214
Karnataka,2002,Kharif,Moong(Green Gram),65.59703013104993
Uttar Pradesh,2004,Rabi,Gram,915.8916401029168
Uttar Pradesh,2012,Kharif,Groundnut,992.6588205383532
Assam,2013,Whole Year,Tapioca,8836.95652173913
Madhya Pradesh,2001,Whole Year,Turmeric,1044.502617801047
Mizoram,2011,Kharif,Maize,1214.15770609319
Tripura,2008,Rabi,Rapeseed &Mustard,749.3702770780857
West Bengal,2023,Kharif,Cotton(lint),3507.3928541173864
Gujarat,2023,Rabi,Other  Rabi pulses,970.5602330241992
Meghalaya,2015,Kharif,Maize,2284.116083296411
Chhattisgarh,2021,Whole Year,Ginger,1179.650695162588
Himachal Pradesh,2016,Kharif,Bajra,490.4458598726115
Uttarakhand,2025,Whole Year,Onion,11960.477740833901
Nagaland,2017,Kharif,Arhar/Tur,912.5
Madhya Pradesh,2012,Whole Year,Sugarcane,51141.537262759506
Haryana,2006,Rabi,Barley,3054.448871181939
Maharashtra,2010,Kharif,Jowar,1325.4822138218474
Madhya Pradesh,2012,Kharif,Niger seed,318.16484945226114
Andhra Pradesh,2007,Kharif,Bajra,1350.0
Uttar Pradesh,2011,Kharif,Jowar,1104.8871789539357
Maharashtra,2002,Kharif,Jowar,1413.1408950707093
Maharashtra,2008,Kharif,Arhar/Tur,599.9008428358949
Delhi,2000,Kharif,Barley,319.1489361702128
Telangana,2023,Kharif,Other Kharif pulses,299.4730526425628
Uttar Pradesh,2006,Rabi,Potato,21836.544136918525
Andhra Pradesh,2007,Kharif,Arhar/Tur,652.2678185745141
Tripura,2018,Rabi,Rapeseed &Mustard,831.1553887954457
Gujarat,2021,Kharif,Groundnut,1964.165193802382
Odisha,2007,Autumn,Sesamum,169.1696113074205
Tamil Nadu,2008,Whole Year,Sweet potato,13287.234042553191
Haryana,2012,Whole Year,Garlic,10045.66210045662
West Bengal,2002,Kharif,Small millets,667.9462571976967
Telangana,2017,Kharif,Potato,8578.947368421053
Assam,2013,Kharif,Cotton(lint),471.05263157894734
Maharashtra,2018,Kharif,Arhar/Tur,661.6055225166871
Himachal Pradesh,2002,Kharif,Ginger,6945.417515274949
Chhattisgarh,2005,Whole Year,Tobacco,517.2413793103449
Odisha,2024,Rabi,Gram,822.2085983884845
Tripura,2021,Kharif,Arhar/Tur,710.2411639649216
Odisha,2026,Rabi,Niger seed,189.7271321893314
Punjab,2022,Kharif,Guar seed,1011.3115210097181
Andhra Pradesh,2000,Kharif,Sunflower,850.791590836506
Manipur,2022,Kharif,Cowpea(Lobia),1094.862194956922
Bihar,2018,Kharif,Small millets,750.8854781582054
Karnataka,2013,Kharif,Horse-gram,503.6819096062102
Odisha,2021,Whole Year,Tobacco,755.1460064780175
Uttarakhand,2013,Kharif,Arhar/Tur,806.8669527896996
Tamil Nadu,2018,Kharif,Arhar/Tur,1247.7223846692928
Nagaland,2026,Kharif,Horse-gram,994.1421012849584
Assam,2026,Rabi,Peas & beans (Pulses),1103.288776583018
Uttarakhand,2010,Kharif,Other Kharif pulses,944.7730240417851
Jharkhand,2015,Autumn,Urad,520.4410163759758
Chhattisgarh,2019,Whole Year,Ginger,1293.4595524956972
Assam,2001,Whole Year,Turmeric,691.1615306467999
Assam,2017,Rabi,Moong(Green Gram),705.170902716915
Uttar Pradesh,2023,Kharif,Rice,2721.333640194455
Sikkim,2022,Kharif,Maize,2154.4109065287444
Jharkhand,2021,Rabi,Safflower,447.0473999773747
Karnataka,2001,Kharif,Mesta,1416.3031624863686
Uttarakhand,2004,Kharif,Other Kharif pulses,692.79128248114
Karnataka,2024,Whole Year,Tomato,27459.21169852494
Tamil Nadu,2010,Kharif,Cotton(lint),2052.9954871030513
Andhra Pradesh,2026,Whole Year,Tapioca,17189.860754695877
Uttarakhand,2017,Kharif,Ragi,1367.7884615384614
Nagaland,2026,Kharif,Sweet potato,7308.909945389988
Bihar,2022,Whole Year,Banana,3745.8632501852467
Telangana,2025,Kharif,other oilseeds,87345.69014305349
Puducherry,2015,Summer,Onion,6000.0
West Bengal,2022,Rabi,Gram,1353.3766626162342
Chhattisgarh,2024,Kharif,Ragi,231.51887717985235
Kerala,2022,Whole Year,Sweet potato,13309.52661097384
Bihar,2026,Kharif,Groundnut,1164.1424214738847
Mizoram,2024,Whole Year,Sugarcane,33642.433329763306
Chhattisgarh,2019,Kharif,Bajra,520.8333333333334
Karnataka,2005,Rabi,Gram,568.8375572759932
Telangana,2013,Kharif,other oilseeds,12503.429355281207
Telangana,2014,Rabi,Wheat,1188.9155799588195
Bihar,2005,Kharif,Small millets,747.6811594202899
Tamil Nadu,2009,Whole Year,Bajra,1518.5845260624324
West Bengal,2018,Kharif,Safflower,666.6666666666666
Tamil Nadu,2004,Whole Year,Cardamom,91.16693679092383
Punjab,2017,Rabi,Mustard,1403.4055462434187
Tamil Nadu,2014,Kharif,Small millets,1462.1404813148113
Karnataka,2010,Kharif,Rice,2827.1802809518076
Gujarat,2022,Kharif,Ragi,947.0227302677918
Mizoram,2000,Kharif,Maize,2513.572542901716
Chhattisgarh,2017,Rabi,Linseed,257.0801193626485
Uttar Pradesh,2007,Kharif,Bajra,1523.8164197774406
Gujarat,2017,Kharif,Bajra,1648.8397472341483
Himachal Pradesh,2019,Kharif,Cotton(lint),466.6666666666667
Bihar,2025,Rabi,Maize,4767.95173407311
Haryana,2017,Rabi,Gram,1124.6105919003114
Tripura,2015,Rabi,Wheat,2236.263736263736
Kerala,2002,Whole Year,Cardamom,209.60108181203515
Maharashtra,2013,Kharif,Maize,3540.779429489755
Gujarat,2006,Whole Year,Banana,71120.3007518797
Uttarakhand,2012,Kharif,Groundnut,1157.4507966260544
Puducherry,2013,Rabi,Turmeric,2500.0
Andhra Pradesh,2022,Rabi,Other  Rabi pulses,1983.8313809248345
Tripura,2016,Whole Year,Sugarcane,53649.63503649635
Tripura,2021,Kharif,Maize,1444.5953922615588
Uttar Pradesh,2009,Kharif,Maize,1455.4347310642434
Jammu and Kashmir,2005,Kharif,Sannhamp,568.8888888888889
Delhi,2023,Kharif,Bajra,2643.7654560442224
Andhra Pradesh,2012,Kharif,Cotton(lint),2331.390507910075
Nagaland,2002,Kharif,Groundnut,1250.0
Andhra Pradesh,2025,Kharif,Onion,86097.33982797529
Bihar,2017,Rabi,Rapeseed &Mustard,1244.761519601648
Tamil Nadu,2000,Kharif,Other Cereals,866.7605053556715
Odisha,2012,Autumn,Rice,1729.0552584670231
Nagaland,2021,Kharif,Tapioca,19932.910454905003
Tripura,2023,Rabi,Peas & beans (Pulses),945.7752470711433
Andhra Pradesh,2002,Kharif,Turmeric,5412.955146234294
Himachal Pradesh,2011,Kharif,Sesamum,316.4116828929068
Meghalaya,2003,Whole Year,Dry chillies,646.3752075262867
Tamil Nadu,2000,Whole Year,Potato,18041.131105398457
Uttar Pradesh,2025,Summer,Banana,51188.83316904806
Assam,2012,Rabi,Arecanut,1321.89166307722
Karnataka,2025,Whole Year,Sugarcane,84914.37815364433
Kerala,2012,Whole Year,Small millets,983.8709677419355
Assam,2011,Rabi,Arecanut,874.4668772471215
Telangana,2014,Kharif,Castor seed,577.7500653699942
Delhi,2004,Kharif,Other Kharif pulses,1433.3333333333333
Haryana,2004,Rabi,Gram,843.2171979243884
Uttar Pradesh,2017,Kharif,Dry chillies,922.4112643003814
Maharashtra,2005,Rabi,Other  Rabi pulses,362.1545003543586
Goa,2012,Kharif,Other Kharif pulses,840.70796460177
Meghalaya,2002,Kharif,Arhar/Tur,780.2469135802469
West Bengal,2005,Whole Year,Potato,21053.346687167625
Jammu and Kashmir,2017,Kharif,Other Cereals,523.1732776617954
Uttarakhand,2022,Kharif,Urad,916.474675565691
Karnataka,2023,Kharif,Dry chillies,2399.046328652501
Odisha,2020,Kharif,Groundnut,1859.4842327274548
Himachal Pradesh,2007,Kharif,Rice,1545.7738860393783
Assam,2025,Whole Year,Tobacco,613.7619663163417
Karnataka,2010,Rabi,Other  Rabi pulses,319.7840339375241
Gujarat,2002,Whole Year,Banana,19043.38028552152
Bihar,2023,Whole Year,Mango,6862.474028789344
Sikkim,2015,Kharif,Maize,1753.5618020793222
Rajasthan,2019,Kharif,Groundnut,1889.66830418829
Andhra Pradesh,2005,Rabi,Other  Rabi pulses,421.3448103792415
Gujarat,2006,Kharif,Urad,437.9888268156425
Karnataka,2017,Rabi,Gram,771.3188434777867
Karnataka,2020,Kharif,Maize,3611.735819132379
Madhya Pradesh,2022,Kharif,Moong(Green Gram),580.8701043430273
Goa,2026,Kharif,Other Kharif pulses,658.6970980501977
Uttar Pradesh,2015,Kharif,Guar seed,822.7920227920227
Jammu and Kashmir,2007,Kharif,Urad,419.328106075094
Madhya Pradesh,2023,Whole Year,Banana,56746.814441465314
Karnataka,2002,Whole Year,Tobacco,719.210686095932
Andhra Pradesh,2024,Kharif,Bajra,2412.028962899489
Nagaland,2003,Rabi,Other  Rabi pulses,868.4863523573201
West Bengal,2005,Autumn,Rice,2101.8779782666793
Delhi,2022,Kharif,Cotton(lint),900.0
Bihar,2010,Autumn,Rice,896.6596529205319
Sikkim,2022,Kharif,Soyabean,841.6181283795466
Kerala,2007,Kharif,Other Cereals,782.9912023460411
Jharkhand,2011,Rabi,Masoor,988.4245634687071
Bihar,2016,Kharif,Horse-gram,918.7951807228916
Uttar Pradesh,2011,Rabi,Lentil,881.4427151682222
Madhya Pradesh,2022,Kharif,Jute,1787.8751196117087
Rajasthan,2019,Kharif,Jowar,1648.7605212707795
Karnataka,2016,Whole Year,Mango,7812.395790394684
Punjab,2005,Rabi,Peas & beans (Pulses),1142.857142857143
Manipur,2006,Kharif,Soyabean,1200.0
Bihar,2017,Kharif,Mesta,1478.6027886331838
Gujarat,2007,Kharif,Jowar,1362.4078624078625
Tamil Nadu,2007,Whole Year,Ragi,1877.7174203050129
Rajasthan,2009,Kharif,Groundnut,1334.366176486452
Gujarat,2006,Kharif,Jowar,1116.1087866108787
Himachal Pradesh,2015,Rabi,Masoor,671.2018140589569
Meghalaya,2005,Rabi,Other  Rabi pulses,791.9556171983356
Chhattisgarh,2001,Rabi,Safflower,248.5207100591716
Karnataka,2008,Whole Year,Black pepper,4237.923328176036
Telangana,2012,Whole Year,Mango,6047.035235184031
Telangana,2015,Kharif,Moong(Green Gram),1025.7191785820276
Puducherry,2021,Kharif,Sweet potato,13532.846715328466
Uttar Pradesh,2011,Kharif,Guar seed,818.0272108843537
Tamil Nadu,2009,Whole Year,Coriander,395.2556800400576
Uttarakhand,2012,Rabi,Other Cereals,684.6275752773375
West Bengal,2003,Whole Year,Sannhamp,5238.805970149254
Chhattisgarh,2006,Whole Year,Turmeric,845.2787258248009
Tripura,2019,Kharif,Soyabean,742.8571428571429
Bihar,2026,Rabi,Linseed,841.8814750238532
Assam,2012,Whole Year,Dry chillies,778.1701275429535
West Bengal,2004,Kharif,Soyabean,564.8148148148148
Assam,2005,Whole Year,Potato,5079.066027169074
Uttarakhand,2021,Rabi,Masoor,910.026647627613
Chhattisgarh,2019,Rabi,Gram,251.99912367181508
Gujarat,2018,Whole Year,Garlic,6812.25937183384
Uttarakhand,2024,Kharif,Urad,1003.0828428116627
Bihar,2003,Autumn,Rice,1242.4337069239434
Karnataka,2022,Rabi,Wheat,1063.0443012524909
Madhya Pradesh,2013,Whole Year,Coriander,658.7515452891254
Meghalaya,2021,Whole Year,Coriander,3806.988813866774
Tamil Nadu,2015,Kharif,Sunflower,1414.4098109351048
Tripura,2006,Kharif,Other Kharif pulses,651.7262265293762
Chhattisgarh,2021,Kharif,Castor seed,280.0178711046577
Chhattisgarh,2006,Kharif,Sesamum,301.57018982891964
Himachal Pradesh,2022,Kharif,Dry chillies,509.67132053519487
Chhattisgarh,2003,Kharif,Moong(Green Gram),276.72378620971034
Bihar,2012,Rabi,Rapeseed &Mustard,1595.4067470601108
Sikkim,2025,Kharif,Maize,2013.626925499483
Arunachal Pradesh,2018,Kharif,other oilseeds,907.6923076923077
West Bengal,2025,Whole Year,Dry chillies,2059.340683569464
Arunachal Pradesh,2011,Rabi,Wheat,1756.7567567567567
Mizoram,2026,Rabi,Masoor,922.7251943301326
Himachal Pradesh,2017,Rabi,Masoor,875.2834467120182
Assam,2004,Kharif,Cotton(lint),477.3218142548596
Telangana,2019,Kharif,Cotton(lint),3213.160690127672
Kerala,2002,Kharif,Cotton(lint),1614.1176470588234
Odisha,2017,Winter,Niger seed,326.5206017004578
Odisha,2010,Rabi,Mustard,1456.9077173820026
West Bengal,2021,Whole Year,Dry chillies,2458.2344028984494
Uttar Pradesh,2021,Rabi,Coriander,530.7721518393906
Nagaland,2026,Kharif,other oilseeds,583.1952125201204
Delhi,2023,Rabi,Wheat,4733.19506564517
Kerala,2012,Whole Year,Ragi,1088.495575221239
Uttar Pradesh,2004,Rabi,Barley,1975.1441714564426
Bihar,2016,Kharif,Sesamum,874.507874015748
West Bengal,2000,Whole Year,Turmeric,1616.4926179330212
Nagaland,2022,Rabi,Potato,9855.04872952445
Uttar Pradesh,2019,Rabi,Potato,26919.7149798509
Jharkhand,2005,Autumn,Maize,1035.5248844348343
Gujarat,2005,Kharif,Moong(Green Gram),601.1711125569291
Odisha,2018,Autumn,Groundnut,1023.9657371970111
Tamil Nadu,2002,Kharif,Moong(Green Gram),425.9564585327802
Tamil Nadu,2007,Kharif,Rice,2816.9229307444234
Mizoram,2026,Rabi,Onion,6970.319634703196
Uttarakhand,2017,Rabi,Gram,830.188679245283
Jharkhand,2011,Rabi,Potato,7393.758095355579
Andhra Pradesh,2021,Rabi,Gram,931.9073298222113
Chhattisgarh,2010,Rabi,Safflower,298.00498753117205
Uttar Pradesh,2010,Rabi,Lentil,849.0306014835152
Delhi,2025,Kharif,Bajra,2780.811047201997
Punjab,2012,Rabi,Wheat,4723.912425362525
Delhi,2001,Kharif,Barley,491.8032786885246
Chhattisgarh,2014,Kharif,Ragi,260.0785340314136
Assam,2013,Kharif,Mesta,6591.584158415842
Uttarakhand,2010,Whole Year,Tobacco,2875.0
Kerala,2021,Whole Year,Soyabean,273.4584450402145
Jharkhand,2017,Kharif,Groundnut,1110.618783503238
Meghalaya,2015,Kharif,Soyabean,1982.1325648414986
Maharashtra,2022,Kharif,Other Cereals,721.7348840732706
Tripura,2013,Rabi,Gram,760.0
Chhattisgarh,2003,Kharif,Ragi,292.0071381609843
Andhra Pradesh,2002,Whole Year,Mango,4941.2059132222785
Rajasthan,2003,Rabi,Mustard,1219.8750938962573
West Bengal,2016,Whole Year,Sugarcane,73815.0512026673
Andhra Pradesh,2025,Rabi,Rapeseed &Mustard,805.648016676624
Punjab,2026,Kharif,Groundnut,2494.6481051174505
Himachal Pradesh,2018,Kharif,Urad,671.1898300242823
Jharkhand,2021,Rabi,Potato,8618.108187378408
Maharashtra,2024,Rabi,Onion,21608.951079505227
Chhattisgarh,2004,Kharif,Other Kharif pulses,245.56786703601108
Goa,2008,Kharif,Rice,2339.7645519947678
Andhra Pradesh,2015,Kharif,Groundnut,876.3476170231481
Andhra Pradesh,2024,Rabi,Safflower,583.2421192394528
Uttarakhand,2020,Whole Year,Sugarcane,88378.1934711257
Uttar Pradesh,2016,Kharif,Ginger,4100.436681222707
Telangana,2013,Whole Year,Sweet potato,6807.339449541284
Nagaland,2002,Rabi,Wheat,2067.97385620915
Chhattisgarh,2012,Kharif,Groundnut,1377.827669490084
Rajasthan,2002,Kharif,Bajra,1165.110463529948
Telangana,2022,Kharif,Horse-gram,621.5895342657817
West Bengal,2006,Rabi,Castor seed,844.8275862068965
Andhra Pradesh,2003,Kharif,Sunflower,679.0835382888068
West Bengal,2024,Kharif,Soyabean,1074.2593759848723
Tamil Nadu,2009,Whole Year,Potato,18365.43049230102
Karnataka,2014,Whole Year,Tobacco,716.2697991984903
Bihar,2001,Kharif,Jute,6682.8127738633575
Uttar Pradesh,2006,Kharif,Urad,602.0609098477015
Punjab,2017,Rabi,Masoor,625.0
West Bengal,2011,Kharif,Horse-gram,480.9384164222874
Tripura,2003,Kharif,Cotton(lint),250.6162695152013
Andhra Pradesh,2017,Kharif,Oilseeds total,3363.175263082904
Manipur,2022,Whole Year,Turmeric,19880.812223504865
Meghalaya,2024,Rabi,Gram,1371.3376108145173
West Bengal,2026,Kharif,Sannhamp,4450.514992718885
Kerala,2007,Whole Year,Cashewnut,897.5865435672565
Uttarakhand,2014,Kharif,Sesamum,264.93506493506493
Mizoram,2002,Kharif,Rice,1913.6278409588729
Meghalaya,2008,Autumn,Rice,1286.7055572612835
Haryana,2019,Kharif,Moong(Green Gram),666.3592151601542
Assam,2026,Whole Year,Banana,18958.44657523843
Madhya Pradesh,2008,Rabi,Peas & beans (Pulses),489.6536401115857
Nagaland,2014,Rabi,Linseed,807.9584775086505
West Bengal,2014,Autumn,Small millets,686.2745098039215
Assam,2006,Rabi,Mustard,1253.425811216184
Odisha,2021,Summer,Wheat,1698.2168492131007
Puducherry,2011,Kharif,Other Kharif pulses,1000.0
Uttar Pradesh,2016,Kharif,Soyabean,673.0988593155894
Chhattisgarh,2019,Rabi,Other  Rabi pulses,107.14285714285714
West Bengal,2022,Autumn,Sesamum,877.9625826346002
Puducherry,2019,Kharif,Banana,60941.39194139194
Chhattisgarh,2006,Rabi,Masoor,325.41046766640983
Karnataka,2002,Kharif,Soyabean,829.9880089672072
Nagaland,2012,Kharif,Bajra,1014.7058823529412
Tamil Nadu,2016,Kharif,Castor seed,312.4335812964931
Chhattisgarh,2001,Kharif,Ragi,295.58011049723757
Assam,2015,Rabi,Linseed,633.1562974203339
Uttar Pradesh,2025,Rabi,Barley,2783.3051304603127
Karnataka,2022,Kharif,Onion,10397.609325251853
Chhattisgarh,2017,Whole Year,Dry chillies,352.6946107784431
Kerala,2018,Whole Year,Cardamom,296.6668381256108
Andhra Pradesh,2016,Kharif,Mesta,9458.9674723963
Gujarat,2008,Kharif,Maize,1438.5294819766054
Odisha,2002,Kharif,Urad,230.76398421048145
Karnataka,2019,Rabi,Gram,742.5957780719914
Bihar,2021,Kharif,Other Kharif pulses,1002.926463340704
Himachal Pradesh,2017,Kharif,Urad,666.859289222768
Chhattisgarh,2013,Rabi,Coriander,529.4117647058823
Meghalaya,2012,Rabi,Wheat,1827.5862068965516
Bihar,2026,Rabi,Lentil,1118.9636201845005
Tamil Nadu,2024,Kharif,Other Cereals,1187.2519314687654
Uttarakhand,2002,Rabi,Onion,10320.112981052136
Punjab,2003,Kharif,Moth,666.6666666666666
Manipur,2008,Whole Year,Turmeric,11851.318944844124
Maharashtra,2016,Kharif,Urad,541.867883436309
Odisha,2016,Winter,Rapeseed &Mustard,345.84450402144773
Haryana,2023,Kharif,Other Kharif pulses,10.001503279027379
Chhattisgarh,2023,Whole Year,Dry chillies,729.6176747464152
Maharashtra,2001,Kharif,Cotton(lint),866.2994814313782
Maharashtra,2010,Rabi,Rapeseed &Mustard,371.42857142857144
Arunachal Pradesh,2002,Kharif,Small millets,891.0942681193748
Jharkhand,2025,Kharif,Niger seed,359.60564223266726
Uttar Pradesh,2001,Kharif,Groundnut,838.5434590522252
Goa,2023,Whole Year,Arecanut,2191.8052497981516
Tamil Nadu,2019,Whole Year,Cardamom,90.8379013312451
Bihar,2013,Whole Year,Banana,25942.318192967065
Meghalaya,2001,Whole Year,Dry chillies,634.5205479452055
West Bengal,2009,Kharif,Soyabean,602.540834845735
Tripura,2012,Kharif,Moong(Green Gram),536.2694300518135
Uttarakhand,2017,Kharif,Maize,2045.707968855138
Andhra Pradesh,2002,Kharif,Other Kharif pulses,221.5473608098337
Chhattisgarh,2018,Kharif,Soyabean,639.9671415610211
West Bengal,2002,Rabi,Peas & beans (Pulses),802.9570392412126
Haryana,2017,Kharif,Arhar/Tur,1142.857142857143
Kerala,2026,Whole Year,Arhar/Tur,1510.5680863898187
Assam,2011,Whole Year,Tobacco,545.4545454545455
Tamil Nadu,2008,Whole Year,Dry chillies,503.3327218247416
Sikkim,2023,Rabi,Other Cereals,927.3451267562074
Karnataka,2026,Kharif,Groundnut,1470.9924290756028
Gujarat,2003,Whole Year,Potato,23816.129032258064
Haryana,2024,Rabi,Wheat,4782.671953033268
Tripura,2023,Kharif,Rice,2674.963825366959
Andhra Pradesh,2021,Kharif,other oilseeds,17963.22255814932
Gujarat,2024,Whole Year,Dry chillies,1674.9952212004125
Rajasthan,2024,Rabi,Gram,1042.5829177281569
Odisha,2019,Winter,Niger seed,358.47276386966917
Arunachal Pradesh,2002,Rabi,Wheat,1519.2027224112785
Bihar,2009,Kharif,Jute,9170.096953904933
Bihar,2024,Kharif,Mesta,5989.8837099892935
Madhya Pradesh,2010,Whole Year,Dry chillies,2433.0020688636027
Karnataka,2022,Rabi,Gram,599.89068127516
Odisha,2022,Kharif,Bajra,764.8034475994876
Arunachal Pradesh,2015,Whole Year,Turmeric,4800.0
Manipur,2011,Kharif,Maize,1775.0
Chhattisgarh,2005,Rabi,Safflower,241.66666666666666
Madhya Pradesh,2021,Kharif,Moong(Green Gram),603.9271519264591
Bihar,2007,Kharif,Jowar,1097.7816695855224
Maharashtra,2019,Kharif,Sesamum,180.28211134924987
Madhya Pradesh,2002,Whole Year,Banana,22529.565055531428
Uttarakhand,2012,Summer,Moong(Green Gram),750.0
Jharkhand,2018,Rabi,Masoor,874.6987530997869
Goa,2018,Whole Year,Banana,11189.962671090834
Puducherry,2015,Kharif,Sweet potato,14600.0
Uttarakhand,2023,Rabi,Peas & beans (Pulses),722.9106329185573
Gujarat,2024,Kharif,Jowar,1707.6596449675096
Telangana,2021,Kharif,Moong(Green Gram),696.2582288993506
Meghalaya,2021,Rabi,Onion,7681.722093323021
Jharkhand,2018,Whole Year,Sugarcane,73919.40763721369
Andhra Pradesh,2004,Kharif,Arhar/Tur,456.1309807661739
Goa,2025,Kharif,Groundnut,2655.3101210532886
Rajasthan,2001,Kharif,Groundnut,1198.1635096673192
Karnataka,2000,Kharif,Maize,3270.381551376662
Manipur,2002,Whole Year,Sugarcane,32656.25
Karnataka,2012,Kharif,Soyabean,1048.9413541463875
Himachal Pradesh,2006,Kharif,Moong(Green Gram),446.9026548672566
Arunachal Pradesh,2017,Rabi,Other  Rabi pulses,642.7444794952681
Bihar,2005,Whole Year,Garlic,1476.5769088897086
Punjab,2000,Rabi,Barley,3406.25
Nagaland,2006,Rabi,Linseed,650.0
Bihar,2011,Kharif,Horse-gram,951.9731512556417
Telangana,2008,Whole Year,Sugarcane,71002.96538872214
Tamil Nadu,2022,Whole Year,Garlic,4228.715751782346
Tamil Nadu,2018,Rabi,Gram,926.1664672705521
Telangana,2025,Rabi,Linseed,106.20031796502386
Karnataka,2000,Kharif,Ragi,1819.041217909088
Chhattisgarh,2011,Kharif,Castor seed,326.53061224489795
Chhattisgarh,2026,Rabi,Barley,942.5723132693905
Sikkim,2026,Rabi,Barley,1029.505881817043
Manipur,2014,Whole Year,Cashewnut,612.9032258064516
West Bengal,2017,Rabi,Onion,19942.31323105876
Uttarakhand,2018,Kharif,Sunflower,600.0
Uttarakhand,2002,Rabi,other oilseeds,541.7376490630323
Uttar Pradesh,2019,Kharif,Sugarcane,81313.20168433675
Uttarakhand,2010,Rabi,Peas & beans (Pulses),1022.453285111513
Madhya Pradesh,2016,Kharif,Moong(Green Gram),584.8214285714286
Gujarat,2004,Kharif,Maize,897.714907508161
Bihar,2015,Autumn,Maize,2558.9065386036204
Maharashtra,2001,Kharif,Arhar/Tur,757.4953307775484
Jammu and Kashmir,2014,Kharif,Other Kharif pulses,793.040293040293
Haryana,2013,Kharif,Rice,3248.3922829581993
West Bengal,2004,Rabi,Peas & beans (Pulses),655.3286401338258
Puducherry,2014,Kharif,Cashewnut,305.55555555555554
West Bengal,2005,Whole Year,Sannhamp,5350.039777247414
Mizoram,2015,Kharif,Soyabean,1539.1221374045801
Chhattisgarh,2025,Whole Year,Sannhamp,499.6000710984714
Uttar Pradesh,2020,Rabi,Gram,1173.013647541877
Manipur,2014,Kharif,Moong(Green Gram),974.2990654205607
Delhi,2012,Whole Year,Potato,21265.602322206098
Assam,2000,Whole Year,Turmeric,690.8653019095132
Meghalaya,2015,Kharif,Mesta,5876.706198254643
Maharashtra,2020,Kharif,Rice,3587.4528439969163
Punjab,2006,Kharif,Urad,424.24242424242425
Karnataka,2005,Whole Year,Sweet potato,8152.562574493445
Jammu and Kashmir,2024,Kharif,Potato,10860.87140316609
Karnataka,2000,Rabi,Wheat,938.3049829146483
Bihar,2002,Autumn,Rice,1170.8613790431255
Uttar Pradesh,2016,Summer,Sunflower,1176.842105263158
Uttarakhand,2025,Kharif,Small millets,1463.1271049644065
Maharashtra,2017,Whole Year,Tobacco,1275.0455373406194
Assam,2024,Whole Year,Ginger,11142.686675835288
Himachal Pradesh,2016,Kharif,Rice,1461.5341189753722
Maharashtra,2018,Rabi,Rapeseed &Mustard,344.89369118159635
Himachal Pradesh,2005,Rabi,Rapeseed &Mustard,290.7580477673936
Bihar,2003,Rabi,Rapeseed &Mustard,824.4089594339397
Chhattisgarh,2024,Rabi,Masoor,328.360066624772
Tamil Nadu,2024,Kharif,Ragi,3681.325991416236
Chhattisgarh,2023,Kharif,Horse-gram,317.931437383296
Uttar Pradesh,2018,Rabi,Coriander,792.6149208741522
Rajasthan,2011,Kharif,Moong,730.8379753635594
Madhya Pradesh,2024,Whole Year,Banana,56626.42274110045
Bihar,2002,Whole Year,Sweet potato,13354.4
Assam,2026,Rabi,Gram,933.4750187794289
Gujarat,2016,Kharif,Cotton(lint),2156.2817866081346
Maharashtra,2013,Rabi,Gram,921.7769002961501
Himachal Pradesh,2025,Rabi,Barley,1619.8034457415895
Uttar Pradesh,2019,Kharif,Sannhamp,285.1828890266584
Maharashtra,2014,Rabi,Gram,761.9614711033275
Punjab,2015,Rabi,Barley,3700.0
Andhra Pradesh,2011,Kharif,Urad,645.0272490450848
Meghalaya,2000,Kharif,Soyabean,929.8067141403866
Meghalaya,2025,Rabi,Onion,10523.364485981308
Tripura,2024,Whole Year,Potato,3761.5246190014905
Karnataka,2005,Whole Year,Mango,5611.160618132754
Puducherry,2014,Kharif,Onion,9000.0
Chhattisgarh,2015,Whole Year,Sugarcane,2439.7794079392334
Kerala,2025,Kharif,Other Kharif pulses,3064.3099334421704
Odisha,2003,Whole Year,Tobacco,657.2504708097929
Manipur,2015,Rabi,Gram,928.3854166666666
Bihar,2021,Whole Year,Potato,15205.683030702034
Chhattisgarh,2009,Rabi,Rapeseed &Mustard,413.72399312845965
Maharashtra,2026,Kharif,Cotton(lint),2529.8982580879238
Tamil Nadu,2025,Rabi,Rapeseed &Mustard,96.64491599445101
Kerala,2006,Whole Year,Tapioca,28911.47507115967
Chhattisgarh,2003,Kharif,Sesamum,283.0090894594164
Bihar,2019,Kharif,Moong(Green Gram),628.0644724366789
Uttar Pradesh,2017,Kharif,Groundnut,1013.1138964081799
Meghalaya,2026,Whole Year,Potato,7605.78941110526
Uttar Pradesh,2023,Rabi,Mustard,1597.204343710951
Mizoram,2026,Kharif,Tapioca,9083.090779284968
Maharashtra,2010,Kharif,Urad,682.3749221507162
Uttar Pradesh,2007,Rabi,Coriander,579.3707543796925
Jammu and Kashmir,2011,Kharif,Barley,379.3103448275862
Gujarat,2008,Kharif,Moong(Green Gram),432.71604938271605
Himachal Pradesh,2012,Kharif,Urad,403.50877192982455
Uttar Pradesh,2019,Kharif,Moong(Green Gram),287.01659717112256
Mizoram,2021,Kharif,Urad,6232.704402515723
Puducherry,2000,Kharif,Bajra,2758.064516129032
West Bengal,2015,Kharif,Cotton(lint),2940.133037694013
Haryana,2001,Kharif,Groundnut,618.5567010309278
Rajasthan,2000,Kharif,Moong,559.2295193456749
Andhra Pradesh,2013,Kharif,Cashewnut,315.1351531513515
Rajasthan,2023,Kharif,Moong,869.2794246436719
Andhra Pradesh,2023,Kharif,Mesta,9435.988996232192
Gujarat,2000,Kharif,Cotton(lint),718.9550575708803
Uttar Pradesh,2008,Kharif,Moong,632.0542491039415
Manipur,2021,Whole Year,Onion,2275.588514270932
Haryana,2016,Rabi,Barley,3629.8076923076924
Karnataka,2025,Rabi,Wheat,1447.2575470488084
Goa,2021,Whole Year,Banana,11137.76923076923
Chhattisgarh,2007,Kharif,Rice,1443.7980558464376
Tamil Nadu,2003,Whole Year,Mango,4287.303094327073
Telangana,2005,Kharif,Turmeric,4798.191844507077
Maharashtra,2018,Kharif,Moong(Green Gram),423.5971803288231
Meghalaya,2025,Kharif,Tapioca,7676.851395055638
Madhya Pradesh,2015,Rabi,Mustard,1536.2010467657465
Bihar,2021,Whole Year,Turmeric,961.7269064298931
Haryana,2024,Kharif,Jowar,810.5611354349115
Tamil Nadu,2007,Whole Year,Cashewnut,571.568172620399
Sikkim,2019,Kharif,Maize,1769.0363925287206
West Bengal,2019,Rabi,Other  Rabi pulses,758.2582582582583
Himachal Pradesh,2010,Rabi,Linseed,270.15706806282725
Arunachal Pradesh,2005,Whole Year,Ginger,6922.725384295803
Uttar Pradesh,2016,Kharif,Rice,2413.1739387631574
Assam,2002,Whole Year,Onion,2328.9333333333334
Assam,2002,Whole Year,Sweet potato,3452.6264709450443
Puducherry,2007,Rabi,Onion,8333.333333333334
Bihar,2011,Kharif,Other Kharif pulses,781.0313552733869
Karnataka,2004,Kharif,Arhar/Tur,517.8776326346182
Bihar,2008,Rabi,Wheat,2044.63002902687
Odisha,2012,Rabi,Mustard,1515.0118543116573
Tamil Nadu,2016,Kharif,Horse-gram,313.2498000533191
Madhya Pradesh,2001,Rabi,Wheat,1623.5297113232443
Jharkhand,2013,Rabi,Rapeseed &Mustard,1011.8665407617249
Mizoram,2001,Kharif,Maize,2504.642271982523
Maharashtra,2017,Kharif,Sesamum,189.76959212586684
Arunachal Pradesh,2022,Kharif,Maize,1629.6593631013634
Nagaland,2021,Kharif,other oilseeds,631.9542973509823
Telangana,2006,Kharif,Maize,2775.6267066168457
Jammu and Kashmir,2006,Kharif,Rice,2194.942102678642
Goa,2002,Whole Year,Sugarcane,55109.42760942761
Uttar Pradesh,2002,Rabi,Mustard,1288.9539687814333
Uttarakhand,2012,Kharif,Maize,1483.0242182709994
Delhi,2014,Rabi,Wheat,4419.318181818182
Madhya Pradesh,2006,Rabi,Other  Rabi pulses,315.45587518283764
Haryana,2002,Rabi,Barley,2670.97540064631
Tripura,2018,Rabi,Other  Rabi pulses,844.8074679113186
Gujarat,2004,Kharif,Other Kharif pulses,529.1005291005291
Bihar,2022,Rabi,Masoor,920.8358094110381
Gujarat,2020,Whole Year,Banana,31949.55777332698
Himachal Pradesh,2007,Kharif,Maize,2274.2462102282193
Haryana,2009,Kharif,Urad,371.12010796221324
Jammu and Kashmir,2005,Kharif,Groundnut,500.0
Uttarakhand,2012,Rabi,Rapeseed &Mustard,913.5065719897266
Karnataka,2009,Kharif,Niger seed,350.6444275966641
Karnataka,2013,Rabi,Safflower,792.0945867624898
Karnataka,2019,Kharif,Soyabean,1124.2392756419772
Odisha,2004,Rabi,Masoor,397.11538461538464
West Bengal,2006,Whole Year,Turmeric,2201.405666593455
Jammu and Kashmir,2014,Kharif,Onion,900.0
Chhattisgarh,2009,Kharif,Moong(Green Gram),248.48870505886097
Tamil Nadu,2007,Whole Year,Castor seed,313.2716049382716
Andhra Pradesh,2025,Whole Year,Mango,9096.251778039152
Andhra Pradesh,2022,Kharif,Moong(Green Gram),672.1803271810458
Nagaland,2001,Kharif,Small millets,681.8181818181819
West Bengal,2009,Whole Year,Banana,23486.39292319911
Arunachal Pradesh,2024,Kharif,Other Kharif pulses,1088.0716786290902
Himachal Pradesh,2002,Whole Year,Onion,5627.013630731103
Tripura,2011,Whole Year,Sugarcane,48861.020629750274
Chhattisgarh,2009,Whole Year,Coriander,272.72727272727275
Tripura,2018,Kharif,Urad,582.3436262866192
Nagaland,2013,Kharif,Moong(Green Gram),1000.0
Mizoram,2022,Rabi,Rapeseed &Mustard,1001.7926336546284
Andhra Pradesh,2000,Whole Year,Mango,4463.437800530015
Punjab,2025,Rabi,Masoor,598.5057631779657
Madhya Pradesh,2000,Whole Year,Dry chillies,306.00055560700065
Assam,2026,Kharif,Castor seed,696.6216645633403
Telangana,2017,Kharif,Turmeric,5873.130757267616
Puducherry,2010,Kharif,Moong(Green Gram),1000.0
Nagaland,2017,Kharif,Peas & beans (Pulses),1369.098712446352
Odisha,2025,Whole Year,Tobacco,670.1353437502553
Uttar Pradesh,2010,Rabi,Wheat,3113.2161543458546
Odisha,2010,Winter,Sugarcane,68688.17531578147
Punjab,2001,Kharif,Rice,3544.833132287897
Gujarat,2023,Kharif,Arhar/Tur,1416.3452630740744
West Bengal,2005,Whole Year,Mango,5877.436542916526
Madhya Pradesh,2021,Kharif,Arhar/Tur,968.3272260585553
Maharashtra,2018,Kharif,Niger seed,122.24357214749749
Bihar,2008,Rabi,Tobacco,1665.6816390380109
Maharashtra,2025,Kharif,Small millets,392.219575716508
Himachal Pradesh,2015,Kharif,Horse-gram,469.02106567534076
Nagaland,2022,Rabi,Barley,821.2518317438202
Andhra Pradesh,2026,Whole Year,Tobacco,12819.158514249008
Chhattisgarh,2006,Kharif,Maize,1233.1020020969595
Nagaland,2000,Kharif,Other Kharif pulses,963.6363636363636
Tamil Nadu,2010,Kharif,Horse-gram,459.1927303465765
Himachal Pradesh,2025,Kharif,Rice,1666.1952592546556
Rajasthan,2021,Kharif,Maize,3858.7181979588304
Karnataka,2014,Rabi,Gram,718.5068593226512
West Bengal,2026,Whole Year,Arecanut,1186.889668649537
Haryana,2000,Kharif,Groundnut,588.2352941176471
Sikkim,2013,Kharif,Soyabean,946.6494845360825
Andhra Pradesh,2016,Kharif,Rapeseed &Mustard,500.0
Odisha,2011,Rabi,Onion,16627.989374396657
Madhya Pradesh,2004,Kharif,Maize,1399.9995420962377
Tamil Nadu,2013,Kharif,Urad,840.2793679871766
Puducherry,2015,Kharif,Cashewnut,307.6923076923077
Assam,2019,Whole Year,Turmeric,1276.667277950975
Andhra Pradesh,2025,Whole Year,Garlic,7831.575985301177
Assam,2012,Whole Year,Potato,7425.206421057043
Maharashtra,2024,Kharif,Soyabean,1275.7385393851334
Tamil Nadu,2010,Kharif,Turmeric,5848.646184323745
Uttarakhand,2019,Kharif,Urad,928.6419190768997
Madhya Pradesh,2003,Whole Year,Sweet potato,5690.13347291285
Uttar Pradesh,2012,Kharif,Small millets,977.5358166189112
Maharashtra,2025,Rabi,Onion,20577.2180442211
Jharkhand,2003,Autumn,Ragi,686.4271165722845
Uttarakhand,2014,Kharif,Ragi,1381.1628855278766
West Bengal,2019,Autumn,Maize,3404.0698836604965
Jharkhand,2002,Whole Year,Sugarcane,58384.4846450333
Manipur,2025,Rabi,Rapeseed &Mustard,1138.039450928077
Uttarakhand,2015,Rabi,Gram,835.9133126934985
West Bengal,2010,Rabi,Rapeseed &Mustard,1021.3903352783519
Haryana,2017,Whole Year,Garlic,11619.004524886877
Bihar,2022,Kharif,Small millets,800.5061332050572
Jammu and Kashmir,2023,Kharif,Moong(Green Gram),694.7134846622088
Tamil Nadu,2002,Kharif,Arhar/Tur,545.4030412219277
West Bengal,2021,Rabi,Peas & beans (Pulses),1230.4762015202732
Andhra Pradesh,2005,Rabi,Safflower,458.47966466523167
Haryana,2013,Rabi,Masoor,960.0
Telangana,2016,Kharif,Dry chillies,3662.2990580919295
Arunachal Pradesh,2019,Rabi,Wheat,1969.9745547073792
Haryana,2015,Whole Year,Turmeric,11031.317494600433
Karnataka,2026,Rabi,Safflower,670.3959930929399
Manipur,2025,Whole Year,Banana,14768.210419898554
Karnataka,2026,Kharif,Sesamum,656.1956737976625
Haryana,2000,Kharif,Maize,2203.6424914122754
Karnataka,2017,Kharif,Moong(Green Gram),325.2304000408465
Rajasthan,2012,Kharif,Moong,737.5154244085332
Odisha,2010,Autumn,Ragi,704.5339136742837
Haryana,2023,Whole Year,Garlic,12681.627095843302
Madhya Pradesh,2001,Kharif,Niger seed,223.15820316076693
Sikkim,2002,Rabi,Barley,1219.5121951219512
Uttar Pradesh,2016,Kharif,Small millets,609.0323988218611
Karnataka,2004,Kharif,Small millets,524.0665535735704
Uttar Pradesh,2017,Rabi,Peas & beans (Pulses),1469.0809540307187
Gujarat,2011,Kharif,Moth,496.71772428884026
Karnataka,2007,Whole Year,Tapioca,8259.68992248062
Karnataka,2015,Kharif,Urad,250.99107425152613
Chhattisgarh,2025,Whole Year,Garlic,3347.201909013933
Maharashtra,2017,Kharif,Castor seed,222.3667100130039
Himachal Pradesh,2015,Kharif,Moong(Green Gram),492.3076923076923
West Bengal,2012,Autumn,Rice,2297.373733433456
Andhra Pradesh,2012,Kharif,Turmeric,5629.024387026998
Jammu and Kashmir,2004,Rabi,Other  Rabi pulses,517.8268251273345
Uttar Pradesh,2023,Kharif,Ginger,5149.743515116236
Meghalaya,2003,Kharif,Ginger,5479.2919171676685
Tripura,2005,Rabi,Masoor,743.7810945273632
Karnataka,2012,Whole Year,Sugarcane,83477.4291067319
Himachal Pradesh,2019,Kharif,Groundnut,1159.090909090909
Gujarat,2008,Rabi,Onion,27625.0
Bihar,2002,Kharif,Groundnut,493.2614555256065
Tamil Nadu,2012,Kharif,Maize,3251.5255005978315
Jharkhand,2014,Autumn,Ragi,974.8071979434447
Karnataka,2016,Whole Year,Black pepper,606.1304509087056
Madhya Pradesh,2009,Whole Year,Sesamum,435.99862731640354
Bihar,2015,Kharif,Small millets,756.359525155455
Tamil Nadu,2008,Kharif,Small millets,766.7999522559084
Puducherry,2026,Kharif,Bajra,2876.828554710357
Uttarakhand,2009,Kharif,Other Kharif pulses,858.4629053753887
Meghalaya,2026,Rabi,Masoor,2030.0057431764471
Tamil Nadu,2017,Rabi,Other  Rabi pulses,660.2833414753297
Uttar Pradesh,2019,Rabi,Wheat,3675.1738441314005
Maharashtra,2004,Kharif,Other Cereals,556.0
Bihar,2004,Rabi,Rapeseed &Mustard,804.6611800943306
Jharkhand,2018,Kharif,Horse-gram,662.1122383158389
Telangana,2025,Rabi,Safflower,421.8734405434555
West Bengal,2011,Kharif,Small millets,664.7058823529412
Himachal Pradesh,2017,Rabi,Linseed,298.87920298879203
Bihar,2017,Kharif,Sannhamp,807.5517661388551
Jharkhand,2007,Rabi,Gram,801.6892330812163
Kerala,2009,Whole Year,Tobacco,1172.4137931034484
Chhattisgarh,2021,Kharif,Cotton(lint),1976.4245490121218
Assam,2019,Rabi,Rapeseed &Mustard,616.5519208758484
Andhra Pradesh,2011,Kharif,Soyabean,1615.5661823309424
Andhra Pradesh,2026,Kharif,Jowar,2335.2724385071365
Uttarakhand,2020,Kharif,Potato,8621.594684385382
Telangana,2024,Kharif,other oilseeds,80365.7951304644
Gujarat,2010,Rabi,Rapeseed &Mustard,1568.0287382128424
Bihar,2016,Rabi,Onion,11858.735514155787
Andhra Pradesh,2022,Kharif,Arhar/Tur,504.63805482707477
Puducherry,2015,Kharif,Ragi,2382.3529411764707
West Bengal,2026,Whole Year,Mango,7937.884280681349
West Bengal,2000,Kharif,Mesta,7678.817372142135
Madhya Pradesh,2011,Kharif,Sannhamp,1340.2375875723424
Andhra Pradesh,2013,Kharif,Ginger,3824.0223463687153
Chhattisgarh,2004,Whole Year,Turmeric,869.9186991869918
Odisha,2000,Rabi,Safflower,561.1510791366907
Kerala,2003,Whole Year,Tobacco,5565.789473684211
Uttarakhand,2016,Rabi,Linseed,400.0
Puducherry,2012,Kharif,Rice,3269.738690643439
Karnataka,2003,Whole Year,Tobacco,562.0295767465578
Jammu and Kashmir,2018,Rabi,Wheat,2329.505144129243
Jharkhand,2023,Whole Year,Sugarcane,78346.45540939247
Uttar Pradesh,2010,Rabi,Gram,929.9250029371074
Andhra Pradesh,2026,Rabi,Rapeseed &Mustard,808.4535327593912
Maharashtra,2017,Kharif,Maize,3116.885079556985
Himachal Pradesh,2015,Rabi,Garlic,1484.3324250681198
Tamil Nadu,2023,Kharif,Small millets,1499.0985650537227
Chhattisgarh,2005,Rabi,Khesari,454.6635404659611
Karnataka,2007,Rabi,Other  Rabi pulses,261.78786206095117
Chhattisgarh,2002,Rabi,Other  Rabi pulses,338.2352941176471
Nagaland,2002,Rabi,Barley,1900.0
West Bengal,2014,Autumn,Maize,2688.627105581856
Madhya Pradesh,2026,Whole Year,Onion,28141.80443635029
Mizoram,2011,Kharif,Cowpea(Lobia),1051.1896178803172
Andhra Pradesh,2004,Whole Year,Ginger,5822.744260544581
Manipur,2022,Kharif,Groundnut,1054.6366297400089
Gujarat,2024,Kharif,Castor seed,1938.9008661969435
Chhattisgarh,2002,Whole Year,Turmeric,861.7647058823529
Uttarakhand,2005,Kharif,Other Cereals,1070.741648462891
Jharkhand,2011,Autumn,Maize,1397.5216514234578
Puducherry,2008,Kharif,Sunflower,666.6666666666666
Karnataka,2022,Kharif,Groundnut,1353.2775480766315
Gujarat,2019,Kharif,Moth,461.63162903365344
Haryana,2016,Kharif,Jowar,534.0909090909091
Nagaland,2004,Rabi,Gram,735.2941176470588
Chhattisgarh,2010,Kharif,Urad,287.4387207221228
Maharashtra,2017,Summer,Other Summer Pulses,319.31608133086877
Mizoram,2001,Rabi,Rapeseed &Mustard,871.2910986367282
Gujarat,2012,Kharif,Sesamum,335.71996817820207
Andhra Pradesh,2019,Kharif,Cashewnut,1000.0
Punjab,2015,Whole Year,Sugarcane,73411.11111111111
West Bengal,2024,Rabi,Arhar/Tur,1997.348392766984
West Bengal,2016,Rabi,Horse-gram,548.6111111111111
Bihar,2008,Rabi,Barley,1094.225342418611
Madhya Pradesh,2015,Rabi,Gram,1114.645460569914
Madhya Pradesh,2004,Kharif,Rice,777.4424907476098
West Bengal,2006,Rabi,Gram,768.2301678841471
Madhya Pradesh,2004,Rabi,Mustard,1255.4688181991273
Arunachal Pradesh,2000,Whole Year,Ginger,7393.171344784248
Tamil Nadu,2018,Kharif,Sesamum,475.2035529237602
Tripura,2014,Rabi,Gram,813.664596273292
Bihar,2010,Rabi,Onion,18475.106521301164
Jharkhand,2003,Rabi,Barley,882.7785177285822
Chhattisgarh,2011,Kharif,Other Kharif pulses,248.14603536794067
West Bengal,2024,Whole Year,Mango,9328.854444907976
Bihar,2008,Kharif,Bajra,1198.3108108108108
Karnataka,2019,Rabi,Linseed,487.7750611246944
Karnataka,2014,Kharif,Maize,3129.948212727705
Uttar Pradesh,2023,Rabi,Masoor,950.9833101960598
Jammu and Kashmir,2023,Kharif,Sannhamp,819.1503892910805
Madhya Pradesh,2014,Kharif,Niger seed,428.57142857142856
Gujarat,2014,Kharif,Maize,1255.8940114253144
Mizoram,2019,Kharif,Arhar/Tur,1120.6896551724137
Gujarat,2000,Kharif,Rice,809.9400171379606
Jammu and Kashmir,2019,Kharif,Horse-gram,350.2377179080824
Gujarat,2023,Rabi,Wheat,3389.5388314258958
Himachal Pradesh,2017,Kharif,Horse-gram,581.1648079306071
Telangana,2026,Kharif,Dry chillies,8617.36544868913
Chhattisgarh,2015,Whole Year,Coriander,288.7788778877888
Karnataka,2009,Kharif,Moong(Green Gram),122.89621839095977
Uttar Pradesh,2017,Kharif,Jowar,1270.005025274173
Madhya Pradesh,2025,Whole Year,Onion,24967.576024479375
Odisha,2019,Winter,Potato,10680.236524903343
West Bengal,2019,Kharif,Soyabean,779.1164658634539
Tamil Nadu,2026,Whole Year,Sweet potato,27232.03732503888
Uttarakhand,2002,Kharif,Other Kharif pulses,589.3581704168204
Puducherry,2026,Kharif,Rice,3490.9064129081476
Himachal Pradesh,2021,Kharif,Turmeric,607.9337263023738
Karnataka,2000,Kharif,Arhar/Tur,452.2129922455612
Tamil Nadu,2005,Kharif,Ginger,19295.454545454544
Bihar,2022,Autumn,Rice,2198.9454619554795
Puducherry,2018,Kharif,Dry chillies,14000.0
Karnataka,2018,Whole Year,Garlic,6627.808287568647
Rajasthan,2013,Rabi,Barley,2650.824894126671
Gujarat,2025,Kharif,Bajra,2405.9452165797325
Assam,2013,Whole Year,Onion,3874.663797740721
Delhi,2007,Rabi,Gram,1446.8085106382978
Tripura,2025,Kharif,Jute,9119.89574283232
Mizoram,2024,Rabi,Rapeseed &Mustard,953.7093159296901
Uttar Pradesh,2018,Rabi,Masoor,1026.1856159905483
Maharashtra,2003,Rabi,Gram,529.5523138832998
Tripura,2002,Whole Year,other oilseeds,703.5778532880272
Assam,2025,Whole Year,Potato,7486.847727798734
Himachal Pradesh,2002,Kharif,Bajra,558.8235294117648
Bihar,2024,Kharif,Sannhamp,704.5551298424862
Maharashtra,2024,Whole Year,Banana,36762.67249462253
Punjab,2004,Kharif,Maize,2740.2597402597403
Himachal Pradesh,2001,Whole Year,Sugarcane,4257.685009487666
Uttarakhand,2010,Kharif,Arhar/Tur,684.1569026999491
Bihar,2023,Rabi,Khesari,1046.5069429188254
Madhya Pradesh,2012,Kharif,Rice,1734.1561906633533
Tamil Nadu,2000,Whole Year,Sweet potato,11551.310043668122
Arunachal Pradesh,2009,Whole Year,Ginger,7758.631463833776
Karnataka,2009,Kharif,Sunflower,287.38497277378474
Bihar,2023,Rabi,Lentil,1001.7548220089008
Kerala,2009,Whole Year,Tapioca,33705.492158825495
Meghalaya,2017,Kharif,Cotton(lint),1211.7160578911096
Puducherry,2002,Kharif,Cotton(lint),5207.006369426752
Tamil Nadu,2005,Kharif,Castor seed,330.949827195805
Odisha,2018,Autumn,Ragi,684.6434026553871
Andhra Pradesh,2026,Whole Year,Ginger,3503.078412076159
Jharkhand,2018,Kharif,Arhar/Tur,1014.2918975069252
Himachal Pradesh,2010,Rabi,Wheat,1541.2266239306384
Jammu and Kashmir,2023,Kharif,Rice,1944.1060124756073
Karnataka,2010,Kharif,Urad,363.34285569397724
Karnataka,2022,Kharif,Urad,452.1917555121428
Gujarat,2005,Kharif,Other Cereals,265.06024096385545
Karnataka,2022,Kharif,Niger seed,232.29105408855548
Kerala,2008,Autumn,Rice,2428.4148599790883
Uttar Pradesh,2009,Rabi,Peas & beans (Pulses),1283.299520206148
Himachal Pradesh,2026,Rabi,Onion,8711.056319750844
Arunachal Pradesh,2023,Kharif,Moong(Green Gram),1161.0297789986264
Puducherry,2015,Rabi,Tobacco,20995.215311004784
Kerala,2012,Whole Year,Garlic,9138.888888888889
Puducherry,2003,Whole Year,Arecanut,1203.125
Andhra Pradesh,2014,Kharif,Tapioca,19612.332339791355
Jammu and Kashmir,2002,Whole Year,other oilseeds,444.44444444444446
Maharashtra,2010,Rabi,Onion,18526.801804867882
Andhra Pradesh,2002,Kharif,Cotton(lint),1351.6421544827792
Uttar Pradesh,2015,Kharif,Soyabean,175.0323560857577
Andhra Pradesh,2011,Whole Year,Mango,7192.218828314645
West Bengal,2025,Kharif,Moong(Green Gram),1023.1476681193884
Assam,2024,Rabi,Arecanut,874.1051725771123
Manipur,2010,Rabi,Peas & beans (Pulses),876.3500931098696
Jammu and Kashmir,2005,Kharif,Rapeseed &Mustard,399.93794601303136
Haryana,2024,Whole Year,Garlic,11778.099193329683
Assam,2010,Rabi,Wheat,1255.6061824354508
Kerala,2014,Whole Year,Tobacco,1615.3846153846155
Uttar Pradesh,2007,Kharif,Sannhamp,193.84129490722464
Andhra Pradesh,2019,Kharif,Groundnut,1095.1459388069557
Karnataka,2025,Kharif,Castor seed,446.9613477389905
Bihar,2022,Rabi,Wheat,2889.1627667917965
Punjab,2026,Kharif,Jowar,1063.6236609222171
Madhya Pradesh,2009,Kharif,Cowpea(Lobia),357.95454545454544
Odisha,2017,Rabi,Onion,18845.771202754728
Uttar Pradesh,2025,Kharif,Sesamum,220.03031862034246
Meghalaya,2015,Rabi,Onion,8819.57773512476
Nagaland,2025,Kharif,Small millets,1124.3963111272903
Uttar Pradesh,2025,Rabi,Peas & beans (Pulses),1206.8973170780555
Jammu and Kashmir,2003,Kharif,Urad,416.8663152850982
West Bengal,2011,Rabi,Wheat,2765.310033929018
Odisha,2001,Rabi,Other  Rabi pulses,592.9253228523302
Chhattisgarh,2023,Kharif,Potato,6816.929735485207
Karnataka,2025,Whole Year,Black pepper,83.11534473644876
Bihar,2011,Kharif,Bajra,1124.9719542293021
Himachal Pradesh,2009,Rabi,Barley,769.662654041966
Jammu and Kashmir,2025,Kharif,Urad,408.93440243299295
Manipur,2003,Rabi,Rapeseed &Mustard,500.0
Haryana,2011,Whole Year,Coriander,1090.909090909091
Himachal Pradesh,2001,Rabi,Rapeseed &Mustard,527.775103494753
Jharkhand,2001,Rabi,Wheat,2554.116127208814
Delhi,2008,Whole Year,Potato,16772.151898734177
Andhra Pradesh,2023,Rabi,Gram,845.7965658807447
Nagaland,2023,Kharif,Jute,1590.8804223410966
Puducherry,2003,Kharif,Rice,2673.169758627568
Uttarakhand,2012,Rabi,Peas & beans (Pulses),983.6521170508419
West Bengal,2006,Kharif,Mesta,9785.714285714286
West Bengal,2001,Whole Year,Mango,4818.239016821455
Madhya Pradesh,2022,Kharif,Rice,1865.164713962532
Punjab,2004,Kharif,Moong(Green Gram),800.0
Kerala,2007,Whole Year,Turmeric,2356.2599049128366
Nagaland,2010,Rabi,Linseed,803.5087719298245
Nagaland,2014,Kharif,Ginger,9121.546961325967
West Bengal,2004,Whole Year,Sesamum,843.3501723242529
Uttarakhand,2016,Whole Year,Tobacco,1888.888888888889
Uttar Pradesh,2005,Summer,Sunflower,1277.6410826256051
Nagaland,2021,Kharif,Peas & beans (Pulses),1369.995827646439
West Bengal,2024,Kharif,Ginger,2144.388307539633
Manipur,2017,Rabi,Peas & beans (Pulses),937.4556955122962
Himachal Pradesh,2025,Kharif,Moth,692.6829268292684
West Bengal,2013,Rabi,Rapeseed &Mustard,1065.7458575851945
West Bengal,2019,Autumn,Jowar,527.7777777777778
Arunachal Pradesh,2012,Whole Year,Oilseeds total,954.7715689565722
Chhattisgarh,2011,Kharif,Potato,5367.081754195993
Chhattisgarh,2016,Rabi,Linseed,615.7106025711001
Karnataka,2007,Whole Year,Coriander,349.0580725517671
Jharkhand,2026,Autumn,Rice,1965.4909607945876
Madhya Pradesh,2017,Kharif,Moong(Green Gram),600.3064798598949
Andhra Pradesh,2012,Kharif,Cowpea(Lobia),400.0
Tamil Nadu,2014,Whole Year,Cashewnut,410.70084586782895
Himachal Pradesh,2007,Kharif,Ragi,1349.0514905149053
Tamil Nadu,2022,Kharif,Bajra,2609.2526965043776
Uttarakhand,2007,Kharif,Urad,769.2172845998773
West Bengal,2012,Rabi,Rapeseed &Mustard,1062.4588850751145
Mizoram,2000,Kharif,Rice,1999.9035475221358
Nagaland,2005,Kharif,Sesamum,681.8181818181819
Madhya Pradesh,2005,Kharif,Soyabean,1050.0000437042308
Haryana,2011,Kharif,Urad,347.73969200198707
Kerala,2020,Kharif,Ginger,9872.793440158952
Haryana,2024,Rabi,other oilseeds,2294.022639617939
Kerala,2023,Whole Year,Potato,13030.905935854475
Bihar,2014,Kharif,Moong(Green Gram),838.0537400145244
Himachal Pradesh,2009,Kharif,Peas & beans (Pulses),915.5446756425948
Punjab,2022,Kharif,Maize,4383.186253213428
Andhra Pradesh,2009,Kharif,Arhar/Tur,432.6652858628807
Bihar,2010,Rabi,Masoor,939.3834109281264
Madhya Pradesh,2016,Whole Year,Turmeric,17829.110606325354
Uttarakhand,2019,Whole Year,Onion,16181.922855497985
Madhya Pradesh,2019,Kharif,Bajra,2312.999034317074
Maharashtra,2008,Kharif,Sunflower,523.4657039711192
Tamil Nadu,2018,Rabi,Rapeseed &Mustard,232.78688524590163
Bihar,2002,Whole Year,Sugarcane,42141.41884963177
West Bengal,2001,Kharif,Ginger,1975.900651666052
Chhattisgarh,2024,Whole Year,Dry chillies,842.0791114575214
Assam,2015,Rabi,Arecanut,848.391754477589
Jharkhand,2008,Rabi,Rapeseed &Mustard,633.4406205195959
Telangana,2013,Kharif,Small millets,753.968253968254
Odisha,2003,Rabi,Wheat,1465.5878338857476
Gujarat,2023,Kharif,Soyabean,1585.237251085265
Madhya Pradesh,2013,Kharif,Arhar/Tur,719.9987869874074
West Bengal,2007,Kharif,Jowar,420.7353827606992
Delhi,2014,Kharif,Jowar,905.922270203578
Goa,2026,Kharif,Rice,3094.0993883162914
Uttarakhand,2012,Kharif,Horse-gram,800.5889389896015
Mizoram,2004,Kharif,Cotton(lint),3373.702422145329
Karnataka,2003,Whole Year,Sweet potato,8021.787709497206
Himachal Pradesh,2019,Kharif,Turmeric,691.2280701754386
Rajasthan,2004,Rabi,Mustard,1145.116495026427
Gujarat,2021,Kharif,Cotton(lint),3755.142509250758
Punjab,2008,Rabi,Wheat,4539.238315060588
Uttar Pradesh,2003,Whole Year,Tobacco,6663.573383510093
Telangana,2015,Kharif,Castor seed,357.75652798007303
Gujarat,2020,Kharif,Rice,3769.949111749286
Uttarakhand,2023,Whole Year,Onion,11143.962640417374
Andhra Pradesh,2009,Rabi,Wheat,1045.2795786061588
Himachal Pradesh,2017,Kharif,Turmeric,625.0
Himachal Pradesh,2005,Whole Year,Sugarcane,9692.54538431827
Jammu and Kashmir,2001,Whole Year,Sannhamp,494.4649446494465
Kerala,2022,Kharif,Other Kharif pulses,2896.7346965415063
Gujarat,2011,Kharif,Tobacco,1876.996805111821
Kerala,2018,Kharif,Other Kharif pulses,858.5426955370133
Haryana,2021,Kharif,Urad,815.4446842734784
Andhra Pradesh,2012,Kharif,Arhar/Tur,522.9166666666666
Bihar,2011,Kharif,Arhar/Tur,1901.1436062016905
Haryana,2016,Kharif,Horse-gram,500.0
Chhattisgarh,2026,Rabi,Other  Rabi pulses,288.2226888955556
West Bengal,2026,Autumn,Ragi,663.239577827168
Meghalaya,2019,Kharif,Tapioca,6574.115044247787
Gujarat,2025,Rabi,Onion,26974.63888460261
Kerala,2006,Kharif,Jowar,508.48385331143953
West Bengal,2024,Whole Year,Cardamom,5943.583480032438
Andhra Pradesh,2017,Kharif,Castor seed,651.242557597722
Uttarakhand,2006,Whole Year,Tobacco,3384.6153846153848
Jammu and Kashmir,2005,Kharif,Peas & beans (Pulses),456.7901234567901
West Bengal,2009,Kharif,Jute,15178.219787911095
Maharashtra,2001,Kharif,Sesamum,322.153574580759
Tamil Nadu,2021,Kharif,Urad,759.7442476728385
Telangana,2013,Rabi,Safflower,708.4021863480361
Mizoram,2011,Kharif,Soyabean,1252.9509486753518
Odisha,2023,Autumn,Jute,10.001175072789232
Manipur,2000,Kharif,Ginger,1657.8947368421052
Odisha,2025,Autumn,Moong(Green Gram),499.4431329740199
Assam,2005,Whole Year,Arecanut,938.2095088231988
Assam,2012,Whole Year,Sweet potato,4134.937071849609
Kerala,2022,Whole Year,Cowpea(Lobia),10.003721296762473
Uttarakhand,2016,Rabi,Other  Rabi pulses,789.4736842105264
Bihar,2008,Autumn,Rice,1330.135753887564
Uttarakhand,2002,Whole Year,Garlic,7574.770642201835
Meghalaya,2021,Autumn,Rice,2695.7973397130936
West Bengal,2018,Autumn,Groundnut,984.4268572887414
Assam,2003,Rabi,Moong(Green Gram),462.54114549045426
Karnataka,2007,Kharif,Arhar/Tur,662.1482347137722
Kerala,2011,Whole Year,Cardamom,84.95887191539366
Jammu and Kashmir,2002,Rabi,Masoor,476.6839378238342
Assam,2022,Kharif,Jute,11646.335468196787
Madhya Pradesh,2026,Rabi,Barley,2859.2770223213147
Arunachal Pradesh,2008,Whole Year,Ginger,7424.4808055380745
Karnataka,2017,Kharif,Maize,4352.498956338616
Mizoram,2016,Whole Year,Tobacco,914.4144144144144
West Bengal,2016,Rabi,Moth,937.5
Nagaland,2005,Rabi,Gram,1000.0
Chhattisgarh,2021,Whole Year,Garlic,3217.8050263477908
West Bengal,2006,Rabi,Onion,18760.26364063456
Uttar Pradesh,2022,Rabi,Gram,1090.374591270108
Bihar,2021,Whole Year,Dry chillies,1590.0653917178922
Tamil Nadu,2024,Whole Year,Onion,9177.399007092139
West Bengal,2025,Kharif,Jowar,127.49153253604293
Tamil Nadu,2021,Kharif,Cotton(lint),2359.0268694828424
Haryana,2024,Rabi,Masoor,868.4068359714319
Karnataka,2012,Whole Year,Tobacco,626.1954418202657
Nagaland,2024,Kharif,Rice,2839.4594218011
Andhra Pradesh,2022,Rabi,Safflower,593.368696040014
Uttarakhand,2019,Kharif,other oilseeds,750.0
Assam,2003,Whole Year,Potato,6971.910545099751
Chhattisgarh,2002,Rabi,Barley,782.9225790390839
Meghalaya,2005,Autumn,Rice,1339.1884448252647
Rajasthan,2021,Kharif,Jowar,1519.1764906384296
Tripura,2014,Rabi,Rapeseed &Mustard,829.9629255139872
Maharashtra,2025,Kharif,Turmeric,6893.530853188944
Telangana,2016,Rabi,Garlic,2361.256544502618
Assam,2016,Whole Year,Tapioca,9200.857317819964
Uttar Pradesh,2018,Rabi,Turmeric,1347.1830985915492
Rajasthan,2014,Kharif,Cotton(lint),471.8853288044328
Jammu and Kashmir,2021,Kharif,Potato,12686.395045878488
Andhra Pradesh,2021,Kharif,Moong(Green Gram),652.2371387431698
Haryana,2020,Kharif,Cotton(lint),573.5015261902703
Nagaland,2021,Rabi,Barley,812.1100716403012
Nagaland,2000,Rabi,Wheat,2000.0
Nagaland,2024,Rabi,Gram,738.5707730576955
Chhattisgarh,2019,Whole Year,Sunflower,468.99841017488075
Jharkhand,2017,Rabi,Potato,25285.64223088733
Madhya Pradesh,2023,Whole Year,Potato,19758.351478294062
Madhya Pradesh,2003,Kharif,Maize,2067.999973292322
Chhattisgarh,2008,Kharif,Horse-gram,314.43173521538085
Telangana,2023,Rabi,Safflower,429.39353403176034
Arunachal Pradesh,2009,Whole Year,Oilseeds total,1776.9453683274608
Gujarat,2019,Kharif,Cotton(lint),3248.782130582121
Haryana,2019,Kharif,Maize,2857.8512396694214
Andhra Pradesh,2014,Kharif,Groundnut,409.85686353527666
Uttar Pradesh,2026,Rabi,Turmeric,1535.3019200243536
Himachal Pradesh,2021,Kharif,Ginger,3153.505406492769
Bihar,2003,Kharif,Maize,1690.974018453461
Tamil Nadu,2012,Kharif,Horse-gram,400.8345799543343
Madhya Pradesh,2022,Kharif,Cowpea(Lobia),10.000346032734697
Mizoram,2005,Kharif,Moong(Green Gram),1277.7777777777778
Haryana,2004,Whole Year,Potato,24843.057607090104
Jammu and Kashmir,2009,Rabi,Linseed,577.7777777777778
Kerala,2025,Whole Year,Rubber,1686.9859300815112
Nagaland,2017,Kharif,Soyabean,1258.7859424920127
Tamil Nadu,2018,Kharif,Castor seed,320.8578637510513
Andhra Pradesh,2017,Kharif,Other Kharif pulses,643.6691493531948
Madhya Pradesh,2021,Whole Year,Onion,25324.32870356064
Himachal Pradesh,2007,Kharif,Sesamum,353.87618516452875
Uttarakhand,2020,Rabi,Wheat,3152.885873972455
Maharashtra,2008,Rabi,Linseed,206.8062827225131
Punjab,2011,Kharif,Arhar/Tur,870.9677419354839
Goa,2022,Kharif,Rice,2760.4524965313203
Jharkhand,2025,Kharif,Other Kharif pulses,450.01693744175583
Uttar Pradesh,2014,Kharif,Sweet potato,12387.274995544467
Manipur,2021,Whole Year,Sugarcane,60808.254695015516
Kerala,2019,Whole Year,Tapioca,41769.50217496375
Punjab,2025,Whole Year,Sugarcane,78895.45676517372
Tamil Nadu,2007,Whole Year,Tapioca,42203.03086543129
Assam,2004,Rabi,Moong(Green Gram),470.17688194158785
Andhra Pradesh,2022,Kharif,Small millets,896.0490554172446
Haryana,2009,Whole Year,Sugarcane,51520.12731934673
Madhya Pradesh,2011,Whole Year,Dry chillies,1646.0086756649328
Meghalaya,2023,Rabi,Rapeseed &Mustard,926.1631333942911
Assam,2001,Rabi,Masoor,526.4220011263375
Tamil Nadu,2021,Whole Year,Arecanut,2332.5993474283773
Andhra Pradesh,2017,Kharif,Sweet potato,12553.191489361701
Uttarakhand,2012,Kharif,Sesamum,273.3408323959505
Madhya Pradesh,2007,Kharif,Urad,341.42253226025116
Uttarakhand,2015,Kharif,Sesamum,272.94117647058823
Jammu and Kashmir,2008,Rabi,Linseed,769.8412698412699
Haryana,2006,Kharif,Jowar,302.8331725700442
Gujarat,2001,Kharif,Other Kharif pulses,417.84037558685446
Himachal Pradesh,2023,Kharif,Cotton(lint),462.111801242236
Bihar,2019,Kharif,Groundnut,1020.2140309155767
Himachal Pradesh,2011,Whole Year,Sugarcane,14118.454499237418
Maharashtra,2021,Whole Year,Sugarcane,64195.96929343093
Andhra Pradesh,2009,Rabi,Linseed,148.5884101040119
Punjab,2001,Rabi,Linseed,1000.0
Gujarat,2023,Kharif,Moong(Green Gram),759.6366481970077
Rajasthan,2005,Kharif,Cotton(lint),461.83533080512535
Gujarat,2011,Whole Year,other oilseeds,547.4137931034483
Jharkhand,2021,Autumn,Ragi,999.6750737295364
West Bengal,2023,Kharif,Sannhamp,4348.721324873154
Gujarat,2017,Kharif,Other Kharif pulses,631.578947368421
West Bengal,2010,Kharif,Small millets,667.0168067226891
Punjab,2020,Kharif,Bajra,1888.742286104442
Kerala,2023,Whole Year,Urad,10.013408267480672
Jammu and Kashmir,2000,Whole Year,Sannhamp,494.54545454545456
Bihar,2021,Kharif,Jute,15333.786076091856
Mizoram,2025,Kharif,Cotton(lint),10.015188912094171
Uttarakhand,2021,Whole Year,Onion,10111.280478674662
Karnataka,2022,Kharif,Soyabean,1095.7002861152616
Delhi,2014,Whole Year,Potato,21268.34862385321
West Bengal,2014,Rabi,Onion,18136.605346987264
Haryana,2018,Rabi,Gram,1385.3006681514476
Himachal Pradesh,2009,Kharif,Maize,1827.1048487417256
Gujarat,2005,Rabi,Wheat,2700.5123428039124
Bihar,2008,Autumn,Maize,1523.1741315057982
Tamil Nadu,2004,Kharif,Moong(Green Gram),398.55703766802833
Goa,2013,Kharif,Rice,2827.8856336039535
Kerala,2022,Whole Year,Banana,10800.885484379834
West Bengal,2014,Autumn,Jowar,320.0
Madhya Pradesh,2015,Kharif,Jute,1000.0
Karnataka,2015,Kharif,Horse-gram,463.9599389403924
Tripura,2024,Kharif,Small millets,926.7568387740062
Tripura,2024,Kharif,Arhar/Tur,760.1685302220062
Himachal Pradesh,2006,Whole Year,Sugarcane,19603.84233189798
Sikkim,2011,Rabi,Barley,965.5172413793103
Manipur,2000,Kharif,Sesamum,492.06349206349205
Madhya Pradesh,2010,Rabi,Linseed,352.99913130071826
Karnataka,2007,Kharif,Rapeseed &Mustard,363.4066211776598
Karnataka,2000,Whole Year,Sweet potato,7361.039702942016
Assam,2010,Whole Year,Dry chillies,650.6273925988941
Punjab,2010,Rabi,Peas & beans (Pulses),1281.25
Haryana,2026,Rabi,Rapeseed &Mustard,2118.7359778003647
Delhi,2017,Kharif,Rice,2876.1530577382987
Chhattisgarh,2013,Rabi,Other  Rabi pulses,1157.720891824938
Tamil Nadu,2014,Whole Year,Garlic,5717.149220489978
Telangana,2015,Kharif,Soyabean,1036.222930618364
Jammu and Kashmir,2015,Kharif,Turmeric,1000.0
Tamil Nadu,2000,Whole Year,Turmeric,5204.952048823016
Madhya Pradesh,2017,Kharif,Mesta,1100.0
Jammu and Kashmir,2007,Kharif,Groundnut,666.6666666666666
Uttar Pradesh,2024,Rabi,Barley,3026.0716015243092
Himachal Pradesh,2010,Kharif,Small millets,579.5941165518525
Nagaland,2012,Kharif,Small millets,1120.04662004662
Bihar,2001,Kharif,Arhar/Tur,1282.5713877103494
Andhra Pradesh,2001,Kharif,Rice,2679.4515251602074
Delhi,2007,Kharif,Jowar,934.9326694579609
Andhra Pradesh,2017,Kharif,Arhar/Tur,423.77990100484084
Arunachal Pradesh,2019,Whole Year,Ginger,7022.025316455696
Chhattisgarh,2004,Kharif,Bajra,346.9387755102041
Sikkim,2015,Rabi,Barley,1055.9284116331096
Uttar Pradesh,2025,Rabi,Coriander,618.6715317545602
Odisha,2024,Kharif,Ginger,17234.55771578689
Haryana,2008,Kharif,Maize,2141.2184552638287
Mizoram,2017,Kharif,Soyabean,1525.3396806506
Mizoram,2014,Autumn,Rice,1175.3887559808613
Chhattisgarh,2015,Rabi,Linseed,377.02368609936997
Madhya Pradesh,2022,Whole Year,Onion,28266.319142008986
Madhya Pradesh,2010,Kharif,Soyabean,1132.4053085770188
Rajasthan,2013,Rabi,Mustard,1152.1383999806721
Punjab,2007,Rabi,Gram,1037.037037037037
Uttar Pradesh,2004,Whole Year,Dry chillies,889.2100699006675
Gujarat,2012,Whole Year,Dry chillies,1030.7692307692307
Uttar Pradesh,2014,Kharif,Arhar/Tur,607.2053079986458
Uttar Pradesh,2023,Kharif,Moth,606.1953147050522
Assam,2015,Whole Year,Tapioca,9171.860245514636
Uttarakhand,2017,Whole Year,Onion,16044.012575021434
Nagaland,2018,Kharif,Horse-gram,1074.0740740740741
Himachal Pradesh,2001,Kharif,Moong(Green Gram),340.4255319148936
Gujarat,2013,Rabi,Other  Rabi pulses,776.2619372442019
Bihar,2007,Rabi,Khesari,839.3093748088958
Punjab,2025,Rabi,Wheat,5556.219980604153
Uttarakhand,2016,Whole Year,Sugarcane,59192.11913690961
Bihar,2004,Kharif,Jute,7855.745630345854
Himachal Pradesh,2003,Whole Year,Potato,11516.959297685555
Uttarakhand,2003,Kharif,other oilseeds,715.3284671532847
Karnataka,2024,Whole Year,Mesta,310.644271031595
Delhi,2022,Whole Year,Sugarcane,79566.13756613756
Chhattisgarh,2018,Kharif,Bajra,590.9090909090909
Gujarat,2026,Kharif,Tobacco,2097.735513842543
Puducherry,2018,Kharif,Sesamum,1000.0
Mizoram,2000,Kharif,Cotton(lint),2559.0062111801244
Assam,2015,Whole Year,Banana,17273.075944660784
Punjab,2024,Rabi,Masoor,603.3614728914424
Punjab,2000,Kharif,Arhar/Tur,873.5632183908046
Assam,2024,Whole Year,Sugarcane,35339.941605265856
Andhra Pradesh,2023,Kharif,Sannhamp,10.001422966682252
Manipur,2007,Kharif,Rice,2444.4778814324404
Gujarat,2009,Whole Year,Guar seed,336.8500376789751
Manipur,2008,Kharif,Moong(Green Gram),1099.767981438515
Uttarakhand,2026,Kharif,Other Kharif pulses,1348.3570580444625
Meghalaya,2011,Kharif,Tapioca,5245.300975493695
Manipur,2018,Rabi,Wheat,2502.1834061135373
Maharashtra,2007,Kharif,Other Kharif pulses,422.2096956031567
Kerala,2019,Whole Year,Cotton(lint),1518.5185185185185
Madhya Pradesh,2018,Whole Year,Coriander,1350.9393528109151
Tamil Nadu,2006,Whole Year,Banana,53584.1206775279
Andhra Pradesh,2018,Rabi,Rapeseed &Mustard,344.4816053511706
Uttar Pradesh,2004,Kharif,Jowar,1023.2357614751978
Jammu and Kashmir,2006,Rabi,Masoor,434.1085271317829
West Bengal,2016,Kharif,Castor seed,629.0322580645161
Uttar Pradesh,2003,Rabi,Wheat,2790.3865085039834
Bihar,2007,Kharif,Mesta,9262.087863519844
Uttar Pradesh,2020,Rabi,Onion,21731.85930499623
Haryana,2011,Kharif,Jowar,510.1252125521719
Madhya Pradesh,2012,Kharif,Jowar,2014.9989881771066
West Bengal,2000,Rabi,Mustard,1197.6262919535243
Punjab,2016,Kharif,Cotton(lint),4445.6140350877195
Punjab,2006,Kharif,Bajra,1000.0
Maharashtra,2023,Kharif,Rice,1976.1223421818643
Maharashtra,2001,Rabi,Gram,595.6630966547666
Bihar,2026,Rabi,Maize,4406.786211333298
Chhattisgarh,2022,Whole Year,Onion,5800.752708685882
Maharashtra,2012,Kharif,Ragi,1116.4658634538152
Gujarat,2021,Rabi,Gram,1518.776318315238
Jharkhand,2021,Kharif,Other Kharif pulses,556.0856779988223
Meghalaya,2010,Kharif,Mesta,4422.852983988355
Uttar Pradesh,2012,Kharif,Dry chillies,803.4286537491896
West Bengal,2017,Rabi,Masoor,952.1878088539194
Karnataka,2015,Kharif,Other Kharif pulses,1336.469167543142
Gujarat,2015,Whole Year,Dry chillies,1042.6179604261797
Meghalaya,2014,Rabi,Cowpea(Lobia),1462.3921085080149
Kerala,2021,Whole Year,Horse-gram,10.014306151645206
Arunachal Pradesh,2011,Whole Year,Sugarcane,19354.83870967742
Kerala,2018,Whole Year,Cotton(lint),1515.1515151515152
Gujarat,2021,Kharif,Moth,536.4114243859176
Gujarat,2001,Kharif,Maize,1994.5885005636978
Karnataka,2008,Kharif,Other Kharif pulses,765.8453631622705
Telangana,2014,Kharif,Mesta,7142.857142857143
Manipur,2005,Whole Year,Banana,12861.990950226244
Odisha,2003,Kharif,Bajra,525.9938837920489
Andhra Pradesh,2024,Whole Year,Arecanut,4820.414194754112
Jammu and Kashmir,2018,Kharif,Dry chillies,802.0833333333334
Gujarat,2005,Kharif,Rice,1865.340120314669
Karnataka,2008,Rabi,Rapeseed &Mustard,401.48698884758363
Jammu and Kashmir,2000,Rabi,Wheat,524.0322959377202
Chhattisgarh,2015,Whole Year,Onion,6010.058027079303
Chhattisgarh,2011,Rabi,Wheat,1289.0150250417362
Jammu and Kashmir,2017,Kharif,Cotton(lint),600.0
Bihar,2000,Kharif,Maize,1748.0445637957628
West Bengal,2010,Autumn,Rice,2137.532291214904
Puducherry,2023,Summer,Onion,6147.138964577657
Rajasthan,2013,Rabi,Wheat,4238.933288366906
Karnataka,2024,Whole Year,Cardamom,127.19294275777331
Rajasthan,2002,Rabi,Mustard,1225.1922439716939
Madhya Pradesh,2026,Kharif,Cowpea(Lobia),10.000917515368382
Jammu and Kashmir,2012,Kharif,Masoor,601.7441860465116
Sikkim,2010,Kharif,Other Kharif pulses,2872.6666666666665
Mizoram,2010,Rabi,Onion,3000.0
Andhra Pradesh,2023,Kharif,Onion,93922.72212096427
Uttar Pradesh,2011,Kharif,Moong(Green Gram),423.67911190239306
Karnataka,2021,Whole Year,Cashewnut,1264.861175398621
Madhya Pradesh,2016,Kharif,Other Kharif pulses,1000.0
Kerala,2000,Whole Year,Sweet potato,10984.06862745098
Himachal Pradesh,2020,Rabi,Potato,25084.517546901505
Maharashtra,2021,Rabi,Linseed,288.6978597308369
Bihar,2009,Rabi,Onion,14982.29914267363
Madhya Pradesh,2026,Whole Year,Garlic,13959.877881686643
Chhattisgarh,2015,Whole Year,Turmeric,846.1111111111111
Assam,2002,Rabi,Mustard,1137.5225886211203
Madhya Pradesh,2022,Whole Year,Sannhamp,1564.3744821872413
Tamil Nadu,2011,Whole Year,Sweet potato,20489.74358974359
Kerala,2024,Whole Year,Black pepper,431.61309420168317
Jammu and Kashmir,2006,Kharif,Cowpea(Lobia),308.659217877095
Mizoram,2021,Kharif,Cotton(lint),10.013188101401846
Kerala,2011,Whole Year,Ginger,5374.522807520423
Nagaland,2011,Kharif,Ragi,935.483870967742
Tripura,2021,Rabi,Gram,737.5770976376119
West Bengal,2006,Whole Year,Tobacco,1384.6217996830956
Rajasthan,2026,Kharif,Sesamum,639.7343471988952
Meghalaya,2018,Kharif,Arhar/Tur,1295.0126796280642
Gujarat,2024,Rabi,Other  Rabi pulses,936.4210410586973
West Bengal,2021,Kharif,Bajra,285.2720643874252
Meghalaya,2017,Rabi,Black pepper,751.219512195122
Gujarat,2019,Whole Year,Sugarcane,71889.78501304834
Chhattisgarh,2010,Whole Year,Coriander,303.411131059246
Andhra Pradesh,2003,Kharif,Other Kharif pulses,246.25703677087077
West Bengal,2002,Whole Year,Sannhamp,5034.934497816594
Gujarat,2008,Kharif,Sesamum,355.97484276729557
Uttar Pradesh,2013,Kharif,Sesamum,147.22525224979546
Assam,2023,Kharif,Arhar/Tur,986.8189791955338
Nagaland,2014,Rabi,Masoor,819.9052132701422
Chhattisgarh,2001,Rabi,Gram,735.0018880392712
West Bengal,2006,Whole Year,Cardamom,244.95476687543493
Nagaland,2010,Kharif,Castor seed,666.6666666666666
Puducherry,2004,Kharif,Sesamum,739.4366197183099
Madhya Pradesh,2009,Whole Year,Cotton(lint),212.62069231164296
West Bengal,2016,Kharif,Sunflower,1311.8517494122527
Maharashtra,2016,Kharif,Jowar,953.5249080242617
Jammu and Kashmir,2023,Rabi,Masoor,1132.1830885498362
Chhattisgarh,2022,Whole Year,Tobacco,640.3854577310557
Haryana,2021,Whole Year,Turmeric,14507.104675821864
Uttarakhand,2005,Kharif,Maize,1266.5752900675761
Maharashtra,2001,Kharif,Niger seed,258.92857142857144
Kerala,2012,Whole Year,Potato,19538.46153846154
Karnataka,2000,Kharif,Cotton(lint),1550.0060714473425
Manipur,2013,Rabi,Rapeseed &Mustard,837.2833392288645
Karnataka,2023,Kharif,Urad,559.5513417812408
Uttar Pradesh,2023,Rabi,Coriander,586.9936617351684
Maharashtra,2002,Kharif,Groundnut,958.3927044742092
Jharkhand,2017,Kharif,Horse-gram,626.8455423055083
Jharkhand,2017,Rabi,Linseed,570.133661084652
West Bengal,2001,Kharif,Cotton(lint),2496.3788300835654
Meghalaya,2016,Kharif,Jute,10257.314328582146
Assam,2002,Kharif,Niger seed,510.90468497576734
Maharashtra,2015,Whole Year,Mango,7283.321109215487
Uttarakhand,2006,Kharif,Other Cereals,427.08559046587214
Assam,2014,Kharif,Niger seed,618.9876957494407
Nagaland,2017,Kharif,Horse-gram,1096.1538461538462
Telangana,2017,Kharif,Banana,64418.75364006989
Karnataka,2021,Kharif,Groundnut,1404.4636227400542
Karnataka,2023,Whole Year,Tomato,26228.808691006303
Jharkhand,2016,Autumn,Ragi,1162.1955615055867
Madhya Pradesh,2003,Rabi,Peas & beans (Pulses),400.0
Tamil Nadu,2011,Kharif,Rice,3917.83102178202
Jammu and Kashmir,2012,Kharif,Peas & beans (Pulses),6006.060606060606
Delhi,2011,Kharif,Barley,2954.5454545454545
Kerala,2021,Kharif,Other Cereals,10.00541469501142
Madhya Pradesh,2023,Rabi,Peas & beans (Pulses),1053.5468278352587
Karnataka,2006,Kharif,Niger seed,189.4917231823817
Meghalaya,2023,Whole Year,Black pepper,799.9252170222227
Himachal Pradesh,2014,Rabi,Coriander,308.13953488372096
Andhra Pradesh,2026,Kharif,Dry chillies,4480.498967817415
Madhya Pradesh,2025,Kharif,Other Kharif pulses,736.3175276190025
Sikkim,2012,Kharif,Soyabean,935.2331606217616
Gujarat,2000,Kharif,Urad,294.04761904761904
Nagaland,2015,Kharif,Jute,2399.1769547325102
Tamil Nadu,2023,Kharif,Castor seed,370.6922811145471
Gujarat,2025,Whole Year,Mango,7707.201924085924
Nagaland,2019,Rabi,Rapeseed &Mustard,1012.0043652237177
Delhi,2003,Kharif,Barley,2965.1162790697676
Puducherry,2022,Kharif,Groundnut,3657.5682382133996
Haryana,2013,Kharif,Sesamum,461.53846153846155
West Bengal,2008,Rabi,Linseed,247.5355969331873
West Bengal,2007,Rabi,Rapeseed &Mustard,887.6043563403992
Karnataka,2024,Whole Year,Ginger,30914.94717288246
Karnataka,2005,Whole Year,Tomato,20683.750713004516
Haryana,2016,Whole Year,Ginger,17379.62962962963
Himachal Pradesh,2007,Rabi,Garlic,1276.1107234240521
Telangana,2015,Kharif,Groundnut,1596.362286562732
Punjab,2023,Rabi,Mustard,1754.0828525424558
Tripura,2025,Kharif,Mesta,7980.280740315208
Jammu and Kashmir,2002,Kharif,Sesamum,423.78428927680795
Himachal Pradesh,2001,Kharif,Sesamum,537.2067039106146
Assam,2005,Kharif,Jute,10198.882957168278
Karnataka,2021,Rabi,Other  Rabi pulses,805.4868111877511
Uttarakhand,2014,Kharif,Other Kharif pulses,932.5312573720217
Madhya Pradesh,2023,Kharif,Rice,1888.3448031970008
Jammu and Kashmir,2022,Kharif,Dry chillies,795.2427342100991
Himachal Pradesh,2010,Kharif,Sesamum,317.30103806228374
Nagaland,2023,Rabi,Barley,813.8575765420187
Andhra Pradesh,2011,Rabi,Rapeseed &Mustard,2445.6702433126793
Manipur,2017,Kharif,Arhar/Tur,1129.032258064516
Madhya Pradesh,2011,Whole Year,Banana,35310.888758092995
Himachal Pradesh,2022,Kharif,Moth,596.3572267920094
Goa,2012,Rabi,Other  Rabi pulses,903.4248688676334
Uttarakhand,2026,Kharif,Groundnut,1415.7759395234998
Meghalaya,2024,Kharif,Cotton(lint),1168.5218723172625
Punjab,2018,Kharif,Rice,4132.130196583951
Chhattisgarh,2020,Whole Year,Sugarcane,76899.58206582486
Andhra Pradesh,2014,Kharif,Rice,3117.855235818734
Telangana,2016,Whole Year,Mango,6884.825685975434
Tamil Nadu,2026,Kharif,Maize,11025.415335312937
Uttarakhand,2003,Rabi,Masoor,616.9736615596488
Meghalaya,2021,Kharif,Soyabean,2885.3055555555557
Andhra Pradesh,2023,Rabi,Wheat,993.7651556400284
Assam,2021,Rabi,Masoor,707.9733109681612
Nagaland,2015,Kharif,Rice,2416.6525255953393
Uttarakhand,2011,Whole Year,Garlic,8052.648897663706
Chhattisgarh,2004,Rabi,Other  Rabi pulses,237.61665470208183
Mizoram,2026,Kharif,Sesamum,863.236443391232
Maharashtra,2008,Kharif,Cotton(lint),1510.5848696757787
Karnataka,2016,Whole Year,Cardamom,105.32310274547416
Rajasthan,2000,Kharif,Maize,2325.757743989572
Chhattisgarh,2017,Kharif,Sesamum,301.0721529991307
Andhra Pradesh,2019,Kharif,Cowpea(Lobia),449.1059147180193
Odisha,2015,Winter,Rapeseed &Mustard,204.8440065681445
Sikkim,2005,Rabi,Other Cereals,815.9203980099503
West Bengal,2004,Rabi,Rapeseed &Mustard,749.074853277085
Madhya Pradesh,2002,Whole Year,Sugarcane,39936.01719857702
Maharashtra,2013,Rabi,Wheat,1439.4086753549893
Nagaland,2005,Kharif,Moong(Green Gram),876.7123287671233
Jammu and Kashmir,2012,Kharif,Onion,883.7209302325581
Karnataka,2016,Rabi,Linseed,54.309740714786265
Bihar,2000,Whole Year,Garlic,1410.546875
Chhattisgarh,2021,Whole Year,Sweet potato,5139.795521691805
Tripura,2019,Kharif,Arhar/Tur,801.5314569536424
Nagaland,2019,Kharif,Cowpea(Lobia),1482.142857142857
Jharkhand,2024,Kharif,Moong(Green Gram),815.8323438421957
Delhi,2006,Kharif,Maize,1820.8955223880596
Maharashtra,2008,Kharif,Small millets,499.2679355783309
Uttar Pradesh,2012,Kharif,Urad,662.5812629715541
Meghalaya,2016,Kharif,Banana,13024.171270718232
Punjab,2000,Kharif,Cotton(lint),2529.5358649789027
Assam,2011,Kharif,Sesamum,674.2648928056944
Tamil Nadu,2010,Kharif,Moong(Green Gram),336.01878065545884
Meghalaya,2013,Whole Year,Turmeric,6136.308316430021
Haryana,2019,Kharif,Horse-gram,501.1764705882353
Mizoram,2025,Kharif,Rice,1997.6755784944894
Uttar Pradesh,2026,Summer,Sunflower,1172.1272121742513
Uttarakhand,2014,Kharif,Arhar/Tur,906.031746031746
Manipur,2010,Whole Year,Sugarcane,57944.230769230766
Haryana,2004,Kharif,Horse-gram,194.1747572815534
Uttarakhand,2023,Rabi,Other  Rabi pulses,991.9674631418404
Tamil Nadu,2025,Kharif,Bajra,2961.1138432940634
Delhi,2004,Whole Year,Sugarcane,75250.0
Maharashtra,2002,Kharif,Castor seed,221.88552188552188
Chhattisgarh,2014,Kharif,Maize,1878.9996322177271
Tamil Nadu,2002,Kharif,Sunflower,1155.5324944869633
Goa,2003,Rabi,Other  Rabi pulses,953.5760448082723
Haryana,2012,Kharif,Sunflower,2158.828064764842
Bihar,2004,Whole Year,Tobacco,1161.035405388588
Maharashtra,2008,Rabi,Safflower,566.5051157781368
Arunachal Pradesh,2025,Kharif,Sunflower,986.3860986402248
Assam,2001,Rabi,Moong(Green Gram),455.7640750670241
Bihar,2016,Whole Year,Garlic,1516.6130760986066
Chhattisgarh,2024,Rabi,Other  Rabi pulses,265.5409436360335
Jammu and Kashmir,2007,Rabi,Rapeseed &Mustard,663.2073858779279
Uttar Pradesh,2018,Kharif,Rice,2702.709914515445
Andhra Pradesh,2022,Kharif,Oilseeds total,4426.2867212612855
Odisha,2002,Whole Year,Potato,9937.817976257773
Tamil Nadu,2009,Whole Year,Turmeric,5067.164179104478
Karnataka,2007,Whole Year,Turmeric,7776.2962962962965
West Bengal,2005,Kharif,Ragi,1213.4537675303065
Karnataka,2014,Whole Year,Cashewnut,739.0704879938032
Bihar,2003,Whole Year,Coriander,691.5629322268327
Uttar Pradesh,2024,Rabi,Potato,26728.59077606798
Nagaland,2025,Kharif,Soyabean,1208.9151071646463
Manipur,2018,Kharif,Ginger,14501.547423994174
Odisha,2005,Autumn,Groundnut,830.2443495946604
West Bengal,2010,Autumn,Maize,2588.0167208546213
Gujarat,2025,Whole Year,Garlic,7714.54691196629
Telangana,2000,Kharif,Cotton(lint),459.6252882553153
Uttarakhand,2002,Rabi,Rapeseed &Mustard,568.7647728267531
Manipur,2021,Rabi,Rapeseed &Mustard,877.2862496241631
Telangana,2014,Kharif,Turmeric,4974.37313089487
Himachal Pradesh,2019,Kharif,Ragi,1172.4530449630051
Tamil Nadu,2001,Kharif,Arhar/Tur,651.1247700941632
Odisha,2003,Whole Year,Coriander,473.4350341925302
Assam,2018,Whole Year,Black pepper,2206.6115702479337
Meghalaya,2017,Summer,Potato,11380.125806194761
Himachal Pradesh,2021,Kharif,Urad,791.3703015785429
Jammu and Kashmir,2007,Kharif,Potato,5599.275362318841
Madhya Pradesh,2007,Rabi,Linseed,349.9963114602929
Meghalaya,2006,Rabi,Potato,10356.13272437132
Jharkhand,2023,Rabi,Peas & beans (Pulses),1753.7034016032314
Nagaland,2021,Rabi,Potato,10264.92876576885
Goa,2010,Whole Year,Sugarcane,53321.389793702496
Rajasthan,2008,Kharif,Groundnut,1611.337645492605
West Bengal,2007,Kharif,Groundnut,930.3039607000308
Manipur,2005,Whole Year,Potato,5229.979466119096
Meghalaya,2024,Kharif,Mesta,6973.4844907879105
Meghalaya,2005,Whole Year,Sugarcane,2737.5
Himachal Pradesh,2002,Kharif,Maize,1612.179412343521
West Bengal,2026,Rabi,Arhar/Tur,1995.8590250712582
Bihar,2007,Rabi,Sunflower,1389.7152185742789
Delhi,2016,Kharif,Rice,2889.670182487862
Jharkhand,2021,Kharif,Castor seed,645.0071050251905
Haryana,2011,Kharif,Ginger,1562.5
West Bengal,2019,Autumn,Ragi,1464.047702560505
Bihar,2014,Rabi,Rapeseed &Mustard,1100.0177630410326
Punjab,2024,Rabi,Potato,25272.511411117073
Madhya Pradesh,2002,Kharif,Sunflower,395.49702633814786
Kerala,2019,Kharif,Small millets,733.3333333333334
Telangana,2014,Kharif,Groundnut,1736.2522173842929
Rajasthan,2007,Rabi,Coriander,705.7023588560285
Haryana,2015,Kharif,Rice,3061.3451589061347
Jharkhand,2005,Whole Year,Sugarcane,4116.926844199571
Tripura,2009,Kharif,Urad,604.7120418848167
Assam,2002,Kharif,Jute,10168.872855775602
Bihar,2019,Rabi,Onion,13350.250674893945
Tripura,2013,Kharif,Moong(Green Gram),535.6576862123613
Chhattisgarh,2022,Rabi,Rapeseed &Mustard,608.0537637649707
Uttar Pradesh,2008,Kharif,Jowar,1015.106665835774
Odisha,2021,Winter,Sugarcane,57243.39489698228
Telangana,2025,Kharif,Groundnut,3454.1797799838628
Mizoram,2024,Rabi,Other  Rabi pulses,1617.09606524387
Madhya Pradesh,2016,Kharif,Mesta,719.5
Karnataka,2025,Rabi,Gram,674.5499509196927
West Bengal,2022,Summer,Potato,17279.28130815665
Punjab,2015,Rabi,Mustard,1653.4266435962127
Andhra Pradesh,2019,Kharif,Sunflower,698.7693953986089
Manipur,2015,Kharif,Cowpea(Lobia),1092.5155925155925
Andhra Pradesh,2011,Whole Year,Coriander,579.2839872084861
Haryana,2021,Whole Year,Onion,26117.972099574137
Jammu and Kashmir,2021,Kharif,Turmeric,1051.3661202185792
Andhra Pradesh,2018,Kharif,Potato,6156.378600823045
Mizoram,2001,Whole Year,Tapioca,4817.589576547231
Kerala,2024,Kharif,Sesamum,439.96103363412635
Bihar,2007,Kharif,Ginger,1537.9113018597998
Assam,2025,Rabi,Linseed,594.8749366232888
Uttarakhand,2018,Kharif,Other Cereals,529.9479166666666
Tamil Nadu,2009,Whole Year,Sesamum,463.0247140099239
Tamil Nadu,2019,Kharif,Small millets,1465.863453815261
Uttar Pradesh,2025,Kharif,Cotton(lint),491.95446318819455
Madhya Pradesh,2025,Rabi,Barley,2727.8273261595677
Tripura,2007,Kharif,Sesamum,504.5045045045045
Telangana,2022,Kharif,Jowar,1733.5565566813616
Jharkhand,2025,Autumn,Maize,2245.622633156473
Gujarat,2011,Kharif,Soyabean,793.3491686460808
Chhattisgarh,2022,Whole Year,Sannhamp,557.8659157799411
Tamil Nadu,2026,Whole Year,Turmeric,4176.195970321248
Telangana,2013,Rabi,Masoor,513.0890052356021
Tripura,2025,Rabi,Peas & beans (Pulses),949.8834298545594
Andhra Pradesh,2019,Rabi,Coriander,494.1912421805183
Mizoram,2025,Kharif,other oilseeds,10.000631951466127
Tamil Nadu,2026,Kharif,Sunflower,1181.0739813061275
Andhra Pradesh,2000,Rabi,Safflower,405.85257439190025
Mizoram,2002,Kharif,Masoor,1076.923076923077
West Bengal,2003,Rabi,Wheat,2315.333281656296
Jammu and Kashmir,2003,Kharif,Sesamum,469.8816155988858
Jharkhand,2014,Autumn,Rice,1027.925294298437
Himachal Pradesh,2013,Kharif,Dry chillies,341.2887828162291
Karnataka,2018,Whole Year,Mango,7655.37596359672
Uttarakhand,2007,Rabi,Wheat,2140.499679555078
Tamil Nadu,2024,Kharif,Urad,1050.3054765659354
West Bengal,2007,Whole Year,Tobacco,1408.1039493930587
Telangana,2022,Kharif,Onion,22819.795526441358
Karnataka,2019,Whole Year,Cardamom,155.23465703971118
Uttarakhand,2001,Rabi,Other  Rabi pulses,440.7582938388626
Jammu and Kashmir,2024,Rabi,Garlic,762.0307104547793
Himachal Pradesh,2014,Kharif,Moong(Green Gram),436.93693693693695
Jammu and Kashmir,2026,Kharif,other oilseeds,751.8928363424577
Puducherry,2009,Kharif,Dry chillies,1000.0
Meghalaya,2013,Rabi,Peas & beans (Pulses),1882.1930222020842
West Bengal,2014,Rabi,Rapeseed &Mustard,1069.2038822831819
Meghalaya,2006,Rabi,Arecanut,1370.8302292856552
Kerala,2008,Kharif,Cotton(lint),1300.3472222222222
West Bengal,2007,Rabi,Safflower,1038.150289017341
Karnataka,2023,Whole Year,Sannhamp,274.39182323524136
Gujarat,2018,Kharif,Other Cereals,941.5384615384615
Gujarat,2002,Kharif,Cotton(lint),1030.4012723268902
Tripura,2004,Kharif,Urad,595.5165692007797
Tripura,2022,Kharif,Groundnut,1316.3922313700652
Chhattisgarh,2014,Whole Year,Sweet potato,5474.735605170388
Punjab,2010,Rabi,Barley,3666.6666666666665
Gujarat,2012,Rabi,Onion,24427.58620689655
Jammu and Kashmir,2022,Rabi,Linseed,842.6185237047409
Bihar,2022,Whole Year,Tobacco,2051.9155215314017
Assam,2006,Rabi,Masoor,526.4935193921636
West Bengal,2026,Kharif,Bajra,157.24346738629632
Sikkim,2004,Rabi,Rapeseed &Mustard,997.6689976689977
Odisha,2023,Whole Year,Dry chillies,1095.6752284390698
Haryana,2023,Whole Year,Coriander,5126.587472032927
Madhya Pradesh,2025,Kharif,Moong(Green Gram),633.7455352793977
Karnataka,2001,Kharif,Moong(Green Gram),259.958938774211
Delhi,2007,Rabi,Wheat,4360.0274568127215
Nagaland,2019,Kharif,Sesamum,612.2994652406417
Tamil Nadu,2005,Kharif,Horse-gram,364.52867665314903
Delhi,2000,Whole Year,Potato,18476.07559308404
Puducherry,2019,Kharif,Urad,1000.0
Chhattisgarh,2026,Kharif,Niger seed,784.9301408903029
Andhra Pradesh,2003,Kharif,Maize,2996.532882046281
Andhra Pradesh,2015,Kharif,Potato,13677.700348432056
Maharashtra,2003,Rabi,Other  Rabi pulses,385.97842835130973
West Bengal,2026,Rabi,Linseed,367.88174334878954
Haryana,2024,Kharif,Castor seed,825.2859467490507
Haryana,2015,Whole Year,Onion,23031.326480665688
Arunachal Pradesh,2007,Whole Year,Ginger,7518.953211736717
Puducherry,2018,Kharif,Cashewnut,420.6896551724138
Nagaland,2015,Rabi,Masoor,840.37558685446
Kerala,2019,Rabi,Other  Rabi pulses,900.4777070063694
Goa,2012,Kharif,Ragi,1041.6666666666667
Uttar Pradesh,2021,Rabi,Barley,2870.2198413611313
Assam,2002,Rabi,Peas & beans (Pulses),592.9713567621442
West Bengal,2001,Kharif,Urad,655.2717534641213
Meghalaya,2022,Whole Year,Potato,6780.506714496364
Meghalaya,2003,Rabi,Gram,622.0472440944882
Maharashtra,2005,Kharif,Sesamum,269.19339164237124
Nagaland,2012,Kharif,Sesamum,601.6949152542373
Telangana,2013,Whole Year,Mango,6898.896763928266
Tripura,2023,Kharif,Mesta,9047.984064839618
Chhattisgarh,2021,Rabi,Gram,881.3931219042657
Kerala,2018,Whole Year,Potato,13747.43900167629
Meghalaya,2024,Rabi,Peas & beans (Pulses),2354.8522181494827
Bihar,2013,Kharif,Sannhamp,804.5812455261274
Meghalaya,2017,Rabi,Castor seed,902.7777777777778
Maharashtra,2023,Rabi,Linseed,262.38400595758543
Maharashtra,2002,Rabi,Safflower,442.7538988208444
Goa,2017,Kharif,Rice,2618.7222160990486
Nagaland,2013,Kharif,Sweet potato,8510.06711409396
Chhattisgarh,2007,Whole Year,Turmeric,921.5686274509804
Tamil Nadu,2019,Kharif,Arhar/Tur,1282.245632065776
Mizoram,2022,Kharif,Rice,1993.4079563603818
Tamil Nadu,2013,Rabi,Rapeseed &Mustard,243.05555555555554
Mizoram,2026,Whole Year,Tobacco,910.7772396296663
Puducherry,2010,Kharif,Other Kharif pulses,1000.0
Haryana,2019,Whole Year,Coriander,2907.6539101497506
Tamil Nadu,2017,Rabi,Rapeseed &Mustard,229.45205479452054
Meghalaya,2016,Kharif,Maize,2291.6482789055603
Manipur,2011,Whole Year,Dry chillies,7599.856063332134
Andhra Pradesh,2020,Whole Year,Sugarcane,80492.2606415571
Gujarat,2000,Whole Year,Dry chillies,755.3956834532374
Punjab,2024,Kharif,Guar seed,1169.186803125424
Madhya Pradesh,2002,Kharif,Jowar,921.0002025273529
Tamil Nadu,2019,Kharif,Castor seed,312.9872599353489
Assam,2002,Whole Year,Dry chillies,657.3060127645281
Madhya Pradesh,2025,Kharif,Ragi,288.74856486796784
Nagaland,2023,Kharif,Jowar,823.4142944615866
Punjab,2012,Rabi,Masoor,777.7777777777778
Bihar,2016,Whole Year,Turmeric,1006.2030688867123
Madhya Pradesh,2017,Rabi,Peas & beans (Pulses),1032.031550596383
Jammu and Kashmir,2011,Kharif,Sugarcane,1526.3157894736842
Karnataka,2016,Kharif,Ragi,803.8525823456031
Meghalaya,2026,Kharif,Cotton(lint),1317.4415780210416
Tamil Nadu,2022,Kharif,Ragi,3648.447239280749
Nagaland,2010,Kharif,Cotton(lint),500.0
Madhya Pradesh,2003,Kharif,Groundnut,1155.001329582511
Odisha,2023,Summer,Wheat,1889.4881771718265
Maharashtra,2003,Kharif,Rice,1845.2412689949347
Bihar,2003,Whole Year,Sweet potato,14049.219951658975
Haryana,2017,Rabi,Rapeseed &Mustard,2018.2581705313128
Arunachal Pradesh,2022,Kharif,Sunflower,761.3391829449347
Uttarakhand,2021,Whole Year,Tobacco,771.6293368467282
Tamil Nadu,2013,Whole Year,Black pepper,219.49974476773863
Bihar,2000,Whole Year,Banana,21005.0661065118
Assam,2000,Rabi,Other  Rabi pulses,549.4215266964936
Odisha,2003,Kharif,Small millets,433.19533308242376
Rajasthan,2019,Rabi,Mustard,1605.381122741334
Delhi,2007,Kharif,Barley,2613.3333333333335
Uttarakhand,2011,Rabi,Peas & beans (Pulses),1028.1425891181989
Nagaland,2022,Kharif,Moong(Green Gram),875.7055452626137
Rajasthan,2025,Kharif,Maize,3980.5951834912116
Karnataka,2006,Whole Year,Garlic,665.3061224489796
Uttar Pradesh,2015,Rabi,Rapeseed &Mustard,1015.6147036071397
Madhya Pradesh,2007,Kharif,Rice,810.5482129925035
Tripura,2018,Kharif,Groundnut,1328.5600636435959
Puducherry,2009,Summer,Cotton(lint),800.0
Karnataka,2006,Whole Year,Dry chillies,980.5615713735937
Gujarat,2013,Kharif,Urad,610.0355270619004
Delhi,2018,Rabi,Wheat,4311.966701352758
Kerala,2003,Autumn,Rice,2141.9869611754402
Gujarat,2023,Rabi,Rapeseed &Mustard,2085.591279145759
Jammu and Kashmir,2026,Kharif,Dry chillies,649.580662757398
Delhi,2009,Kharif,Maize,21958.333333333332
Uttarakhand,2016,Summer,Other Summer Pulses,583.3333333333334
Bihar,2013,Rabi,Wheat,2854.9086055682706
Assam,2026,Autumn,Rice,2690.08833628957
Nagaland,2022,Kharif,Tapioca,19114.996272635482
Himachal Pradesh,2024,Rabi,Rapeseed &Mustard,504.7801263068102
Delhi,2006,Kharif,Other Kharif pulses,1505.5555555555557
Uttarakhand,2002,Kharif,Small millets,855.9012831550035
Andhra Pradesh,2023,Kharif,Urad,963.1260576236942
Jharkhand,2016,Rabi,Gram,1120.3173627386943
Tamil Nadu,2012,Kharif,Ragi,1963.3396875978035
Assam,2009,Kharif,Castor seed,425.23768366465
Rajasthan,2006,Rabi,Gram,844.8934240684
Jammu and Kashmir,2009,Kharif,Garlic,754.3859649122807
Maharashtra,2023,Kharif,Maize,1693.7938792193374
Chhattisgarh,2009,Whole Year,Sannhamp,317.8851174934726
Uttarakhand,2024,Kharif,Arhar/Tur,778.4902033394775
Karnataka,2016,Kharif,Rice,2772.4890528383003
Karnataka,2003,Rabi,Rapeseed &Mustard,282.0767195767196
Chhattisgarh,2015,Rabi,Other  Rabi pulses,167.0854271356784
West Bengal,2000,Whole Year,Tobacco,545.4284621270084
Sikkim,2019,Kharif,Small millets,1037.248028045574
Punjab,2004,Whole Year,Guar seed,715.8671586715867
Meghalaya,2006,Rabi,Sesamum,535.7798165137615
Delhi,2007,Kharif,Maize,1826.0869565217392
Gujarat,2015,Kharif,Tobacco,1818.6829364040827
Goa,2014,Kharif,Other Kharif pulses,894.2307692307693
Meghalaya,2004,Autumn,Rice,1156.0902439771023
Bihar,2016,Whole Year,Banana,32239.67411279388
Andhra Pradesh,2018,Kharif,Sweet potato,16219.78021978022
Karnataka,2006,Rabi,Wheat,830.4674686634953
Assam,2017,Rabi,Peas & beans (Pulses),932.2203564970292
Gujarat,2000,Whole Year,Mango,4694.766339952852
Madhya Pradesh,2020,Rabi,Linseed,676.1507723911099
Uttar Pradesh,2013,Kharif,Cotton(lint),226.60856190720327
Bihar,2018,Kharif,Castor seed,964.7058823529412
Bihar,2018,Rabi,Lentil,969.2126638360717
Chhattisgarh,2001,Whole Year,Sannhamp,351.9585253456221
Sikkim,2023,Kharif,Maize,2240.051490106006
Meghalaya,2014,Whole Year,Arecanut,1536.0960171971099
Haryana,2018,Kharif,Moth,574.2574257425742
West Bengal,2022,Rabi,Moth,1008.3173384516954
Himachal Pradesh,2024,Kharif,Moth,647.7683956574186
Gujarat,2007,Kharif,Ragi,838.7096774193549
Himachal Pradesh,2025,Kharif,Ginger,2862.6881007477928
Andhra Pradesh,2024,Kharif,Small millets,1004.7244488919592
Chhattisgarh,2005,Kharif,Arhar/Tur,443.0292395354798
Puducherry,2016,Kharif,Black pepper,1800.0
Puducherry,2014,Kharif,Urad,777.7777777777778
Arunachal Pradesh,2013,Whole Year,Oilseeds total,955.3361116144229
Jammu and Kashmir,2023,Kharif,Cotton(lint),617.5373134328358
Assam,2006,Kharif,Niger seed,513.2116861102802
Tripura,2002,Whole Year,Potato,19541.412380122056
Punjab,2009,Rabi,Barley,3357.1428571428573
Maharashtra,2003,Kharif,Sesamum,318.4931506849315
Meghalaya,2009,Kharif,Cotton(lint),796.8364533449427
Gujarat,2022,Kharif,Maize,2660.3493272032324
Maharashtra,2000,Rabi,Linseed,233.19027181688125
Meghalaya,2004,Kharif,Maize,1422.2222222222222
Gujarat,2001,Whole Year,Guar seed,421.65026495079485
Goa,2001,Kharif,Groundnut,925.6756756756756
Haryana,2018,Kharif,Cotton(lint),2844.688954718578
Andhra Pradesh,2017,Kharif,Rice,3346.08931511895
Uttar Pradesh,2015,Summer,Sunflower,1607.825295723385
Himachal Pradesh,2018,Kharif,Potato,7348.9655172413795
Chhattisgarh,2000,Whole Year,Tobacco,476.1904761904762
Nagaland,2000,Kharif,Niger seed,533.3333333333334
Himachal Pradesh,2008,Kharif,Moth,304.3478260869565
Bihar,2021,Rabi,Masoor,927.9386088545508
Jammu and Kashmir,2017,Kharif,Sesamum,407.3046694405918
Madhya Pradesh,2011,Whole Year,Sesamum,524.0014746701034
Uttar Pradesh,2025,Rabi,Garlic,6258.85086953654
Tamil Nadu,2017,Kharif,Groundnut,2459.8024864222675
Uttarakhand,2002,Rabi,Peas & beans (Pulses),742.5352112676056
Chhattisgarh,2002,Kharif,Ragi,207.54537679369002
Karnataka,2023,Kharif,Sunflower,810.0175032440053
Maharashtra,2023,Kharif,Bajra,625.4924186128505
Jammu and Kashmir,2019,Kharif,Bajra,598.695111847556
Haryana,2004,Whole Year,Sweet potato,20000.0
Rajasthan,2024,Rabi,Wheat,4313.841593120504
Puducherry,2025,Kharif,Rice,3193.368769058273
Arunachal Pradesh,2000,Whole Year,Turmeric,4123.348017621145
Telangana,2018,Kharif,Tobacco,2976.521739130435
Karnataka,2011,Whole Year,Arecanut,8098.206024943563
Maharashtra,2023,Kharif,Cotton(lint),2566.779354079035
Maharashtra,2000,Kharif,Cotton(lint),585.849393870454
Nagaland,2018,Kharif,Ragi,971.4285714285714
Uttar Pradesh,2019,Rabi,Linseed,687.9917260739483
Himachal Pradesh,2002,Kharif,Rice,1028.580692421313
Gujarat,2011,Rabi,Onion,29253.14465408805
Uttar Pradesh,2021,Rabi,Garlic,7116.43330274498
Meghalaya,2006,Rabi,Rapeseed &Mustard,663.1318000275444
Punjab,2009,Rabi,Masoor,636.3636363636364
Meghalaya,2024,Kharif,Soyabean,2812.570420447133
Assam,2001,Kharif,Jute,9894.731438293878
Jammu and Kashmir,2009,Rabi,Other  Rabi pulses,509.29368029739777
Uttar Pradesh,2006,Kharif,Ginger,3075.5355129650507
Karnataka,2013,Kharif,Potato,6578.774360178446
West Bengal,2000,Rabi,Linseed,334.6532985087202
Bihar,2006,Whole Year,Banana,24543.76563895845
Maharashtra,2015,Whole Year,Grapes,24773.66566003301
Assam,2021,Kharif,Sesamum,717.3446114520258
Tripura,2016,Autumn,Rice,2663.4675896790436
Uttar Pradesh,2001,Kharif,Arhar/Tur,1157.2693974045476
Tamil Nadu,2007,Whole Year,Coriander,385.3100541842264
Uttarakhand,2024,Kharif,Bajra,774.3324720068906
Uttar Pradesh,2001,Kharif,Cotton(lint),1013.0762411347517
Maharashtra,2024,Kharif,Maize,1470.9921466182104
Uttar Pradesh,2011,Kharif,Soyabean,1252.0090548953028
Punjab,2016,Rabi,Sunflower,1655.1724137931035
Karnataka,2011,Whole Year,Coriander,406.31163708086785
Delhi,2005,Whole Year,Potato,15867.924528301886
Uttar Pradesh,2024,Rabi,Masoor,853.7014121471373
Karnataka,2007,Whole Year,Mango,6197.224970843191
Chhattisgarh,2012,Kharif,Other Kharif pulses,141.31121642969984
Tripura,2021,Kharif,Urad,737.9556210095278
Telangana,2012,Kharif,Jowar,1303.3798737504458
Haryana,2026,Whole Year,Onion,28286.77173730073
West Bengal,2003,Rabi,Mustard,1227.8285616499775
Maharashtra,2019,Rabi,Onion,20825.105510854948
Manipur,2023,Rabi,Masoor,948.3063867144633
Chhattisgarh,2008,Kharif,Sunflower,412.0879120879121
Kerala,2022,Kharif,Sesamum,493.5209003215434
Meghalaya,2026,Kharif,Maize,2381.5840687966015
Odisha,2025,Autumn,Ragi,773.7933134858018
Bihar,2009,Autumn,Rice,896.234954077849
Manipur,2002,Whole Year,Dry chillies,599.6055226824458
Madhya Pradesh,2006,Rabi,Khesari,781.0072127217859
Tamil Nadu,2022,Kharif,Groundnut,2822.2189795254076
Himachal Pradesh,2000,Kharif,Arhar/Tur,161.76470588235293
Odisha,2010,Autumn,Sesamum,201.4479068303431
Odisha,2001,Kharif,Niger seed,234.08873838673264
Manipur,2025,Rabi,Masoor,1100.1133127124615
Rajasthan,2024,Kharif,Jowar,1751.6221783655299
Maharashtra,2024,Kharif,Turmeric,6760.054297711707
Assam,2012,Kharif,Small millets,496.72612327839244
Uttar Pradesh,2007,Kharif,Soyabean,670.045510964005
Uttarakhand,2010,Kharif,Potato,9539.060438110319
Meghalaya,2009,Rabi,Linseed,467.53246753246754
Andhra Pradesh,2006,Kharif,Bajra,816.1649147872232
Tamil Nadu,2026,Whole Year,Cashewnut,2885.7321104332345
Sikkim,2006,Rabi,Rapeseed &Mustard,768.939393939394
Manipur,2015,Rabi,Peas & beans (Pulses),939.9671951886277
Telangana,2024,Rabi,Garlic,3798.3554712207465
Punjab,2026,Rabi,Peas & beans (Pulses),1437.6657491020176
Andhra Pradesh,2006,Whole Year,Cashewnut,258.2445983665874
Himachal Pradesh,2012,Rabi,Wheat,1875.1888632786952
Kerala,2010,Whole Year,Arecanut,1000.7562591715206
Tripura,2011,Kharif,Rice,2700.401129327554
Assam,2008,Whole Year,Turmeric,725.9838163081818
Maharashtra,2007,Kharif,Bajra,878.332034294622
Odisha,2005,Summer,Horse-gram,189.06605922551253
Maharashtra,2015,Kharif,Soyabean,484.7622906537007
Bihar,2004,Kharif,Groundnut,493.5064935064935
Gujarat,2007,Whole Year,Banana,65163.46153846154
West Bengal,2003,Whole Year,Mango,5323.411903255731
Odisha,2026,Autumn,Moong(Green Gram),502.95266959769066
Andhra Pradesh,2007,Whole Year,Sugarcane,81708.5020242915
Delhi,2023,Kharif,Rice,3052.0486541767305
Bihar,2026,Kharif,Ragi,1194.196760133601
Meghalaya,2016,Rabi,Linseed,586.9565217391304
Rajasthan,2005,Rabi,Wheat,3614.9456593649184
Nagaland,2010,Rabi,Barley,1586.9565217391305
Jammu and Kashmir,2011,Kharif,Tobacco,500.0
Chhattisgarh,2003,Whole Year,Tobacco,560.9756097560976
Tripura,2022,Kharif,Maize,1856.1817628527206
Goa,2013,Kharif,Other Kharif pulses,808.1395348837209
Karnataka,2021,Whole Year,Tapioca,10514.244892476401
West Bengal,2023,Rabi,Horse-gram,699.466584058629
Uttar Pradesh,2017,Kharif,Sesamum,295.2963176064442
Tamil Nadu,2003,Whole Year,Banana,35374.87339635382
Tripura,2013,Rabi,Other  Rabi pulses,910.5960264900663
Rajasthan,2004,Rabi,Wheat,3509.473501778101
Arunachal Pradesh,2022,Whole Year,Turmeric,4677.008533247464
Karnataka,2001,Whole Year,Onion,5730.898541509359
Madhya Pradesh,2003,Whole Year,Dry chillies,786.0069657856997
Uttar Pradesh,2015,Summer,Banana,44392.40506329114
Goa,2016,Whole Year,Sugarcane,44840.57971014493
Odisha,2004,Rabi,Other  Rabi pulses,612.5628140703518
Madhya Pradesh,2000,Kharif,Small millets,164.78086830252445
Tripura,2015,Kharif,Mesta,8819.776714513557
Assam,2009,Rabi,Peas & beans (Pulses),609.2763367101259
Karnataka,2015,Whole Year,Banana,30313.027028547032
Madhya Pradesh,2013,Rabi,Mustard,1321.2436835217652
Chhattisgarh,2007,Whole Year,Garlic,2807.9911209766924
Uttar Pradesh,2009,Kharif,Groundnut,673.9288708467546
Tamil Nadu,2015,Whole Year,Cashewnut,306.441214726008
Telangana,2014,Kharif,Cotton(lint),2154.8338018852323
Bihar,2009,Whole Year,Banana,25492.21590566682
Meghalaya,2013,Kharif,Tapioca,6030.011325028313
Himachal Pradesh,2011,Rabi,Gram,1003.2679738562091
Jharkhand,2024,Rabi,Peas & beans (Pulses),1702.689142831666
Nagaland,2010,Rabi,Gram,708.3333333333334
Tamil Nadu,2017,Whole Year,Sweet potato,26311.258278145695
Chhattisgarh,2014,Rabi,Castor seed,291.6666666666667
Mizoram,2005,Kharif,Cotton(lint),782.4675324675325
Uttar Pradesh,2011,Kharif,Dry chillies,830.0210779885576
Uttarakhand,2015,Kharif,Moth,533.3333333333334
Himachal Pradesh,2016,Kharif,Urad,403.55107409031126
Telangana,2015,Rabi,Garlic,3540.3508771929824
West Bengal,2006,Whole Year,Potato,12384.050634773166
Manipur,2025,Kharif,Cotton(lint),329.8000805044948
Gujarat,2007,Whole Year,Garlic,7118.834080717489
Uttarakhand,2008,Kharif,Bajra,950.0
Karnataka,2003,Kharif,Cotton(lint),835.6353852858144
Andhra Pradesh,2017,Kharif,Maize,4677.663223833849
Gujarat,2009,Whole Year,Banana,72647.05882352941
Madhya Pradesh,2021,Rabi,Masoor,898.839495701451
West Bengal,2004,Rabi,Linseed,268.796992481203
Tamil Nadu,2016,Whole Year,Turmeric,3619.5837407459144
Uttarakhand,2011,Kharif,Groundnut,1266.8863261943986
Telangana,2021,Rabi,Garlic,3558.0766440208427
Bihar,2024,Rabi,Wheat,2824.4160697005664
Bihar,2011,Kharif,Groundnut,1020.935960591133
Telangana,2023,Rabi,Sweet potato,14560.917550313785
Manipur,2012,Rabi,Wheat,2500.0
West Bengal,2021,Kharif,Niger seed,630.292415832168
Himachal Pradesh,2019,Whole Year,Sugarcane,22547.099189020588
West Bengal,2003,Rabi,Rapeseed &Mustard,927.9516462316539
Meghalaya,2024,Autumn,Rice,2573.270755754277
Odisha,2022,Whole Year,Tobacco,721.7496767575307
Kerala,2015,Whole Year,Cashewnut,573.9868145251875
Andhra Pradesh,2020,Kharif,Arhar/Tur,1178.8600030169243
West Bengal,2025,Autumn,Ragi,730.1711422751855
Uttar Pradesh,2013,Summer,Sunflower,1601.1432200698634
Assam,2025,Kharif,Arhar/Tur,1012.5077873387881
Haryana,2004,Kharif,Groundnut,724.287783679382
Chhattisgarh,2014,Rabi,Wheat,1485.740588206793
Puducherry,2009,Kharif,Groundnut,1880.0
Tamil Nadu,2012,Kharif,Cotton(lint),1775.8672083258812
Sikkim,2026,Kharif,Maize,2323.8374493250885
West Bengal,2021,Whole Year,Banana,34482.77429230153
Jharkhand,2026,Whole Year,Sugarcane,66196.6407587933
Chhattisgarh,2012,Kharif,Castor seed,333.3333333333333
Chhattisgarh,2021,Rabi,Masoor,324.8255931720973
Nagaland,2022,Kharif,Sugarcane,53620.68922013285
Gujarat,2026,Whole Year,Banana,89566.40545165136
Madhya Pradesh,2025,Kharif,Castor seed,404.2701693291802
Madhya Pradesh,2009,Whole Year,Masoor,523.9254445938086
Sikkim,2023,Kharif,Other Kharif pulses,970.5473411822261
Haryana,2022,Rabi,other oilseeds,1625.3546583720392
Rajasthan,2021,Kharif,Moong,832.5655795326822
Assam,2024,Kharif,Castor seed,789.4008266491257
Odisha,2021,Winter,Rapeseed &Mustard,326.20938711521
Himachal Pradesh,2001,Kharif,Rice,1705.3822956353392
Haryana,2014,Kharif,Sesamum,470.5882352941176
Karnataka,2016,Kharif,Horse-gram,301.2014293351341
Telangana,2021,Kharif,other oilseeds,48701.69080131433
Assam,2017,Kharif,Niger seed,564.343163538874
Punjab,2021,Whole Year,Sugarcane,90333.25962061004
Puducherry,2004,Whole Year,Cashewnut,646.7889908256881
Andhra Pradesh,2010,Kharif,Jowar,1000.0524824183898
Goa,2026,Whole Year,Banana,14925.876554068293
Jharkhand,2022,Kharif,Groundnut,1138.9128971471623
Karnataka,2014,Whole Year,Tapioca,8982.191780821919
Meghalaya,2012,Rabi,Small millets,866.3101604278074
West Bengal,2025,Rabi,Mustard,2015.0868280627556
Tamil Nadu,2002,Kharif,Jowar,668.4428063215136
Odisha,2025,Autumn,Maize,2463.687610959606
Bihar,2003,Kharif,Horse-gram,738.9951377633712
Rajasthan,2026,Kharif,Jowar,1834.9280811013864
Andhra Pradesh,2022,Kharif,Niger seed,411.35927412318966
Uttar Pradesh,2022,Kharif,Guar seed,796.0769800148038
Assam,2008,Rabi,Masoor,510.1721439749609
Chhattisgarh,2011,Kharif,Maize,1655.0006980965236
Tamil Nadu,2018,Whole Year,Banana,39802.18022259296
Nagaland,2024,Kharif,Peas & beans (Pulses),1296.7637438340748
Kerala,2021,Whole Year,Sugarcane,50284.70291129902
Manipur,2010,Kharif,Arhar/Tur,1036.734693877551
Chhattisgarh,2019,Kharif,Rice,2008.7489000291139
Maharashtra,2006,Kharif,Sunflower,528.830313014827
Haryana,2017,Rabi,Mustard,1642.6273578196751
Uttarakhand,2021,Kharif,Bajra,674.6293245469521
Karnataka,2023,Rabi,Wheat,1129.5595643167599
Himachal Pradesh,2004,Kharif,Ginger,7130.200685266765
Sikkim,2005,Kharif,Urad,3850.1291989664082
West Bengal,2014,Autumn,Rice,2596.0303561004084
Gujarat,2000,Whole Year,Tobacco,1691.3439635535308
Madhya Pradesh,2023,Rabi,Khesari,854.7741764540624
Kerala,2022,Whole Year,Arecanut,981.7950421684438
Karnataka,2015,Rabi,Linseed,120.94335819391252
Punjab,2006,Rabi,Mustard,1384.5476613057922
Assam,2021,Whole Year,Dry chillies,855.3766154698649
Punjab,2013,Kharif,Urad,477.27272727272725
Uttar Pradesh,2005,Whole Year,Dry chillies,919.3946263084206
Tamil Nadu,2004,Whole Year,Garlic,5941.309255079007
Uttarakhand,2014,Kharif,Soyabean,1330.0222799851467
Karnataka,2013,Rabi,Other  Rabi pulses,703.7079554586155
Chhattisgarh,2002,Rabi,Peas & beans (Pulses),343.15737624168787
Uttarakhand,2008,Kharif,Other Kharif pulses,767.2661870503597
Uttarakhand,2021,Whole Year,Sugarcane,69214.79010523972
Assam,2026,Whole Year,Ginger,9665.292991013825
Jammu and Kashmir,2010,Kharif,Tobacco,333.3333333333333
Rajasthan,2019,Rabi,Wheat,4286.841132879154
Telangana,2023,Kharif,Arhar/Tur,1354.5534471998346
Haryana,2025,Kharif,Rice,3590.9631807363853
Chhattisgarh,2011,Rabi,Linseed,388.269345364774
Manipur,2012,Kharif,Cowpea(Lobia),989.2857142857143
Punjab,2001,Rabi,Wheat,4531.87134502924
Meghalaya,2016,Rabi,Rapeseed &Mustard,933.5160373528217
Karnataka,2002,Kharif,Horse-gram,391.0045270646272
Arunachal Pradesh,2017,Kharif,Peas & beans (Pulses),966.7673716012084
Assam,2026,Whole Year,Onion,9101.912480774445
Andhra Pradesh,2024,Kharif,Urad,920.5009788916278
Haryana,2021,Kharif,Arhar/Tur,1247.4896986746933
Uttarakhand,2013,Kharif,Sunflower,975.0
Punjab,2022,Kharif,Cotton(lint),3748.1309364802682
Himachal Pradesh,2000,Kharif,Jowar,310.10452961672473
Uttarakhand,2015,Rabi,Other  Rabi pulses,1000.0
Karnataka,2019,Kharif,Onion,8080.597936950213
Nagaland,2026,Kharif,Jowar,765.5666716440197
Tripura,2019,Autumn,Rice,2756.155980721484
Assam,2017,Kharif,Small millets,584.3684311102618
Jammu and Kashmir,2023,Rabi,Other  Rabi pulses,639.8126131241794
Assam,2021,Whole Year,Tapioca,9627.778460395046
Puducherry,2018,Kharif,Arecanut,1500.0
Chhattisgarh,2024,Rabi,Linseed,286.94874412787425
Karnataka,2013,Whole Year,Tapioca,8744.81865284974
Puducherry,2010,Kharif,Sesamum,800.0
Madhya Pradesh,2012,Kharif,Small millets,387.1061776151102
Haryana,2022,Rabi,Masoor,1016.7125407550915
Rajasthan,2024,Rabi,Barley,3062.7713011049486
Uttarakhand,2001,Kharif,Urad,623.3036967711746
Uttarakhand,2026,Whole Year,Turmeric,3826.238260952472
West Bengal,2000,Rabi,Barley,524.3445692883895
Jammu and Kashmir,2012,Kharif,Groundnut,750.0
Uttarakhand,2024,Whole Year,Tobacco,150.42197583981465
Nagaland,2005,Kharif,Rice,1680.3858520900321
Sikkim,2014,Kharif,Small millets,1003.3783783783783
Andhra Pradesh,2007,Kharif,Other Kharif pulses,500.0
Mizoram,2014,Kharif,Cotton(lint),637.3626373626373
Chhattisgarh,2009,Rabi,Wheat,1089.4075831554649
Bihar,2001,Kharif,Urad,672.5588962237587
Jammu and Kashmir,2016,Kharif,Turmeric,1000.0
Tamil Nadu,2002,Whole Year,Mango,4464.286195115109
Maharashtra,2022,Whole Year,Mango,7050.627419983544
Gujarat,2017,Whole Year,Dry chillies,949.919224555735
Goa,2019,Kharif,Rice,2480.684937118512
Tripura,2016,Rabi,Wheat,2300.0
Goa,2012,Kharif,Rice,2598.912174052152
Kerala,2019,Whole Year,Rubber,1698.2181629962463
Andhra Pradesh,2026,Kharif,Maize,6075.56588638987
Jharkhand,2012,Rabi,Rapeseed &Mustard,889.5990976171453
Uttarakhand,2008,Kharif,Sunflower,945.9459459459459
Arunachal Pradesh,2019,Rabi,Masoor,784.1409691629956
Arunachal Pradesh,2025,Kharif,Peas & beans (Pulses),1869.2339059075384
Maharashtra,2022,Summer,Other Summer Pulses,283.2054922235878
West Bengal,2008,Kharif,Bajra,346.6666666666667
Gujarat,2026,Whole Year,Potato,29756.074549885332
Madhya Pradesh,2003,Kharif,Moong(Green Gram),242.59520451339915
Tamil Nadu,2023,Kharif,Cotton(lint),2332.92295587698
Bihar,2017,Kharif,Castor seed,1000.0
Meghalaya,2009,Rabi,Peas & beans (Pulses),1367.588932806324
Andhra Pradesh,2003,Kharif,Arhar/Tur,418.2398453741824
Mizoram,2022,Kharif,Soyabean,1326.3119621864016
Uttar Pradesh,2023,Summer,Sunflower,1207.02530263665
Maharashtra,2025,Rabi,Gram,1143.932047383366
West Bengal,2011,Rabi,Arhar/Tur,435.09615384615387
Uttar Pradesh,2014,Kharif,Sannhamp,384.407146724418
Meghalaya,2000,Kharif,Jute,8487.203791469194
Arunachal Pradesh,2018,Whole Year,Turmeric,4550.0
Telangana,2002,Kharif,Rice,2736.6737152677933
Bihar,2008,Rabi,Sunflower,1389.7152185742789
West Bengal,2005,Kharif,Jowar,390.5489923558026
Bihar,2000,Whole Year,Turmeric,972.4447292534444
Mizoram,2001,Rabi,Masoor,1266.6666666666667
Jammu and Kashmir,2007,Kharif,Rice,2132.4350607416636
Maharashtra,2017,Kharif,Urad,345.6530234442077
Rajasthan,2012,Kharif,Jowar,1479.1444764781081
Nagaland,2022,Kharif,Groundnut,962.0502909142155
Uttar Pradesh,2020,Kharif,Rice,3742.1876579775176
Uttar Pradesh,2001,Rabi,Barley,2333.427928407295
Karnataka,2021,Whole Year,Garlic,2885.213788985742
Uttar Pradesh,2018,Rabi,Potato,29850.789028332216
Assam,2000,Whole Year,Banana,13873.489443739127
Meghalaya,2008,Kharif,Sesamum,548.9833641404806
Gujarat,2006,Rabi,Other  Rabi pulses,730.4347826086956
Nagaland,2013,Rabi,Rapeseed &Mustard,1010.3016924208977
Uttarakhand,2011,Rabi,Barley,1263.0359212050985
Jammu and Kashmir,2022,Kharif,Bajra,452.57730680018693
Uttar Pradesh,2004,Rabi,Rapeseed &Mustard,992.4851286693392
Assam,2010,Rabi,Peas & beans (Pulses),596.6251506629168
Chhattisgarh,2006,Kharif,Sunflower,419.5287232404128
Manipur,2015,Rabi,Masoor,928.4649776453056
Gujarat,2008,Kharif,Tobacco,1424.7967479674796
Gujarat,2020,Kharif,Bajra,1699.4458930684204
Karnataka,2013,Kharif,Cowpea(Lobia),373.4302398593495
Karnataka,2017,Rabi,Other  Rabi pulses,731.8694019069633
Uttar Pradesh,2001,Kharif,Urad,407.98857986926373
Jharkhand,2017,Kharif,Arhar/Tur,1047.993439305415
Himachal Pradesh,2007,Kharif,Sugarcane,21669.26214312199
Punjab,2023,Kharif,Arhar/Tur,1068.9404371363385
Jharkhand,2003,Whole Year,Onion,8082.743106205733
Gujarat,2014,Whole Year,Potato,25667.410955804964
Madhya Pradesh,2021,Kharif,Cotton(lint),1441.23284120577
Tamil Nadu,2002,Whole Year,Ginger,16021.634615384615
Chhattisgarh,2022,Rabi,Khesari,737.23720037925
Karnataka,2008,Kharif,Sesamum,511.16762101219905
Meghalaya,2004,Rabi,Rapeseed &Mustard,664.2204375519246
Uttar Pradesh,2001,Kharif,Maize,1628.7344673082941
Himachal Pradesh,2009,Kharif,Turmeric,567.0103092783505
Haryana,2007,Rabi,Mustard,1448.86500656775
Chhattisgarh,2001,Kharif,Horse-gram,340.59000935972546
Uttar Pradesh,2019,Rabi,Tobacco,2806.2420967927346
Madhya Pradesh,2016,Rabi,Peas & beans (Pulses),1029.585798816568
West Bengal,2017,Autumn,Small millets,699.8420221169036
Chhattisgarh,2026,Whole Year,Bajra,7423.03535921155
Manipur,2025,Rabi,Peas & beans (Pulses),1120.8977847165906
Gujarat,2021,Kharif,Tobacco,2096.2942320484217
Madhya Pradesh,2001,Rabi,Mustard,1113.8156017679287
West Bengal,2008,Kharif,Urad,691.9754806352745
Andhra Pradesh,2012,Kharif,Ginger,3685.185185185185
Bihar,2022,Rabi,Barley,1601.1135857461024
Karnataka,2019,Kharif,Groundnut,893.7354719297143
Chhattisgarh,2004,Whole Year,Sugarcane,2429.8375184638107
Manipur,2018,Whole Year,Dry chillies,7702.857142857143
Odisha,2021,Rabi,Linseed,526.6919550967821
Nagaland,2025,Kharif,Ragi,1140.6921720842483
Goa,2001,Whole Year,Sugarcane,58560.16597510374
Telangana,2002,Whole Year,Sugarcane,59322.39825938108
Madhya Pradesh,2022,Kharif,Mesta,248.89203106533853
Gujarat,2026,Rabi,Rapeseed &Mustard,2194.854864908976
Delhi,2023,Kharif,Barley,4203.508771929824
Haryana,2005,Kharif,Maize,2060.7934054611023
Mizoram,2001,Whole Year,Tobacco,767.1232876712329
Manipur,2007,Whole Year,Onion,2127.659574468085
Madhya Pradesh,2021,Kharif,Other Kharif pulses,666.3939061691439
Karnataka,2012,Kharif,Potato,6385.846086256132
Meghalaya,2019,Rabi,Cashewnut,1417.8206475026263
Gujarat,2000,Kharif,Jowar,630.8671439936356
Uttar Pradesh,2017,Kharif,Sannhamp,192.81663516068053
Meghalaya,2000,Kharif,Sesamum,526.9552012148823
Haryana,2024,Kharif,Sesamum,789.2974386160163
West Bengal,2008,Kharif,Ginger,2141.0475249303745
Maharashtra,2023,Rabi,Wheat,1623.5359657453384
Puducherry,2019,Kharif,Ragi,2406.25
Tamil Nadu,2018,Rabi,Other  Rabi pulses,773.1323153990655
Andhra Pradesh,2000,Whole Year,Potato,5873.041382081157
Andhra Pradesh,2022,Whole Year,Potato,11257.140534906626
Puducherry,2021,Kharif,Banana,20637.47625310536
Mizoram,2004,Rabi,Wheat,1333.3333333333333
Telangana,2013,Kharif,Horse-gram,621.301775147929
Kerala,2023,Whole Year,Cashewnut,215.8324728307953
Andhra Pradesh,2026,Kharif,Turmeric,6563.854812953826
Andhra Pradesh,2005,Kharif,Horse-gram,495.7152938804315
Tripura,2015,Kharif,Cotton(lint),1509.9557522123894
Gujarat,2016,Whole Year,Potato,25657.06669843492
Tripura,2007,Rabi,Peas & beans (Pulses),704.9689440993789
West Bengal,2001,Kharif,Soyabean,596.8992248062016
Maharashtra,2015,Kharif,Jowar,592.944587628866
Bihar,2018,Autumn,Rice,1382.3028202059754
Telangana,2016,Kharif,Soyabean,1165.8042329764269
Odisha,2026,Whole Year,Tobacco,837.0497623219559
Karnataka,2025,Kharif,Cotton(lint),2056.755756105438
Goa,2008,Kharif,Other Kharif pulses,453.6082474226804
Gujarat,2010,Whole Year,Onion,27539.493293591655
Odisha,2004,Autumn,Maize,1617.8354801335786
Goa,2000,Kharif,Other Kharif pulses,483.0769230769231
Odisha,2021,Autumn,Sesamum,323.8927485968383
Telangana,2014,Rabi,Masoor,388.8888888888889
Jammu and Kashmir,2000,Whole Year,Onion,2205.4794520547944
Meghalaya,2007,Kharif,Small millets,855.7289684050247
Assam,2000,Kharif,Small millets,510.8110659994335
Mizoram,2016,Whole Year,Sugarcane,31821.158690176322
Uttarakhand,2009,Kharif,Other Cereals,387.5763206795859
Kerala,2000,Whole Year,Cashewnut,718.3734612796075
Haryana,2026,Whole Year,Potato,24668.840003964695
Sikkim,2017,Kharif,Urad,928.2527881040892
Karnataka,2019,Whole Year,Sannhamp,594.9062950504565
Odisha,2004,Rabi,Sunflower,771.3116917392451
Madhya Pradesh,2006,Kharif,Soyabean,1019.0000628837641
Haryana,2009,Rabi,Peas & beans (Pulses),969.1096305269533
Jharkhand,2001,Whole Year,Sugarcane,65367.7855934507
Uttar Pradesh,2002,Whole Year,Sannhamp,315.42114471382155
Telangana,2017,Kharif,Gram,1000.0
Chhattisgarh,2016,Kharif,Potato,4539.3419170243205
Rajasthan,2017,Kharif,Maize,3885.23012620056
Uttar Pradesh,2024,Kharif,Sweet potato,12132.902019557509
Karnataka,2002,Kharif,Maize,2013.3624555261608
Chhattisgarh,2017,Whole Year,Garlic,2789.655172413793
Puducherry,2017,Rabi,Other Cereals,1600.0
Jammu and Kashmir,2024,Kharif,Urad,331.7993372512322
Himachal Pradesh,2018,Whole Year,Sugarcane,24314.195583596214
Mizoram,2012,Kharif,Sesamum,727.403156384505
Gujarat,2014,Kharif,Tobacco,1878.3750103846473
Karnataka,2012,Whole Year,Mango,6425.334497065074
Kerala,2008,Whole Year,Cardamom,205.58815042800808
West Bengal,2002,Whole Year,Turmeric,1819.6232205268093
Uttarakhand,2006,Kharif,Sunflower,1212.7659574468084
Nagaland,2015,Kharif,Horse-gram,1061.2244897959183
Arunachal Pradesh,2022,Rabi,Rapeseed &Mustard,1342.3532059117274
Nagaland,2017,Kharif,Sunflower,885.7142857142857
Puducherry,2009,Kharif,Cashewnut,853.8011695906433
Chhattisgarh,2022,Kharif,Niger seed,812.5776254249438
Maharashtra,2003,Whole Year,Mango,6161.1460266168215
Telangana,2021,Kharif,Sunflower,2548.7904728172625
Puducherry,2021,Kharif,Bajra,2971.0711493354183
Madhya Pradesh,2018,Rabi,Rapeseed &Mustard,1471.1613896361089
Gujarat,2016,Whole Year,Dry chillies,1033.4739420329297
Himachal Pradesh,2012,Kharif,Peas & beans (Pulses),1292.5416364952932
Telangana,2025,Rabi,Wheat,964.8769011007479
Uttar Pradesh,2019,Rabi,Onion,14260.013635588886
West Bengal,2014,Rabi,Arhar/Tur,1435.8223523670083
Gujarat,2013,Whole Year,Dry chillies,1034.2684093082562
Assam,2007,Whole Year,Dry chillies,629.4019005030743
Haryana,2017,Whole Year,Sugarcane,84497.82419495213
Chhattisgarh,2008,Rabi,Safflower,256.3758389261745
Madhya Pradesh,2017,Whole Year,Coriander,1395.6378593646614
Puducherry,2022,Kharif,Jowar,2677.165354330709
Himachal Pradesh,2008,Kharif,Other Kharif pulses,320.1672862453532
Chhattisgarh,2023,Kharif,Moong(Green Gram),378.0726143994005
Goa,2010,Kharif,Ragi,886.6666666666666
Assam,2007,Kharif,Jute,10975.919922462484
Chhattisgarh,2023,Kharif,Niger seed,809.5115166562464
Madhya Pradesh,2019,Whole Year,Potato,22809.915939574144
Kerala,2016,Whole Year,Jowar,785.7142857142857
Uttar Pradesh,2007,Kharif,Jowar,816.5044415044415
Manipur,2010,Whole Year,Dry chillies,7510.47503045067
Karnataka,2026,Rabi,Other  Rabi pulses,911.1588659027037
Andhra Pradesh,2015,Whole Year,Mango,7510.205858862569
Uttarakhand,2000,Kharif,Horse-gram,519.0285156673533
Goa,2024,Whole Year,Banana,13760.752728945787
Meghalaya,2018,Rabi,Linseed,595.7446808510638
Gujarat,2000,Whole Year,Potato,21832.317073170732
Mizoram,2025,Rabi,Other  Rabi pulses,1340.2950278236494
Gujarat,2015,Whole Year,Banana,72350.0961577806
Punjab,2025,Rabi,Linseed,318.6662412252712
Madhya Pradesh,2018,Rabi,Wheat,3273.441378148348
Punjab,2025,Rabi,Sunflower,1925.8422143310447
Tamil Nadu,2019,Kharif,Bajra,2784.5838800747547
Assam,2021,Rabi,Linseed,656.055727378333
West Bengal,2015,Rabi,Potato,19791.104970007695
Punjab,2021,Kharif,Rice,4731.005262493011
Odisha,2024,Kharif,Bajra,684.9684207890734
Madhya Pradesh,2016,Kharif,Maize,3401.8987341772154
Telangana,2024,Kharif,Maize,6459.895641290648
Maharashtra,2017,Kharif,Jowar,968.0664003764387
Telangana,2015,Rabi,Masoor,347.82608695652175
Andhra Pradesh,2024,Rabi,Other  Rabi pulses,1670.126058188076
Kerala,2022,Kharif,Jowar,851.6302985549858
Uttar Pradesh,2010,Kharif,Dry chillies,875.0091421048783
Tripura,2025,Rabi,other oilseeds,769.3906822523794
Uttarakhand,2009,Kharif,Potato,10261.11711004221
Arunachal Pradesh,2026,Kharif,Rice,1732.825637815567
Bihar,2019,Rabi,Other  Rabi pulses,1004.582951420715
Nagaland,2008,Kharif,Soyabean,1498.9783408255007
Assam,2000,Whole Year,Onion,2331.295012909363
Haryana,2022,Kharif,Sesamum,759.0732723665989
Haryana,2026,Whole Year,Sannhamp,105.14349534313236
Haryana,2008,Kharif,Sesamum,356.7508232711306
Maharashtra,2006,Kharif,Maize,1995.3684210526317
Assam,2022,Rabi,Other  Rabi pulses,752.7503124708303
Nagaland,2014,Rabi,Wheat,1824.1042345276874
Jammu and Kashmir,2023,Rabi,Onion,1206.7189178939384
Chhattisgarh,2013,Kharif,Rice,1781.1499350130061
Bihar,2000,Rabi,Wheat,2146.706892406787
Maharashtra,2024,Rabi,Rapeseed &Mustard,444.317737911163
Gujarat,2017,Kharif,Soyabean,940.6704790603706
Maharashtra,2023,Whole Year,Sugarcane,67404.5983388747
Uttarakhand,2018,Whole Year,Tobacco,2000.0
Tripura,2014,Kharif,Jute,8560.0
Goa,2013,Kharif,Groundnut,2413.7055837563453
Bihar,2024,Whole Year,Ginger,1929.1321412996074
Delhi,2021,Kharif,Other Kharif pulses,2429.267658717266
Andhra Pradesh,2026,Kharif,Bajra,2300.258716331825
Mizoram,2005,Kharif,Groundnut,800.0
Karnataka,2022,Whole Year,Cashewnut,1299.9210999984894
Jammu and Kashmir,2021,Kharif,Sugarcane,991.8433056077274
Meghalaya,2002,Whole Year,Dry chillies,625.3398586188146
Karnataka,2025,Whole Year,Banana,31435.955003304807
Nagaland,2004,Whole Year,Potato,6909.090909090909
Rajasthan,2022,Rabi,Barley,2657.383159057975
Uttar Pradesh,2014,Rabi,Masoor,536.7717723544572
Assam,2008,Autumn,Rice,1066.622177733289
Uttar Pradesh,2020,Rabi,Mustard,1565.3215781487386
Tamil Nadu,2011,Whole Year,Turmeric,5478.586086904797
Madhya Pradesh,2003,Kharif,Bajra,1399.0008202222057
Karnataka,2024,Kharif,Potato,14777.627376542341
Jharkhand,2024,Kharif,Jowar,973.436923113569
Odisha,2004,Whole Year,Tobacco,682.1428571428571
West Bengal,2006,Kharif,Jowar,434.40860215053766
Tamil Nadu,2009,Whole Year,Gram,611.1410118406889
West Bengal,2001,Autumn,Rice,2072.7436495887246
Uttarakhand,2024,Rabi,Wheat,2350.4251697872132
Haryana,2023,Kharif,Maize,3477.6945154689715
Uttar Pradesh,2014,Kharif,Small millets,740.8594319009468
Nagaland,2026,Kharif,Maize,2055.557136107094
Madhya Pradesh,2025,Whole Year,Potato,22711.656765221105
Assam,2017,Rabi,Mustard,1758.9297660866594
Manipur,2006,Rabi,Rapeseed &Mustard,500.0
Jammu and Kashmir,2023,Rabi,Peas & beans (Pulses),2963.2194921634386
Punjab,2003,Whole Year,Guar seed,703.8961038961039
Goa,2019,Whole Year,Cashewnut,506.9410014873575
Tamil Nadu,2019,Whole Year,Black pepper,214.80263157894737
Telangana,2000,Kharif,Jowar,873.9132399421679
Sikkim,2005,Rabi,Wheat,1611.4982578397212
Delhi,2026,Kharif,Other Kharif pulses,2719.1861764987707
Maharashtra,2010,Kharif,Maize,3023.405420202573
Chhattisgarh,2002,Kharif,Small millets,156.3842511932371
Haryana,2000,Rabi,Barley,2674.766524616919
Maharashtra,2001,Rabi,Other  Rabi pulses,488.5496183206107
Bihar,2015,Rabi,Rapeseed &Mustard,1052.8123849783062
Madhya Pradesh,2025,Whole Year,Sweet potato,20564.14149762675
Meghalaya,2015,Rabi,Sesamum,968.218442256043
Meghalaya,2021,Rabi,Peas & beans (Pulses),2247.979425119305
Madhya Pradesh,2016,Rabi,Mustard,1608.4841147091165
Uttar Pradesh,2012,Rabi,Potato,24352.00489354709
Maharashtra,2023,Kharif,Urad,439.426024426998
Tripura,2019,Kharif,Cotton(lint),1497.3684210526317
Tripura,2022,Kharif,Moong(Green Gram),529.581159098479
Jammu and Kashmir,2005,Kharif,Tobacco,500.0
Karnataka,2008,Kharif,Horse-gram,452.281630492324
Chhattisgarh,2003,Rabi,Khesari,604.9994250292367
Gujarat,2018,Kharif,Groundnut,1368.347365759858
Chhattisgarh,2002,Rabi,Masoor,308.9539302620175
West Bengal,2015,Kharif,Mesta,11698.048832498134
Puducherry,2012,Kharif,Sweet potato,12000.0
Sikkim,2022,Kharif,other oilseeds,1823.343395141584
Uttar Pradesh,2012,Kharif,Sesamum,186.57817109144543
Madhya Pradesh,2021,Kharif,Small millets,871.6653590150037
Madhya Pradesh,2019,Whole Year,Sweet potato,15381.651817962918
Tamil Nadu,2026,Whole Year,Mango,8476.000437514465
Rajasthan,2010,Rabi,Mustard,1334.2452590501416
Kerala,2025,Whole Year,Onion,10.042681395932714
Gujarat,2023,Whole Year,Sugarcane,49057.23171235649
Rajasthan,2012,Rabi,Wheat,3898.7334827187724
Uttarakhand,2026,Kharif,Arhar/Tur,989.1293208781681
Chhattisgarh,2014,Kharif,Horse-gram,315.7618732757245
Maharashtra,2006,Whole Year,Sugarcane,78083.64750235627
Andhra Pradesh,2015,Kharif,Linseed,482.6254826254826
Chhattisgarh,2012,Kharif,Cotton(lint),1053.4351145038167
Rajasthan,2000,Rabi,Coriander,628.0730994876069
Karnataka,2004,Whole Year,Arecanut,1333.1194888680864
Mizoram,2011,Kharif,Tapioca,3309.462915601023
Assam,2012,Whole Year,Ginger,7913.92511065917
Jharkhand,2024,Kharif,Soyabean,733.1452987854932
Uttar Pradesh,2009,Kharif,Small millets,509.27924039706517
Haryana,2024,Kharif,Bajra,2240.42802828595
Arunachal Pradesh,2024,Kharif,Sunflower,1004.0149598504014
Chhattisgarh,2013,Rabi,Peas & beans (Pulses),361.96411141977626
Chhattisgarh,2018,Whole Year,Sugarcane,2159.428663877782
Assam,2005,Whole Year,Banana,13765.887483022374
Tripura,2023,Kharif,Other Kharif pulses,969.1419969894631
West Bengal,2023,Kharif,Sunflower,1323.2688900870369
Sikkim,2003,Kharif,Maize,1554.4959128065395
Bihar,2001,Rabi,Gram,948.3816847256204
Madhya Pradesh,2005,Rabi,Masoor,503.2134107604929
Puducherry,2018,Kharif,Sweet potato,8000.0
Puducherry,2002,Whole Year,Banana,29069.343065693432
Gujarat,2016,Whole Year,Banana,81833.40350877192
Karnataka,2013,Whole Year,Banana,33715.33979391805
Manipur,2009,Kharif,Urad,822.7146814404432
Uttar Pradesh,2021,Kharif,Moth,704.8040229680089
Telangana,2019,Kharif,Tobacco,3072.901325478645
Andhra Pradesh,2013,Whole Year,Mango,7003.975375012842
Karnataka,2021,Kharif,Sunflower,893.958340698473
Chhattisgarh,2014,Kharif,Other Kharif pulses,183.48900271166013
Goa,2025,Kharif,Ragi,956.8404242250522
Maharashtra,2019,Rabi,Wheat,1696.782769533523
Uttar Pradesh,2006,Kharif,Groundnut,722.8685449279977
Jharkhand,2018,Rabi,Peas & beans (Pulses),1253.4365300116901
Uttar Pradesh,2013,Rabi,Masoor,690.5984009402044
Nagaland,2009,Kharif,Urad,666.6666666666666
Tamil Nadu,2010,Kharif,Arhar/Tur,662.0514111493385
Manipur,2004,Whole Year,Banana,12860.46511627907
Kerala,2023,Whole Year,Arhar/Tur,1607.6471068309802
Chhattisgarh,2010,Whole Year,Garlic,2367.497691597415
Manipur,2009,Kharif,Groundnut,589.4736842105264
Meghalaya,2004,Kharif,Arhar/Tur,787.3134328358209
Karnataka,2011,Whole Year,Cashewnut,800.8232407187525
Maharashtra,2001,Kharif,Ragi,1205.0431320504313
Maharashtra,2024,Kharif,Groundnut,1362.7795802985465
Madhya Pradesh,2007,Rabi,Wheat,1645.585366646916
Delhi,2015,Kharif,Maize,5117.64705882353
Bihar,2025,Whole Year,Turmeric,1066.9141983619434
Madhya Pradesh,2025,Kharif,Jute,2041.3055656747167
Haryana,2018,Rabi,Mustard,1484.7046712092313
Uttarakhand,2013,Kharif,other oilseeds,590.1639344262295
Madhya Pradesh,2004,Kharif,Niger seed,237.50677174368568
Assam,2011,Rabi,Masoor,523.3321504613201
Punjab,2003,Whole Year,Sugarcane,53821.13821138212
Haryana,2006,Whole Year,Potato,24941.52502728832
Bihar,2011,Kharif,Moong(Green Gram),607.5491209927611
Mizoram,2018,Kharif,Rapeseed &Mustard,600.0
Andhra Pradesh,2010,Whole Year,Tapioca,6585.737615677735
Tamil Nadu,2021,Kharif,Maize,7874.703043550052
Odisha,2024,Kharif,Arhar/Tur,1016.7017591207128
West Bengal,2001,Kharif,Arhar/Tur,829.8628745556119
Manipur,2007,Kharif,Peas & beans (Pulses),509.8335854765507
Rajasthan,2016,Kharif,Moong,751.7089143697121
Meghalaya,2010,Autumn,Rice,1303.5955331942569
Madhya Pradesh,2024,Kharif,Niger seed,353.1203400389512
Jammu and Kashmir,2018,Kharif,Ragi,528.3018867924528
Andhra Pradesh,2003,Kharif,Bajra,1102.0605079681275
Uttar Pradesh,2001,Whole Year,Tobacco,6811.602265830467
Gujarat,2023,Kharif,Bajra,2641.371717835589
Himachal Pradesh,2004,Whole Year,Potato,9986.088600756348
Jharkhand,2004,Autumn,Maize,1451.4079522013906
Chhattisgarh,2025,Rabi,Khesari,763.7492020732362
Delhi,2000,Rabi,Gram,160.0
Madhya Pradesh,2014,Kharif,Jowar,1690.909090909091
Karnataka,2005,Whole Year,Tapioca,8315.101070154578
Gujarat,2018,Rabi,Gram,1358.0952160690126
Uttar Pradesh,2015,Rabi,Lentil,952.9351986561454
Telangana,2024,Whole Year,Mango,8907.796243828825
Karnataka,2024,Kharif,Dry chillies,2251.0517463584556
Jammu and Kashmir,2017,Kharif,Maize,1805.4218619841595
Madhya Pradesh,2001,Whole Year,Onion,14077.980656633561
Telangana,2015,Kharif,Rice,2934.40877879775
Chhattisgarh,2021,Whole Year,Coriander,326.47214054135566
Andhra Pradesh,2016,Kharif,Cashewnut,431.5512896133841
Kerala,2012,Whole Year,Rubber,1472.3098775521858
Rajasthan,2015,Rabi,Mustard,1579.2231007166524
Rajasthan,2013,Rabi,Gram,995.5370764350866
Chhattisgarh,2019,Kharif,Other Kharif pulses,278.4239259435082
Assam,2002,Whole Year,Potato,7814.906075298731
Maharashtra,2001,Kharif,Soyabean,1253.9596343560504
Puducherry,2008,Kharif,Cashewnut,994.2528735632184
Punjab,2007,Kharif,Cotton(lint),3899.0066225165565
Jammu and Kashmir,2010,Kharif,Sugarcane,1500.0
Telangana,2015,Rabi,Rapeseed &Mustard,1219.7802197802198
Bihar,2021,Rabi,Wheat,3186.681856754676
Haryana,2016,Kharif,Urad,454.54545454545456
Arunachal Pradesh,2022,Kharif,Peas & beans (Pulses),1786.8255591538361
Meghalaya,2018,Summer,Potato,11379.664253321664
Himachal Pradesh,2009,Whole Year,Sugarcane,20859.69868173258
Tamil Nadu,2015,Kharif,Moong(Green Gram),792.8053379750507
West Bengal,2008,Whole Year,Turmeric,2324.65825446898
West Bengal,2023,Kharif,Soyabean,1070.5900117020874
Chhattisgarh,2001,Rabi,Masoor,323.7175467201806
Tamil Nadu,2016,Kharif,Arhar/Tur,655.1096181046676
Jammu and Kashmir,2026,Rabi,Peas & beans (Pulses),3115.021362716438
Uttarakhand,2022,Rabi,Barley,1460.6246174433031
Kerala,2022,Whole Year,Rubber,1618.2250253216935
Madhya Pradesh,2023,Kharif,Castor seed,393.7785924140766
Andhra Pradesh,2009,Kharif,Soyabean,823.9814198699903
Uttarakhand,2010,Rabi,Other  Rabi pulses,575.7575757575758
Punjab,2018,Kharif,Groundnut,2000.0
Nagaland,2025,Rabi,Urad,770.1760059130596
Tripura,2001,Rabi,Wheat,2012.295081967213
Rajasthan,2020,Kharif,Jowar,1503.0800790181588
Maharashtra,2011,Kharif,Niger seed,306.6844919786096
Andhra Pradesh,2006,Whole Year,Arecanut,690.1960784313726
Telangana,2015,Rabi,Safflower,669.5201037613489
Karnataka,2018,Rabi,Linseed,206.57276995305165
Meghalaya,2016,Rabi,Masoor,1103.035143769968
Assam,2004,Kharif,Sesamum,569.8001367885098
Karnataka,2007,Kharif,Small millets,492.46076233183857
Andhra Pradesh,2016,Kharif,Soyabean,922.2929936305733
Mizoram,2003,Kharif,Soyabean,992.4165824064712
Karnataka,2006,Whole Year,Potato,8852.226465111875
Karnataka,2009,Kharif,Potato,6185.726903373962
Haryana,2013,Kharif,Castor seed,1000.0
Gujarat,2006,Kharif,Arhar/Tur,838.3956386292834
Andhra Pradesh,2010,Kharif,Small millets,950.3566333808844
Assam,2016,Whole Year,Banana,17351.784191937644
Haryana,2003,Kharif,Bajra,1419.1858295984232
Jharkhand,2024,Rabi,Arhar/Tur,2109.8659862538216
Nagaland,2016,Kharif,Jute,1905.5374592833875
Odisha,2026,Kharif,Arhar/Tur,1146.5245868765485
Rajasthan,2018,Kharif,Groundnut,1743.2174504725351
Maharashtra,2021,Whole Year,Banana,31836.724717371544
Andhra Pradesh,2025,Rabi,Other  Rabi pulses,1939.0586124923539
Odisha,2005,Autumn,Maize,1522.8404724633556
Tripura,2016,Kharif,Urad,577.6061776061777
Haryana,2011,Rabi,Barley,3616.76821127752
Tamil Nadu,2025,Whole Year,Potato,23383.882918762134
Mizoram,2002,Whole Year,Sugarcane,5432.846715328467
Meghalaya,2012,Kharif,Tapioca,5970.098334336745
Assam,2019,Kharif,Castor seed,461.2299465240642
Nagaland,2022,Rabi,Masoor,847.5323201333593
Karnataka,2021,Rabi,Wheat,932.6069779765862
Karnataka,2019,Whole Year,Mango,7366.620596421564
Madhya Pradesh,2019,Kharif,Niger seed,333.3333333333333
