Unnamed: 0, Area , Item          , Year, hg/ha_yield, average_rain_fall_mm_per_year, pesticides_tonnes, avg_temp, kg_per_ha_yield
     10502, India, Cassava       , 1990,      205381,                        1083.0,          75000.0 ,    25.58,         20538.1
     10503, India, Cassava       , 1990,      205381,                        1083.0,          75000.0 ,    26.88,         20538.1
     10504, India, Cassava       , 1990,      205381,                        1083.0,          75000.0 ,    25.79,         20538.1
     10505, India, Cassava       , 1990,      205381,                        1083.0,          75000.0 ,    24.1 ,         20538.1
     10506, India, Cassava       , 1990,      205381,                        1083.0,          75000.0 ,    25.25,         20538.1
     10507, India, Cassava       , 1990,      205381,                        1083.0,          75000.0 ,    25.44,         20538.1
     10508, India, Cassava       , 1990,      205381,                        1083.0,          75000.0 ,    25.54,         20538.1
     10509, India, Cassava       , 1990,      205381,                        1083.0,          75000.0 ,    26.36,         20538.1
     10510, India, Cassava       , 1990,      205381,                        1083.0,          75000.0 ,    26.91,         20538.1
     10511, India, Cassava       , 1990,      205381,                        1083.0,          75000.0 ,    25.16,         20538.1
     10512, India, Cassava       , 1990,      205381,                        1083.0,          75000.0 ,    25.77,         20538.1
     10513, India, Cassava       , 1990,      205381,                        1083.0,          75000.0 ,    25.12,         20538.1
     10514, India, Cassava       , 1990,      205381,                        1083.0,          75000.0 ,    24.1 ,         20538.1
     10515, India, Cassava       , 1990,      205381,                        1083.0,          75000.0 ,    25.68,         20538.1
     10516, India, Cassava       , 1990,      205381,                        1083.0,          75000.0 ,    25.54,         20538.1
     10517, India, Cassava       , 1990,      205381,                        1083.0,          75000.0 ,    25.44,         20538.1
     10518, India, Cassava       , 1990,      205381,                        1083.0,          75000.0 ,    24.78,         20538.1
     10519, India, Cassava       , 1990,      205381,                        1083.0,          75000.0 ,    26.59,         20538.1
     10520, India, Cassava       , 1990,      205381,                        1083.0,          75000.0 ,    24.37,         20538.1
     10521, India, Cassava       , 1990,      205381,                        1083.0,          75000.0 ,    26.63,         20538.1
     10522, India, Cassava       , 1990,      205381,                        1083.0,          75000.0 ,    26.63,         20538.1
     10523, India, Cassava       , 1990,      205381,                        1083.0,          75000.0 ,    25.64,         20538.1
     10524, India, Maize         , 1990,       15178,                        1083.0,          75000.0 ,    25.58,          1517.8
     10525, India, Maize         , 1990,       15178,                        1083.0,          75000.0 ,    26.88,          1517.8
     10526, India, Maize         , 1990,       15178,                        1083.0,          75000.0 ,    25.79,          1517.8
     10527, India, Maize         , 1990,       15178,                        1083.0,          75000.0 ,    24.1 ,          1517.8
     10528, India, Maize         , 1990,       15178,                        1083.0,          75000.0 ,    25.25,          1517.8
     10529, India, Maize         , 1990,       15178,                        1083.0,          75000.0 ,    25.44,          1517.8
     10530, India, Maize         , 1990,       15178,                        1083.0,          75000.0 ,    25.54,          1517.8
     10531, India, Maize         , 1990,       15178,                        1083.0,          75000.0 ,    26.36,          1517.8
     10532, India, Maize         , 1990,       15178,                        1083.0,          75000.0 ,    26.91,          1517.8
     10533, India, Maize         , 1990,       15178,                        1083.0,          75000.0 ,    25.16,          1517.8
     10534, India, Maize         , 1990,       15178,                        1083.0,          75000.0 ,    25.77,          1517.8
     10535, India, Maize         , 1990,       15178,                        1083.0,          75000.0 ,    25.12,          1517.8
     10536, India, Maize         , 1990,       15178,                        1083.0,          75000.0 ,    24.1 ,          1517.8
     10537, India, Maize         , 1990,       15178,                        1083.0,          75000.0 ,    25.68,          1517.8
     10538, India, Maize         , 1990,       15178,                        1083.0,          75000.0 ,    25.54,          1517.8
     10539, India, Maize         , 1990,       15178,                        1083.0,          75000.0 ,    25.44,          1517.8
     10540, India, Maize         , 1990,       15178,                        1083.0,          75000.0 ,    24.78,          1517.8
     10541, India, Maize         , 1990,       15178,                        1083.0,          75000.0 ,    26.59,          1517.8
     10542, India, Maize         , 1990,       15178,                        1083.0,          75000.0 ,    24.37,          1517.8
     10543, India, Maize         , 1990,       15178,                        1083.0,          75000.0 ,    26.63,          1517.8
     10544, India, Maize         , 1990,       15178,                        1083.0,          75000.0 ,    26.63,          1517.8
     10545, India, Maize         , 1990,       15178,                        1083.0,          75000.0 ,    25.64,          1517.8
     10546, India, Potatoes      , 1990,      157136,                        1083.0,          75000.0 ,    25.58,         15713.6
     10547, India, Potatoes      , 1990,      157136,                        1083.0,          75000.0 ,    26.88,         15713.6
     10548, India, Potatoes      , 1990,      157136,                        1083.0,          75000.0 ,    25.79,         15713.6
     10549, India, Potatoes      , 1990,      157136,                        1083.0,          75000.0 ,    24.1 ,         15713.6
     10550, India, Potatoes      , 1990,      157136,                        1083.0,          75000.0 ,    25.25,         15713.6
     10551, India, Potatoes      , 1990,      157136,                        1083.0,          75000.0 ,    25.44,         15713.6
     10552, India, Potatoes      , 1990,      157136,                        1083.0,          75000.0 ,    25.54,         15713.6
     10553, India, Potatoes      , 1990,      157136,                        1083.0,          75000.0 ,    26.36,         15713.6
     10554, India, Potatoes      , 1990,      157136,                        1083.0,          75000.0 ,    26.91,         15713.6
     10555, India, Potatoes      , 1990,      157136,                        1083.0,          75000.0 ,    25.16,         15713.6
     10556, India, Potatoes      , 1990,      157136,                        1083.0,          75000.0 ,    25.77,         15713.6
     10557, India, Potatoes      , 1990,      157136,                        1083.0,          75000.0 ,    25.12,         15713.6
     10558, India, Potatoes      , 1990,      157136,                        1083.0,          75000.0 ,    24.1 ,         15713.6
     10559, India, Potatoes      , 1990,      157136,                        1083.0,          75000.0 ,    25.68,         15713.6
     10560, India, Potatoes      , 1990,      157136,                        1083.0,          75000.0 ,    25.54,         15713.6
     10561, India, Potatoes      , 1990,      157136,                        1083.0,          75000.0 ,    25.44,         15713.6
     10562, India, Potatoes      , 1990,      157136,                        1083.0,          75000.0 ,    24.78,         15713.6
     10563, India, Potatoes      , 1990,      157136,                        1083.0,          75000.0 ,    26.59,         15713.6
     10564, India, Potatoes      , 1990,      157136,                        1083.0,          75000.0 ,    24.37,         15713.6
     10565, India, Potatoes      , 1990,      157136,                        1083.0,          75000.0 ,    26.63,         15713.6
     10566, India, Potatoes      , 1990,      157136,                        1083.0,          75000.0 ,    26.63,         15713.6
     10567, India, Potatoes      , 1990,      157136,                        1083.0,          75000.0 ,    25.64,         15713.6
     10568, India, "Rice, paddy" , 1990,       26125,                        1083.0,          75000.0 ,    25.58,          2612.5
     10569, India, "Rice, paddy" , 1990,       26125,                        1083.0,          75000.0 ,    26.88,          2612.5
     10570, India, "Rice, paddy" , 1990,       26125,                        1083.0,          75000.0 ,    25.79,          2612.5
     10571, India, "Rice, paddy" , 1990,       26125,                        1083.0,          75000.0 ,    24.1 ,          2612.5
     10572, India, "Rice, paddy" , 1990,       26125,                        1083.0,          75000.0 ,    25.25,          2612.5
     10573, India, "Rice, paddy" , 1990,       26125,                        1083.0,          75000.0 ,    25.44,          2612.5
     10574, India, "Rice, paddy" , 1990,       26125,                        1083.0,          75000.0 ,    25.54,          2612.5
     10575, India, "Rice, paddy" , 1990,       26125,                        1083.0,          75000.0 ,    26.36,          2612.5
     10576, India, "Rice, paddy" , 1990,       26125,                        1083.0,          75000.0 ,    26.91,          2612.5
     10577, India, "Rice, paddy" , 1990,       26125,                        1083.0,          75000.0 ,    25.16,          2612.5
     10578, India, "Rice, paddy" , 1990,       26125,                        1083.0,          75000.0 ,    25.77,          2612.5
     10579, India, "Rice, paddy" , 1990,       26125,                        1083.0,          75000.0 ,    25.12,          2612.5
     10580, India, "Rice, paddy" , 1990,       26125,                        1083.0,          75000.0 ,    24.1 ,          2612.5
     10581, India, "Rice, paddy" , 1990,       26125,                        1083.0,          75000.0 ,    25.68,          2612.5
     10582, India, "Rice, paddy" , 1990,       26125,                        1083.0,          75000.0 ,    25.54,          2612.5
     10583, India, "Rice, paddy" , 1990,       26125,                        1083.0,          75000.0 ,    25.44,          2612.5
     10584, India, "Rice, paddy" , 1990,       26125,                        1083.0,          75000.0 ,    24.78,          2612.5
     10585, India, "Rice, paddy" , 1990,       26125,                        1083.0,          75000.0 ,    26.59,          2612.5
     10586, India, "Rice, paddy" , 1990,       26125,                        1083.0,          75000.0 ,    24.37,          2612.5
     10587, India, "Rice, paddy" , 1990,       26125,                        1083.0,          75000.0 ,    26.63,          2612.5
     10588, India, "Rice, paddy" , 1990,       26125,                        1083.0,          75000.0 ,    26.63,          2612.5
     10589, India, "Rice, paddy" , 1990,       26125,                        1083.0,          75000.0 ,    25.64,          2612.5
     10590, India, Sorghum       , 1990,        8136,                        1083.0,          75000.0 ,    25.58,           813.6
     10591, India, Sorghum       , 1990,        8136,                        1083.0,          75000.0 ,    26.88,           813.6
     10592, India, Sorghum       , 1990,        8136,                        1083.0,          75000.0 ,    25.79,           813.6
     10593, India, Sorghum       , 1990,        8136,                        1083.0,          75000.0 ,    24.1 ,           813.6
     10594, India, Sorghum       , 1990,        8136,                        1083.0,          75000.0 ,    25.25,           813.6
     10595, India, Sorghum       , 1990,        8136,                        1083.0,          75000.0 ,    25.44,           813.6
     10596, India, Sorghum       , 1990,        8136,                        1083.0,          75000.0 ,    25.54,           813.6
     10597, India, Sorghum       , 1990,        8136,                        1083.0,          75000.0 ,    26.36,           813.6
     10598, India, Sorghum       , 1990,        8136,                        1083.0,          75000.0 ,    26.91,           813.6
     10599, India, Sorghum       , 1990,        8136,                        1083.0,          75000.0 ,    25.16,           813.6
     10600, India, Sorghum       , 1990,        8136,                        1083.0,          75000.0 ,    25.77,           813.6
     10601, India, Sorghum       , 1990,        8136,                        1083.0,          75000.0 ,    25.12,           813.6
     10602, India, Sorghum       , 1990,        8136,                        1083.0,          75000.0 ,    24.1 ,           813.6
     10603, India, Sorghum       , 1990,        8136,                        1083.0,          75000.0 ,    25.68,           813.6
     10604, India, Sorghum       , 1990,        8136,                        1083.0,          75000.0 ,    25.54,           813.6
     10605, India, Sorghum       , 1990,        8136,                        1083.0,          75000.0 ,    25.44,           813.6
     10606, India, Sorghum       , 1990,        8136,                        1083.0,          75000.0 ,    24.78,           813.6
     10607, India, Sorghum       , 1990,        8136,                        1083.0,          75000.0 ,    26.59,           813.6
     10608, India, Sorghum       , 1990,        8136,                        1083.0,          75000.0 ,    24.37,           813.6
     10609, India, Sorghum       , 1990,        8136,                        1083.0,          75000.0 ,    26.63,           813.6
     10610, India, Sorghum       , 1990,        8136,                        1083.0,          75000.0 ,    26.63,           813.6
     10611, India, Sorghum       , 1990,        8136,                        1083.0,          75000.0 ,    25.64,           813.6
     10612, India, Soybeans      , 1990,       10145,                        1083.0,          75000.0 ,    25.58,          1014.5
     10613, India, Soybeans      , 1990,       10145,                        1083.0,          75000.0 ,    26.88,          1014.5
     10614, India, Soybeans      , 1990,       10145,                        1083.0,          75000.0 ,    25.79,          1014.5
     10615, India, Soybeans      , 1990,       10145,                        1083.0,          75000.0 ,    24.1 ,          1014.5
     10616, India, Soybeans      , 1990,       10145,                        1083.0,          75000.0 ,    25.25,          1014.5
     10617, India, Soybeans      , 1990,       10145,                        1083.0,          75000.0 ,    25.44,          1014.5
     10618, India, Soybeans      , 1990,       10145,                        1083.0,          75000.0 ,    25.54,          1014.5
     10619, India, Soybeans      , 1990,       10145,                        1083.0,          75000.0 ,    26.36,          1014.5
     10620, India, Soybeans      , 1990,       10145,                        1083.0,          75000.0 ,    26.91,          1014.5
     10621, India, Soybeans      , 1990,       10145,                        1083.0,          75000.0 ,    25.16,          1014.5
     10622, India, Soybeans      , 1990,       10145,                        1083.0,          75000.0 ,    25.77,          1014.5
     10623, India, Soybeans      , 1990,       10145,                        1083.0,          75000.0 ,    25.12,          1014.5
     10624, India, Soybeans      , 1990,       10145,                        1083.0,          75000.0 ,    24.1 ,          1014.5
     10625, India, Soybeans      , 1990,       10145,                        1083.0,          75000.0 ,    25.68,          1014.5
     10626, India, Soybeans      , 1990,       10145,                        1083.0,          75000.0 ,    25.54,          1014.5
     10627, India, Soybeans      , 1990,       10145,                        1083.0,          75000.0 ,    25.44,          1014.5
     10628, India, Soybeans      , 1990,       10145,                        1083.0,          75000.0 ,    24.78,          1014.5
     10629, India, Soybeans      , 1990,       10145,                        1083.0,          75000.0 ,    26.59,          1014.5
     10630, India, Soybeans      , 1990,       10145,                        1083.0,          75000.0 ,    24.37,          1014.5
     10631, India, Soybeans      , 1990,       10145,                        1083.0,          75000.0 ,    26.63,          1014.5
     10632, India, Soybeans      , 1990,       10145,                        1083.0,          75000.0 ,    26.63,          1014.5
     10633, India, Soybeans      , 1990,       10145,                        1083.0,          75000.0 ,    25.64,          1014.5
     10634, India, Sweet potatoes, 1990,       79663,                        1083.0,          75000.0 ,    25.58,          7966.3
     10635, India, Sweet potatoes, 1990,       79663,                        1083.0,          75000.0 ,    26.88,          7966.3
     10636, India, Sweet potatoes, 1990,       79663,                        1083.0,          75000.0 ,    25.79,          7966.3
     10637, India, Sweet potatoes, 1990,       79663,                        1083.0,          75000.0 ,    24.1 ,          7966.3
     10638, India, Sweet potatoes, 1990,       79663,                        1083.0,          75000.0 ,    25.25,          7966.3
     10639, India, Sweet potatoes, 1990,       79663,                        1083.0,          75000.0 ,    25.44,          7966.3
     10640, India, Sweet potatoes, 1990,       79663,                        1083.0,          75000.0 ,    25.54,          7966.3
     10641, India, Sweet potatoes, 1990,       79663,                        1083.0,          75000.0 ,    26.36,          7966.3
     10642, India, Sweet potatoes, 1990,       79663,                        1083.0,          75000.0 ,    26.91,          7966.3
     10643, India, Sweet potatoes, 1990,       79663,                        1083.0,          75000.0 ,    25.16,          7966.3
     10644, India, Sweet potatoes, 1990,       79663,                        1083.0,          75000.0 ,    25.77,          7966.3
     10645, India, Sweet potatoes, 1990,       79663,                        1083.0,          75000.0 ,    25.12,          7966.3
     10646, India, Sweet potatoes, 1990,       79663,                        1083.0,          75000.0 ,    24.1 ,          7966.3
     10647, India, Sweet potatoes, 1990,       79663,                        1083.0,          75000.0 ,    25.68,          7966.3
     10648, India, Sweet potatoes, 1990,       79663,                        1083.0,          75000.0 ,    25.54,          7966.3
     10649, India, Sweet potatoes, 1990,       79663,                        1083.0,          75000.0 ,    25.44,          7966.3
     10650, India, Sweet potatoes, 1990,       79663,                        1083.0,          75000.0 ,    24.78,          7966.3
     10651, India, Sweet potatoes, 1990,       79663,                        1083.0,          75000.0 ,    26.59,          7966.3
     10652, India, Sweet potatoes, 1990,       79663,                        1083.0,          75000.0 ,    24.37,          7966.3
     10653, India, Sweet potatoes, 1990,       79663,                        1083.0,          75000.0 ,    26.63,          7966.3
     10654, India, Sweet potatoes, 1990,       79663,                        1083.0,          75000.0 ,    26.63,          7966.3
     10655, India, Sweet potatoes, 1990,       79663,                        1083.0,          75000.0 ,    25.64,          7966.3
     10656, India, Wheat         , 1990,       21211,                        1083.0,          75000.0 ,    25.58,          2121.1
     10657, India, Wheat         , 1990,       21211,                        1083.0,          75000.0 ,    26.88,          2121.1
     10658, India, Wheat         , 1990,       21211,                        1083.0,          75000.0 ,    25.79,          2121.1
     10659, India, Wheat         , 1990,       21211,                        1083.0,          75000.0 ,    24.1 ,          2121.1
     10660, India, Wheat         , 1990,       21211,                        1083.0,          75000.0 ,    25.25,          2121.1
     10661, India, Wheat         , 1990,       21211,                        1083.0,          75000.0 ,    25.44,          2121.1
     10662, India, Wheat         , 1990,       21211,                        1083.0,          75000.0 ,    25.54,          2121.1
     10663, India, Wheat         , 1990,       21211,                        1083.0,          75000.0 ,    26.36,          2121.1
     10664, India, Wheat         , 1990,       21211,                        1083.0,          75000.0 ,    26.91,          2121.1
     10665, India, Wheat         , 1990,       21211,                        1083.0,          75000.0 ,    25.16,          2121.1
     10666, India, Wheat         , 1990,       21211,                        1083.0,          75000.0 ,    25.77,          2121.1
     10667, India, Wheat         , 1990,       21211,                        1083.0,          75000.0 ,    25.12,          2121.1
     10668, India, Wheat         , 1990,       21211,                        1083.0,          75000.0 ,    24.1 ,          2121.1
     10669, India, Wheat         , 1990,       21211,                        1083.0,          75000.0 ,    25.68,          2121.1
     10670, India, Wheat         , 1990,       21211,                        1083.0,          75000.0 ,    25.54,          2121.1
     10671, India, Wheat         , 1990,       21211,                        1083.0,          75000.0 ,    25.44,          2121.1
     10672, India, Wheat         , 1990,       21211,                        1083.0,          75000.0 ,    24.78,          2121.1
     10673, India, Wheat         , 1990,       21211,                        1083.0,          75000.0 ,    26.59,          2121.1
     10674, India, Wheat         , 1990,       21211,                        1083.0,          75000.0 ,    24.37,          2121.1
     10675, India, Wheat         , 1990,       21211,                        1083.0,          75000.0 ,    26.63,          2121.1
     10676, India, Wheat         , 1990,       21211,                        1083.0,          75000.0 ,    26.63,          2121.1
     10677, India, Wheat         , 1990,       21211,                        1083.0,          75000.0 ,    25.64,          2121.1
     10678, India, Cassava       , 1991,      218925,                        1083.0,          72133.0 ,    25.85,         21892.5
     10679, India, Cassava       , 1991,      218925,                        1083.0,          72133.0 ,    26.9 ,         21892.5
     10680, India, Cassava       , 1991,      218925,                        1083.0,          72133.0 ,    25.96,         21892.5
     10681, India, Cassava       , 1991,      218925,                        1083.0,          72133.0 ,    23.77,         21892.5
     10682, India, Cassava       , 1991,      218925,                        1083.0,          72133.0 ,    25.49,         21892.5
     10683, India, Cassava       , 1991,      218925,                        1083.0,          72133.0 ,    25.82,         21892.5
     10684, India, Cassava       , 1991,      218925,                        1083.0,          72133.0 ,    25.74,         21892.5
     10685, India, Cassava       , 1991,      218925,                        1083.0,          72133.0 ,    26.54,         21892.5
     10686, India, Cassava       , 1991,      218925,                        1083.0,          72133.0 ,    27.35,         21892.5
     10687, India, Cassava       , 1991,      218925,                        1083.0,          72133.0 ,    25.4 ,         21892.5
     10688, India, Cassava       , 1991,      218925,                        1083.0,          72133.0 ,    25.99,         21892.5
     10689, India, Cassava       , 1991,      218925,                        1083.0,          72133.0 ,    25.32,         21892.5
     10690, India, Cassava       , 1991,      218925,                        1083.0,          72133.0 ,    23.77,         21892.5
     10691, India, Cassava       , 1991,      218925,                        1083.0,          72133.0 ,    26.2 ,         21892.5
     10692, India, Cassava       , 1991,      218925,                        1083.0,          72133.0 ,    25.74,         21892.5
     10693, India, Cassava       , 1991,      218925,                        1083.0,          72133.0 ,    25.55,         21892.5
     10694, India, Cassava       , 1991,      218925,                        1083.0,          72133.0 ,    25.06,         21892.5
     10695, India, Cassava       , 1991,      218925,                        1083.0,          72133.0 ,    26.34,         21892.5
     10696, India, Cassava       , 1991,      218925,                        1083.0,          72133.0 ,    24.62,         21892.5
     10697, India, Cassava       , 1991,      218925,                        1083.0,          72133.0 ,    26.7 ,         21892.5
     10698, India, Cassava       , 1991,      218925,                        1083.0,          72133.0 ,    26.7 ,         21892.5
     10699, India, Cassava       , 1991,      218925,                        1083.0,          72133.0 ,    25.74,         21892.5
     10700, India, Maize         , 1991,       13763,                        1083.0,          72133.0 ,    25.85,          1376.3
     10701, India, Maize         , 1991,       13763,                        1083.0,          72133.0 ,    26.9 ,          1376.3
     10702, India, Maize         , 1991,       13763,                        1083.0,          72133.0 ,    25.96,          1376.3
     10703, India, Maize         , 1991,       13763,                        1083.0,          72133.0 ,    23.77,          1376.3
     10704, India, Maize         , 1991,       13763,                        1083.0,          72133.0 ,    25.49,          1376.3
     10705, India, Maize         , 1991,       13763,                        1083.0,          72133.0 ,    25.82,          1376.3
     10706, India, Maize         , 1991,       13763,                        1083.0,          72133.0 ,    25.74,          1376.3
     10707, India, Maize         , 1991,       13763,                        1083.0,          72133.0 ,    26.54,          1376.3
     10708, India, Maize         , 1991,       13763,                        1083.0,          72133.0 ,    27.35,          1376.3
     10709, India, Maize         , 1991,       13763,                        1083.0,          72133.0 ,    25.4 ,          1376.3
     10710, India, Maize         , 1991,       13763,                        1083.0,          72133.0 ,    25.99,          1376.3
     10711, India, Maize         , 1991,       13763,                        1083.0,          72133.0 ,    25.32,          1376.3
     10712, India, Maize         , 1991,       13763,                        1083.0,          72133.0 ,    23.77,          1376.3
     10713, India, Maize         , 1991,       13763,                        1083.0,          72133.0 ,    26.2 ,          1376.3
     10714, India, Maize         , 1991,       13763,                        1083.0,          72133.0 ,    25.74,          1376.3
     10715, India, Maize         , 1991,       13763,                        1083.0,          72133.0 ,    25.55,          1376.3
     10716, India, Maize         , 1991,       13763,                        1083.0,          72133.0 ,    25.06,          1376.3
     10717, India, Maize         , 1991,       13763,                        1083.0,          72133.0 ,    26.34,          1376.3
     10718, India, Maize         , 1991,       13763,                        1083.0,          72133.0 ,    24.62,          1376.3
     10719, India, Maize         , 1991,       13763,                        1083.0,          72133.0 ,    26.7 ,          1376.3
     10720, India, Maize         , 1991,       13763,                        1083.0,          72133.0 ,    26.7 ,          1376.3
     10721, India, Maize         , 1991,       13763,                        1083.0,          72133.0 ,    25.74,          1376.3
     10722, India, Potatoes      , 1991,      162540,                        1083.0,          72133.0 ,    25.85,         16254.0
     10723, India, Potatoes      , 1991,      162540,                        1083.0,          72133.0 ,    26.9 ,         16254.0
     10724, India, Potatoes      , 1991,      162540,                        1083.0,          72133.0 ,    25.96,         16254.0
     10725, India, Potatoes      , 1991,      162540,                        1083.0,          72133.0 ,    23.77,         16254.0
     10726, India, Potatoes      , 1991,      162540,                        1083.0,          72133.0 ,    25.49,         16254.0
     10727, India, Potatoes      , 1991,      162540,                        1083.0,          72133.0 ,    25.82,         16254.0
     10728, India, Potatoes      , 1991,      162540,                        1083.0,          72133.0 ,    25.74,         16254.0
     10729, India, Potatoes      , 1991,      162540,                        1083.0,          72133.0 ,    26.54,         16254.0
     10730, India, Potatoes      , 1991,      162540,                        1083.0,          72133.0 ,    27.35,         16254.0
     10731, India, Potatoes      , 1991,      162540,                        1083.0,          72133.0 ,    25.4 ,         16254.0
     10732, India, Potatoes      , 1991,      162540,                        1083.0,          72133.0 ,    25.99,         16254.0
     10733, India, Potatoes      , 1991,      162540,                        1083.0,          72133.0 ,    25.32,         16254.0
     10734, India, Potatoes      , 1991,      162540,                        1083.0,          72133.0 ,    23.77,         16254.0
     10735, India, Potatoes      , 1991,      162540,                        1083.0,          72133.0 ,    26.2 ,         16254.0
     10736, India, Potatoes      , 1991,      162540,                        1083.0,          72133.0 ,    25.74,         16254.0
     10737, India, Potatoes      , 1991,      162540,                        1083.0,          72133.0 ,    25.55,         16254.0
     10738, India, Potatoes      , 1991,      162540,                        1083.0,          72133.0 ,    25.06,         16254.0
     10739, India, Potatoes      , 1991,      162540,                        1083.0,          72133.0 ,    26.34,         16254.0
     10740, India, Potatoes      , 1991,      162540,                        1083.0,          72133.0 ,    24.62,         16254.0
     10741, India, Potatoes      , 1991,      162540,                        1083.0,          72133.0 ,    26.7 ,         16254.0
     10742, India, Potatoes      , 1991,      162540,                        1083.0,          72133.0 ,    26.7 ,         16254.0
     10743, India, Potatoes      , 1991,      162540,                        1083.0,          72133.0 ,    25.74,         16254.0
     10744, India, "Rice, paddy" , 1991,       26271,                        1083.0,          72133.0 ,    25.85,          2627.1
     10745, India, "Rice, paddy" , 1991,       26271,                        1083.0,          72133.0 ,    26.9 ,          2627.1
     10746, India, "Rice, paddy" , 1991,       26271,                        1083.0,          72133.0 ,    25.96,          2627.1
     10747, India, "Rice, paddy" , 1991,       26271,                        1083.0,          72133.0 ,    23.77,          2627.1
     10748, India, "Rice, paddy" , 1991,       26271,                        1083.0,          72133.0 ,    25.49,          2627.1
     10749, India, "Rice, paddy" , 1991,       26271,                        1083.0,          72133.0 ,    25.82,          2627.1
     10750, India, "Rice, paddy" , 1991,       26271,                        1083.0,          72133.0 ,    25.74,          2627.1
     10751, India, "Rice, paddy" , 1991,       26271,                        1083.0,          72133.0 ,    26.54,          2627.1
     10752, India, "Rice, paddy" , 1991,       26271,                        1083.0,          72133.0 ,    27.35,          2627.1
     10753, India, "Rice, paddy" , 1991,       26271,                        1083.0,          72133.0 ,    25.4 ,          2627.1
     10754, India, "Rice, paddy" , 1991,       26271,                        1083.0,          72133.0 ,    25.99,          2627.1
     10755, India, "Rice, paddy" , 1991,       26271,                        1083.0,          72133.0 ,    25.32,          2627.1
     10756, India, "Rice, paddy" , 1991,       26271,                        1083.0,          72133.0 ,    23.77,          2627.1
     10757, India, "Rice, paddy" , 1991,       26271,                        1083.0,          72133.0 ,    26.2 ,          2627.1
     10758, India, "Rice, paddy" , 1991,       26271,                        1083.0,          72133.0 ,    25.74,          2627.1
     10759, India, "Rice, paddy" , 1991,       26271,                        1083.0,          72133.0 ,    25.55,          2627.1
     10760, India, "Rice, paddy" , 1991,       26271,                        1083.0,          72133.0 ,    25.06,          2627.1
     10761, India, "Rice, paddy" , 1991,       26271,                        1083.0,          72133.0 ,    26.34,          2627.1
     10762, India, "Rice, paddy" , 1991,       26271,                        1083.0,          72133.0 ,    24.62,          2627.1
     10763, India, "Rice, paddy" , 1991,       26271,                        1083.0,          72133.0 ,    26.7 ,          2627.1
     10764, India, "Rice, paddy" , 1991,       26271,                        1083.0,          72133.0 ,    26.7 ,          2627.1
     10765, India, "Rice, paddy" , 1991,       26271,                        1083.0,          72133.0 ,    25.74,          2627.1
     10766, India, Sorghum       , 1991,        6553,                        1083.0,          72133.0 ,    25.85,           655.3
     10767, India, Sorghum       , 1991,        6553,                        1083.0,          72133.0 ,    26.9 ,           655.3
     10768, India, Sorghum       , 1991,        6553,                        1083.0,          72133.0 ,    25.96,           655.3
     10769, India, Sorghum       , 1991,        6553,                        1083.0,          72133.0 ,    23.77,           655.3
     10770, India, Sorghum       , 1991,        6553,                        1083.0,          72133.0 ,    25.49,           655.3
     10771, India, Sorghum       , 1991,        6553,                        1083.0,          72133.0 ,    25.82,           655.3
     10772, India, Sorghum       , 1991,        6553,                        1083.0,          72133.0 ,    25.74,           655.3
     10773, India, Sorghum       , 1991,        6553,                        1083.0,          72133.0 ,    26.54,           655.3
     10774, India, Sorghum       , 1991,        6553,                        1083.0,          72133.0 ,    27.35,           655.3
     10775, India, Sorghum       , 1991,        6553,                        1083.0,          72133.0 ,    25.4 ,           655.3
     10776, India, Sorghum       , 1991,        6553,                        1083.0,          72133.0 ,    25.99,           655.3
     10777, India, Sorghum       , 1991,        6553,                        1083.0,          72133.0 ,    25.32,           655.3
     10778, India, Sorghum       , 1991,        6553,                        1083.0,          72133.0 ,    23.77,           655.3
     10779, India, Sorghum       , 1991,        6553,                        1083.0,          72133.0 ,    26.2 ,           655.3
     10780, India, Sorghum       , 1991,        6553,                        1083.0,          72133.0 ,    25.74,           655.3
     10781, India, Sorghum       , 1991,        6553,                        1083.0,          72133.0 ,    25.55,           655.3
     10782, India, Sorghum       , 1991,        6553,                        1083.0,          72133.0 ,    25.06,           655.3
     10783, India, Sorghum       , 1991,        6553,                        1083.0,          72133.0 ,    26.34,           655.3
     10784, India, Sorghum       , 1991,        6553,                        1083.0,          72133.0 ,    24.62,           655.3
     10785, India, Sorghum       , 1991,        6553,                        1083.0,          72133.0 ,    26.7 ,           655.3
     10786, India, Sorghum       , 1991,        6553,                        1083.0,          72133.0 ,    26.7 ,           655.3
     10787, India, Sorghum       , 1991,        6553,                        1083.0,          72133.0 ,    25.74,           655.3
     10788, India, Soybeans      , 1991,        7825,                        1083.0,          72133.0 ,    25.85,           782.5
     10789, India, Soybeans      , 1991,        7825,                        1083.0,          72133.0 ,    26.9 ,           782.5
     10790, India, Soybeans      , 1991,        7825,                        1083.0,          72133.0 ,    25.96,           782.5
     10791, India, Soybeans      , 1991,        7825,                        1083.0,          72133.0 ,    23.77,           782.5
     10792, India, Soybeans      , 1991,        7825,                        1083.0,          72133.0 ,    25.49,           782.5
     10793, India, Soybeans      , 1991,        7825,                        1083.0,          72133.0 ,    25.82,           782.5
     10794, India, Soybeans      , 1991,        7825,                        1083.0,          72133.0 ,    25.74,           782.5
     10795, India, Soybeans      , 1991,        7825,                        1083.0,          72133.0 ,    26.54,           782.5
     10796, India, Soybeans      , 1991,        7825,                        1083.0,          72133.0 ,    27.35,           782.5
     10797, India, Soybeans      , 1991,        7825,                        1083.0,          72133.0 ,    25.4 ,           782.5
     10798, India, Soybeans      , 1991,        7825,                        1083.0,          72133.0 ,    25.99,           782.5
     10799, India, Soybeans      , 1991,        7825,                        1083.0,          72133.0 ,    25.32,           782.5
     10800, India, Soybeans      , 1991,        7825,                        1083.0,          72133.0 ,    23.77,           782.5
     10801, India, Soybeans      , 1991,        7825,                        1083.0,          72133.0 ,    26.2 ,           782.5
     10802, India, Soybeans      , 1991,        7825,                        1083.0,          72133.0 ,    25.74,           782.5
     10803, India, Soybeans      , 1991,        7825,                        1083.0,          72133.0 ,    25.55,           782.5
     10804, India, Soybeans      , 1991,        7825,                        1083.0,          72133.0 ,    25.06,           782.5
     10805, India, Soybeans      , 1991,        7825,                        1083.0,          72133.0 ,    26.34,           782.5
     10806, India, Soybeans      , 1991,        7825,                        1083.0,          72133.0 ,    24.62,           782.5
     10807, India, Soybeans      , 1991,        7825,                        1083.0,          72133.0 ,    26.7 ,           782.5
     10808, India, Soybeans      , 1991,        7825,                        1083.0,          72133.0 ,    26.7 ,           782.5
     10809, India, Soybeans      , 1991,        7825,                        1083.0,          72133.0 ,    25.74,           782.5
     10810, India, Sweet potatoes, 1991,       83453,                        1083.0,          72133.0 ,    25.85,          8345.3
     10811, India, Sweet potatoes, 1991,       83453,                        1083.0,          72133.0 ,    26.9 ,          8345.3
     10812, India, Sweet potatoes, 1991,       83453,                        1083.0,          72133.0 ,    25.96,          8345.3
     10813, India, Sweet potatoes, 1991,       83453,                        1083.0,          72133.0 ,    23.77,          8345.3
     10814, India, Sweet potatoes, 1991,       83453,                        1083.0,          72133.0 ,    25.49,          8345.3
     10815, India, Sweet potatoes, 1991,       83453,                        1083.0,          72133.0 ,    25.82,          8345.3
     10816, India, Sweet potatoes, 1991,       83453,                        1083.0,          72133.0 ,    25.74,          8345.3
     10817, India, Sweet potatoes, 1991,       83453,                        1083.0,          72133.0 ,    26.54,          8345.3
     10818, India, Sweet potatoes, 1991,       83453,                        1083.0,          72133.0 ,    27.35,          8345.3
     10819, India, Sweet potatoes, 1991,       83453,                        1083.0,          72133.0 ,    25.4 ,          8345.3
     10820, India, Sweet potatoes, 1991,       83453,                        1083.0,          72133.0 ,    25.99,          8345.3
     10821, India, Sweet potatoes, 1991,       83453,                        1083.0,          72133.0 ,    25.32,          8345.3
     10822, India, Sweet potatoes, 1991,       83453,                        1083.0,          72133.0 ,    23.77,          8345.3
     10823, India, Sweet potatoes, 1991,       83453,                        1083.0,          72133.0 ,    26.2 ,          8345.3
     10824, India, Sweet potatoes, 1991,       83453,                        1083.0,          72133.0 ,    25.74,          8345.3
     10825, India, Sweet potatoes, 1991,       83453,                        1083.0,          72133.0 ,    25.55,          8345.3
     10826, India, Sweet potatoes, 1991,       83453,                        1083.0,          72133.0 ,    25.06,          8345.3
     10827, India, Sweet potatoes, 1991,       83453,                        1083.0,          72133.0 ,    26.34,          8345.3
     10828, India, Sweet potatoes, 1991,       83453,                        1083.0,          72133.0 ,    24.62,          8345.3
     10829, India, Sweet potatoes, 1991,       83453,                        1083.0,          72133.0 ,    26.7 ,          8345.3
     10830, India, Sweet potatoes, 1991,       83453,                        1083.0,          72133.0 ,    26.7 ,          8345.3
     10831, India, Sweet potatoes, 1991,       83453,                        1083.0,          72133.0 ,    25.74,          8345.3
     10832, India, Wheat         , 1991,       22814,                        1083.0,          72133.0 ,    25.85,          2281.4
     10833, India, Wheat         , 1991,       22814,                        1083.0,          72133.0 ,    26.9 ,          2281.4
     10834, India, Wheat         , 1991,       22814,                        1083.0,          72133.0 ,    25.96,          2281.4
     10835, India, Wheat         , 1991,       22814,                        1083.0,          72133.0 ,    23.77,          2281.4
     10836, India, Wheat         , 1991,       22814,                        1083.0,          72133.0 ,    25.49,          2281.4
     10837, India, Wheat         , 1991,       22814,                        1083.0,          72133.0 ,    25.82,          2281.4
     10838, India, Wheat         , 1991,       22814,                        1083.0,          72133.0 ,    25.74,          2281.4
     10839, India, Wheat         , 1991,       22814,                        1083.0,          72133.0 ,    26.54,          2281.4
     10840, India, Wheat         , 1991,       22814,                        1083.0,          72133.0 ,    27.35,          2281.4
     10841, India, Wheat         , 1991,       22814,                        1083.0,          72133.0 ,    25.4 ,          2281.4
     10842, India, Wheat         , 1991,       22814,                        1083.0,          72133.0 ,    25.99,          2281.4
     10843, India, Wheat         , 1991,       22814,                        1083.0,          72133.0 ,    25.32,          2281.4
     10844, India, Wheat         , 1991,       22814,                        1083.0,          72133.0 ,    23.77,          2281.4
     10845, India, Wheat         , 1991,       22814,                        1083.0,          72133.0 ,    26.2 ,          2281.4
     10846, India, Wheat         , 1991,       22814,                        1083.0,          72133.0 ,    25.74,          2281.4
     10847, India, Wheat         , 1991,       22814,                        1083.0,          72133.0 ,    25.55,          2281.4
     10848, India, Wheat         , 1991,       22814,                        1083.0,          72133.0 ,    25.06,          2281.4
     10849, India, Wheat         , 1991,       22814,                        1083.0,          72133.0 ,    26.34,          2281.4
     10850, India, Wheat         , 1991,       22814,                        1083.0,          72133.0 ,    24.62,          2281.4
     10851, India, Wheat         , 1991,       22814,                        1083.0,          72133.0 ,    26.7 ,          2281.4
     10852, India, Wheat         , 1991,       22814,                        1083.0,          72133.0 ,    26.7 ,          2281.4
     10853, India, Wheat         , 1991,       22814,                        1083.0,          72133.0 ,    25.74,          2281.4
     10854, India, Cassava       , 1992,      232463,                        1083.0,          70791.0 ,    25.69,         23246.3
     10855, India, Cassava       , 1992,      232463,                        1083.0,          70791.0 ,    26.82,         23246.3
     10856, India, Cassava       , 1992,      232463,                        1083.0,          70791.0 ,    26.09,         23246.3
     10857, India, Cassava       , 1992,      232463,                        1083.0,          70791.0 ,    23.79,         23246.3
     10858, India, Cassava       , 1992,      232463,                        1083.0,          70791.0 ,    25.16,         23246.3
     10859, India, Cassava       , 1992,      232463,                        1083.0,          70791.0 ,    25.91,         23246.3
     10860, India, Cassava       , 1992,      232463,                        1083.0,          70791.0 ,    25.52,         23246.3
     10861, India, Cassava       , 1992,      232463,                        1083.0,          70791.0 ,    26.41,         23246.3
     10862, India, Cassava       , 1992,      232463,                        1083.0,          70791.0 ,    27.24,         23246.3
     10863, India, Cassava       , 1992,      232463,                        1083.0,          70791.0 ,    25.41,         23246.3
     10864, India, Cassava       , 1992,      232463,                        1083.0,          70791.0 ,    25.73,         23246.3
     10865, India, Cassava       , 1992,      232463,                        1083.0,          70791.0 ,    25.27,         23246.3
     10866, India, Cassava       , 1992,      232463,                        1083.0,          70791.0 ,    23.79,         23246.3
     10867, India, Cassava       , 1992,      232463,                        1083.0,          70791.0 ,    26.32,         23246.3
     10868, India, Cassava       , 1992,      232463,                        1083.0,          70791.0 ,    25.52,         23246.3
     10869, India, Cassava       , 1992,      232463,                        1083.0,          70791.0 ,    25.58,         23246.3
     10870, India, Cassava       , 1992,      232463,                        1083.0,          70791.0 ,    25.14,         23246.3
     10871, India, Cassava       , 1992,      232463,                        1083.0,          70791.0 ,    26.37,         23246.3
     10872, India, Cassava       , 1992,      232463,                        1083.0,          70791.0 ,    24.62,         23246.3
     10873, India, Cassava       , 1992,      232463,                        1083.0,          70791.0 ,    26.78,         23246.3
     10874, India, Cassava       , 1992,      232463,                        1083.0,          70791.0 ,    26.78,         23246.3
     10875, India, Cassava       , 1992,      232463,                        1083.0,          70791.0 ,    25.89,         23246.3
     10876, India, Maize         , 1992,       16758,                        1083.0,          70791.0 ,    25.69,          1675.8
     10877, India, Maize         , 1992,       16758,                        1083.0,          70791.0 ,    26.82,          1675.8
     10878, India, Maize         , 1992,       16758,                        1083.0,          70791.0 ,    26.09,          1675.8
     10879, India, Maize         , 1992,       16758,                        1083.0,          70791.0 ,    23.79,          1675.8
     10880, India, Maize         , 1992,       16758,                        1083.0,          70791.0 ,    25.16,          1675.8
     10881, India, Maize         , 1992,       16758,                        1083.0,          70791.0 ,    25.91,          1675.8
     10882, India, Maize         , 1992,       16758,                        1083.0,          70791.0 ,    25.52,          1675.8
     10883, India, Maize         , 1992,       16758,                        1083.0,          70791.0 ,    26.41,          1675.8
     10884, India, Maize         , 1992,       16758,                        1083.0,          70791.0 ,    27.24,          1675.8
     10885, India, Maize         , 1992,       16758,                        1083.0,          70791.0 ,    25.41,          1675.8
     10886, India, Maize         , 1992,       16758,                        1083.0,          70791.0 ,    25.73,          1675.8
     10887, India, Maize         , 1992,       16758,                        1083.0,          70791.0 ,    25.27,          1675.8
     10888, India, Maize         , 1992,       16758,                        1083.0,          70791.0 ,    23.79,          1675.8
     10889, India, Maize         , 1992,       16758,                        1083.0,          70791.0 ,    26.32,          1675.8
     10890, India, Maize         , 1992,       16758,                        1083.0,          70791.0 ,    25.52,          1675.8
     10891, India, Maize         , 1992,       16758,                        1083.0,          70791.0 ,    25.58,          1675.8
     10892, India, Maize         , 1992,       16758,                        1083.0,          70791.0 ,    25.14,          1675.8
     10893, India, Maize         , 1992,       16758,                        1083.0,          70791.0 ,    26.37,          1675.8
     10894, India, Maize         , 1992,       16758,                        1083.0,          70791.0 ,    24.62,          1675.8
     10895, India, Maize         , 1992,       16758,                        1083.0,          70791.0 ,    26.78,          1675.8
     10896, India, Maize         , 1992,       16758,                        1083.0,          70791.0 ,    26.78,          1675.8
     10897, India, Maize         , 1992,       16758,                        1083.0,          70791.0 ,    25.89,          1675.8
     10898, India, Potatoes      , 1992,      160294,                        1083.0,          70791.0 ,    25.69,         16029.4
     10899, India, Potatoes      , 1992,      160294,                        1083.0,          70791.0 ,    26.82,         16029.4
     10900, India, Potatoes      , 1992,      160294,                        1083.0,          70791.0 ,    26.09,         16029.4
     10901, India, Potatoes      , 1992,      160294,                        1083.0,          70791.0 ,    23.79,         16029.4
     10902, India, Potatoes      , 1992,      160294,                        1083.0,          70791.0 ,    25.16,         16029.4
     10903, India, Potatoes      , 1992,      160294,                        1083.0,          70791.0 ,    25.91,         16029.4
     10904, India, Potatoes      , 1992,      160294,                        1083.0,          70791.0 ,    25.52,         16029.4
     10905, India, Potatoes      , 1992,      160294,                        1083.0,          70791.0 ,    26.41,         16029.4
     10906, India, Potatoes      , 1992,      160294,                        1083.0,          70791.0 ,    27.24,         16029.4
     10907, India, Potatoes      , 1992,      160294,                        1083.0,          70791.0 ,    25.41,         16029.4
     10908, India, Potatoes      , 1992,      160294,                        1083.0,          70791.0 ,    25.73,         16029.4
     10909, India, Potatoes      , 1992,      160294,                        1083.0,          70791.0 ,    25.27,         16029.4
     10910, India, Potatoes      , 1992,      160294,                        1083.0,          70791.0 ,    23.79,         16029.4
     10911, India, Potatoes      , 1992,      160294,                        1083.0,          70791.0 ,    26.32,         16029.4
     10912, India, Potatoes      , 1992,      160294,                        1083.0,          70791.0 ,    25.52,         16029.4
     10913, India, Potatoes      , 1992,      160294,                        1083.0,          70791.0 ,    25.58,         16029.4
     10914, India, Potatoes      , 1992,      160294,                        1083.0,          70791.0 ,    25.14,         16029.4
     10915, India, Potatoes      , 1992,      160294,                        1083.0,          70791.0 ,    26.37,         16029.4
     10916, India, Potatoes      , 1992,      160294,                        1083.0,          70791.0 ,    24.62,         16029.4
     10917, India, Potatoes      , 1992,      160294,                        1083.0,          70791.0 ,    26.78,         16029.4
     10918, India, Potatoes      , 1992,      160294,                        1083.0,          70791.0 ,    26.78,         16029.4
     10919, India, Potatoes      , 1992,      160294,                        1083.0,          70791.0 ,    25.89,         16029.4
     10920, India, "Rice, paddy" , 1992,       26092,                        1083.0,          70791.0 ,    25.69,          2609.2
     10921, India, "Rice, paddy" , 1992,       26092,                        1083.0,          70791.0 ,    26.82,          2609.2
     10922, India, "Rice, paddy" , 1992,       26092,                        1083.0,          70791.0 ,    26.09,          2609.2
     10923, India, "Rice, paddy" , 1992,       26092,                        1083.0,          70791.0 ,    23.79,          2609.2
     10924, India, "Rice, paddy" , 1992,       26092,                        1083.0,          70791.0 ,    25.16,          2609.2
     10925, India, "Rice, paddy" , 1992,       26092,                        1083.0,          70791.0 ,    25.91,          2609.2
     10926, India, "Rice, paddy" , 1992,       26092,                        1083.0,          70791.0 ,    25.52,          2609.2
     10927, India, "Rice, paddy" , 1992,       26092,                        1083.0,          70791.0 ,    26.41,          2609.2
     10928, India, "Rice, paddy" , 1992,       26092,                        1083.0,          70791.0 ,    27.24,          2609.2
     10929, India, "Rice, paddy" , 1992,       26092,                        1083.0,          70791.0 ,    25.41,          2609.2
     10930, India, "Rice, paddy" , 1992,       26092,                        1083.0,          70791.0 ,    25.73,          2609.2
     10931, India, "Rice, paddy" , 1992,       26092,                        1083.0,          70791.0 ,    25.27,          2609.2
     10932, India, "Rice, paddy" , 1992,       26092,                        1083.0,          70791.0 ,    23.79,          2609.2
     10933, India, "Rice, paddy" , 1992,       26092,                        1083.0,          70791.0 ,    26.32,          2609.2
     10934, India, "Rice, paddy" , 1992,       26092,                        1083.0,          70791.0 ,    25.52,          2609.2
     10935, India, "Rice, paddy" , 1992,       26092,                        1083.0,          70791.0 ,    25.58,          2609.2
     10936, India, "Rice, paddy" , 1992,       26092,                        1083.0,          70791.0 ,    25.14,          2609.2
     10937, India, "Rice, paddy" , 1992,       26092,                        1083.0,          70791.0 ,    26.37,          2609.2
     10938, India, "Rice, paddy" , 1992,       26092,                        1083.0,          70791.0 ,    24.62,          2609.2
     10939, India, "Rice, paddy" , 1992,       26092,                        1083.0,          70791.0 ,    26.78,          2609.2
     10940, India, "Rice, paddy" , 1992,       26092,                        1083.0,          70791.0 ,    26.78,          2609.2
     10941, India, "Rice, paddy" , 1992,       26092,                        1083.0,          70791.0 ,    25.89,          2609.2
     10942, India, Sorghum       , 1992,        9820,                        1083.0,          70791.0 ,    25.69,           982.0
     10943, India, Sorghum       , 1992,        9820,                        1083.0,          70791.0 ,    26.82,           982.0
     10944, India, Sorghum       , 1992,        9820,                        1083.0,          70791.0 ,    26.09,           982.0
     10945, India, Sorghum       , 1992,        9820,                        1083.0,          70791.0 ,    23.79,           982.0
     10946, India, Sorghum       , 1992,        9820,                        1083.0,          70791.0 ,    25.16,           982.0
     10947, India, Sorghum       , 1992,        9820,                        1083.0,          70791.0 ,    25.91,           982.0
     10948, India, Sorghum       , 1992,        9820,                        1083.0,          70791.0 ,    25.52,           982.0
     10949, India, Sorghum       , 1992,        9820,                        1083.0,          70791.0 ,    26.41,           982.0
     10950, India, Sorghum       , 1992,        9820,                        1083.0,          70791.0 ,    27.24,           982.0
     10951, India, Sorghum       , 1992,        9820,                        1083.0,          70791.0 ,    25.41,           982.0
     10952, India, Sorghum       , 1992,        9820,                        1083.0,          70791.0 ,    25.73,           982.0
     10953, India, Sorghum       , 1992,        9820,                        1083.0,          70791.0 ,    25.27,           982.0
     10954, India, Sorghum       , 1992,        9820,                        1083.0,          70791.0 ,    23.79,           982.0
     10955, India, Sorghum       , 1992,        9820,                        1083.0,          70791.0 ,    26.32,           982.0
     10956, India, Sorghum       , 1992,        9820,                        1083.0,          70791.0 ,    25.52,           982.0
     10957, India, Sorghum       , 1992,        9820,                        1083.0,          70791.0 ,    25.58,           982.0
     10958, India, Sorghum       , 1992,        9820,                        1083.0,          70791.0 ,    25.14,           982.0
     10959, India, Sorghum       , 1992,        9820,                        1083.0,          70791.0 ,    26.37,           982.0
     10960, India, Sorghum       , 1992,        9820,                        1083.0,          70791.0 ,    24.62,           982.0
     10961, India, Sorghum       , 1992,        9820,                        1083.0,          70791.0 ,    26.78,           982.0
     10962, India, Sorghum       , 1992,        9820,                        1083.0,          70791.0 ,    26.78,           982.0
     10963, India, Sorghum       , 1992,        9820,                        1083.0,          70791.0 ,    25.89,           982.0
     10964, India, Soybeans      , 1992,        8947,                        1083.0,          70791.0 ,    25.69,           894.7
     10965, India, Soybeans      , 1992,        8947,                        1083.0,          70791.0 ,    26.82,           894.7
     10966, India, Soybeans      , 1992,        8947,                        1083.0,          70791.0 ,    26.09,           894.7
     10967, India, Soybeans      , 1992,        8947,                        1083.0,          70791.0 ,    23.79,           894.7
     10968, India, Soybeans      , 1992,        8947,                        1083.0,          70791.0 ,    25.16,           894.7
     10969, India, Soybeans      , 1992,        8947,                        1083.0,          70791.0 ,    25.91,           894.7
     10970, India, Soybeans      , 1992,        8947,                        1083.0,          70791.0 ,    25.52,           894.7
     10971, India, Soybeans      , 1992,        8947,                        1083.0,          70791.0 ,    26.41,           894.7
     10972, India, Soybeans      , 1992,        8947,                        1083.0,          70791.0 ,    27.24,           894.7
     10973, India, Soybeans      , 1992,        8947,                        1083.0,          70791.0 ,    25.41,           894.7
     10974, India, Soybeans      , 1992,        8947,                        1083.0,          70791.0 ,    25.73,           894.7
     10975, India, Soybeans      , 1992,        8947,                        1083.0,          70791.0 ,    25.27,           894.7
     10976, India, Soybeans      , 1992,        8947,                        1083.0,          70791.0 ,    23.79,           894.7
     10977, India, Soybeans      , 1992,        8947,                        1083.0,          70791.0 ,    26.32,           894.7
     10978, India, Soybeans      , 1992,        8947,                        1083.0,          70791.0 ,    25.52,           894.7
     10979, India, Soybeans      , 1992,        8947,                        1083.0,          70791.0 ,    25.58,           894.7
     10980, India, Soybeans      , 1992,        8947,                        1083.0,          70791.0 ,    25.14,           894.7
     10981, India, Soybeans      , 1992,        8947,                        1083.0,          70791.0 ,    26.37,           894.7
     10982, India, Soybeans      , 1992,        8947,                        1083.0,          70791.0 ,    24.62,           894.7
     10983, India, Soybeans      , 1992,        8947,                        1083.0,          70791.0 ,    26.78,           894.7
     10984, India, Soybeans      , 1992,        8947,                        1083.0,          70791.0 ,    26.78,           894.7
     10985, India, Soybeans      , 1992,        8947,                        1083.0,          70791.0 ,    25.89,           894.7
     10986, India, Sweet potatoes, 1992,       82835,                        1083.0,          70791.0 ,    25.69,          8283.5
     10987, India, Sweet potatoes, 1992,       82835,                        1083.0,          70791.0 ,    26.82,          8283.5
     10988, India, Sweet potatoes, 1992,       82835,                        1083.0,          70791.0 ,    26.09,          8283.5
     10989, India, Sweet potatoes, 1992,       82835,                        1083.0,          70791.0 ,    23.79,          8283.5
     10990, India, Sweet potatoes, 1992,       82835,                        1083.0,          70791.0 ,    25.16,          8283.5
     10991, India, Sweet potatoes, 1992,       82835,                        1083.0,          70791.0 ,    25.91,          8283.5
     10992, India, Sweet potatoes, 1992,       82835,                        1083.0,          70791.0 ,    25.52,          8283.5
     10993, India, Sweet potatoes, 1992,       82835,                        1083.0,          70791.0 ,    26.41,          8283.5
     10994, India, Sweet potatoes, 1992,       82835,                        1083.0,          70791.0 ,    27.24,          8283.5
     10995, India, Sweet potatoes, 1992,       82835,                        1083.0,          70791.0 ,    25.41,          8283.5
     10996, India, Sweet potatoes, 1992,       82835,                        1083.0,          70791.0 ,    25.73,          8283.5
     10997, India, Sweet potatoes, 1992,       82835,                        1083.0,          70791.0 ,    25.27,          8283.5
     10998, India, Sweet potatoes, 1992,       82835,                        1083.0,          70791.0 ,    23.79,          8283.5
     10999, India, Sweet potatoes, 1992,       82835,                        1083.0,          70791.0 ,    26.32,          8283.5
     11000, India, Sweet potatoes, 1992,       82835,                        1083.0,          70791.0 ,    25.52,          8283.5
     11001, India, Sweet potatoes, 1992,       82835,                        1083.0,          70791.0 ,    25.58,          8283.5
     11002, India, Sweet potatoes, 1992,       82835,                        1083.0,          70791.0 ,    25.14,          8283.5
     11003, India, Sweet potatoes, 1992,       82835,                        1083.0,          70791.0 ,    26.37,          8283.5
     11004, India, Sweet potatoes, 1992,       82835,                        1083.0,          70791.0 ,    24.62,          8283.5
     11005, India, Sweet potatoes, 1992,       82835,                        1083.0,          70791.0 ,    26.78,          8283.5
     11006, India, Sweet potatoes, 1992,       82835,                        1083.0,          70791.0 ,    26.78,          8283.5
     11007, India, Sweet potatoes, 1992,       82835,                        1083.0,          70791.0 ,    25.89,          8283.5
     11008, India, Wheat         , 1992,       23940,                        1083.0,          70791.0 ,    25.69,          2394.0
     11009, India, Wheat         , 1992,       23940,                        1083.0,          70791.0 ,    26.82,          2394.0
     11010, India, Wheat         , 1992,       23940,                        1083.0,          70791.0 ,    26.09,          2394.0
     11011, India, Wheat         , 1992,       23940,                        1083.0,          70791.0 ,    23.79,          2394.0
     11012, India, Wheat         , 1992,       23940,                        1083.0,          70791.0 ,    25.16,          2394.0
     11013, India, Wheat         , 1992,       23940,                        1083.0,          70791.0 ,    25.91,          2394.0
     11014, India, Wheat         , 1992,       23940,                        1083.0,          70791.0 ,    25.52,          2394.0
     11015, India, Wheat         , 1992,       23940,                        1083.0,          70791.0 ,    26.41,          2394.0
     11016, India, Wheat         , 1992,       23940,                        1083.0,          70791.0 ,    27.24,          2394.0
     11017, India, Wheat         , 1992,       23940,                        1083.0,          70791.0 ,    25.41,          2394.0
     11018, India, Wheat         , 1992,       23940,                        1083.0,          70791.0 ,    25.73,          2394.0
     11019, India, Wheat         , 1992,       23940,                        1083.0,          70791.0 ,    25.27,          2394.0
     11020, India, Wheat         , 1992,       23940,                        1083.0,          70791.0 ,    23.79,          2394.0
     11021, India, Wheat         , 1992,       23940,                        1083.0,          70791.0 ,    26.32,          2394.0
     11022, India, Wheat         , 1992,       23940,                        1083.0,          70791.0 ,    25.52,          2394.0
     11023, India, Wheat         , 1992,       23940,                        1083.0,          70791.0 ,    25.58,          2394.0
     11024, India, Wheat         , 1992,       23940,                        1083.0,          70791.0 ,    25.14,          2394.0
     11025, India, Wheat         , 1992,       23940,                        1083.0,          70791.0 ,    26.37,          2394.0
     11026, India, Wheat         , 1992,       23940,                        1083.0,          70791.0 ,    24.62,          2394.0
     11027, India, Wheat         , 1992,       23940,                        1083.0,          70791.0 ,    26.78,          2394.0
     11028, India, Wheat         , 1992,       23940,                        1083.0,          70791.0 ,    26.78,          2394.0
     11029, India, Wheat         , 1992,       23940,                        1083.0,          70791.0 ,    25.89,          2394.0
     11030, India, Cassava       , 1993,      230430,                        1083.0,          66388.0 ,    25.88,         23043.0
     11031, India, Cassava       , 1993,      230430,                        1083.0,          66388.0 ,    27.46,         23043.0
     11032, India, Cassava       , 1993,      230430,                        1083.0,          66388.0 ,    26.1 ,         23043.0
     11033, India, Cassava       , 1993,      230430,                        1083.0,          66388.0 ,    24.34,         23043.0
     11034, India, Cassava       , 1993,      230430,                        1083.0,          66388.0 ,    25.22,         23043.0
     11035, India, Cassava       , 1993,      230430,                        1083.0,          66388.0 ,    25.75,         23043.0
     11036, India, Cassava       , 1993,      230430,                        1083.0,          66388.0 ,    25.92,         23043.0
     11037, India, Cassava       , 1993,      230430,                        1083.0,          66388.0 ,    26.34,         23043.0
     11038, India, Cassava       , 1993,      230430,                        1083.0,          66388.0 ,    27.24,         23043.0
     11039, India, Cassava       , 1993,      230430,                        1083.0,          66388.0 ,    25.5 ,         23043.0
     11040, India, Cassava       , 1993,      230430,                        1083.0,          66388.0 ,    26.32,         23043.0
     11041, India, Cassava       , 1993,      230430,                        1083.0,          66388.0 ,    25.27,         23043.0
     11042, India, Cassava       , 1993,      230430,                        1083.0,          66388.0 ,    24.34,         23043.0
     11043, India, Cassava       , 1993,      230430,                        1083.0,          66388.0 ,    26.07,         23043.0
     11044, India, Cassava       , 1993,      230430,                        1083.0,          66388.0 ,    25.92,         23043.0
     11045, India, Cassava       , 1993,      230430,                        1083.0,          66388.0 ,    25.66,         23043.0
     11046, India, Cassava       , 1993,      230430,                        1083.0,          66388.0 ,    25.06,         23043.0
     11047, India, Cassava       , 1993,      230430,                        1083.0,          66388.0 ,    27.07,         23043.0
     11048, India, Cassava       , 1993,      230430,                        1083.0,          66388.0 ,    24.74,         23043.0
     11049, India, Cassava       , 1993,      230430,                        1083.0,          66388.0 ,    27.04,         23043.0
     11050, India, Cassava       , 1993,      230430,                        1083.0,          66388.0 ,    27.04,         23043.0
     11051, India, Cassava       , 1993,      230430,                        1083.0,          66388.0 ,    25.97,         23043.0
     11052, India, Maize         , 1993,       16015,                        1083.0,          66388.0 ,    25.88,          1601.5
     11053, India, Maize         , 1993,       16015,                        1083.0,          66388.0 ,    27.46,          1601.5
     11054, India, Maize         , 1993,       16015,                        1083.0,          66388.0 ,    26.1 ,          1601.5
     11055, India, Maize         , 1993,       16015,                        1083.0,          66388.0 ,    24.34,          1601.5
     11056, India, Maize         , 1993,       16015,                        1083.0,          66388.0 ,    25.22,          1601.5
     11057, India, Maize         , 1993,       16015,                        1083.0,          66388.0 ,    25.75,          1601.5
     11058, India, Maize         , 1993,       16015,                        1083.0,          66388.0 ,    25.92,          1601.5
     11059, India, Maize         , 1993,       16015,                        1083.0,          66388.0 ,    26.34,          1601.5
     11060, India, Maize         , 1993,       16015,                        1083.0,          66388.0 ,    27.24,          1601.5
     11061, India, Maize         , 1993,       16015,                        1083.0,          66388.0 ,    25.5 ,          1601.5
     11062, India, Maize         , 1993,       16015,                        1083.0,          66388.0 ,    26.32,          1601.5
     11063, India, Maize         , 1993,       16015,                        1083.0,          66388.0 ,    25.27,          1601.5
     11064, India, Maize         , 1993,       16015,                        1083.0,          66388.0 ,    24.34,          1601.5
     11065, India, Maize         , 1993,       16015,                        1083.0,          66388.0 ,    26.07,          1601.5
     11066, India, Maize         , 1993,       16015,                        1083.0,          66388.0 ,    25.92,          1601.5
     11067, India, Maize         , 1993,       16015,                        1083.0,          66388.0 ,    25.66,          1601.5
     11068, India, Maize         , 1993,       16015,                        1083.0,          66388.0 ,    25.06,          1601.5
     11069, India, Maize         , 1993,       16015,                        1083.0,          66388.0 ,    27.07,          1601.5
     11070, India, Maize         , 1993,       16015,                        1083.0,          66388.0 ,    24.74,          1601.5
     11071, India, Maize         , 1993,       16015,                        1083.0,          66388.0 ,    27.04,          1601.5
     11072, India, Maize         , 1993,       16015,                        1083.0,          66388.0 ,    27.04,          1601.5
     11073, India, Maize         , 1993,       16015,                        1083.0,          66388.0 ,    25.97,          1601.5
     11074, India, Potatoes      , 1993,      149024,                        1083.0,          66388.0 ,    25.88,         14902.4
     11075, India, Potatoes      , 1993,      149024,                        1083.0,          66388.0 ,    27.46,         14902.4
     11076, India, Potatoes      , 1993,      149024,                        1083.0,          66388.0 ,    26.1 ,         14902.4
     11077, India, Potatoes      , 1993,      149024,                        1083.0,          66388.0 ,    24.34,         14902.4
     11078, India, Potatoes      , 1993,      149024,                        1083.0,          66388.0 ,    25.22,         14902.4
     11079, India, Potatoes      , 1993,      149024,                        1083.0,          66388.0 ,    25.75,         14902.4
     11080, India, Potatoes      , 1993,      149024,                        1083.0,          66388.0 ,    25.92,         14902.4
     11081, India, Potatoes      , 1993,      149024,                        1083.0,          66388.0 ,    26.34,         14902.4
     11082, India, Potatoes      , 1993,      149024,                        1083.0,          66388.0 ,    27.24,         14902.4
     11083, India, Potatoes      , 1993,      149024,                        1083.0,          66388.0 ,    25.5 ,         14902.4
     11084, India, Potatoes      , 1993,      149024,                        1083.0,          66388.0 ,    26.32,         14902.4
     11085, India, Potatoes      , 1993,      149024,                        1083.0,          66388.0 ,    25.27,         14902.4
     11086, India, Potatoes      , 1993,      149024,                        1083.0,          66388.0 ,    24.34,         14902.4
     11087, India, Potatoes      , 1993,      149024,                        1083.0,          66388.0 ,    26.07,         14902.4
     11088, India, Potatoes      , 1993,      149024,                        1083.0,          66388.0 ,    25.92,         14902.4
     11089, India, Potatoes      , 1993,      149024,                        1083.0,          66388.0 ,    25.66,         14902.4
     11090, India, Potatoes      , 1993,      149024,                        1083.0,          66388.0 ,    25.06,         14902.4
     11091, India, Potatoes      , 1993,      149024,                        1083.0,          66388.0 ,    27.07,         14902.4
     11092, India, Potatoes      , 1993,      149024,                        1083.0,          66388.0 ,    24.74,         14902.4
     11093, India, Potatoes      , 1993,      149024,                        1083.0,          66388.0 ,    27.04,         14902.4
     11094, India, Potatoes      , 1993,      149024,                        1083.0,          66388.0 ,    27.04,         14902.4
     11095, India, Potatoes      , 1993,      149024,                        1083.0,          66388.0 ,    25.97,         14902.4
     11096, India, "Rice, paddy" , 1993,       28303,                        1083.0,          66388.0 ,    25.88,          2830.3
     11097, India, "Rice, paddy" , 1993,       28303,                        1083.0,          66388.0 ,    27.46,          2830.3
     11098, India, "Rice, paddy" , 1993,       28303,                        1083.0,          66388.0 ,    26.1 ,          2830.3
     11099, India, "Rice, paddy" , 1993,       28303,                        1083.0,          66388.0 ,    24.34,          2830.3
     11100, India, "Rice, paddy" , 1993,       28303,                        1083.0,          66388.0 ,    25.22,          2830.3
     11101, India, "Rice, paddy" , 1993,       28303,                        1083.0,          66388.0 ,    25.75,          2830.3
     11102, India, "Rice, paddy" , 1993,       28303,                        1083.0,          66388.0 ,    25.92,          2830.3
     11103, India, "Rice, paddy" , 1993,       28303,                        1083.0,          66388.0 ,    26.34,          2830.3
     11104, India, "Rice, paddy" , 1993,       28303,                        1083.0,          66388.0 ,    27.24,          2830.3
     11105, India, "Rice, paddy" , 1993,       28303,                        1083.0,          66388.0 ,    25.5 ,          2830.3
     11106, India, "Rice, paddy" , 1993,       28303,                        1083.0,          66388.0 ,    26.32,          2830.3
     11107, India, "Rice, paddy" , 1993,       28303,                        1083.0,          66388.0 ,    25.27,          2830.3
     11108, India, "Rice, paddy" , 1993,       28303,                        1083.0,          66388.0 ,    24.34,          2830.3
     11109, India, "Rice, paddy" , 1993,       28303,                        1083.0,          66388.0 ,    26.07,          2830.3
     11110, India, "Rice, paddy" , 1993,       28303,                        1083.0,          66388.0 ,    25.92,          2830.3
     11111, India, "Rice, paddy" , 1993,       28303,                        1083.0,          66388.0 ,    25.66,          2830.3
     11112, India, "Rice, paddy" , 1993,       28303,                        1083.0,          66388.0 ,    25.06,          2830.3
     11113, India, "Rice, paddy" , 1993,       28303,                        1083.0,          66388.0 ,    27.07,          2830.3
     11114, India, "Rice, paddy" , 1993,       28303,                        1083.0,          66388.0 ,    24.74,          2830.3
     11115, India, "Rice, paddy" , 1993,       28303,                        1083.0,          66388.0 ,    27.04,          2830.3
     11116, India, "Rice, paddy" , 1993,       28303,                        1083.0,          66388.0 ,    27.04,          2830.3
     11117, India, "Rice, paddy" , 1993,       28303,                        1083.0,          66388.0 ,    25.97,          2830.3
     11118, India, Sorghum       , 1993,        8981,                        1083.0,          66388.0 ,    25.88,           898.1
     11119, India, Sorghum       , 1993,        8981,                        1083.0,          66388.0 ,    27.46,           898.1
     11120, India, Sorghum       , 1993,        8981,                        1083.0,          66388.0 ,    26.1 ,           898.1
     11121, India, Sorghum       , 1993,        8981,                        1083.0,          66388.0 ,    24.34,           898.1
     11122, India, Sorghum       , 1993,        8981,                        1083.0,          66388.0 ,    25.22,           898.1
     11123, India, Sorghum       , 1993,        8981,                        1083.0,          66388.0 ,    25.75,           898.1
     11124, India, Sorghum       , 1993,        8981,                        1083.0,          66388.0 ,    25.92,           898.1
     11125, India, Sorghum       , 1993,        8981,                        1083.0,          66388.0 ,    26.34,           898.1
     11126, India, Sorghum       , 1993,        8981,                        1083.0,          66388.0 ,    27.24,           898.1
     11127, India, Sorghum       , 1993,        8981,                        1083.0,          66388.0 ,    25.5 ,           898.1
     11128, India, Sorghum       , 1993,        8981,                        1083.0,          66388.0 ,    26.32,           898.1
     11129, India, Sorghum       , 1993,        8981,                        1083.0,          66388.0 ,    25.27,           898.1
     11130, India, Sorghum       , 1993,        8981,                        1083.0,          66388.0 ,    24.34,           898.1
     11131, India, Sorghum       , 1993,        8981,                        1083.0,          66388.0 ,    26.07,           898.1
     11132, India, Sorghum       , 1993,        8981,                        1083.0,          66388.0 ,    25.92,           898.1
     11133, India, Sorghum       , 1993,        8981,                        1083.0,          66388.0 ,    25.66,           898.1
     11134, India, Sorghum       , 1993,        8981,                        1083.0,          66388.0 ,    25.06,           898.1
     11135, India, Sorghum       , 1993,        8981,                        1083.0,          66388.0 ,    27.07,           898.1
     11136, India, Sorghum       , 1993,        8981,                        1083.0,          66388.0 ,    24.74,           898.1
     11137, India, Sorghum       , 1993,        8981,                        1083.0,          66388.0 ,    27.04,           898.1
     11138, India, Sorghum       , 1993,        8981,                        1083.0,          66388.0 ,    27.04,           898.1
     11139, India, Sorghum       , 1993,        8981,                        1083.0,          66388.0 ,    25.97,           898.1
     11140, India, Soybeans      , 1993,       10857,                        1083.0,          66388.0 ,    25.88,          1085.7
     11141, India, Soybeans      , 1993,       10857,                        1083.0,          66388.0 ,    27.46,          1085.7
     11142, India, Soybeans      , 1993,       10857,                        1083.0,          66388.0 ,    26.1 ,          1085.7
     11143, India, Soybeans      , 1993,       10857,                        1083.0,          66388.0 ,    24.34,          1085.7
     11144, India, Soybeans      , 1993,       10857,                        1083.0,          66388.0 ,    25.22,          1085.7
     11145, India, Soybeans      , 1993,       10857,                        1083.0,          66388.0 ,    25.75,          1085.7
     11146, India, Soybeans      , 1993,       10857,                        1083.0,          66388.0 ,    25.92,          1085.7
     11147, India, Soybeans      , 1993,       10857,                        1083.0,          66388.0 ,    26.34,          1085.7
     11148, India, Soybeans      , 1993,       10857,                        1083.0,          66388.0 ,    27.24,          1085.7
     11149, India, Soybeans      , 1993,       10857,                        1083.0,          66388.0 ,    25.5 ,          1085.7
     11150, India, Soybeans      , 1993,       10857,                        1083.0,          66388.0 ,    26.32,          1085.7
     11151, India, Soybeans      , 1993,       10857,                        1083.0,          66388.0 ,    25.27,          1085.7
     11152, India, Soybeans      , 1993,       10857,                        1083.0,          66388.0 ,    24.34,          1085.7
     11153, India, Soybeans      , 1993,       10857,                        1083.0,          66388.0 ,    26.07,          1085.7
     11154, India, Soybeans      , 1993,       10857,                        1083.0,          66388.0 ,    25.92,          1085.7
     11155, India, Soybeans      , 1993,       10857,                        1083.0,          66388.0 ,    25.66,          1085.7
     11156, India, Soybeans      , 1993,       10857,                        1083.0,          66388.0 ,    25.06,          1085.7
     11157, India, Soybeans      , 1993,       10857,                        1083.0,          66388.0 ,    27.07,          1085.7
     11158, India, Soybeans      , 1993,       10857,                        1083.0,          66388.0 ,    24.74,          1085.7
     11159, India, Soybeans      , 1993,       10857,                        1083.0,          66388.0 ,    27.04,          1085.7
     11160, India, Soybeans      , 1993,       10857,                        1083.0,          66388.0 ,    27.04,          1085.7
     11161, India, Soybeans      , 1993,       10857,                        1083.0,          66388.0 ,    25.97,          1085.7
     11162, India, Sweet potatoes, 1993,       85962,                        1083.0,          66388.0 ,    25.88,          8596.2
     11163, India, Sweet potatoes, 1993,       85962,                        1083.0,          66388.0 ,    27.46,          8596.2
     11164, India, Sweet potatoes, 1993,       85962,                        1083.0,          66388.0 ,    26.1 ,          8596.2
     11165, India, Sweet potatoes, 1993,       85962,                        1083.0,          66388.0 ,    24.34,          8596.2
     11166, India, Sweet potatoes, 1993,       85962,                        1083.0,          66388.0 ,    25.22,          8596.2
     11167, India, Sweet potatoes, 1993,       85962,                        1083.0,          66388.0 ,    25.75,          8596.2
     11168, India, Sweet potatoes, 1993,       85962,                        1083.0,          66388.0 ,    25.92,          8596.2
     11169, India, Sweet potatoes, 1993,       85962,                        1083.0,          66388.0 ,    26.34,          8596.2
     11170, India, Sweet potatoes, 1993,       85962,                        1083.0,          66388.0 ,    27.24,          8596.2
     11171, India, Sweet potatoes, 1993,       85962,                        1083.0,          66388.0 ,    25.5 ,          8596.2
     11172, India, Sweet potatoes, 1993,       85962,                        1083.0,          66388.0 ,    26.32,          8596.2
     11173, India, Sweet potatoes, 1993,       85962,                        1083.0,          66388.0 ,    25.27,          8596.2
     11174, India, Sweet potatoes, 1993,       85962,                        1083.0,          66388.0 ,    24.34,          8596.2
     11175, India, Sweet potatoes, 1993,       85962,                        1083.0,          66388.0 ,    26.07,          8596.2
     11176, India, Sweet potatoes, 1993,       85962,                        1083.0,          66388.0 ,    25.92,          8596.2
     11177, India, Sweet potatoes, 1993,       85962,                        1083.0,          66388.0 ,    25.66,          8596.2
     11178, India, Sweet potatoes, 1993,       85962,                        1083.0,          66388.0 ,    25.06,          8596.2
     11179, India, Sweet potatoes, 1993,       85962,                        1083.0,          66388.0 ,    27.07,          8596.2
     11180, India, Sweet potatoes, 1993,       85962,                        1083.0,          66388.0 ,    24.74,          8596.2
     11181, India, Sweet potatoes, 1993,       85962,                        1083.0,          66388.0 ,    27.04,          8596.2
     11182, India, Sweet potatoes, 1993,       85962,                        1083.0,          66388.0 ,    27.04,          8596.2
     11183, India, Sweet potatoes, 1993,       85962,                        1083.0,          66388.0 ,    25.97,          8596.2
     11184, India, Wheat         , 1993,       23267,                        1083.0,          66388.0 ,    25.88,          2326.7
     11185, India, Wheat         , 1993,       23267,                        1083.0,          66388.0 ,    27.46,          2326.7
     11186, India, Wheat         , 1993,       23267,                        1083.0,          66388.0 ,    26.1 ,          2326.7
     11187, India, Wheat         , 1993,       23267,                        1083.0,          66388.0 ,    24.34,          2326.7
     11188, India, Wheat         , 1993,       23267,                        1083.0,          66388.0 ,    25.22,          2326.7
     11189, India, Wheat         , 1993,       23267,                        1083.0,          66388.0 ,    25.75,          2326.7
     11190, India, Wheat         , 1993,       23267,                        1083.0,          66388.0 ,    25.92,          2326.7
     11191, India, Wheat         , 1993,       23267,                        1083.0,          66388.0 ,    26.34,          2326.7
     11192, India, Wheat         , 1993,       23267,                        1083.0,          66388.0 ,    27.24,          2326.7
     11193, India, Wheat         , 1993,       23267,                        1083.0,          66388.0 ,    25.5 ,          2326.7
     11194, India, Wheat         , 1993,       23267,                        1083.0,          66388.0 ,    26.32,          2326.7
     11195, India, Wheat         , 1993,       23267,                        1083.0,          66388.0 ,    25.27,          2326.7
     11196, India, Wheat         , 1993,       23267,                        1083.0,          66388.0 ,    24.34,          2326.7
     11197, India, Wheat         , 1993,       23267,                        1083.0,          66388.0 ,    26.07,          2326.7
     11198, India, Wheat         , 1993,       23267,                        1083.0,          66388.0 ,    25.92,          2326.7
     11199, India, Wheat         , 1993,       23267,                        1083.0,          66388.0 ,    25.66,          2326.7
     11200, India, Wheat         , 1993,       23267,                        1083.0,          66388.0 ,    25.06,          2326.7
     11201, India, Wheat         , 1993,       23267,                        1083.0,          66388.0 ,    27.07,          2326.7
     11202, India, Wheat         , 1993,       23267,                        1083.0,          66388.0 ,    24.74,          2326.7
     11203, India, Wheat         , 1993,       23267,                        1083.0,          66388.0 ,    27.04,          2326.7
     11204, India, Wheat         , 1993,       23267,                        1083.0,          66388.0 ,    27.04,          2326.7
     11205, India, Wheat         , 1993,       23267,                        1083.0,          66388.0 ,    25.97,          2326.7
     11206, India, Cassava       , 1994,      245277,                        1083.0,          61357.0 ,    25.75,         24527.7
     11207, India, Cassava       , 1994,      245277,                        1083.0,          61357.0 ,    26.74,         24527.7
     11208, India, Cassava       , 1994,      245277,                        1083.0,          61357.0 ,    26.03,         24527.7
     11209, India, Cassava       , 1994,      245277,                        1083.0,          61357.0 ,    24.29,         24527.7
     11210, India, Cassava       , 1994,      245277,                        1083.0,          61357.0 ,    25.22,         24527.7
     11211, India, Cassava       , 1994,      245277,                        1083.0,          61357.0 ,    25.33,         24527.7
     11212, India, Cassava       , 1994,      245277,                        1083.0,          61357.0 ,    25.87,         24527.7
     11213, India, Cassava       , 1994,      245277,                        1083.0,          61357.0 ,    26.54,         24527.7
     11214, India, Cassava       , 1994,      245277,                        1083.0,          61357.0 ,    27.07,         24527.7
     11215, India, Cassava       , 1994,      245277,                        1083.0,          61357.0 ,    25.01,         24527.7
     11216, India, Cassava       , 1994,      245277,                        1083.0,          61357.0 ,    25.92,         24527.7
     11217, India, Cassava       , 1994,      245277,                        1083.0,          61357.0 ,    25.33,         24527.7
     11218, India, Cassava       , 1994,      245277,                        1083.0,          61357.0 ,    24.29,         24527.7
     11219, India, Cassava       , 1994,      245277,                        1083.0,          61357.0 ,    25.75,         24527.7
     11220, India, Cassava       , 1994,      245277,                        1083.0,          61357.0 ,    25.87,         24527.7
     11221, India, Cassava       , 1994,      245277,                        1083.0,          61357.0 ,    25.71,         24527.7
     11222, India, Cassava       , 1994,      245277,                        1083.0,          61357.0 ,    24.84,         24527.7
     11223, India, Cassava       , 1994,      245277,                        1083.0,          61357.0 ,    26.46,         24527.7
     11224, India, Cassava       , 1994,      245277,                        1083.0,          61357.0 ,    24.71,         24527.7
     11225, India, Cassava       , 1994,      245277,                        1083.0,          61357.0 ,    26.55,         24527.7
     11226, India, Cassava       , 1994,      245277,                        1083.0,          61357.0 ,    26.55,         24527.7
     11227, India, Cassava       , 1994,      245277,                        1083.0,          61357.0 ,    25.95,         24527.7
     11228, India, Maize         , 1994,       14480,                        1083.0,          61357.0 ,    25.75,          1448.0
     11229, India, Maize         , 1994,       14480,                        1083.0,          61357.0 ,    26.74,          1448.0
     11230, India, Maize         , 1994,       14480,                        1083.0,          61357.0 ,    26.03,          1448.0
     11231, India, Maize         , 1994,       14480,                        1083.0,          61357.0 ,    24.29,          1448.0
     11232, India, Maize         , 1994,       14480,                        1083.0,          61357.0 ,    25.22,          1448.0
     11233, India, Maize         , 1994,       14480,                        1083.0,          61357.0 ,    25.33,          1448.0
     11234, India, Maize         , 1994,       14480,                        1083.0,          61357.0 ,    25.87,          1448.0
     11235, India, Maize         , 1994,       14480,                        1083.0,          61357.0 ,    26.54,          1448.0
     11236, India, Maize         , 1994,       14480,                        1083.0,          61357.0 ,    27.07,          1448.0
     11237, India, Maize         , 1994,       14480,                        1083.0,          61357.0 ,    25.01,          1448.0
     11238, India, Maize         , 1994,       14480,                        1083.0,          61357.0 ,    25.92,          1448.0
     11239, India, Maize         , 1994,       14480,                        1083.0,          61357.0 ,    25.33,          1448.0
     11240, India, Maize         , 1994,       14480,                        1083.0,          61357.0 ,    24.29,          1448.0
     11241, India, Maize         , 1994,       14480,                        1083.0,          61357.0 ,    25.75,          1448.0
     11242, India, Maize         , 1994,       14480,                        1083.0,          61357.0 ,    25.87,          1448.0
     11243, India, Maize         , 1994,       14480,                        1083.0,          61357.0 ,    25.71,          1448.0
     11244, India, Maize         , 1994,       14480,                        1083.0,          61357.0 ,    24.84,          1448.0
     11245, India, Maize         , 1994,       14480,                        1083.0,          61357.0 ,    26.46,          1448.0
     11246, India, Maize         , 1994,       14480,                        1083.0,          61357.0 ,    24.71,          1448.0
     11247, India, Maize         , 1994,       14480,                        1083.0,          61357.0 ,    26.55,          1448.0
     11248, India, Maize         , 1994,       14480,                        1083.0,          61357.0 ,    26.55,          1448.0
     11249, India, Maize         , 1994,       14480,                        1083.0,          61357.0 ,    25.95,          1448.0
     11250, India, Potatoes      , 1994,      166101,                        1083.0,          61357.0 ,    25.75,         16610.1
     11251, India, Potatoes      , 1994,      166101,                        1083.0,          61357.0 ,    26.74,         16610.1
     11252, India, Potatoes      , 1994,      166101,                        1083.0,          61357.0 ,    26.03,         16610.1
     11253, India, Potatoes      , 1994,      166101,                        1083.0,          61357.0 ,    24.29,         16610.1
     11254, India, Potatoes      , 1994,      166101,                        1083.0,          61357.0 ,    25.22,         16610.1
     11255, India, Potatoes      , 1994,      166101,                        1083.0,          61357.0 ,    25.33,         16610.1
     11256, India, Potatoes      , 1994,      166101,                        1083.0,          61357.0 ,    25.87,         16610.1
     11257, India, Potatoes      , 1994,      166101,                        1083.0,          61357.0 ,    26.54,         16610.1
     11258, India, Potatoes      , 1994,      166101,                        1083.0,          61357.0 ,    27.07,         16610.1
     11259, India, Potatoes      , 1994,      166101,                        1083.0,          61357.0 ,    25.01,         16610.1
     11260, India, Potatoes      , 1994,      166101,                        1083.0,          61357.0 ,    25.92,         16610.1
     11261, India, Potatoes      , 1994,      166101,                        1083.0,          61357.0 ,    25.33,         16610.1
     11262, India, Potatoes      , 1994,      166101,                        1083.0,          61357.0 ,    24.29,         16610.1
     11263, India, Potatoes      , 1994,      166101,                        1083.0,          61357.0 ,    25.75,         16610.1
     11264, India, Potatoes      , 1994,      166101,                        1083.0,          61357.0 ,    25.87,         16610.1
     11265, India, Potatoes      , 1994,      166101,                        1083.0,          61357.0 ,    25.71,         16610.1
     11266, India, Potatoes      , 1994,      166101,                        1083.0,          61357.0 ,    24.84,         16610.1
     11267, India, Potatoes      , 1994,      166101,                        1083.0,          61357.0 ,    26.46,         16610.1
     11268, India, Potatoes      , 1994,      166101,                        1083.0,          61357.0 ,    24.71,         16610.1
     11269, India, Potatoes      , 1994,      166101,                        1083.0,          61357.0 ,    26.55,         16610.1
     11270, India, Potatoes      , 1994,      166101,                        1083.0,          61357.0 ,    26.55,         16610.1
     11271, India, Potatoes      , 1994,      166101,                        1083.0,          61357.0 ,    25.95,         16610.1
     11272, India, "Rice, paddy" , 1994,       28645,                        1083.0,          61357.0 ,    25.75,          2864.5
     11273, India, "Rice, paddy" , 1994,       28645,                        1083.0,          61357.0 ,    26.74,          2864.5
     11274, India, "Rice, paddy" , 1994,       28645,                        1083.0,          61357.0 ,    26.03,          2864.5
     11275, India, "Rice, paddy" , 1994,       28645,                        1083.0,          61357.0 ,    24.29,          2864.5
     11276, India, "Rice, paddy" , 1994,       28645,                        1083.0,          61357.0 ,    25.22,          2864.5
     11277, India, "Rice, paddy" , 1994,       28645,                        1083.0,          61357.0 ,    25.33,          2864.5
     11278, India, "Rice, paddy" , 1994,       28645,                        1083.0,          61357.0 ,    25.87,          2864.5
     11279, India, "Rice, paddy" , 1994,       28645,                        1083.0,          61357.0 ,    26.54,          2864.5
     11280, India, "Rice, paddy" , 1994,       28645,                        1083.0,          61357.0 ,    27.07,          2864.5
     11281, India, "Rice, paddy" , 1994,       28645,                        1083.0,          61357.0 ,    25.01,          2864.5
     11282, India, "Rice, paddy" , 1994,       28645,                        1083.0,          61357.0 ,    25.92,          2864.5
     11283, India, "Rice, paddy" , 1994,       28645,                        1083.0,          61357.0 ,    25.33,          2864.5
     11284, India, "Rice, paddy" , 1994,       28645,                        1083.0,          61357.0 ,    24.29,          2864.5
     11285, India, "Rice, paddy" , 1994,       28645,                        1083.0,          61357.0 ,    25.75,          2864.5
     11286, India, "Rice, paddy" , 1994,       28645,                        1083.0,          61357.0 ,    25.87,          2864.5
     11287, India, "Rice, paddy" , 1994,       28645,                        1083.0,          61357.0 ,    25.71,          2864.5
     11288, India, "Rice, paddy" , 1994,       28645,                        1083.0,          61357.0 ,    24.84,          2864.5
     11289, India, "Rice, paddy" , 1994,       28645,                        1083.0,          61357.0 ,    26.46,          2864.5
     11290, India, "Rice, paddy" , 1994,       28645,                        1083.0,          61357.0 ,    24.71,          2864.5
     11291, India, "Rice, paddy" , 1994,       28645,                        1083.0,          61357.0 ,    26.55,          2864.5
     11292, India, "Rice, paddy" , 1994,       28645,                        1083.0,          61357.0 ,    26.55,          2864.5
     11293, India, "Rice, paddy" , 1994,       28645,                        1083.0,          61357.0 ,    25.95,          2864.5
     11294, India, Sorghum       , 1994,        7786,                        1083.0,          61357.0 ,    25.75,           778.6
     11295, India, Sorghum       , 1994,        7786,                        1083.0,          61357.0 ,    26.74,           778.6
     11296, India, Sorghum       , 1994,        7786,                        1083.0,          61357.0 ,    26.03,           778.6
     11297, India, Sorghum       , 1994,        7786,                        1083.0,          61357.0 ,    24.29,           778.6
     11298, India, Sorghum       , 1994,        7786,                        1083.0,          61357.0 ,    25.22,           778.6
     11299, India, Sorghum       , 1994,        7786,                        1083.0,          61357.0 ,    25.33,           778.6
     11300, India, Sorghum       , 1994,        7786,                        1083.0,          61357.0 ,    25.87,           778.6
     11301, India, Sorghum       , 1994,        7786,                        1083.0,          61357.0 ,    26.54,           778.6
     11302, India, Sorghum       , 1994,        7786,                        1083.0,          61357.0 ,    27.07,           778.6
     11303, India, Sorghum       , 1994,        7786,                        1083.0,          61357.0 ,    25.01,           778.6
     11304, India, Sorghum       , 1994,        7786,                        1083.0,          61357.0 ,    25.92,           778.6
     11305, India, Sorghum       , 1994,        7786,                        1083.0,          61357.0 ,    25.33,           778.6
     11306, India, Sorghum       , 1994,        7786,                        1083.0,          61357.0 ,    24.29,           778.6
     11307, India, Sorghum       , 1994,        7786,                        1083.0,          61357.0 ,    25.75,           778.6
     11308, India, Sorghum       , 1994,        7786,                        1083.0,          61357.0 ,    25.87,           778.6
     11309, India, Sorghum       , 1994,        7786,                        1083.0,          61357.0 ,    25.71,           778.6
     11310, India, Sorghum       , 1994,        7786,                        1083.0,          61357.0 ,    24.84,           778.6
     11311, India, Sorghum       , 1994,        7786,                        1083.0,          61357.0 ,    26.46,           778.6
     11312, India, Sorghum       , 1994,        7786,                        1083.0,          61357.0 ,    24.71,           778.6
     11313, India, Sorghum       , 1994,        7786,                        1083.0,          61357.0 ,    26.55,           778.6
     11314, India, Sorghum       , 1994,        7786,                        1083.0,          61357.0 ,    26.55,           778.6
     11315, India, Sorghum       , 1994,        7786,                        1083.0,          61357.0 ,    25.95,           778.6
     11316, India, Soybeans      , 1994,        9106,                        1083.0,          61357.0 ,    25.75,           910.6
     11317, India, Soybeans      , 1994,        9106,                        1083.0,          61357.0 ,    26.74,           910.6
     11318, India, Soybeans      , 1994,        9106,                        1083.0,          61357.0 ,    26.03,           910.6
     11319, India, Soybeans      , 1994,        9106,                        1083.0,          61357.0 ,    24.29,           910.6
     11320, India, Soybeans      , 1994,        9106,                        1083.0,          61357.0 ,    25.22,           910.6
     11321, India, Soybeans      , 1994,        9106,                        1083.0,          61357.0 ,    25.33,           910.6
     11322, India, Soybeans      , 1994,        9106,                        1083.0,          61357.0 ,    25.87,           910.6
     11323, India, Soybeans      , 1994,        9106,                        1083.0,          61357.0 ,    26.54,           910.6
     11324, India, Soybeans      , 1994,        9106,                        1083.0,          61357.0 ,    27.07,           910.6
     11325, India, Soybeans      , 1994,        9106,                        1083.0,          61357.0 ,    25.01,           910.6
     11326, India, Soybeans      , 1994,        9106,                        1083.0,          61357.0 ,    25.92,           910.6
     11327, India, Soybeans      , 1994,        9106,                        1083.0,          61357.0 ,    25.33,           910.6
     11328, India, Soybeans      , 1994,        9106,                        1083.0,          61357.0 ,    24.29,           910.6
     11329, India, Soybeans      , 1994,        9106,                        1083.0,          61357.0 ,    25.75,           910.6
     11330, India, Soybeans      , 1994,        9106,                        1083.0,          61357.0 ,    25.87,           910.6
     11331, India, Soybeans      , 1994,        9106,                        1083.0,          61357.0 ,    25.71,           910.6
     11332, India, Soybeans      , 1994,        9106,                        1083.0,          61357.0 ,    24.84,           910.6
     11333, India, Soybeans      , 1994,        9106,                        1083.0,          61357.0 ,    26.46,           910.6
     11334, India, Soybeans      , 1994,        9106,                        1083.0,          61357.0 ,    24.71,           910.6
     11335, India, Soybeans      , 1994,        9106,                        1083.0,          61357.0 ,    26.55,           910.6
     11336, India, Soybeans      , 1994,        9106,                        1083.0,          61357.0 ,    26.55,           910.6
     11337, India, Soybeans      , 1994,        9106,                        1083.0,          61357.0 ,    25.95,           910.6
     11338, India, Sweet potatoes, 1994,       84823,                        1083.0,          61357.0 ,    25.75,          8482.3
     11339, India, Sweet potatoes, 1994,       84823,                        1083.0,          61357.0 ,    26.74,          8482.3
     11340, India, Sweet potatoes, 1994,       84823,                        1083.0,          61357.0 ,    26.03,          8482.3
     11341, India, Sweet potatoes, 1994,       84823,                        1083.0,          61357.0 ,    24.29,          8482.3
     11342, India, Sweet potatoes, 1994,       84823,                        1083.0,          61357.0 ,    25.22,          8482.3
     11343, India, Sweet potatoes, 1994,       84823,                        1083.0,          61357.0 ,    25.33,          8482.3
     11344, India, Sweet potatoes, 1994,       84823,                        1083.0,          61357.0 ,    25.87,          8482.3
     11345, India, Sweet potatoes, 1994,       84823,                        1083.0,          61357.0 ,    26.54,          8482.3
     11346, India, Sweet potatoes, 1994,       84823,                        1083.0,          61357.0 ,    27.07,          8482.3
     11347, India, Sweet potatoes, 1994,       84823,                        1083.0,          61357.0 ,    25.01,          8482.3
     11348, India, Sweet potatoes, 1994,       84823,                        1083.0,          61357.0 ,    25.92,          8482.3
     11349, India, Sweet potatoes, 1994,       84823,                        1083.0,          61357.0 ,    25.33,          8482.3
     11350, India, Sweet potatoes, 1994,       84823,                        1083.0,          61357.0 ,    24.29,          8482.3
     11351, India, Sweet potatoes, 1994,       84823,                        1083.0,          61357.0 ,    25.75,          8482.3
     11352, India, Sweet potatoes, 1994,       84823,                        1083.0,          61357.0 ,    25.87,          8482.3
     11353, India, Sweet potatoes, 1994,       84823,                        1083.0,          61357.0 ,    25.71,          8482.3
     11354, India, Sweet potatoes, 1994,       84823,                        1083.0,          61357.0 ,    24.84,          8482.3
     11355, India, Sweet potatoes, 1994,       84823,                        1083.0,          61357.0 ,    26.46,          8482.3
     11356, India, Sweet potatoes, 1994,       84823,                        1083.0,          61357.0 ,    24.71,          8482.3
     11357, India, Sweet potatoes, 1994,       84823,                        1083.0,          61357.0 ,    26.55,          8482.3
     11358, India, Sweet potatoes, 1994,       84823,                        1083.0,          61357.0 ,    26.55,          8482.3
     11359, India, Sweet potatoes, 1994,       84823,                        1083.0,          61357.0 ,    25.95,          8482.3
     11360, India, Wheat         , 1994,       23796,                        1083.0,          61357.0 ,    25.75,          2379.6
     11361, India, Wheat         , 1994,       23796,                        1083.0,          61357.0 ,    26.74,          2379.6
     11362, India, Wheat         , 1994,       23796,                        1083.0,          61357.0 ,    26.03,          2379.6
     11363, India, Wheat         , 1994,       23796,                        1083.0,          61357.0 ,    24.29,          2379.6
     11364, India, Wheat         , 1994,       23796,                        1083.0,          61357.0 ,    25.22,          2379.6
     11365, India, Wheat         , 1994,       23796,                        1083.0,          61357.0 ,    25.33,          2379.6
     11366, India, Wheat         , 1994,       23796,                        1083.0,          61357.0 ,    25.87,          2379.6
     11367, India, Wheat         , 1994,       23796,                        1083.0,          61357.0 ,    26.54,          2379.6
     11368, India, Wheat         , 1994,       23796,                        1083.0,          61357.0 ,    27.07,          2379.6
     11369, India, Wheat         , 1994,       23796,                        1083.0,          61357.0 ,    25.01,          2379.6
     11370, India, Wheat         , 1994,       23796,                        1083.0,          61357.0 ,    25.92,          2379.6
     11371, India, Wheat         , 1994,       23796,                        1083.0,          61357.0 ,    25.33,          2379.6
     11372, India, Wheat         , 1994,       23796,                        1083.0,          61357.0 ,    24.29,          2379.6
     11373, India, Wheat         , 1994,       23796,                        1083.0,          61357.0 ,    25.75,          2379.6
     11374, India, Wheat         , 1994,       23796,                        1083.0,          61357.0 ,    25.87,          2379.6
     11375, India, Wheat         , 1994,       23796,                        1083.0,          61357.0 ,    25.71,          2379.6
     11376, India, Wheat         , 1994,       23796,                        1083.0,          61357.0 ,    24.84,          2379.6
     11377, India, Wheat         , 1994,       23796,                        1083.0,          61357.0 ,    26.46,          2379.6
     11378, India, Wheat         , 1994,       23796,                        1083.0,          61357.0 ,    24.71,          2379.6
     11379, India, Wheat         , 1994,       23796,                        1083.0,          61357.0 ,    26.55,          2379.6
     11380, India, Wheat         , 1994,       23796,                        1083.0,          61357.0 ,    26.55,          2379.6
     11381, India, Wheat         , 1994,       23796,                        1083.0,          61357.0 ,    25.95,          2379.6
     11382, India, Cassava       , 1995,      252775,                        1083.0,          61257.0 ,    25.86,         25277.5
     11383, India, Cassava       , 1995,      252775,                        1083.0,          61257.0 ,    27.2 ,         25277.5
     11384, India, Cassava       , 1995,      252775,                        1083.0,          61257.0 ,    26.15,         25277.5
     11385, India, Cassava       , 1995,      252775,                        1083.0,          61257.0 ,    24.04,         25277.5
     11386, India, Cassava       , 1995,      252775,                        1083.0,          61257.0 ,    25.44,         25277.5
     11387, India, Cassava       , 1995,      252775,                        1083.0,          61257.0 ,    25.73,         25277.5
     11388, India, Cassava       , 1995,      252775,                        1083.0,          61257.0 ,    25.92,         25277.5
     11389, India, Cassava       , 1995,      252775,                        1083.0,          61257.0 ,    26.62,         25277.5
     11390, India, Cassava       , 1995,      252775,                        1083.0,          61257.0 ,    27.24,         25277.5
     11391, India, Cassava       , 1995,      252775,                        1083.0,          61257.0 ,    25.5 ,         25277.5
     11392, India, Cassava       , 1995,      252775,                        1083.0,          61257.0 ,    26.13,         25277.5
     11393, India, Cassava       , 1995,      252775,                        1083.0,          61257.0 ,    25.55,         25277.5
     11394, India, Cassava       , 1995,      252775,                        1083.0,          61257.0 ,    24.04,         25277.5
     11395, India, Cassava       , 1995,      252775,                        1083.0,          61257.0 ,    26.04,         25277.5
     11396, India, Cassava       , 1995,      252775,                        1083.0,          61257.0 ,    25.92,         25277.5
     11397, India, Cassava       , 1995,      252775,                        1083.0,          61257.0 ,    25.76,         25277.5
     11398, India, Cassava       , 1995,      252775,                        1083.0,          61257.0 ,    25.24,         25277.5
     11399, India, Cassava       , 1995,      252775,                        1083.0,          61257.0 ,    26.72,         25277.5
     11400, India, Cassava       , 1995,      252775,                        1083.0,          61257.0 ,    24.64,         25277.5
     11401, India, Cassava       , 1995,      252775,                        1083.0,          61257.0 ,    27.03,         25277.5
     11402, India, Cassava       , 1995,      252775,                        1083.0,          61257.0 ,    27.03,         25277.5
     11403, India, Cassava       , 1995,      252775,                        1083.0,          61257.0 ,    26.01,         25277.5
     11404, India, Maize         , 1995,       15946,                        1083.0,          61257.0 ,    25.86,          1594.6
     11405, India, Maize         , 1995,       15946,                        1083.0,          61257.0 ,    27.2 ,          1594.6
     11406, India, Maize         , 1995,       15946,                        1083.0,          61257.0 ,    26.15,          1594.6
     11407, India, Maize         , 1995,       15946,                        1083.0,          61257.0 ,    24.04,          1594.6
     11408, India, Maize         , 1995,       15946,                        1083.0,          61257.0 ,    25.44,          1594.6
     11409, India, Maize         , 1995,       15946,                        1083.0,          61257.0 ,    25.73,          1594.6
     11410, India, Maize         , 1995,       15946,                        1083.0,          61257.0 ,    25.92,          1594.6
     11411, India, Maize         , 1995,       15946,                        1083.0,          61257.0 ,    26.62,          1594.6
     11412, India, Maize         , 1995,       15946,                        1083.0,          61257.0 ,    27.24,          1594.6
     11413, India, Maize         , 1995,       15946,                        1083.0,          61257.0 ,    25.5 ,          1594.6
     11414, India, Maize         , 1995,       15946,                        1083.0,          61257.0 ,    26.13,          1594.6
     11415, India, Maize         , 1995,       15946,                        1083.0,          61257.0 ,    25.55,          1594.6
     11416, India, Maize         , 1995,       15946,                        1083.0,          61257.0 ,    24.04,          1594.6
     11417, India, Maize         , 1995,       15946,                        1083.0,          61257.0 ,    26.04,          1594.6
     11418, India, Maize         , 1995,       15946,                        1083.0,          61257.0 ,    25.92,          1594.6
     11419, India, Maize         , 1995,       15946,                        1083.0,          61257.0 ,    25.76,          1594.6
     11420, India, Maize         , 1995,       15946,                        1083.0,          61257.0 ,    25.24,          1594.6
     11421, India, Maize         , 1995,       15946,                        1083.0,          61257.0 ,    26.72,          1594.6
     11422, India, Maize         , 1995,       15946,                        1083.0,          61257.0 ,    24.64,          1594.6
     11423, India, Maize         , 1995,       15946,                        1083.0,          61257.0 ,    27.03,          1594.6
     11424, India, Maize         , 1995,       15946,                        1083.0,          61257.0 ,    27.03,          1594.6
     11425, India, Maize         , 1995,       15946,                        1083.0,          61257.0 ,    26.01,          1594.6
     11426, India, Potatoes      , 1995,      162720,                        1083.0,          61257.0 ,    25.86,         16272.0
     11427, India, Potatoes      , 1995,      162720,                        1083.0,          61257.0 ,    27.2 ,         16272.0
     11428, India, Potatoes      , 1995,      162720,                        1083.0,          61257.0 ,    26.15,         16272.0
     11429, India, Potatoes      , 1995,      162720,                        1083.0,          61257.0 ,    24.04,         16272.0
     11430, India, Potatoes      , 1995,      162720,                        1083.0,          61257.0 ,    25.44,         16272.0
     11431, India, Potatoes      , 1995,      162720,                        1083.0,          61257.0 ,    25.73,         16272.0
     11432, India, Potatoes      , 1995,      162720,                        1083.0,          61257.0 ,    25.92,         16272.0
     11433, India, Potatoes      , 1995,      162720,                        1083.0,          61257.0 ,    26.62,         16272.0
     11434, India, Potatoes      , 1995,      162720,                        1083.0,          61257.0 ,    27.24,         16272.0
     11435, India, Potatoes      , 1995,      162720,                        1083.0,          61257.0 ,    25.5 ,         16272.0
     11436, India, Potatoes      , 1995,      162720,                        1083.0,          61257.0 ,    26.13,         16272.0
     11437, India, Potatoes      , 1995,      162720,                        1083.0,          61257.0 ,    25.55,         16272.0
     11438, India, Potatoes      , 1995,      162720,                        1083.0,          61257.0 ,    24.04,         16272.0
     11439, India, Potatoes      , 1995,      162720,                        1083.0,          61257.0 ,    26.04,         16272.0
     11440, India, Potatoes      , 1995,      162720,                        1083.0,          61257.0 ,    25.92,         16272.0
     11441, India, Potatoes      , 1995,      162720,                        1083.0,          61257.0 ,    25.76,         16272.0
     11442, India, Potatoes      , 1995,      162720,                        1083.0,          61257.0 ,    25.24,         16272.0
     11443, India, Potatoes      , 1995,      162720,                        1083.0,          61257.0 ,    26.72,         16272.0
     11444, India, Potatoes      , 1995,      162720,                        1083.0,          61257.0 ,    24.64,         16272.0
     11445, India, Potatoes      , 1995,      162720,                        1083.0,          61257.0 ,    27.03,         16272.0
     11446, India, Potatoes      , 1995,      162720,                        1083.0,          61257.0 ,    27.03,         16272.0
     11447, India, Potatoes      , 1995,      162720,                        1083.0,          61257.0 ,    26.01,         16272.0
     11448, India, "Rice, paddy" , 1995,       26972,                        1083.0,          61257.0 ,    25.86,          2697.2
     11449, India, "Rice, paddy" , 1995,       26972,                        1083.0,          61257.0 ,    27.2 ,          2697.2
     11450, India, "Rice, paddy" , 1995,       26972,                        1083.0,          61257.0 ,    26.15,          2697.2
     11451, India, "Rice, paddy" , 1995,       26972,                        1083.0,          61257.0 ,    24.04,          2697.2
     11452, India, "Rice, paddy" , 1995,       26972,                        1083.0,          61257.0 ,    25.44,          2697.2
     11453, India, "Rice, paddy" , 1995,       26972,                        1083.0,          61257.0 ,    25.73,          2697.2
     11454, India, "Rice, paddy" , 1995,       26972,                        1083.0,          61257.0 ,    25.92,          2697.2
     11455, India, "Rice, paddy" , 1995,       26972,                        1083.0,          61257.0 ,    26.62,          2697.2
     11456, India, "Rice, paddy" , 1995,       26972,                        1083.0,          61257.0 ,    27.24,          2697.2
     11457, India, "Rice, paddy" , 1995,       26972,                        1083.0,          61257.0 ,    25.5 ,          2697.2
     11458, India, "Rice, paddy" , 1995,       26972,                        1083.0,          61257.0 ,    26.13,          2697.2
     11459, India, "Rice, paddy" , 1995,       26972,                        1083.0,          61257.0 ,    25.55,          2697.2
     11460, India, "Rice, paddy" , 1995,       26972,                        1083.0,          61257.0 ,    24.04,          2697.2
     11461, India, "Rice, paddy" , 1995,       26972,                        1083.0,          61257.0 ,    26.04,          2697.2
     11462, India, "Rice, paddy" , 1995,       26972,                        1083.0,          61257.0 ,    25.92,          2697.2
     11463, India, "Rice, paddy" , 1995,       26972,                        1083.0,          61257.0 ,    25.76,          2697.2
     11464, India, "Rice, paddy" , 1995,       26972,                        1083.0,          61257.0 ,    25.24,          2697.2
     11465, India, "Rice, paddy" , 1995,       26972,                        1083.0,          61257.0 ,    26.72,          2697.2
     11466, India, "Rice, paddy" , 1995,       26972,                        1083.0,          61257.0 ,    24.64,          2697.2
     11467, India, "Rice, paddy" , 1995,       26972,                        1083.0,          61257.0 ,    27.03,          2697.2
     11468, India, "Rice, paddy" , 1995,       26972,                        1083.0,          61257.0 ,    27.03,          2697.2
     11469, India, "Rice, paddy" , 1995,       26972,                        1083.0,          61257.0 ,    26.01,          2697.2
     11470, India, Sorghum       , 1995,        8235,                        1083.0,          61257.0 ,    25.86,           823.5
     11471, India, Sorghum       , 1995,        8235,                        1083.0,          61257.0 ,    27.2 ,           823.5
     11472, India, Sorghum       , 1995,        8235,                        1083.0,          61257.0 ,    26.15,           823.5
     11473, India, Sorghum       , 1995,        8235,                        1083.0,          61257.0 ,    24.04,           823.5
     11474, India, Sorghum       , 1995,        8235,                        1083.0,          61257.0 ,    25.44,           823.5
     11475, India, Sorghum       , 1995,        8235,                        1083.0,          61257.0 ,    25.73,           823.5
     11476, India, Sorghum       , 1995,        8235,                        1083.0,          61257.0 ,    25.92,           823.5
     11477, India, Sorghum       , 1995,        8235,                        1083.0,          61257.0 ,    26.62,           823.5
     11478, India, Sorghum       , 1995,        8235,                        1083.0,          61257.0 ,    27.24,           823.5
     11479, India, Sorghum       , 1995,        8235,                        1083.0,          61257.0 ,    25.5 ,           823.5
     11480, India, Sorghum       , 1995,        8235,                        1083.0,          61257.0 ,    26.13,           823.5
     11481, India, Sorghum       , 1995,        8235,                        1083.0,          61257.0 ,    25.55,           823.5
     11482, India, Sorghum       , 1995,        8235,                        1083.0,          61257.0 ,    24.04,           823.5
     11483, India, Sorghum       , 1995,        8235,                        1083.0,          61257.0 ,    26.04,           823.5
     11484, India, Sorghum       , 1995,        8235,                        1083.0,          61257.0 ,    25.92,           823.5
     11485, India, Sorghum       , 1995,        8235,                        1083.0,          61257.0 ,    25.76,           823.5
     11486, India, Sorghum       , 1995,        8235,                        1083.0,          61257.0 ,    25.24,           823.5
     11487, India, Sorghum       , 1995,        8235,                        1083.0,          61257.0 ,    26.72,           823.5
     11488, India, Sorghum       , 1995,        8235,                        1083.0,          61257.0 ,    24.64,           823.5
     11489, India, Sorghum       , 1995,        8235,                        1083.0,          61257.0 ,    27.03,           823.5
     11490, India, Sorghum       , 1995,        8235,                        1083.0,          61257.0 ,    27.03,           823.5
     11491, India, Sorghum       , 1995,        8235,                        1083.0,          61257.0 ,    26.01,           823.5
     11492, India, Soybeans      , 1995,       10121,                        1083.0,          61257.0 ,    25.86,          1012.1
     11493, India, Soybeans      , 1995,       10121,                        1083.0,          61257.0 ,    27.2 ,          1012.1
     11494, India, Soybeans      , 1995,       10121,                        1083.0,          61257.0 ,    26.15,          1012.1
     11495, India, Soybeans      , 1995,       10121,                        1083.0,          61257.0 ,    24.04,          1012.1
     11496, India, Soybeans      , 1995,       10121,                        1083.0,          61257.0 ,    25.44,          1012.1
     11497, India, Soybeans      , 1995,       10121,                        1083.0,          61257.0 ,    25.73,          1012.1
     11498, India, Soybeans      , 1995,       10121,                        1083.0,          61257.0 ,    25.92,          1012.1
     11499, India, Soybeans      , 1995,       10121,                        1083.0,          61257.0 ,    26.62,          1012.1
     11500, India, Soybeans      , 1995,       10121,                        1083.0,          61257.0 ,    27.24,          1012.1
     11501, India, Soybeans      , 1995,       10121,                        1083.0,          61257.0 ,    25.5 ,          1012.1
     11502, India, Soybeans      , 1995,       10121,                        1083.0,          61257.0 ,    26.13,          1012.1
     11503, India, Soybeans      , 1995,       10121,                        1083.0,          61257.0 ,    25.55,          1012.1
     11504, India, Soybeans      , 1995,       10121,                        1083.0,          61257.0 ,    24.04,          1012.1
     11505, India, Soybeans      , 1995,       10121,                        1083.0,          61257.0 ,    26.04,          1012.1
     11506, India, Soybeans      , 1995,       10121,                        1083.0,          61257.0 ,    25.92,          1012.1
     11507, India, Soybeans      , 1995,       10121,                        1083.0,          61257.0 ,    25.76,          1012.1
     11508, India, Soybeans      , 1995,       10121,                        1083.0,          61257.0 ,    25.24,          1012.1
     11509, India, Soybeans      , 1995,       10121,                        1083.0,          61257.0 ,    26.72,          1012.1
     11510, India, Soybeans      , 1995,       10121,                        1083.0,          61257.0 ,    24.64,          1012.1
     11511, India, Soybeans      , 1995,       10121,                        1083.0,          61257.0 ,    27.03,          1012.1
     11512, India, Soybeans      , 1995,       10121,                        1083.0,          61257.0 ,    27.03,          1012.1
     11513, India, Soybeans      , 1995,       10121,                        1083.0,          61257.0 ,    26.01,          1012.1
     11514, India, Sweet potatoes, 1995,       80643,                        1083.0,          61257.0 ,    25.86,          8064.3
     11515, India, Sweet potatoes, 1995,       80643,                        1083.0,          61257.0 ,    27.2 ,          8064.3
     11516, India, Sweet potatoes, 1995,       80643,                        1083.0,          61257.0 ,    26.15,          8064.3
     11517, India, Sweet potatoes, 1995,       80643,                        1083.0,          61257.0 ,    24.04,          8064.3
     11518, India, Sweet potatoes, 1995,       80643,                        1083.0,          61257.0 ,    25.44,          8064.3
     11519, India, Sweet potatoes, 1995,       80643,                        1083.0,          61257.0 ,    25.73,          8064.3
     11520, India, Sweet potatoes, 1995,       80643,                        1083.0,          61257.0 ,    25.92,          8064.3
     11521, India, Sweet potatoes, 1995,       80643,                        1083.0,          61257.0 ,    26.62,          8064.3
     11522, India, Sweet potatoes, 1995,       80643,                        1083.0,          61257.0 ,    27.24,          8064.3
     11523, India, Sweet potatoes, 1995,       80643,                        1083.0,          61257.0 ,    25.5 ,          8064.3
     11524, India, Sweet potatoes, 1995,       80643,                        1083.0,          61257.0 ,    26.13,          8064.3
     11525, India, Sweet potatoes, 1995,       80643,                        1083.0,          61257.0 ,    25.55,          8064.3
     11526, India, Sweet potatoes, 1995,       80643,                        1083.0,          61257.0 ,    24.04,          8064.3
     11527, India, Sweet potatoes, 1995,       80643,                        1083.0,          61257.0 ,    26.04,          8064.3
     11528, India, Sweet potatoes, 1995,       80643,                        1083.0,          61257.0 ,    25.92,          8064.3
     11529, India, Sweet potatoes, 1995,       80643,                        1083.0,          61257.0 ,    25.76,          8064.3
     11530, India, Sweet potatoes, 1995,       80643,                        1083.0,          61257.0 ,    25.24,          8064.3
     11531, India, Sweet potatoes, 1995,       80643,                        1083.0,          61257.0 ,    26.72,          8064.3
     11532, India, Sweet potatoes, 1995,       80643,                        1083.0,          61257.0 ,    24.64,          8064.3
     11533, India, Sweet potatoes, 1995,       80643,                        1083.0,          61257.0 ,    27.03,          8064.3
     11534, India, Sweet potatoes, 1995,       80643,                        1083.0,          61257.0 ,    27.03,          8064.3
     11535, India, Sweet potatoes, 1995,       80643,                        1083.0,          61257.0 ,    26.01,          8064.3
     11536, India, Wheat         , 1995,       25590,                        1083.0,          61257.0 ,    25.86,          2559.0
     11537, India, Wheat         , 1995,       25590,                        1083.0,          61257.0 ,    27.2 ,          2559.0
     11538, India, Wheat         , 1995,       25590,                        1083.0,          61257.0 ,    26.15,          2559.0
     11539, India, Wheat         , 1995,       25590,                        1083.0,          61257.0 ,    24.04,          2559.0
     11540, India, Wheat         , 1995,       25590,                        1083.0,          61257.0 ,    25.44,          2559.0
     11541, India, Wheat         , 1995,       25590,                        1083.0,          61257.0 ,    25.73,          2559.0
     11542, India, Wheat         , 1995,       25590,                        1083.0,          61257.0 ,    25.92,          2559.0
     11543, India, Wheat         , 1995,       25590,                        1083.0,          61257.0 ,    26.62,          2559.0
     11544, India, Wheat         , 1995,       25590,                        1083.0,          61257.0 ,    27.24,          2559.0
     11545, India, Wheat         , 1995,       25590,                        1083.0,          61257.0 ,    25.5 ,          2559.0
     11546, India, Wheat         , 1995,       25590,                        1083.0,          61257.0 ,    26.13,          2559.0
     11547, India, Wheat         , 1995,       25590,                        1083.0,          61257.0 ,    25.55,          2559.0
     11548, India, Wheat         , 1995,       25590,                        1083.0,          61257.0 ,    24.04,          2559.0
     11549, India, Wheat         , 1995,       25590,                        1083.0,          61257.0 ,    26.04,          2559.0
     11550, India, Wheat         , 1995,       25590,                        1083.0,          61257.0 ,    25.92,          2559.0
     11551, India, Wheat         , 1995,       25590,                        1083.0,          61257.0 ,    25.76,          2559.0
     11552, India, Wheat         , 1995,       25590,                        1083.0,          61257.0 ,    25.24,          2559.0
     11553, India, Wheat         , 1995,       25590,                        1083.0,          61257.0 ,    26.72,          2559.0
     11554, India, Wheat         , 1995,       25590,                        1083.0,          61257.0 ,    24.64,          2559.0
     11555, India, Wheat         , 1995,       25590,                        1083.0,          61257.0 ,    27.03,          2559.0
     11556, India, Wheat         , 1995,       25590,                        1083.0,          61257.0 ,    27.03,          2559.0
     11557, India, Wheat         , 1995,       25590,                        1083.0,          61257.0 ,    26.01,          2559.0
     11558, India, Cassava       , 1996,      238528,                        1083.0,          56114.0 ,    25.63,         23852.8
     11559, India, Cassava       , 1996,      238528,                        1083.0,          56114.0 ,    27.06,         23852.8
     11560, India, Cassava       , 1996,      238528,                        1083.0,          56114.0 ,    26.1 ,         23852.8
     11561, India, Cassava       , 1996,      238528,                        1083.0,          56114.0 ,    23.81,         23852.8
     11562, India, Cassava       , 1996,      238528,                        1083.0,          56114.0 ,    25.41,         23852.8
     11563, India, Cassava       , 1996,      238528,                        1083.0,          56114.0 ,    25.9 ,         23852.8
     11564, India, Cassava       , 1996,      238528,                        1083.0,          56114.0 ,    25.55,         23852.8
     11565, India, Cassava       , 1996,      238528,                        1083.0,          56114.0 ,    26.65,         23852.8
     11566, India, Cassava       , 1996,      238528,                        1083.0,          56114.0 ,    27.37,         23852.8
     11567, India, Cassava       , 1996,      238528,                        1083.0,          56114.0 ,    25.55,         23852.8
     11568, India, Cassava       , 1996,      238528,                        1083.0,          56114.0 ,    25.79,         23852.8
     11569, India, Cassava       , 1996,      238528,                        1083.0,          56114.0 ,    25.31,         23852.8
     11570, India, Cassava       , 1996,      238528,                        1083.0,          56114.0 ,    23.81,         23852.8
     11571, India, Cassava       , 1996,      238528,                        1083.0,          56114.0 ,    26.46,         23852.8
     11572, India, Cassava       , 1996,      238528,                        1083.0,          56114.0 ,    25.55,         23852.8
     11573, India, Cassava       , 1996,      238528,                        1083.0,          56114.0 ,    25.75,         23852.8
     11574, India, Cassava       , 1996,      238528,                        1083.0,          56114.0 ,    25.34,         23852.8
     11575, India, Cassava       , 1996,      238528,                        1083.0,          56114.0 ,    26.64,         23852.8
     11576, India, Cassava       , 1996,      238528,                        1083.0,          56114.0 ,    24.78,         23852.8
     11577, India, Cassava       , 1996,      238528,                        1083.0,          56114.0 ,    27.01,         23852.8
     11578, India, Cassava       , 1996,      238528,                        1083.0,          56114.0 ,    27.01,         23852.8
     11579, India, Cassava       , 1996,      238528,                        1083.0,          56114.0 ,    25.99,         23852.8
     11580, India, Maize         , 1996,       17094,                        1083.0,          56114.0 ,    25.63,          1709.4
     11581, India, Maize         , 1996,       17094,                        1083.0,          56114.0 ,    27.06,          1709.4
     11582, India, Maize         , 1996,       17094,                        1083.0,          56114.0 ,    26.1 ,          1709.4
     11583, India, Maize         , 1996,       17094,                        1083.0,          56114.0 ,    23.81,          1709.4
     11584, India, Maize         , 1996,       17094,                        1083.0,          56114.0 ,    25.41,          1709.4
     11585, India, Maize         , 1996,       17094,                        1083.0,          56114.0 ,    25.9 ,          1709.4
     11586, India, Maize         , 1996,       17094,                        1083.0,          56114.0 ,    25.55,          1709.4
     11587, India, Maize         , 1996,       17094,                        1083.0,          56114.0 ,    26.65,          1709.4
     11588, India, Maize         , 1996,       17094,                        1083.0,          56114.0 ,    27.37,          1709.4
     11589, India, Maize         , 1996,       17094,                        1083.0,          56114.0 ,    25.55,          1709.4
     11590, India, Maize         , 1996,       17094,                        1083.0,          56114.0 ,    25.79,          1709.4
     11591, India, Maize         , 1996,       17094,                        1083.0,          56114.0 ,    25.31,          1709.4
     11592, India, Maize         , 1996,       17094,                        1083.0,          56114.0 ,    23.81,          1709.4
     11593, India, Maize         , 1996,       17094,                        1083.0,          56114.0 ,    26.46,          1709.4
     11594, India, Maize         , 1996,       17094,                        1083.0,          56114.0 ,    25.55,          1709.4
     11595, India, Maize         , 1996,       17094,                        1083.0,          56114.0 ,    25.75,          1709.4
     11596, India, Maize         , 1996,       17094,                        1083.0,          56114.0 ,    25.34,          1709.4
     11597, India, Maize         , 1996,       17094,                        1083.0,          56114.0 ,    26.64,          1709.4
     11598, India, Maize         , 1996,       17094,                        1083.0,          56114.0 ,    24.78,          1709.4
     11599, India, Maize         , 1996,       17094,                        1083.0,          56114.0 ,    27.01,          1709.4
     11600, India, Maize         , 1996,       17094,                        1083.0,          56114.0 ,    27.01,          1709.4
     11601, India, Maize         , 1996,       17094,                        1083.0,          56114.0 ,    25.99,          1709.4
     11602, India, Potatoes      , 1996,      169913,                        1083.0,          56114.0 ,    25.63,         16991.3
     11603, India, Potatoes      , 1996,      169913,                        1083.0,          56114.0 ,    27.06,         16991.3
     11604, India, Potatoes      , 1996,      169913,                        1083.0,          56114.0 ,    26.1 ,         16991.3
     11605, India, Potatoes      , 1996,      169913,                        1083.0,          56114.0 ,    23.81,         16991.3
     11606, India, Potatoes      , 1996,      169913,                        1083.0,          56114.0 ,    25.41,         16991.3
     11607, India, Potatoes      , 1996,      169913,                        1083.0,          56114.0 ,    25.9 ,         16991.3
     11608, India, Potatoes      , 1996,      169913,                        1083.0,          56114.0 ,    25.55,         16991.3
     11609, India, Potatoes      , 1996,      169913,                        1083.0,          56114.0 ,    26.65,         16991.3
     11610, India, Potatoes      , 1996,      169913,                        1083.0,          56114.0 ,    27.37,         16991.3
     11611, India, Potatoes      , 1996,      169913,                        1083.0,          56114.0 ,    25.55,         16991.3
     11612, India, Potatoes      , 1996,      169913,                        1083.0,          56114.0 ,    25.79,         16991.3
     11613, India, Potatoes      , 1996,      169913,                        1083.0,          56114.0 ,    25.31,         16991.3
     11614, India, Potatoes      , 1996,      169913,                        1083.0,          56114.0 ,    23.81,         16991.3
     11615, India, Potatoes      , 1996,      169913,                        1083.0,          56114.0 ,    26.46,         16991.3
     11616, India, Potatoes      , 1996,      169913,                        1083.0,          56114.0 ,    25.55,         16991.3
     11617, India, Potatoes      , 1996,      169913,                        1083.0,          56114.0 ,    25.75,         16991.3
     11618, India, Potatoes      , 1996,      169913,                        1083.0,          56114.0 ,    25.34,         16991.3
     11619, India, Potatoes      , 1996,      169913,                        1083.0,          56114.0 ,    26.64,         16991.3
     11620, India, Potatoes      , 1996,      169913,                        1083.0,          56114.0 ,    24.78,         16991.3
     11621, India, Potatoes      , 1996,      169913,                        1083.0,          56114.0 ,    27.01,         16991.3
     11622, India, Potatoes      , 1996,      169913,                        1083.0,          56114.0 ,    27.01,         16991.3
     11623, India, Potatoes      , 1996,      169913,                        1083.0,          56114.0 ,    25.99,         16991.3
     11624, India, "Rice, paddy" , 1996,       28226,                        1083.0,          56114.0 ,    25.63,          2822.6
     11625, India, "Rice, paddy" , 1996,       28226,                        1083.0,          56114.0 ,    27.06,          2822.6
     11626, India, "Rice, paddy" , 1996,       28226,                        1083.0,          56114.0 ,    26.1 ,          2822.6
     11627, India, "Rice, paddy" , 1996,       28226,                        1083.0,          56114.0 ,    23.81,          2822.6
     11628, India, "Rice, paddy" , 1996,       28226,                        1083.0,          56114.0 ,    25.41,          2822.6
     11629, India, "Rice, paddy" , 1996,       28226,                        1083.0,          56114.0 ,    25.9 ,          2822.6
     11630, India, "Rice, paddy" , 1996,       28226,                        1083.0,          56114.0 ,    25.55,          2822.6
     11631, India, "Rice, paddy" , 1996,       28226,                        1083.0,          56114.0 ,    26.65,          2822.6
     11632, India, "Rice, paddy" , 1996,       28226,                        1083.0,          56114.0 ,    27.37,          2822.6
     11633, India, "Rice, paddy" , 1996,       28226,                        1083.0,          56114.0 ,    25.55,          2822.6
     11634, India, "Rice, paddy" , 1996,       28226,                        1083.0,          56114.0 ,    25.79,          2822.6
     11635, India, "Rice, paddy" , 1996,       28226,                        1083.0,          56114.0 ,    25.31,          2822.6
     11636, India, "Rice, paddy" , 1996,       28226,                        1083.0,          56114.0 ,    23.81,          2822.6
     11637, India, "Rice, paddy" , 1996,       28226,                        1083.0,          56114.0 ,    26.46,          2822.6
     11638, India, "Rice, paddy" , 1996,       28226,                        1083.0,          56114.0 ,    25.55,          2822.6
     11639, India, "Rice, paddy" , 1996,       28226,                        1083.0,          56114.0 ,    25.75,          2822.6
     11640, India, "Rice, paddy" , 1996,       28226,                        1083.0,          56114.0 ,    25.34,          2822.6
     11641, India, "Rice, paddy" , 1996,       28226,                        1083.0,          56114.0 ,    26.64,          2822.6
     11642, India, "Rice, paddy" , 1996,       28226,                        1083.0,          56114.0 ,    24.78,          2822.6
     11643, India, "Rice, paddy" , 1996,       28226,                        1083.0,          56114.0 ,    27.01,          2822.6
     11644, India, "Rice, paddy" , 1996,       28226,                        1083.0,          56114.0 ,    27.01,          2822.6
     11645, India, "Rice, paddy" , 1996,       28226,                        1083.0,          56114.0 ,    25.99,          2822.6
     11646, India, Sorghum       , 1996,        9591,                        1083.0,          56114.0 ,    25.63,           959.1
     11647, India, Sorghum       , 1996,        9591,                        1083.0,          56114.0 ,    27.06,           959.1
     11648, India, Sorghum       , 1996,        9591,                        1083.0,          56114.0 ,    26.1 ,           959.1
     11649, India, Sorghum       , 1996,        9591,                        1083.0,          56114.0 ,    23.81,           959.1
     11650, India, Sorghum       , 1996,        9591,                        1083.0,          56114.0 ,    25.41,           959.1
     11651, India, Sorghum       , 1996,        9591,                        1083.0,          56114.0 ,    25.9 ,           959.1
     11652, India, Sorghum       , 1996,        9591,                        1083.0,          56114.0 ,    25.55,           959.1
     11653, India, Sorghum       , 1996,        9591,                        1083.0,          56114.0 ,    26.65,           959.1
     11654, India, Sorghum       , 1996,        9591,                        1083.0,          56114.0 ,    27.37,           959.1
     11655, India, Sorghum       , 1996,        9591,                        1083.0,          56114.0 ,    25.55,           959.1
     11656, India, Sorghum       , 1996,        9591,                        1083.0,          56114.0 ,    25.79,           959.1
     11657, India, Sorghum       , 1996,        9591,                        1083.0,          56114.0 ,    25.31,           959.1
     11658, India, Sorghum       , 1996,        9591,                        1083.0,          56114.0 ,    23.81,           959.1
     11659, India, Sorghum       , 1996,        9591,                        1083.0,          56114.0 ,    26.46,           959.1
     11660, India, Sorghum       , 1996,        9591,                        1083.0,          56114.0 ,    25.55,           959.1
     11661, India, Sorghum       , 1996,        9591,                        1083.0,          56114.0 ,    25.75,           959.1
     11662, India, Sorghum       , 1996,        9591,                        1083.0,          56114.0 ,    25.34,           959.1
     11663, India, Sorghum       , 1996,        9591,                        1083.0,          56114.0 ,    26.64,           959.1
     11664, India, Sorghum       , 1996,        9591,                        1083.0,          56114.0 ,    24.78,           959.1
     11665, India, Sorghum       , 1996,        9591,                        1083.0,          56114.0 ,    27.01,           959.1
     11666, India, Sorghum       , 1996,        9591,                        1083.0,          56114.0 ,    27.01,           959.1
     11667, India, Sorghum       , 1996,        9591,                        1083.0,          56114.0 ,    25.99,           959.1
     11668, India, Soybeans      , 1996,       10319,                        1083.0,          56114.0 ,    25.63,          1031.9
     11669, India, Soybeans      , 1996,       10319,                        1083.0,          56114.0 ,    27.06,          1031.9
     11670, India, Soybeans      , 1996,       10319,                        1083.0,          56114.0 ,    26.1 ,          1031.9
     11671, India, Soybeans      , 1996,       10319,                        1083.0,          56114.0 ,    23.81,          1031.9
     11672, India, Soybeans      , 1996,       10319,                        1083.0,          56114.0 ,    25.41,          1031.9
     11673, India, Soybeans      , 1996,       10319,                        1083.0,          56114.0 ,    25.9 ,          1031.9
     11674, India, Soybeans      , 1996,       10319,                        1083.0,          56114.0 ,    25.55,          1031.9
     11675, India, Soybeans      , 1996,       10319,                        1083.0,          56114.0 ,    26.65,          1031.9
     11676, India, Soybeans      , 1996,       10319,                        1083.0,          56114.0 ,    27.37,          1031.9
     11677, India, Soybeans      , 1996,       10319,                        1083.0,          56114.0 ,    25.55,          1031.9
     11678, India, Soybeans      , 1996,       10319,                        1083.0,          56114.0 ,    25.79,          1031.9
     11679, India, Soybeans      , 1996,       10319,                        1083.0,          56114.0 ,    25.31,          1031.9
     11680, India, Soybeans      , 1996,       10319,                        1083.0,          56114.0 ,    23.81,          1031.9
     11681, India, Soybeans      , 1996,       10319,                        1083.0,          56114.0 ,    26.46,          1031.9
     11682, India, Soybeans      , 1996,       10319,                        1083.0,          56114.0 ,    25.55,          1031.9
     11683, India, Soybeans      , 1996,       10319,                        1083.0,          56114.0 ,    25.75,          1031.9
     11684, India, Soybeans      , 1996,       10319,                        1083.0,          56114.0 ,    25.34,          1031.9
     11685, India, Soybeans      , 1996,       10319,                        1083.0,          56114.0 ,    26.64,          1031.9
     11686, India, Soybeans      , 1996,       10319,                        1083.0,          56114.0 ,    24.78,          1031.9
     11687, India, Soybeans      , 1996,       10319,                        1083.0,          56114.0 ,    27.01,          1031.9
     11688, India, Soybeans      , 1996,       10319,                        1083.0,          56114.0 ,    27.01,          1031.9
     11689, India, Soybeans      , 1996,       10319,                        1083.0,          56114.0 ,    25.99,          1031.9
     11690, India, Sweet potatoes, 1996,       80716,                        1083.0,          56114.0 ,    25.63,          8071.6
     11691, India, Sweet potatoes, 1996,       80716,                        1083.0,          56114.0 ,    27.06,          8071.6
     11692, India, Sweet potatoes, 1996,       80716,                        1083.0,          56114.0 ,    26.1 ,          8071.6
     11693, India, Sweet potatoes, 1996,       80716,                        1083.0,          56114.0 ,    23.81,          8071.6
     11694, India, Sweet potatoes, 1996,       80716,                        1083.0,          56114.0 ,    25.41,          8071.6
     11695, India, Sweet potatoes, 1996,       80716,                        1083.0,          56114.0 ,    25.9 ,          8071.6
     11696, India, Sweet potatoes, 1996,       80716,                        1083.0,          56114.0 ,    25.55,          8071.6
     11697, India, Sweet potatoes, 1996,       80716,                        1083.0,          56114.0 ,    26.65,          8071.6
     11698, India, Sweet potatoes, 1996,       80716,                        1083.0,          56114.0 ,    27.37,          8071.6
     11699, India, Sweet potatoes, 1996,       80716,                        1083.0,          56114.0 ,    25.55,          8071.6
     11700, India, Sweet potatoes, 1996,       80716,                        1083.0,          56114.0 ,    25.79,          8071.6
     11701, India, Sweet potatoes, 1996,       80716,                        1083.0,          56114.0 ,    25.31,          8071.6
     11702, India, Sweet potatoes, 1996,       80716,                        1083.0,          56114.0 ,    23.81,          8071.6
     11703, India, Sweet potatoes, 1996,       80716,                        1083.0,          56114.0 ,    26.46,          8071.6
     11704, India, Sweet potatoes, 1996,       80716,                        1083.0,          56114.0 ,    25.55,          8071.6
     11705, India, Sweet potatoes, 1996,       80716,                        1083.0,          56114.0 ,    25.75,          8071.6
     11706, India, Sweet potatoes, 1996,       80716,                        1083.0,          56114.0 ,    25.34,          8071.6
     11707, India, Sweet potatoes, 1996,       80716,                        1083.0,          56114.0 ,    26.64,          8071.6
     11708, India, Sweet potatoes, 1996,       80716,                        1083.0,          56114.0 ,    24.78,          8071.6
     11709, India, Sweet potatoes, 1996,       80716,                        1083.0,          56114.0 ,    27.01,          8071.6
     11710, India, Sweet potatoes, 1996,       80716,                        1083.0,          56114.0 ,    27.01,          8071.6
     11711, India, Sweet potatoes, 1996,       80716,                        1083.0,          56114.0 ,    25.99,          8071.6
     11712, India, Wheat         , 1996,       24828,                        1083.0,          56114.0 ,    25.63,          2482.8
     11713, India, Wheat         , 1996,       24828,                        1083.0,          56114.0 ,    27.06,          2482.8
     11714, India, Wheat         , 1996,       24828,                        1083.0,          56114.0 ,    26.1 ,          2482.8
     11715, India, Wheat         , 1996,       24828,                        1083.0,          56114.0 ,    23.81,          2482.8
     11716, India, Wheat         , 1996,       24828,                        1083.0,          56114.0 ,    25.41,          2482.8
     11717, India, Wheat         , 1996,       24828,                        1083.0,          56114.0 ,    25.9 ,          2482.8
     11718, India, Wheat         , 1996,       24828,                        1083.0,          56114.0 ,    25.55,          2482.8
     11719, India, Wheat         , 1996,       24828,                        1083.0,          56114.0 ,    26.65,          2482.8
     11720, India, Wheat         , 1996,       24828,                        1083.0,          56114.0 ,    27.37,          2482.8
     11721, India, Wheat         , 1996,       24828,                        1083.0,          56114.0 ,    25.55,          2482.8
     11722, India, Wheat         , 1996,       24828,                        1083.0,          56114.0 ,    25.79,          2482.8
     11723, India, Wheat         , 1996,       24828,                        1083.0,          56114.0 ,    25.31,          2482.8
     11724, India, Wheat         , 1996,       24828,                        1083.0,          56114.0 ,    23.81,          2482.8
     11725, India, Wheat         , 1996,       24828,                        1083.0,          56114.0 ,    26.46,          2482.8
     11726, India, Wheat         , 1996,       24828,                        1083.0,          56114.0 ,    25.55,          2482.8
     11727, India, Wheat         , 1996,       24828,                        1083.0,          56114.0 ,    25.75,          2482.8
     11728, India, Wheat         , 1996,       24828,                        1083.0,          56114.0 ,    25.34,          2482.8
     11729, India, Wheat         , 1996,       24828,                        1083.0,          56114.0 ,    26.64,          2482.8
     11730, India, Wheat         , 1996,       24828,                        1083.0,          56114.0 ,    24.78,          2482.8
     11731, India, Wheat         , 1996,       24828,                        1083.0,          56114.0 ,    27.01,          2482.8
     11732, India, Wheat         , 1996,       24828,                        1083.0,          56114.0 ,    27.01,          2482.8
     11733, India, Wheat         , 1996,       24828,                        1083.0,          56114.0 ,    25.99,          2482.8
     11734, India, Cassava       , 1997,      221117,                        1083.0,          52279.0 ,    24.92,         22111.7
     11735, India, Cassava       , 1997,      221117,                        1083.0,          52279.0 ,    26.45,         22111.7
     11736, India, Cassava       , 1997,      221117,                        1083.0,          52279.0 ,    25.58,         22111.7
     11737, India, Cassava       , 1997,      221117,                        1083.0,          52279.0 ,    23.26,         22111.7
     11738, India, Cassava       , 1997,      221117,                        1083.0,          52279.0 ,    25.68,         22111.7
     11739, India, Cassava       , 1997,      221117,                        1083.0,          52279.0 ,    25.09,         22111.7
     11740, India, Cassava       , 1997,      221117,                        1083.0,          52279.0 ,    24.71,         22111.7
     11741, India, Cassava       , 1997,      221117,                        1083.0,          52279.0 ,    26.19,         22111.7
     11742, India, Cassava       , 1997,      221117,                        1083.0,          52279.0 ,    27.47,         22111.7
     11743, India, Cassava       , 1997,      221117,                        1083.0,          52279.0 ,    24.77,         22111.7
     11744, India, Cassava       , 1997,      221117,                        1083.0,          52279.0 ,    24.83,         22111.7
     11745, India, Cassava       , 1997,      221117,                        1083.0,          52279.0 ,    24.71,         22111.7
     11746, India, Cassava       , 1997,      221117,                        1083.0,          52279.0 ,    23.26,         22111.7
     11747, India, Cassava       , 1997,      221117,                        1083.0,          52279.0 ,    25.75,         22111.7
     11748, India, Cassava       , 1997,      221117,                        1083.0,          52279.0 ,    24.71,         22111.7
     11749, India, Cassava       , 1997,      221117,                        1083.0,          52279.0 ,    25.46,         22111.7
     11750, India, Cassava       , 1997,      221117,                        1083.0,          52279.0 ,    25.21,         22111.7
     11751, India, Cassava       , 1997,      221117,                        1083.0,          52279.0 ,    26.38,         22111.7
     11752, India, Cassava       , 1997,      221117,                        1083.0,          52279.0 ,    24.55,         22111.7
     11753, India, Cassava       , 1997,      221117,                        1083.0,          52279.0 ,    26.53,         22111.7
     11754, India, Cassava       , 1997,      221117,                        1083.0,          52279.0 ,    26.53,         22111.7
     11755, India, Cassava       , 1997,      221117,                        1083.0,          52279.0 ,    25.58,         22111.7
     11756, India, Maize         , 1997,       17111,                        1083.0,          52279.0 ,    24.92,          1711.1
     11757, India, Maize         , 1997,       17111,                        1083.0,          52279.0 ,    26.45,          1711.1
     11758, India, Maize         , 1997,       17111,                        1083.0,          52279.0 ,    25.58,          1711.1
     11759, India, Maize         , 1997,       17111,                        1083.0,          52279.0 ,    23.26,          1711.1
     11760, India, Maize         , 1997,       17111,                        1083.0,          52279.0 ,    25.68,          1711.1
     11761, India, Maize         , 1997,       17111,                        1083.0,          52279.0 ,    25.09,          1711.1
     11762, India, Maize         , 1997,       17111,                        1083.0,          52279.0 ,    24.71,          1711.1
     11763, India, Maize         , 1997,       17111,                        1083.0,          52279.0 ,    26.19,          1711.1
     11764, India, Maize         , 1997,       17111,                        1083.0,          52279.0 ,    27.47,          1711.1
     11765, India, Maize         , 1997,       17111,                        1083.0,          52279.0 ,    24.77,          1711.1
     11766, India, Maize         , 1997,       17111,                        1083.0,          52279.0 ,    24.83,          1711.1
     11767, India, Maize         , 1997,       17111,                        1083.0,          52279.0 ,    24.71,          1711.1
     11768, India, Maize         , 1997,       17111,                        1083.0,          52279.0 ,    23.26,          1711.1
     11769, India, Maize         , 1997,       17111,                        1083.0,          52279.0 ,    25.75,          1711.1
     11770, India, Maize         , 1997,       17111,                        1083.0,          52279.0 ,    24.71,          1711.1
     11771, India, Maize         , 1997,       17111,                        1083.0,          52279.0 ,    25.46,          1711.1
     11772, India, Maize         , 1997,       17111,                        1083.0,          52279.0 ,    25.21,          1711.1
     11773, India, Maize         , 1997,       17111,                        1083.0,          52279.0 ,    26.38,          1711.1
     11774, India, Maize         , 1997,       17111,                        1083.0,          52279.0 ,    24.55,          1711.1
     11775, India, Maize         , 1997,       17111,                        1083.0,          52279.0 ,    26.53,          1711.1
     11776, India, Maize         , 1997,       17111,                        1083.0,          52279.0 ,    26.53,          1711.1
     11777, India, Maize         , 1997,       17111,                        1083.0,          52279.0 ,    25.58,          1711.1
     11778, India, Potatoes      , 1997,      193913,                        1083.0,          52279.0 ,    24.92,         19391.3
     11779, India, Potatoes      , 1997,      193913,                        1083.0,          52279.0 ,    26.45,         19391.3
     11780, India, Potatoes      , 1997,      193913,                        1083.0,          52279.0 ,    25.58,         19391.3
     11781, India, Potatoes      , 1997,      193913,                        1083.0,          52279.0 ,    23.26,         19391.3
     11782, India, Potatoes      , 1997,      193913,                        1083.0,          52279.0 ,    25.68,         19391.3
     11783, India, Potatoes      , 1997,      193913,                        1083.0,          52279.0 ,    25.09,         19391.3
     11784, India, Potatoes      , 1997,      193913,                        1083.0,          52279.0 ,    24.71,         19391.3
     11785, India, Potatoes      , 1997,      193913,                        1083.0,          52279.0 ,    26.19,         19391.3
     11786, India, Potatoes      , 1997,      193913,                        1083.0,          52279.0 ,    27.47,         19391.3
     11787, India, Potatoes      , 1997,      193913,                        1083.0,          52279.0 ,    24.77,         19391.3
     11788, India, Potatoes      , 1997,      193913,                        1083.0,          52279.0 ,    24.83,         19391.3
     11789, India, Potatoes      , 1997,      193913,                        1083.0,          52279.0 ,    24.71,         19391.3
     11790, India, Potatoes      , 1997,      193913,                        1083.0,          52279.0 ,    23.26,         19391.3
     11791, India, Potatoes      , 1997,      193913,                        1083.0,          52279.0 ,    25.75,         19391.3
     11792, India, Potatoes      , 1997,      193913,                        1083.0,          52279.0 ,    24.71,         19391.3
     11793, India, Potatoes      , 1997,      193913,                        1083.0,          52279.0 ,    25.46,         19391.3
     11794, India, Potatoes      , 1997,      193913,                        1083.0,          52279.0 ,    25.21,         19391.3
     11795, India, Potatoes      , 1997,      193913,                        1083.0,          52279.0 ,    26.38,         19391.3
     11796, India, Potatoes      , 1997,      193913,                        1083.0,          52279.0 ,    24.55,         19391.3
     11797, India, Potatoes      , 1997,      193913,                        1083.0,          52279.0 ,    26.53,         19391.3
     11798, India, Potatoes      , 1997,      193913,                        1083.0,          52279.0 ,    26.53,         19391.3
     11799, India, Potatoes      , 1997,      193913,                        1083.0,          52279.0 ,    25.58,         19391.3
     11800, India, "Rice, paddy" , 1997,       28457,                        1083.0,          52279.0 ,    24.92,          2845.7
     11801, India, "Rice, paddy" , 1997,       28457,                        1083.0,          52279.0 ,    26.45,          2845.7
     11802, India, "Rice, paddy" , 1997,       28457,                        1083.0,          52279.0 ,    25.58,          2845.7
     11803, India, "Rice, paddy" , 1997,       28457,                        1083.0,          52279.0 ,    23.26,          2845.7
     11804, India, "Rice, paddy" , 1997,       28457,                        1083.0,          52279.0 ,    25.68,          2845.7
     11805, India, "Rice, paddy" , 1997,       28457,                        1083.0,          52279.0 ,    25.09,          2845.7
     11806, India, "Rice, paddy" , 1997,       28457,                        1083.0,          52279.0 ,    24.71,          2845.7
     11807, India, "Rice, paddy" , 1997,       28457,                        1083.0,          52279.0 ,    26.19,          2845.7
     11808, India, "Rice, paddy" , 1997,       28457,                        1083.0,          52279.0 ,    27.47,          2845.7
     11809, India, "Rice, paddy" , 1997,       28457,                        1083.0,          52279.0 ,    24.77,          2845.7
     11810, India, "Rice, paddy" , 1997,       28457,                        1083.0,          52279.0 ,    24.83,          2845.7
     11811, India, "Rice, paddy" , 1997,       28457,                        1083.0,          52279.0 ,    24.71,          2845.7
     11812, India, "Rice, paddy" , 1997,       28457,                        1083.0,          52279.0 ,    23.26,          2845.7
     11813, India, "Rice, paddy" , 1997,       28457,                        1083.0,          52279.0 ,    25.75,          2845.7
     11814, India, "Rice, paddy" , 1997,       28457,                        1083.0,          52279.0 ,    24.71,          2845.7
     11815, India, "Rice, paddy" , 1997,       28457,                        1083.0,          52279.0 ,    25.46,          2845.7
     11816, India, "Rice, paddy" , 1997,       28457,                        1083.0,          52279.0 ,    25.21,          2845.7
     11817, India, "Rice, paddy" , 1997,       28457,                        1083.0,          52279.0 ,    26.38,          2845.7
     11818, India, "Rice, paddy" , 1997,       28457,                        1083.0,          52279.0 ,    24.55,          2845.7
     11819, India, "Rice, paddy" , 1997,       28457,                        1083.0,          52279.0 ,    26.53,          2845.7
     11820, India, "Rice, paddy" , 1997,       28457,                        1083.0,          52279.0 ,    26.53,          2845.7
     11821, India, "Rice, paddy" , 1997,       28457,                        1083.0,          52279.0 ,    25.58,          2845.7
     11822, India, Sorghum       , 1997,        6920,                        1083.0,          52279.0 ,    24.92,           692.0
     11823, India, Sorghum       , 1997,        6920,                        1083.0,          52279.0 ,    26.45,           692.0
     11824, India, Sorghum       , 1997,        6920,                        1083.0,          52279.0 ,    25.58,           692.0
     11825, India, Sorghum       , 1997,        6920,                        1083.0,          52279.0 ,    23.26,           692.0
     11826, India, Sorghum       , 1997,        6920,                        1083.0,          52279.0 ,    25.68,           692.0
     11827, India, Sorghum       , 1997,        6920,                        1083.0,          52279.0 ,    25.09,           692.0
     11828, India, Sorghum       , 1997,        6920,                        1083.0,          52279.0 ,    24.71,           692.0
     11829, India, Sorghum       , 1997,        6920,                        1083.0,          52279.0 ,    26.19,           692.0
     11830, India, Sorghum       , 1997,        6920,                        1083.0,          52279.0 ,    27.47,           692.0
     11831, India, Sorghum       , 1997,        6920,                        1083.0,          52279.0 ,    24.77,           692.0
     11832, India, Sorghum       , 1997,        6920,                        1083.0,          52279.0 ,    24.83,           692.0
     11833, India, Sorghum       , 1997,        6920,                        1083.0,          52279.0 ,    24.71,           692.0
     11834, India, Sorghum       , 1997,        6920,                        1083.0,          52279.0 ,    23.26,           692.0
     11835, India, Sorghum       , 1997,        6920,                        1083.0,          52279.0 ,    25.75,           692.0
     11836, India, Sorghum       , 1997,        6920,                        1083.0,          52279.0 ,    24.71,           692.0
     11837, India, Sorghum       , 1997,        6920,                        1083.0,          52279.0 ,    25.46,           692.0
     11838, India, Sorghum       , 1997,        6920,                        1083.0,          52279.0 ,    25.21,           692.0
     11839, India, Sorghum       , 1997,        6920,                        1083.0,          52279.0 ,    26.38,           692.0
     11840, India, Sorghum       , 1997,        6920,                        1083.0,          52279.0 ,    24.55,           692.0
     11841, India, Sorghum       , 1997,        6920,                        1083.0,          52279.0 ,    26.53,           692.0
     11842, India, Sorghum       , 1997,        6920,                        1083.0,          52279.0 ,    26.53,           692.0
     11843, India, Sorghum       , 1997,        6920,                        1083.0,          52279.0 ,    25.58,           692.0
     11844, India, Soybeans      , 1997,       10789,                        1083.0,          52279.0 ,    24.92,          1078.9
     11845, India, Soybeans      , 1997,       10789,                        1083.0,          52279.0 ,    26.45,          1078.9
     11846, India, Soybeans      , 1997,       10789,                        1083.0,          52279.0 ,    25.58,          1078.9
     11847, India, Soybeans      , 1997,       10789,                        1083.0,          52279.0 ,    23.26,          1078.9
     11848, India, Soybeans      , 1997,       10789,                        1083.0,          52279.0 ,    25.68,          1078.9
     11849, India, Soybeans      , 1997,       10789,                        1083.0,          52279.0 ,    25.09,          1078.9
     11850, India, Soybeans      , 1997,       10789,                        1083.0,          52279.0 ,    24.71,          1078.9
     11851, India, Soybeans      , 1997,       10789,                        1083.0,          52279.0 ,    26.19,          1078.9
     11852, India, Soybeans      , 1997,       10789,                        1083.0,          52279.0 ,    27.47,          1078.9
     11853, India, Soybeans      , 1997,       10789,                        1083.0,          52279.0 ,    24.77,          1078.9
     11854, India, Soybeans      , 1997,       10789,                        1083.0,          52279.0 ,    24.83,          1078.9
     11855, India, Soybeans      , 1997,       10789,                        1083.0,          52279.0 ,    24.71,          1078.9
     11856, India, Soybeans      , 1997,       10789,                        1083.0,          52279.0 ,    23.26,          1078.9
     11857, India, Soybeans      , 1997,       10789,                        1083.0,          52279.0 ,    25.75,          1078.9
     11858, India, Soybeans      , 1997,       10789,                        1083.0,          52279.0 ,    24.71,          1078.9
     11859, India, Soybeans      , 1997,       10789,                        1083.0,          52279.0 ,    25.46,          1078.9
     11860, India, Soybeans      , 1997,       10789,                        1083.0,          52279.0 ,    25.21,          1078.9
     11861, India, Soybeans      , 1997,       10789,                        1083.0,          52279.0 ,    26.38,          1078.9
     11862, India, Soybeans      , 1997,       10789,                        1083.0,          52279.0 ,    24.55,          1078.9
     11863, India, Soybeans      , 1997,       10789,                        1083.0,          52279.0 ,    26.53,          1078.9
     11864, India, Soybeans      , 1997,       10789,                        1083.0,          52279.0 ,    26.53,          1078.9
     11865, India, Soybeans      , 1997,       10789,                        1083.0,          52279.0 ,    25.58,          1078.9
     11866, India, Sweet potatoes, 1997,       84850,                        1083.0,          52279.0 ,    24.92,          8485.0
     11867, India, Sweet potatoes, 1997,       84850,                        1083.0,          52279.0 ,    26.45,          8485.0
     11868, India, Sweet potatoes, 1997,       84850,                        1083.0,          52279.0 ,    25.58,          8485.0
     11869, India, Sweet potatoes, 1997,       84850,                        1083.0,          52279.0 ,    23.26,          8485.0
     11870, India, Sweet potatoes, 1997,       84850,                        1083.0,          52279.0 ,    25.68,          8485.0
     11871, India, Sweet potatoes, 1997,       84850,                        1083.0,          52279.0 ,    25.09,          8485.0
     11872, India, Sweet potatoes, 1997,       84850,                        1083.0,          52279.0 ,    24.71,          8485.0
     11873, India, Sweet potatoes, 1997,       84850,                        1083.0,          52279.0 ,    26.19,          8485.0
     11874, India, Sweet potatoes, 1997,       84850,                        1083.0,          52279.0 ,    27.47,          8485.0
     11875, India, Sweet potatoes, 1997,       84850,                        1083.0,          52279.0 ,    24.77,          8485.0
     11876, India, Sweet potatoes, 1997,       84850,                        1083.0,          52279.0 ,    24.83,          8485.0
     11877, India, Sweet potatoes, 1997,       84850,                        1083.0,          52279.0 ,    24.71,          8485.0
     11878, India, Sweet potatoes, 1997,       84850,                        1083.0,          52279.0 ,    23.26,          8485.0
     11879, India, Sweet potatoes, 1997,       84850,                        1083.0,          52279.0 ,    25.75,          8485.0
     11880, India, Sweet potatoes, 1997,       84850,                        1083.0,          52279.0 ,    24.71,          8485.0
     11881, India, Sweet potatoes, 1997,       84850,                        1083.0,          52279.0 ,    25.46,          8485.0
     11882, India, Sweet potatoes, 1997,       84850,                        1083.0,          52279.0 ,    25.21,          8485.0
     11883, India, Sweet potatoes, 1997,       84850,                        1083.0,          52279.0 ,    26.38,          8485.0
     11884, India, Sweet potatoes, 1997,       84850,                        1083.0,          52279.0 ,    24.55,          8485.0
     11885, India, Sweet potatoes, 1997,       84850,                        1083.0,          52279.0 ,    26.53,          8485.0
     11886, India, Sweet potatoes, 1997,       84850,                        1083.0,          52279.0 ,    26.53,          8485.0
     11887, India, Sweet potatoes, 1997,       84850,                        1083.0,          52279.0 ,    25.58,          8485.0
     11888, India, Wheat         , 1997,       26789,                        1083.0,          52279.0 ,    24.92,          2678.9
     11889, India, Wheat         , 1997,       26789,                        1083.0,          52279.0 ,    26.45,          2678.9
     11890, India, Wheat         , 1997,       26789,                        1083.0,          52279.0 ,    25.58,          2678.9
     11891, India, Wheat         , 1997,       26789,                        1083.0,          52279.0 ,    23.26,          2678.9
     11892, India, Wheat         , 1997,       26789,                        1083.0,          52279.0 ,    25.68,          2678.9
     11893, India, Wheat         , 1997,       26789,                        1083.0,          52279.0 ,    25.09,          2678.9
     11894, India, Wheat         , 1997,       26789,                        1083.0,          52279.0 ,    24.71,          2678.9
     11895, India, Wheat         , 1997,       26789,                        1083.0,          52279.0 ,    26.19,          2678.9
     11896, India, Wheat         , 1997,       26789,                        1083.0,          52279.0 ,    27.47,          2678.9
     11897, India, Wheat         , 1997,       26789,                        1083.0,          52279.0 ,    24.77,          2678.9
     11898, India, Wheat         , 1997,       26789,                        1083.0,          52279.0 ,    24.83,          2678.9
     11899, India, Wheat         , 1997,       26789,                        1083.0,          52279.0 ,    24.71,          2678.9
     11900, India, Wheat         , 1997,       26789,                        1083.0,          52279.0 ,    23.26,          2678.9
     11901, India, Wheat         , 1997,       26789,                        1083.0,          52279.0 ,    25.75,          2678.9
     11902, India, Wheat         , 1997,       26789,                        1083.0,          52279.0 ,    24.71,          2678.9
     11903, India, Wheat         , 1997,       26789,                        1083.0,          52279.0 ,    25.46,          2678.9
     11904, India, Wheat         , 1997,       26789,                        1083.0,          52279.0 ,    25.21,          2678.9
     11905, India, Wheat         , 1997,       26789,                        1083.0,          52279.0 ,    26.38,          2678.9
     11906, India, Wheat         , 1997,       26789,                        1083.0,          52279.0 ,    24.55,          2678.9
     11907, India, Wheat         , 1997,       26789,                        1083.0,          52279.0 ,    26.53,          2678.9
     11908, India, Wheat         , 1997,       26789,                        1083.0,          52279.0 ,    26.53,          2678.9
     11909, India, Wheat         , 1997,       26789,                        1083.0,          52279.0 ,    25.58,          2678.9
     11910, India, Cassava       , 1998,      252815,                        1083.0,          49157.0 ,    25.91,         25281.5
     11911, India, Cassava       , 1998,      252815,                        1083.0,          49157.0 ,    27.48,         25281.5
     11912, India, Cassava       , 1998,      252815,                        1083.0,          49157.0 ,    26.35,         25281.5
     11913, India, Cassava       , 1998,      252815,                        1083.0,          49157.0 ,    24.34,         25281.5
     11914, India, Cassava       , 1998,      252815,                        1083.0,          49157.0 ,    26.01,         25281.5
     11915, India, Cassava       , 1998,      252815,                        1083.0,          49157.0 ,    26.12,         25281.5
     11916, India, Cassava       , 1998,      252815,                        1083.0,          49157.0 ,    25.77,         25281.5
     11917, India, Cassava       , 1998,      252815,                        1083.0,          49157.0 ,    26.69,         25281.5
     11918, India, Cassava       , 1998,      252815,                        1083.0,          49157.0 ,    27.87,         25281.5
     11919, India, Cassava       , 1998,      252815,                        1083.0,          49157.0 ,    25.87,         25281.5
     11920, India, Cassava       , 1998,      252815,                        1083.0,          49157.0 ,    26.27,         25281.5
     11921, India, Cassava       , 1998,      252815,                        1083.0,          49157.0 ,    25.46,         25281.5
     11922, India, Cassava       , 1998,      252815,                        1083.0,          49157.0 ,    24.34,         25281.5
     11923, India, Cassava       , 1998,      252815,                        1083.0,          49157.0 ,    26.4 ,         25281.5
     11924, India, Cassava       , 1998,      252815,                        1083.0,          49157.0 ,    25.77,         25281.5
     11925, India, Cassava       , 1998,      252815,                        1083.0,          49157.0 ,    25.87,         25281.5
     11926, India, Cassava       , 1998,      252815,                        1083.0,          49157.0 ,    25.55,         25281.5
     11927, India, Cassava       , 1998,      252815,                        1083.0,          49157.0 ,    27.09,         25281.5
     11928, India, Cassava       , 1998,      252815,                        1083.0,          49157.0 ,    24.84,         25281.5
     11929, India, Cassava       , 1998,      252815,                        1083.0,          49157.0 ,    27.32,         25281.5
     11930, India, Cassava       , 1998,      252815,                        1083.0,          49157.0 ,    27.32,         25281.5
     11931, India, Cassava       , 1998,      252815,                        1083.0,          49157.0 ,    26.12,         25281.5
     11932, India, Maize         , 1998,       17969,                        1083.0,          49157.0 ,    25.91,          1796.9
     11933, India, Maize         , 1998,       17969,                        1083.0,          49157.0 ,    27.48,          1796.9
     11934, India, Maize         , 1998,       17969,                        1083.0,          49157.0 ,    26.35,          1796.9
     11935, India, Maize         , 1998,       17969,                        1083.0,          49157.0 ,    24.34,          1796.9
     11936, India, Maize         , 1998,       17969,                        1083.0,          49157.0 ,    26.01,          1796.9
     11937, India, Maize         , 1998,       17969,                        1083.0,          49157.0 ,    26.12,          1796.9
     11938, India, Maize         , 1998,       17969,                        1083.0,          49157.0 ,    25.77,          1796.9
     11939, India, Maize         , 1998,       17969,                        1083.0,          49157.0 ,    26.69,          1796.9
     11940, India, Maize         , 1998,       17969,                        1083.0,          49157.0 ,    27.87,          1796.9
     11941, India, Maize         , 1998,       17969,                        1083.0,          49157.0 ,    25.87,          1796.9
     11942, India, Maize         , 1998,       17969,                        1083.0,          49157.0 ,    26.27,          1796.9
     11943, India, Maize         , 1998,       17969,                        1083.0,          49157.0 ,    25.46,          1796.9
     11944, India, Maize         , 1998,       17969,                        1083.0,          49157.0 ,    24.34,          1796.9
     11945, India, Maize         , 1998,       17969,                        1083.0,          49157.0 ,    26.4 ,          1796.9
     11946, India, Maize         , 1998,       17969,                        1083.0,          49157.0 ,    25.77,          1796.9
     11947, India, Maize         , 1998,       17969,                        1083.0,          49157.0 ,    25.87,          1796.9
     11948, India, Maize         , 1998,       17969,                        1083.0,          49157.0 ,    25.55,          1796.9
     11949, India, Maize         , 1998,       17969,                        1083.0,          49157.0 ,    27.09,          1796.9
     11950, India, Maize         , 1998,       17969,                        1083.0,          49157.0 ,    24.84,          1796.9
     11951, India, Maize         , 1998,       17969,                        1083.0,          49157.0 ,    27.32,          1796.9
     11952, India, Maize         , 1998,       17969,                        1083.0,          49157.0 ,    27.32,          1796.9
     11953, India, Maize         , 1998,       17969,                        1083.0,          49157.0 ,    26.12,          1796.9
     11954, India, Potatoes      , 1998,      146020,                        1083.0,          49157.0 ,    25.91,         14602.0
     11955, India, Potatoes      , 1998,      146020,                        1083.0,          49157.0 ,    27.48,         14602.0
     11956, India, Potatoes      , 1998,      146020,                        1083.0,          49157.0 ,    26.35,         14602.0
     11957, India, Potatoes      , 1998,      146020,                        1083.0,          49157.0 ,    24.34,         14602.0
     11958, India, Potatoes      , 1998,      146020,                        1083.0,          49157.0 ,    26.01,         14602.0
     11959, India, Potatoes      , 1998,      146020,                        1083.0,          49157.0 ,    26.12,         14602.0
     11960, India, Potatoes      , 1998,      146020,                        1083.0,          49157.0 ,    25.77,         14602.0
     11961, India, Potatoes      , 1998,      146020,                        1083.0,          49157.0 ,    26.69,         14602.0
     11962, India, Potatoes      , 1998,      146020,                        1083.0,          49157.0 ,    27.87,         14602.0
     11963, India, Potatoes      , 1998,      146020,                        1083.0,          49157.0 ,    25.87,         14602.0
     11964, India, Potatoes      , 1998,      146020,                        1083.0,          49157.0 ,    26.27,         14602.0
     11965, India, Potatoes      , 1998,      146020,                        1083.0,          49157.0 ,    25.46,         14602.0
     11966, India, Potatoes      , 1998,      146020,                        1083.0,          49157.0 ,    24.34,         14602.0
     11967, India, Potatoes      , 1998,      146020,                        1083.0,          49157.0 ,    26.4 ,         14602.0
     11968, India, Potatoes      , 1998,      146020,                        1083.0,          49157.0 ,    25.77,         14602.0
     11969, India, Potatoes      , 1998,      146020,                        1083.0,          49157.0 ,    25.87,         14602.0
     11970, India, Potatoes      , 1998,      146020,                        1083.0,          49157.0 ,    25.55,         14602.0
     11971, India, Potatoes      , 1998,      146020,                        1083.0,          49157.0 ,    27.09,         14602.0
     11972, India, Potatoes      , 1998,      146020,                        1083.0,          49157.0 ,    24.84,         14602.0
     11973, India, Potatoes      , 1998,      146020,                        1083.0,          49157.0 ,    27.32,         14602.0
     11974, India, Potatoes      , 1998,      146020,                        1083.0,          49157.0 ,    27.32,         14602.0
     11975, India, Potatoes      , 1998,      146020,                        1083.0,          49157.0 ,    26.12,         14602.0
     11976, India, "Rice, paddy" , 1998,       28805,                        1083.0,          49157.0 ,    25.91,          2880.5
     11977, India, "Rice, paddy" , 1998,       28805,                        1083.0,          49157.0 ,    27.48,          2880.5
     11978, India, "Rice, paddy" , 1998,       28805,                        1083.0,          49157.0 ,    26.35,          2880.5
     11979, India, "Rice, paddy" , 1998,       28805,                        1083.0,          49157.0 ,    24.34,          2880.5
     11980, India, "Rice, paddy" , 1998,       28805,                        1083.0,          49157.0 ,    26.01,          2880.5
     11981, India, "Rice, paddy" , 1998,       28805,                        1083.0,          49157.0 ,    26.12,          2880.5
     11982, India, "Rice, paddy" , 1998,       28805,                        1083.0,          49157.0 ,    25.77,          2880.5
     11983, India, "Rice, paddy" , 1998,       28805,                        1083.0,          49157.0 ,    26.69,          2880.5
     11984, India, "Rice, paddy" , 1998,       28805,                        1083.0,          49157.0 ,    27.87,          2880.5
     11985, India, "Rice, paddy" , 1998,       28805,                        1083.0,          49157.0 ,    25.87,          2880.5
     11986, India, "Rice, paddy" , 1998,       28805,                        1083.0,          49157.0 ,    26.27,          2880.5
     11987, India, "Rice, paddy" , 1998,       28805,                        1083.0,          49157.0 ,    25.46,          2880.5
     11988, India, "Rice, paddy" , 1998,       28805,                        1083.0,          49157.0 ,    24.34,          2880.5
     11989, India, "Rice, paddy" , 1998,       28805,                        1083.0,          49157.0 ,    26.4 ,          2880.5
     11990, India, "Rice, paddy" , 1998,       28805,                        1083.0,          49157.0 ,    25.77,          2880.5
     11991, India, "Rice, paddy" , 1998,       28805,                        1083.0,          49157.0 ,    25.87,          2880.5
     11992, India, "Rice, paddy" , 1998,       28805,                        1083.0,          49157.0 ,    25.55,          2880.5
     11993, India, "Rice, paddy" , 1998,       28805,                        1083.0,          49157.0 ,    27.09,          2880.5
     11994, India, "Rice, paddy" , 1998,       28805,                        1083.0,          49157.0 ,    24.84,          2880.5
     11995, India, "Rice, paddy" , 1998,       28805,                        1083.0,          49157.0 ,    27.32,          2880.5
     11996, India, "Rice, paddy" , 1998,       28805,                        1083.0,          49157.0 ,    27.32,          2880.5
     11997, India, "Rice, paddy" , 1998,       28805,                        1083.0,          49157.0 ,    26.12,          2880.5
     11998, India, Sorghum       , 1998,        8592,                        1083.0,          49157.0 ,    25.91,           859.2
     11999, India, Sorghum       , 1998,        8592,                        1083.0,          49157.0 ,    27.48,           859.2
     12000, India, Sorghum       , 1998,        8592,                        1083.0,          49157.0 ,    26.35,           859.2
     12001, India, Sorghum       , 1998,        8592,                        1083.0,          49157.0 ,    24.34,           859.2
     12002, India, Sorghum       , 1998,        8592,                        1083.0,          49157.0 ,    26.01,           859.2
     12003, India, Sorghum       , 1998,        8592,                        1083.0,          49157.0 ,    26.12,           859.2
     12004, India, Sorghum       , 1998,        8592,                        1083.0,          49157.0 ,    25.77,           859.2
     12005, India, Sorghum       , 1998,        8592,                        1083.0,          49157.0 ,    26.69,           859.2
     12006, India, Sorghum       , 1998,        8592,                        1083.0,          49157.0 ,    27.87,           859.2
     12007, India, Sorghum       , 1998,        8592,                        1083.0,          49157.0 ,    25.87,           859.2
     12008, India, Sorghum       , 1998,        8592,                        1083.0,          49157.0 ,    26.27,           859.2
     12009, India, Sorghum       , 1998,        8592,                        1083.0,          49157.0 ,    25.46,           859.2
     12010, India, Sorghum       , 1998,        8592,                        1083.0,          49157.0 ,    24.34,           859.2
     12011, India, Sorghum       , 1998,        8592,                        1083.0,          49157.0 ,    26.4 ,           859.2
     12012, India, Sorghum       , 1998,        8592,                        1083.0,          49157.0 ,    25.77,           859.2
     12013, India, Sorghum       , 1998,        8592,                        1083.0,          49157.0 ,    25.87,           859.2
     12014, India, Sorghum       , 1998,        8592,                        1083.0,          49157.0 ,    25.55,           859.2
     12015, India, Sorghum       , 1998,        8592,                        1083.0,          49157.0 ,    27.09,           859.2
     12016, India, Sorghum       , 1998,        8592,                        1083.0,          49157.0 ,    24.84,           859.2
     12017, India, Sorghum       , 1998,        8592,                        1083.0,          49157.0 ,    27.32,           859.2
     12018, India, Sorghum       , 1998,        8592,                        1083.0,          49157.0 ,    27.32,           859.2
     12019, India, Sorghum       , 1998,        8592,                        1083.0,          49157.0 ,    26.12,           859.2
     12020, India, Soybeans      , 1998,       11001,                        1083.0,          49157.0 ,    25.91,          1100.1
     12021, India, Soybeans      , 1998,       11001,                        1083.0,          49157.0 ,    27.48,          1100.1
     12022, India, Soybeans      , 1998,       11001,                        1083.0,          49157.0 ,    26.35,          1100.1
     12023, India, Soybeans      , 1998,       11001,                        1083.0,          49157.0 ,    24.34,          1100.1
     12024, India, Soybeans      , 1998,       11001,                        1083.0,          49157.0 ,    26.01,          1100.1
     12025, India, Soybeans      , 1998,       11001,                        1083.0,          49157.0 ,    26.12,          1100.1
     12026, India, Soybeans      , 1998,       11001,                        1083.0,          49157.0 ,    25.77,          1100.1
     12027, India, Soybeans      , 1998,       11001,                        1083.0,          49157.0 ,    26.69,          1100.1
     12028, India, Soybeans      , 1998,       11001,                        1083.0,          49157.0 ,    27.87,          1100.1
     12029, India, Soybeans      , 1998,       11001,                        1083.0,          49157.0 ,    25.87,          1100.1
     12030, India, Soybeans      , 1998,       11001,                        1083.0,          49157.0 ,    26.27,          1100.1
     12031, India, Soybeans      , 1998,       11001,                        1083.0,          49157.0 ,    25.46,          1100.1
     12032, India, Soybeans      , 1998,       11001,                        1083.0,          49157.0 ,    24.34,          1100.1
     12033, India, Soybeans      , 1998,       11001,                        1083.0,          49157.0 ,    26.4 ,          1100.1
     12034, India, Soybeans      , 1998,       11001,                        1083.0,          49157.0 ,    25.77,          1100.1
     12035, India, Soybeans      , 1998,       11001,                        1083.0,          49157.0 ,    25.87,          1100.1
     12036, India, Soybeans      , 1998,       11001,                        1083.0,          49157.0 ,    25.55,          1100.1
     12037, India, Soybeans      , 1998,       11001,                        1083.0,          49157.0 ,    27.09,          1100.1
     12038, India, Soybeans      , 1998,       11001,                        1083.0,          49157.0 ,    24.84,          1100.1
     12039, India, Soybeans      , 1998,       11001,                        1083.0,          49157.0 ,    27.32,          1100.1
     12040, India, Soybeans      , 1998,       11001,                        1083.0,          49157.0 ,    27.32,          1100.1
     12041, India, Soybeans      , 1998,       11001,                        1083.0,          49157.0 ,    26.12,          1100.1
     12042, India, Sweet potatoes, 1998,       86907,                        1083.0,          49157.0 ,    25.91,          8690.7
     12043, India, Sweet potatoes, 1998,       86907,                        1083.0,          49157.0 ,    27.48,          8690.7
     12044, India, Sweet potatoes, 1998,       86907,                        1083.0,          49157.0 ,    26.35,          8690.7
     12045, India, Sweet potatoes, 1998,       86907,                        1083.0,          49157.0 ,    24.34,          8690.7
     12046, India, Sweet potatoes, 1998,       86907,                        1083.0,          49157.0 ,    26.01,          8690.7
     12047, India, Sweet potatoes, 1998,       86907,                        1083.0,          49157.0 ,    26.12,          8690.7
     12048, India, Sweet potatoes, 1998,       86907,                        1083.0,          49157.0 ,    25.77,          8690.7
     12049, India, Sweet potatoes, 1998,       86907,                        1083.0,          49157.0 ,    26.69,          8690.7
     12050, India, Sweet potatoes, 1998,       86907,                        1083.0,          49157.0 ,    27.87,          8690.7
     12051, India, Sweet potatoes, 1998,       86907,                        1083.0,          49157.0 ,    25.87,          8690.7
     12052, India, Sweet potatoes, 1998,       86907,                        1083.0,          49157.0 ,    26.27,          8690.7
     12053, India, Sweet potatoes, 1998,       86907,                        1083.0,          49157.0 ,    25.46,          8690.7
     12054, India, Sweet potatoes, 1998,       86907,                        1083.0,          49157.0 ,    24.34,          8690.7
     12055, India, Sweet potatoes, 1998,       86907,                        1083.0,          49157.0 ,    26.4 ,          8690.7
     12056, India, Sweet potatoes, 1998,       86907,                        1083.0,          49157.0 ,    25.77,          8690.7
     12057, India, Sweet potatoes, 1998,       86907,                        1083.0,          49157.0 ,    25.87,          8690.7
     12058, India, Sweet potatoes, 1998,       86907,                        1083.0,          49157.0 ,    25.55,          8690.7
     12059, India, Sweet potatoes, 1998,       86907,                        1083.0,          49157.0 ,    27.09,          8690.7
     12060, India, Sweet potatoes, 1998,       86907,                        1083.0,          49157.0 ,    24.84,          8690.7
     12061, India, Sweet potatoes, 1998,       86907,                        1083.0,          49157.0 ,    27.32,          8690.7
     12062, India, Sweet potatoes, 1998,       86907,                        1083.0,          49157.0 ,    27.32,          8690.7
     12063, India, Sweet potatoes, 1998,       86907,                        1083.0,          49157.0 ,    26.12,          8690.7
     12064, India, Wheat         , 1998,       24852,                        1083.0,          49157.0 ,    25.91,          2485.2
     12065, India, Wheat         , 1998,       24852,                        1083.0,          49157.0 ,    27.48,          2485.2
     12066, India, Wheat         , 1998,       24852,                        1083.0,          49157.0 ,    26.35,          2485.2
     12067, India, Wheat         , 1998,       24852,                        1083.0,          49157.0 ,    24.34,          2485.2
     12068, India, Wheat         , 1998,       24852,                        1083.0,          49157.0 ,    26.01,          2485.2
     12069, India, Wheat         , 1998,       24852,                        1083.0,          49157.0 ,    26.12,          2485.2
     12070, India, Wheat         , 1998,       24852,                        1083.0,          49157.0 ,    25.77,          2485.2
     12071, India, Wheat         , 1998,       24852,                        1083.0,          49157.0 ,    26.69,          2485.2
     12072, India, Wheat         , 1998,       24852,                        1083.0,          49157.0 ,    27.87,          2485.2
     12073, India, Wheat         , 1998,       24852,                        1083.0,          49157.0 ,    25.87,          2485.2
     12074, India, Wheat         , 1998,       24852,                        1083.0,          49157.0 ,    26.27,          2485.2
     12075, India, Wheat         , 1998,       24852,                        1083.0,          49157.0 ,    25.46,          2485.2
     12076, India, Wheat         , 1998,       24852,                        1083.0,          49157.0 ,    24.34,          2485.2
     12077, India, Wheat         , 1998,       24852,                        1083.0,          49157.0 ,    26.4 ,          2485.2
     12078, India, Wheat         , 1998,       24852,                        1083.0,          49157.0 ,    25.77,          2485.2
     12079, India, Wheat         , 1998,       24852,                        1083.0,          49157.0 ,    25.87,          2485.2
     12080, India, Wheat         , 1998,       24852,                        1083.0,          49157.0 ,    25.55,          2485.2
     12081, India, Wheat         , 1998,       24852,                        1083.0,          49157.0 ,    27.09,          2485.2
     12082, India, Wheat         , 1998,       24852,                        1083.0,          49157.0 ,    24.84,          2485.2
     12083, India, Wheat         , 1998,       24852,                        1083.0,          49157.0 ,    27.32,          2485.2
     12084, India, Wheat         , 1998,       24852,                        1083.0,          49157.0 ,    27.32,          2485.2
     12085, India, Wheat         , 1998,       24852,                        1083.0,          49157.0 ,    26.12,          2485.2
     12086, India, Cassava       , 1999,      239523,                        1083.0,          46195.0 ,    26.12,         23952.3
     12087, India, Cassava       , 1999,      239523,                        1083.0,          46195.0 ,    27.21,         23952.3
     12088, India, Cassava       , 1999,      239523,                        1083.0,          46195.0 ,    26.4 ,         23952.3
     12089, India, Cassava       , 1999,      239523,                        1083.0,          46195.0 ,    24.9 ,         23952.3
     12090, India, Cassava       , 1999,      239523,                        1083.0,          46195.0 ,    25.29,         23952.3
     12091, India, Cassava       , 1999,      239523,                        1083.0,          46195.0 ,    25.74,         23952.3
     12092, India, Cassava       , 1999,      239523,                        1083.0,          46195.0 ,    26.36,         23952.3
     12093, India, Cassava       , 1999,      239523,                        1083.0,          46195.0 ,    26.86,         23952.3
     12094, India, Cassava       , 1999,      239523,                        1083.0,          46195.0 ,    27.24,         23952.3
     12095, India, Cassava       , 1999,      239523,                        1083.0,          46195.0 ,    25.5 ,         23952.3
     12096, India, Cassava       , 1999,      239523,                        1083.0,          46195.0 ,    26.42,         23952.3
     12097, India, Cassava       , 1999,      239523,                        1083.0,          46195.0 ,    25.78,         23952.3
     12098, India, Cassava       , 1999,      239523,                        1083.0,          46195.0 ,    24.9 ,         23952.3
     12099, India, Cassava       , 1999,      239523,                        1083.0,          46195.0 ,    26.06,         23952.3
     12100, India, Cassava       , 1999,      239523,                        1083.0,          46195.0 ,    26.36,         23952.3
     12101, India, Cassava       , 1999,      239523,                        1083.0,          46195.0 ,    25.97,         23952.3
     12102, India, Cassava       , 1999,      239523,                        1083.0,          46195.0 ,    25.1 ,         23952.3
     12103, India, Cassava       , 1999,      239523,                        1083.0,          46195.0 ,    26.85,         23952.3
     12104, India, Cassava       , 1999,      239523,                        1083.0,          46195.0 ,    24.93,         23952.3
     12105, India, Cassava       , 1999,      239523,                        1083.0,          46195.0 ,    26.96,         23952.3
     12106, India, Cassava       , 1999,      239523,                        1083.0,          46195.0 ,    26.96,         23952.3
     12107, India, Cassava       , 1999,      239523,                        1083.0,          46195.0 ,    26.21,         23952.3
     12108, India, Maize         , 1999,       17922,                        1083.0,          46195.0 ,    26.12,          1792.2
     12109, India, Maize         , 1999,       17922,                        1083.0,          46195.0 ,    27.21,          1792.2
     12110, India, Maize         , 1999,       17922,                        1083.0,          46195.0 ,    26.4 ,          1792.2
     12111, India, Maize         , 1999,       17922,                        1083.0,          46195.0 ,    24.9 ,          1792.2
     12112, India, Maize         , 1999,       17922,                        1083.0,          46195.0 ,    25.29,          1792.2
     12113, India, Maize         , 1999,       17922,                        1083.0,          46195.0 ,    25.74,          1792.2
     12114, India, Maize         , 1999,       17922,                        1083.0,          46195.0 ,    26.36,          1792.2
     12115, India, Maize         , 1999,       17922,                        1083.0,          46195.0 ,    26.86,          1792.2
     12116, India, Maize         , 1999,       17922,                        1083.0,          46195.0 ,    27.24,          1792.2
     12117, India, Maize         , 1999,       17922,                        1083.0,          46195.0 ,    25.5 ,          1792.2
     12118, India, Maize         , 1999,       17922,                        1083.0,          46195.0 ,    26.42,          1792.2
     12119, India, Maize         , 1999,       17922,                        1083.0,          46195.0 ,    25.78,          1792.2
     12120, India, Maize         , 1999,       17922,                        1083.0,          46195.0 ,    24.9 ,          1792.2
     12121, India, Maize         , 1999,       17922,                        1083.0,          46195.0 ,    26.06,          1792.2
     12122, India, Maize         , 1999,       17922,                        1083.0,          46195.0 ,    26.36,          1792.2
     12123, India, Maize         , 1999,       17922,                        1083.0,          46195.0 ,    25.97,          1792.2
     12124, India, Maize         , 1999,       17922,                        1083.0,          46195.0 ,    25.1 ,          1792.2
     12125, India, Maize         , 1999,       17922,                        1083.0,          46195.0 ,    26.85,          1792.2
     12126, India, Maize         , 1999,       17922,                        1083.0,          46195.0 ,    24.93,          1792.2
     12127, India, Maize         , 1999,       17922,                        1083.0,          46195.0 ,    26.96,          1792.2
     12128, India, Maize         , 1999,       17922,                        1083.0,          46195.0 ,    26.96,          1792.2
     12129, India, Maize         , 1999,       17922,                        1083.0,          46195.0 ,    26.21,          1792.2
     12130, India, Potatoes      , 1999,      175712,                        1083.0,          46195.0 ,    26.12,         17571.2
     12131, India, Potatoes      , 1999,      175712,                        1083.0,          46195.0 ,    27.21,         17571.2
     12132, India, Potatoes      , 1999,      175712,                        1083.0,          46195.0 ,    26.4 ,         17571.2
     12133, India, Potatoes      , 1999,      175712,                        1083.0,          46195.0 ,    24.9 ,         17571.2
     12134, India, Potatoes      , 1999,      175712,                        1083.0,          46195.0 ,    25.29,         17571.2
     12135, India, Potatoes      , 1999,      175712,                        1083.0,          46195.0 ,    25.74,         17571.2
     12136, India, Potatoes      , 1999,      175712,                        1083.0,          46195.0 ,    26.36,         17571.2
     12137, India, Potatoes      , 1999,      175712,                        1083.0,          46195.0 ,    26.86,         17571.2
     12138, India, Potatoes      , 1999,      175712,                        1083.0,          46195.0 ,    27.24,         17571.2
     12139, India, Potatoes      , 1999,      175712,                        1083.0,          46195.0 ,    25.5 ,         17571.2
     12140, India, Potatoes      , 1999,      175712,                        1083.0,          46195.0 ,    26.42,         17571.2
     12141, India, Potatoes      , 1999,      175712,                        1083.0,          46195.0 ,    25.78,         17571.2
     12142, India, Potatoes      , 1999,      175712,                        1083.0,          46195.0 ,    24.9 ,         17571.2
     12143, India, Potatoes      , 1999,      175712,                        1083.0,          46195.0 ,    26.06,         17571.2
     12144, India, Potatoes      , 1999,      175712,                        1083.0,          46195.0 ,    26.36,         17571.2
     12145, India, Potatoes      , 1999,      175712,                        1083.0,          46195.0 ,    25.97,         17571.2
     12146, India, Potatoes      , 1999,      175712,                        1083.0,          46195.0 ,    25.1 ,         17571.2
     12147, India, Potatoes      , 1999,      175712,                        1083.0,          46195.0 ,    26.85,         17571.2
     12148, India, Potatoes      , 1999,      175712,                        1083.0,          46195.0 ,    24.93,         17571.2
     12149, India, Potatoes      , 1999,      175712,                        1083.0,          46195.0 ,    26.96,         17571.2
     12150, India, Potatoes      , 1999,      175712,                        1083.0,          46195.0 ,    26.96,         17571.2
     12151, India, Potatoes      , 1999,      175712,                        1083.0,          46195.0 ,    26.21,         17571.2
     12152, India, "Rice, paddy" , 1999,       29782,                        1083.0,          46195.0 ,    26.12,          2978.2
     12153, India, "Rice, paddy" , 1999,       29782,                        1083.0,          46195.0 ,    27.21,          2978.2
     12154, India, "Rice, paddy" , 1999,       29782,                        1083.0,          46195.0 ,    26.4 ,          2978.2
     12155, India, "Rice, paddy" , 1999,       29782,                        1083.0,          46195.0 ,    24.9 ,          2978.2
     12156, India, "Rice, paddy" , 1999,       29782,                        1083.0,          46195.0 ,    25.29,          2978.2
     12157, India, "Rice, paddy" , 1999,       29782,                        1083.0,          46195.0 ,    25.74,          2978.2
     12158, India, "Rice, paddy" , 1999,       29782,                        1083.0,          46195.0 ,    26.36,          2978.2
     12159, India, "Rice, paddy" , 1999,       29782,                        1083.0,          46195.0 ,    26.86,          2978.2
     12160, India, "Rice, paddy" , 1999,       29782,                        1083.0,          46195.0 ,    27.24,          2978.2
     12161, India, "Rice, paddy" , 1999,       29782,                        1083.0,          46195.0 ,    25.5 ,          2978.2
     12162, India, "Rice, paddy" , 1999,       29782,                        1083.0,          46195.0 ,    26.42,          2978.2
     12163, India, "Rice, paddy" , 1999,       29782,                        1083.0,          46195.0 ,    25.78,          2978.2
     12164, India, "Rice, paddy" , 1999,       29782,                        1083.0,          46195.0 ,    24.9 ,          2978.2
     12165, India, "Rice, paddy" , 1999,       29782,                        1083.0,          46195.0 ,    26.06,          2978.2
     12166, India, "Rice, paddy" , 1999,       29782,                        1083.0,          46195.0 ,    26.36,          2978.2
     12167, India, "Rice, paddy" , 1999,       29782,                        1083.0,          46195.0 ,    25.97,          2978.2
     12168, India, "Rice, paddy" , 1999,       29782,                        1083.0,          46195.0 ,    25.1 ,          2978.2
     12169, India, "Rice, paddy" , 1999,       29782,                        1083.0,          46195.0 ,    26.85,          2978.2
     12170, India, "Rice, paddy" , 1999,       29782,                        1083.0,          46195.0 ,    24.93,          2978.2
     12171, India, "Rice, paddy" , 1999,       29782,                        1083.0,          46195.0 ,    26.96,          2978.2
     12172, India, "Rice, paddy" , 1999,       29782,                        1083.0,          46195.0 ,    26.96,          2978.2
     12173, India, "Rice, paddy" , 1999,       29782,                        1083.0,          46195.0 ,    26.21,          2978.2
     12174, India, Sorghum       , 1999,        8472,                        1083.0,          46195.0 ,    26.12,           847.2
     12175, India, Sorghum       , 1999,        8472,                        1083.0,          46195.0 ,    27.21,           847.2
     12176, India, Sorghum       , 1999,        8472,                        1083.0,          46195.0 ,    26.4 ,           847.2
     12177, India, Sorghum       , 1999,        8472,                        1083.0,          46195.0 ,    24.9 ,           847.2
     12178, India, Sorghum       , 1999,        8472,                        1083.0,          46195.0 ,    25.29,           847.2
     12179, India, Sorghum       , 1999,        8472,                        1083.0,          46195.0 ,    25.74,           847.2
     12180, India, Sorghum       , 1999,        8472,                        1083.0,          46195.0 ,    26.36,           847.2
     12181, India, Sorghum       , 1999,        8472,                        1083.0,          46195.0 ,    26.86,           847.2
     12182, India, Sorghum       , 1999,        8472,                        1083.0,          46195.0 ,    27.24,           847.2
     12183, India, Sorghum       , 1999,        8472,                        1083.0,          46195.0 ,    25.5 ,           847.2
     12184, India, Sorghum       , 1999,        8472,                        1083.0,          46195.0 ,    26.42,           847.2
     12185, India, Sorghum       , 1999,        8472,                        1083.0,          46195.0 ,    25.78,           847.2
     12186, India, Sorghum       , 1999,        8472,                        1083.0,          46195.0 ,    24.9 ,           847.2
     12187, India, Sorghum       , 1999,        8472,                        1083.0,          46195.0 ,    26.06,           847.2
     12188, India, Sorghum       , 1999,        8472,                        1083.0,          46195.0 ,    26.36,           847.2
     12189, India, Sorghum       , 1999,        8472,                        1083.0,          46195.0 ,    25.97,           847.2
     12190, India, Sorghum       , 1999,        8472,                        1083.0,          46195.0 ,    25.1 ,           847.2
     12191, India, Sorghum       , 1999,        8472,                        1083.0,          46195.0 ,    26.85,           847.2
     12192, India, Sorghum       , 1999,        8472,                        1083.0,          46195.0 ,    24.93,           847.2
     12193, India, Sorghum       , 1999,        8472,                        1083.0,          46195.0 ,    26.96,           847.2
     12194, India, Sorghum       , 1999,        8472,                        1083.0,          46195.0 ,    26.96,           847.2
     12195, India, Sorghum       , 1999,        8472,                        1083.0,          46195.0 ,    26.21,           847.2
     12196, India, Soybeans      , 1999,       11380,                        1083.0,          46195.0 ,    26.12,          1138.0
     12197, India, Soybeans      , 1999,       11380,                        1083.0,          46195.0 ,    27.21,          1138.0
     12198, India, Soybeans      , 1999,       11380,                        1083.0,          46195.0 ,    26.4 ,          1138.0
     12199, India, Soybeans      , 1999,       11380,                        1083.0,          46195.0 ,    24.9 ,          1138.0
     12200, India, Soybeans      , 1999,       11380,                        1083.0,          46195.0 ,    25.29,          1138.0
     12201, India, Soybeans      , 1999,       11380,                        1083.0,          46195.0 ,    25.74,          1138.0
     12202, India, Soybeans      , 1999,       11380,                        1083.0,          46195.0 ,    26.36,          1138.0
     12203, India, Soybeans      , 1999,       11380,                        1083.0,          46195.0 ,    26.86,          1138.0
     12204, India, Soybeans      , 1999,       11380,                        1083.0,          46195.0 ,    27.24,          1138.0
     12205, India, Soybeans      , 1999,       11380,                        1083.0,          46195.0 ,    25.5 ,          1138.0
     12206, India, Soybeans      , 1999,       11380,                        1083.0,          46195.0 ,    26.42,          1138.0
     12207, India, Soybeans      , 1999,       11380,                        1083.0,          46195.0 ,    25.78,          1138.0
     12208, India, Soybeans      , 1999,       11380,                        1083.0,          46195.0 ,    24.9 ,          1138.0
     12209, India, Soybeans      , 1999,       11380,                        1083.0,          46195.0 ,    26.06,          1138.0
     12210, India, Soybeans      , 1999,       11380,                        1083.0,          46195.0 ,    26.36,          1138.0
     12211, India, Soybeans      , 1999,       11380,                        1083.0,          46195.0 ,    25.97,          1138.0
     12212, India, Soybeans      , 1999,       11380,                        1083.0,          46195.0 ,    25.1 ,          1138.0
     12213, India, Soybeans      , 1999,       11380,                        1083.0,          46195.0 ,    26.85,          1138.0
     12214, India, Soybeans      , 1999,       11380,                        1083.0,          46195.0 ,    24.93,          1138.0
     12215, India, Soybeans      , 1999,       11380,                        1083.0,          46195.0 ,    26.96,          1138.0
     12216, India, Soybeans      , 1999,       11380,                        1083.0,          46195.0 ,    26.96,          1138.0
     12217, India, Soybeans      , 1999,       11380,                        1083.0,          46195.0 ,    26.21,          1138.0
     12218, India, Sweet potatoes, 1999,       85744,                        1083.0,          46195.0 ,    26.12,          8574.4
     12219, India, Sweet potatoes, 1999,       85744,                        1083.0,          46195.0 ,    27.21,          8574.4
     12220, India, Sweet potatoes, 1999,       85744,                        1083.0,          46195.0 ,    26.4 ,          8574.4
     12221, India, Sweet potatoes, 1999,       85744,                        1083.0,          46195.0 ,    24.9 ,          8574.4
     12222, India, Sweet potatoes, 1999,       85744,                        1083.0,          46195.0 ,    25.29,          8574.4
     12223, India, Sweet potatoes, 1999,       85744,                        1083.0,          46195.0 ,    25.74,          8574.4
     12224, India, Sweet potatoes, 1999,       85744,                        1083.0,          46195.0 ,    26.36,          8574.4
     12225, India, Sweet potatoes, 1999,       85744,                        1083.0,          46195.0 ,    26.86,          8574.4
     12226, India, Sweet potatoes, 1999,       85744,                        1083.0,          46195.0 ,    27.24,          8574.4
     12227, India, Sweet potatoes, 1999,       85744,                        1083.0,          46195.0 ,    25.5 ,          8574.4
     12228, India, Sweet potatoes, 1999,       85744,                        1083.0,          46195.0 ,    26.42,          8574.4
     12229, India, Sweet potatoes, 1999,       85744,                        1083.0,          46195.0 ,    25.78,          8574.4
     12230, India, Sweet potatoes, 1999,       85744,                        1083.0,          46195.0 ,    24.9 ,          8574.4
     12231, India, Sweet potatoes, 1999,       85744,                        1083.0,          46195.0 ,    26.06,          8574.4
     12232, India, Sweet potatoes, 1999,       85744,                        1083.0,          46195.0 ,    26.36,          8574.4
     12233, India, Sweet potatoes, 1999,       85744,                        1083.0,          46195.0 ,    25.97,          8574.4
     12234, India, Sweet potatoes, 1999,       85744,                        1083.0,          46195.0 ,    25.1 ,          8574.4
     12235, India, Sweet potatoes, 1999,       85744,                        1083.0,          46195.0 ,    26.85,          8574.4
     12236, India, Sweet potatoes, 1999,       85744,                        1083.0,          46195.0 ,    24.93,          8574.4
     12237, India, Sweet potatoes, 1999,       85744,                        1083.0,          46195.0 ,    26.96,          8574.4
     12238, India, Sweet potatoes, 1999,       85744,                        1083.0,          46195.0 ,    26.96,          8574.4
     12239, India, Sweet potatoes, 1999,       85744,                        1083.0,          46195.0 ,    26.21,          8574.4
     12240, India, Wheat         , 1999,       25901,                        1083.0,          46195.0 ,    26.12,          2590.1
     12241, India, Wheat         , 1999,       25901,                        1083.0,          46195.0 ,    27.21,          2590.1
     12242, India, Wheat         , 1999,       25901,                        1083.0,          46195.0 ,    26.4 ,          2590.1
     12243, India, Wheat         , 1999,       25901,                        1083.0,          46195.0 ,    24.9 ,          2590.1
     12244, India, Wheat         , 1999,       25901,                        1083.0,          46195.0 ,    25.29,          2590.1
     12245, India, Wheat         , 1999,       25901,                        1083.0,          46195.0 ,    25.74,          2590.1
     12246, India, Wheat         , 1999,       25901,                        1083.0,          46195.0 ,    26.36,          2590.1
     12247, India, Wheat         , 1999,       25901,                        1083.0,          46195.0 ,    26.86,          2590.1
     12248, India, Wheat         , 1999,       25901,                        1083.0,          46195.0 ,    27.24,          2590.1
     12249, India, Wheat         , 1999,       25901,                        1083.0,          46195.0 ,    25.5 ,          2590.1
     12250, India, Wheat         , 1999,       25901,                        1083.0,          46195.0 ,    26.42,          2590.1
     12251, India, Wheat         , 1999,       25901,                        1083.0,          46195.0 ,    25.78,          2590.1
     12252, India, Wheat         , 1999,       25901,                        1083.0,          46195.0 ,    24.9 ,          2590.1
     12253, India, Wheat         , 1999,       25901,                        1083.0,          46195.0 ,    26.06,          2590.1
     12254, India, Wheat         , 1999,       25901,                        1083.0,          46195.0 ,    26.36,          2590.1
     12255, India, Wheat         , 1999,       25901,                        1083.0,          46195.0 ,    25.97,          2590.1
     12256, India, Wheat         , 1999,       25901,                        1083.0,          46195.0 ,    25.1 ,          2590.1
     12257, India, Wheat         , 1999,       25901,                        1083.0,          46195.0 ,    26.85,          2590.1
     12258, India, Wheat         , 1999,       25901,                        1083.0,          46195.0 ,    24.93,          2590.1
     12259, India, Wheat         , 1999,       25901,                        1083.0,          46195.0 ,    26.96,          2590.1
     12260, India, Wheat         , 1999,       25901,                        1083.0,          46195.0 ,    26.96,          2590.1
     12261, India, Wheat         , 1999,       25901,                        1083.0,          46195.0 ,    26.21,          2590.1
     12262, India, Cassava       , 2000,      269087,                        1083.0,          44957.52,    25.98,         26908.7
     12263, India, Cassava       , 2000,      269087,                        1083.0,          44957.52,    27.44,         26908.7
     12264, India, Cassava       , 2000,      269087,                        1083.0,          44957.52,    26.13,         26908.7
     12265, India, Cassava       , 2000,      269087,                        1083.0,          44957.52,    24.57,         26908.7
     12266, India, Cassava       , 2000,      269087,                        1083.0,          44957.52,    25.34,         26908.7
     12267, India, Cassava       , 2000,      269087,                        1083.0,          44957.52,    25.93,         26908.7
     12268, India, Cassava       , 2000,      269087,                        1083.0,          44957.52,    26.05,         26908.7
     12269, India, Cassava       , 2000,      269087,                        1083.0,          44957.52,    26.49,         26908.7
     12270, India, Cassava       , 2000,      269087,                        1083.0,          44957.52,    27.23,         26908.7
     12271, India, Cassava       , 2000,      269087,                        1083.0,          44957.52,    25.62,         26908.7
     12272, India, Cassava       , 2000,      269087,                        1083.0,          44957.52,    26.43,         26908.7
     12273, India, Cassava       , 2000,      269087,                        1083.0,          44957.52,    25.35,         26908.7
     12274, India, Cassava       , 2000,      269087,                        1083.0,          44957.52,    24.57,         26908.7
     12275, India, Cassava       , 2000,      269087,                        1083.0,          44957.52,    26.18,         26908.7
     12276, India, Cassava       , 2000,      269087,                        1083.0,          44957.52,    26.05,         26908.7
     12277, India, Cassava       , 2000,      269087,                        1083.0,          44957.52,    25.58,         26908.7
     12278, India, Cassava       , 2000,      269087,                        1083.0,          44957.52,    25.11,         26908.7
     12279, India, Cassava       , 2000,      269087,                        1083.0,          44957.52,    27.08,         26908.7
     12280, India, Cassava       , 2000,      269087,                        1083.0,          44957.52,    24.69,         26908.7
     12281, India, Cassava       , 2000,      269087,                        1083.0,          44957.52,    27.03,         26908.7
     12282, India, Cassava       , 2000,      269087,                        1083.0,          44957.52,    27.03,         26908.7
     12283, India, Cassava       , 2000,      269087,                        1083.0,          44957.52,    25.93,         26908.7
     12284, India, Maize         , 2000,       18216,                        1083.0,          44957.52,    25.98,          1821.6
     12285, India, Maize         , 2000,       18216,                        1083.0,          44957.52,    27.44,          1821.6
     12286, India, Maize         , 2000,       18216,                        1083.0,          44957.52,    26.13,          1821.6
     12287, India, Maize         , 2000,       18216,                        1083.0,          44957.52,    24.57,          1821.6
     12288, India, Maize         , 2000,       18216,                        1083.0,          44957.52,    25.34,          1821.6
     12289, India, Maize         , 2000,       18216,                        1083.0,          44957.52,    25.93,          1821.6
     12290, India, Maize         , 2000,       18216,                        1083.0,          44957.52,    26.05,          1821.6
     12291, India, Maize         , 2000,       18216,                        1083.0,          44957.52,    26.49,          1821.6
     12292, India, Maize         , 2000,       18216,                        1083.0,          44957.52,    27.23,          1821.6
     12293, India, Maize         , 2000,       18216,                        1083.0,          44957.52,    25.62,          1821.6
     12294, India, Maize         , 2000,       18216,                        1083.0,          44957.52,    26.43,          1821.6
     12295, India, Maize         , 2000,       18216,                        1083.0,          44957.52,    25.35,          1821.6
     12296, India, Maize         , 2000,       18216,                        1083.0,          44957.52,    24.57,          1821.6
     12297, India, Maize         , 2000,       18216,                        1083.0,          44957.52,    26.18,          1821.6
     12298, India, Maize         , 2000,       18216,                        1083.0,          44957.52,    26.05,          1821.6
     12299, India, Maize         , 2000,       18216,                        1083.0,          44957.52,    25.58,          1821.6
     12300, India, Maize         , 2000,       18216,                        1083.0,          44957.52,    25.11,          1821.6
     12301, India, Maize         , 2000,       18216,                        1083.0,          44957.52,    27.08,          1821.6
     12302, India, Maize         , 2000,       18216,                        1083.0,          44957.52,    24.69,          1821.6
     12303, India, Maize         , 2000,       18216,                        1083.0,          44957.52,    27.03,          1821.6
     12304, India, Maize         , 2000,       18216,                        1083.0,          44957.52,    27.03,          1821.6
     12305, India, Maize         , 2000,       18216,                        1083.0,          44957.52,    25.93,          1821.6
     12306, India, Potatoes      , 2000,      186443,                        1083.0,          44957.52,    25.98,         18644.3
     12307, India, Potatoes      , 2000,      186443,                        1083.0,          44957.52,    27.44,         18644.3
     12308, India, Potatoes      , 2000,      186443,                        1083.0,          44957.52,    26.13,         18644.3
     12309, India, Potatoes      , 2000,      186443,                        1083.0,          44957.52,    24.57,         18644.3
     12310, India, Potatoes      , 2000,      186443,                        1083.0,          44957.52,    25.34,         18644.3
     12311, India, Potatoes      , 2000,      186443,                        1083.0,          44957.52,    25.93,         18644.3
     12312, India, Potatoes      , 2000,      186443,                        1083.0,          44957.52,    26.05,         18644.3
     12313, India, Potatoes      , 2000,      186443,                        1083.0,          44957.52,    26.49,         18644.3
     12314, India, Potatoes      , 2000,      186443,                        1083.0,          44957.52,    27.23,         18644.3
     12315, India, Potatoes      , 2000,      186443,                        1083.0,          44957.52,    25.62,         18644.3
     12316, India, Potatoes      , 2000,      186443,                        1083.0,          44957.52,    26.43,         18644.3
     12317, India, Potatoes      , 2000,      186443,                        1083.0,          44957.52,    25.35,         18644.3
     12318, India, Potatoes      , 2000,      186443,                        1083.0,          44957.52,    24.57,         18644.3
     12319, India, Potatoes      , 2000,      186443,                        1083.0,          44957.52,    26.18,         18644.3
     12320, India, Potatoes      , 2000,      186443,                        1083.0,          44957.52,    26.05,         18644.3
     12321, India, Potatoes      , 2000,      186443,                        1083.0,          44957.52,    25.58,         18644.3
     12322, India, Potatoes      , 2000,      186443,                        1083.0,          44957.52,    25.11,         18644.3
     12323, India, Potatoes      , 2000,      186443,                        1083.0,          44957.52,    27.08,         18644.3
     12324, India, Potatoes      , 2000,      186443,                        1083.0,          44957.52,    24.69,         18644.3
     12325, India, Potatoes      , 2000,      186443,                        1083.0,          44957.52,    27.03,         18644.3
     12326, India, Potatoes      , 2000,      186443,                        1083.0,          44957.52,    27.03,         18644.3
     12327, India, Potatoes      , 2000,      186443,                        1083.0,          44957.52,    25.93,         18644.3
     12328, India, "Rice, paddy" , 2000,       28508,                        1083.0,          44957.52,    25.98,          2850.8
     12329, India, "Rice, paddy" , 2000,       28508,                        1083.0,          44957.52,    27.44,          2850.8
     12330, India, "Rice, paddy" , 2000,       28508,                        1083.0,          44957.52,    26.13,          2850.8
     12331, India, "Rice, paddy" , 2000,       28508,                        1083.0,          44957.52,    24.57,          2850.8
     12332, India, "Rice, paddy" , 2000,       28508,                        1083.0,          44957.52,    25.34,          2850.8
     12333, India, "Rice, paddy" , 2000,       28508,                        1083.0,          44957.52,    25.93,          2850.8
     12334, India, "Rice, paddy" , 2000,       28508,                        1083.0,          44957.52,    26.05,          2850.8
     12335, India, "Rice, paddy" , 2000,       28508,                        1083.0,          44957.52,    26.49,          2850.8
     12336, India, "Rice, paddy" , 2000,       28508,                        1083.0,          44957.52,    27.23,          2850.8
     12337, India, "Rice, paddy" , 2000,       28508,                        1083.0,          44957.52,    25.62,          2850.8
     12338, India, "Rice, paddy" , 2000,       28508,                        1083.0,          44957.52,    26.43,          2850.8
     12339, India, "Rice, paddy" , 2000,       28508,                        1083.0,          44957.52,    25.35,          2850.8
     12340, India, "Rice, paddy" , 2000,       28508,                        1083.0,          44957.52,    24.57,          2850.8
     12341, India, "Rice, paddy" , 2000,       28508,                        1083.0,          44957.52,    26.18,          2850.8
     12342, India, "Rice, paddy" , 2000,       28508,                        1083.0,          44957.52,    26.05,          2850.8
     12343, India, "Rice, paddy" , 2000,       28508,                        1083.0,          44957.52,    25.58,          2850.8
     12344, India, "Rice, paddy" , 2000,       28508,                        1083.0,          44957.52,    25.11,          2850.8
     12345, India, "Rice, paddy" , 2000,       28508,                        1083.0,          44957.52,    27.08,          2850.8
     12346, India, "Rice, paddy" , 2000,       28508,                        1083.0,          44957.52,    24.69,          2850.8
     12347, India, "Rice, paddy" , 2000,       28508,                        1083.0,          44957.52,    27.03,          2850.8
     12348, India, "Rice, paddy" , 2000,       28508,                        1083.0,          44957.52,    27.03,          2850.8
     12349, India, "Rice, paddy" , 2000,       28508,                        1083.0,          44957.52,    25.93,          2850.8
     12350, India, Sorghum       , 2000,        7639,                        1083.0,          44957.52,    25.98,           763.9
     12351, India, Sorghum       , 2000,        7639,                        1083.0,          44957.52,    27.44,           763.9
     12352, India, Sorghum       , 2000,        7639,                        1083.0,          44957.52,    26.13,           763.9
     12353, India, Sorghum       , 2000,        7639,                        1083.0,          44957.52,    24.57,           763.9
     12354, India, Sorghum       , 2000,        7639,                        1083.0,          44957.52,    25.34,           763.9
     12355, India, Sorghum       , 2000,        7639,                        1083.0,          44957.52,    25.93,           763.9
     12356, India, Sorghum       , 2000,        7639,                        1083.0,          44957.52,    26.05,           763.9
     12357, India, Sorghum       , 2000,        7639,                        1083.0,          44957.52,    26.49,           763.9
     12358, India, Sorghum       , 2000,        7639,                        1083.0,          44957.52,    27.23,           763.9
     12359, India, Sorghum       , 2000,        7639,                        1083.0,          44957.52,    25.62,           763.9
     12360, India, Sorghum       , 2000,        7639,                        1083.0,          44957.52,    26.43,           763.9
     12361, India, Sorghum       , 2000,        7639,                        1083.0,          44957.52,    25.35,           763.9
     12362, India, Sorghum       , 2000,        7639,                        1083.0,          44957.52,    24.57,           763.9
     12363, India, Sorghum       , 2000,        7639,                        1083.0,          44957.52,    26.18,           763.9
     12364, India, Sorghum       , 2000,        7639,                        1083.0,          44957.52,    26.05,           763.9
     12365, India, Sorghum       , 2000,        7639,                        1083.0,          44957.52,    25.58,           763.9
     12366, India, Sorghum       , 2000,        7639,                        1083.0,          44957.52,    25.11,           763.9
     12367, India, Sorghum       , 2000,        7639,                        1083.0,          44957.52,    27.08,           763.9
     12368, India, Sorghum       , 2000,        7639,                        1083.0,          44957.52,    24.69,           763.9
     12369, India, Sorghum       , 2000,        7639,                        1083.0,          44957.52,    27.03,           763.9
     12370, India, Sorghum       , 2000,        7639,                        1083.0,          44957.52,    27.03,           763.9
     12371, India, Sorghum       , 2000,        7639,                        1083.0,          44957.52,    25.93,           763.9
     12372, India, Soybeans      , 2000,        8222,                        1083.0,          44957.52,    25.98,           822.2
     12373, India, Soybeans      , 2000,        8222,                        1083.0,          44957.52,    27.44,           822.2
     12374, India, Soybeans      , 2000,        8222,                        1083.0,          44957.52,    26.13,           822.2
     12375, India, Soybeans      , 2000,        8222,                        1083.0,          44957.52,    24.57,           822.2
     12376, India, Soybeans      , 2000,        8222,                        1083.0,          44957.52,    25.34,           822.2
     12377, India, Soybeans      , 2000,        8222,                        1083.0,          44957.52,    25.93,           822.2
     12378, India, Soybeans      , 2000,        8222,                        1083.0,          44957.52,    26.05,           822.2
     12379, India, Soybeans      , 2000,        8222,                        1083.0,          44957.52,    26.49,           822.2
     12380, India, Soybeans      , 2000,        8222,                        1083.0,          44957.52,    27.23,           822.2
     12381, India, Soybeans      , 2000,        8222,                        1083.0,          44957.52,    25.62,           822.2
     12382, India, Soybeans      , 2000,        8222,                        1083.0,          44957.52,    26.43,           822.2
     12383, India, Soybeans      , 2000,        8222,                        1083.0,          44957.52,    25.35,           822.2
     12384, India, Soybeans      , 2000,        8222,                        1083.0,          44957.52,    24.57,           822.2
     12385, India, Soybeans      , 2000,        8222,                        1083.0,          44957.52,    26.18,           822.2
     12386, India, Soybeans      , 2000,        8222,                        1083.0,          44957.52,    26.05,           822.2
     12387, India, Soybeans      , 2000,        8222,                        1083.0,          44957.52,    25.58,           822.2
     12388, India, Soybeans      , 2000,        8222,                        1083.0,          44957.52,    25.11,           822.2
     12389, India, Soybeans      , 2000,        8222,                        1083.0,          44957.52,    27.08,           822.2
     12390, India, Soybeans      , 2000,        8222,                        1083.0,          44957.52,    24.69,           822.2
     12391, India, Soybeans      , 2000,        8222,                        1083.0,          44957.52,    27.03,           822.2
     12392, India, Soybeans      , 2000,        8222,                        1083.0,          44957.52,    27.03,           822.2
     12393, India, Soybeans      , 2000,        8222,                        1083.0,          44957.52,    25.93,           822.2
     12394, India, Sweet potatoes, 2000,       97421,                        1083.0,          44957.52,    25.98,          9742.1
     12395, India, Sweet potatoes, 2000,       97421,                        1083.0,          44957.52,    27.44,          9742.1
     12396, India, Sweet potatoes, 2000,       97421,                        1083.0,          44957.52,    26.13,          9742.1
     12397, India, Sweet potatoes, 2000,       97421,                        1083.0,          44957.52,    24.57,          9742.1
     12398, India, Sweet potatoes, 2000,       97421,                        1083.0,          44957.52,    25.34,          9742.1
     12399, India, Sweet potatoes, 2000,       97421,                        1083.0,          44957.52,    25.93,          9742.1
     12400, India, Sweet potatoes, 2000,       97421,                        1083.0,          44957.52,    26.05,          9742.1
     12401, India, Sweet potatoes, 2000,       97421,                        1083.0,          44957.52,    26.49,          9742.1
     12402, India, Sweet potatoes, 2000,       97421,                        1083.0,          44957.52,    27.23,          9742.1
     12403, India, Sweet potatoes, 2000,       97421,                        1083.0,          44957.52,    25.62,          9742.1
     12404, India, Sweet potatoes, 2000,       97421,                        1083.0,          44957.52,    26.43,          9742.1
     12405, India, Sweet potatoes, 2000,       97421,                        1083.0,          44957.52,    25.35,          9742.1
     12406, India, Sweet potatoes, 2000,       97421,                        1083.0,          44957.52,    24.57,          9742.1
     12407, India, Sweet potatoes, 2000,       97421,                        1083.0,          44957.52,    26.18,          9742.1
     12408, India, Sweet potatoes, 2000,       97421,                        1083.0,          44957.52,    26.05,          9742.1
     12409, India, Sweet potatoes, 2000,       97421,                        1083.0,          44957.52,    25.58,          9742.1
     12410, India, Sweet potatoes, 2000,       97421,                        1083.0,          44957.52,    25.11,          9742.1
     12411, India, Sweet potatoes, 2000,       97421,                        1083.0,          44957.52,    27.08,          9742.1
     12412, India, Sweet potatoes, 2000,       97421,                        1083.0,          44957.52,    24.69,          9742.1
     12413, India, Sweet potatoes, 2000,       97421,                        1083.0,          44957.52,    27.03,          9742.1
     12414, India, Sweet potatoes, 2000,       97421,                        1083.0,          44957.52,    27.03,          9742.1
     12415, India, Sweet potatoes, 2000,       97421,                        1083.0,          44957.52,    25.93,          9742.1
     12416, India, Wheat         , 2000,       27785,                        1083.0,          44957.52,    25.98,          2778.5
     12417, India, Wheat         , 2000,       27785,                        1083.0,          44957.52,    27.44,          2778.5
     12418, India, Wheat         , 2000,       27785,                        1083.0,          44957.52,    26.13,          2778.5
     12419, India, Wheat         , 2000,       27785,                        1083.0,          44957.52,    24.57,          2778.5
     12420, India, Wheat         , 2000,       27785,                        1083.0,          44957.52,    25.34,          2778.5
     12421, India, Wheat         , 2000,       27785,                        1083.0,          44957.52,    25.93,          2778.5
     12422, India, Wheat         , 2000,       27785,                        1083.0,          44957.52,    26.05,          2778.5
     12423, India, Wheat         , 2000,       27785,                        1083.0,          44957.52,    26.49,          2778.5
     12424, India, Wheat         , 2000,       27785,                        1083.0,          44957.52,    27.23,          2778.5
     12425, India, Wheat         , 2000,       27785,                        1083.0,          44957.52,    25.62,          2778.5
     12426, India, Wheat         , 2000,       27785,                        1083.0,          44957.52,    26.43,          2778.5
     12427, India, Wheat         , 2000,       27785,                        1083.0,          44957.52,    25.35,          2778.5
     12428, India, Wheat         , 2000,       27785,                        1083.0,          44957.52,    24.57,          2778.5
     12429, India, Wheat         , 2000,       27785,                        1083.0,          44957.52,    26.18,          2778.5
     12430, India, Wheat         , 2000,       27785,                        1083.0,          44957.52,    26.05,          2778.5
     12431, India, Wheat         , 2000,       27785,                        1083.0,          44957.52,    25.58,          2778.5
     12432, India, Wheat         , 2000,       27785,                        1083.0,          44957.52,    25.11,          2778.5
     12433, India, Wheat         , 2000,       27785,                        1083.0,          44957.52,    27.08,          2778.5
     12434, India, Wheat         , 2000,       27785,                        1083.0,          44957.52,    24.69,          2778.5
     12435, India, Wheat         , 2000,       27785,                        1083.0,          44957.52,    27.03,          2778.5
     12436, India, Wheat         , 2000,       27785,                        1083.0,          44957.52,    27.03,          2778.5
     12437, India, Wheat         , 2000,       27785,                        1083.0,          44957.52,    25.93,          2778.5
     12438, India, Cassava       , 2001,      266998,                        1083.0,          43720.04,    25.76,         26699.8
     12439, India, Cassava       , 2001,      266998,                        1083.0,          43720.04,    27.2 ,         26699.8
     12440, India, Cassava       , 2001,      266998,                        1083.0,          43720.04,    26.02,         26699.8
     12441, India, Cassava       , 2001,      266998,                        1083.0,          43720.04,    24.5 ,         26699.8
     12442, India, Cassava       , 2001,      266998,                        1083.0,          43720.04,    25.53,         26699.8
     12443, India, Cassava       , 2001,      266998,                        1083.0,          43720.04,    25.95,         26699.8
     12444, India, Cassava       , 2001,      266998,                        1083.0,          43720.04,    25.86,         26699.8
     12445, India, Cassava       , 2001,      266998,                        1083.0,          43720.04,    26.52,         26699.8
     12446, India, Cassava       , 2001,      266998,                        1083.0,          43720.04,    27.56,         26699.8
     12447, India, Cassava       , 2001,      266998,                        1083.0,          43720.04,    25.59,         26699.8
     12448, India, Cassava       , 2001,      266998,                        1083.0,          43720.04,    26.02,         26699.8
     12449, India, Cassava       , 2001,      266998,                        1083.0,          43720.04,    25.33,         26699.8
     12450, India, Cassava       , 2001,      266998,                        1083.0,          43720.04,    24.5 ,         26699.8
     12451, India, Cassava       , 2001,      266998,                        1083.0,          43720.04,    26.32,         26699.8
     12452, India, Cassava       , 2001,      266998,                        1083.0,          43720.04,    25.86,         26699.8
     12453, India, Cassava       , 2001,      266998,                        1083.0,          43720.04,    25.82,         26699.8
     12454, India, Cassava       , 2001,      266998,                        1083.0,          43720.04,    25.34,         26699.8
     12455, India, Cassava       , 2001,      266998,                        1083.0,          43720.04,    26.91,         26699.8
     12456, India, Cassava       , 2001,      266998,                        1083.0,          43720.04,    24.76,         26699.8
     12457, India, Cassava       , 2001,      266998,                        1083.0,          43720.04,    26.9 ,         26699.8
     12458, India, Cassava       , 2001,      266998,                        1083.0,          43720.04,    26.9 ,         26699.8
     12459, India, Cassava       , 2001,      266998,                        1083.0,          43720.04,    25.92,         26699.8
     12460, India, Maize         , 2001,       19996,                        1083.0,          43720.04,    25.76,          1999.6
     12461, India, Maize         , 2001,       19996,                        1083.0,          43720.04,    27.2 ,          1999.6
     12462, India, Maize         , 2001,       19996,                        1083.0,          43720.04,    26.02,          1999.6
     12463, India, Maize         , 2001,       19996,                        1083.0,          43720.04,    24.5 ,          1999.6
     12464, India, Maize         , 2001,       19996,                        1083.0,          43720.04,    25.53,          1999.6
     12465, India, Maize         , 2001,       19996,                        1083.0,          43720.04,    25.95,          1999.6
     12466, India, Maize         , 2001,       19996,                        1083.0,          43720.04,    25.86,          1999.6
     12467, India, Maize         , 2001,       19996,                        1083.0,          43720.04,    26.52,          1999.6
     12468, India, Maize         , 2001,       19996,                        1083.0,          43720.04,    27.56,          1999.6
     12469, India, Maize         , 2001,       19996,                        1083.0,          43720.04,    25.59,          1999.6
     12470, India, Maize         , 2001,       19996,                        1083.0,          43720.04,    26.02,          1999.6
     12471, India, Maize         , 2001,       19996,                        1083.0,          43720.04,    25.33,          1999.6
     12472, India, Maize         , 2001,       19996,                        1083.0,          43720.04,    24.5 ,          1999.6
     12473, India, Maize         , 2001,       19996,                        1083.0,          43720.04,    26.32,          1999.6
     12474, India, Maize         , 2001,       19996,                        1083.0,          43720.04,    25.86,          1999.6
     12475, India, Maize         , 2001,       19996,                        1083.0,          43720.04,    25.82,          1999.6
     12476, India, Maize         , 2001,       19996,                        1083.0,          43720.04,    25.34,          1999.6
     12477, India, Maize         , 2001,       19996,                        1083.0,          43720.04,    26.91,          1999.6
     12478, India, Maize         , 2001,       19996,                        1083.0,          43720.04,    24.76,          1999.6
     12479, India, Maize         , 2001,       19996,                        1083.0,          43720.04,    26.9 ,          1999.6
     12480, India, Maize         , 2001,       19996,                        1083.0,          43720.04,    26.9 ,          1999.6
     12481, India, Maize         , 2001,       19996,                        1083.0,          43720.04,    25.92,          1999.6
     12482, India, Potatoes      , 2001,      183627,                        1083.0,          43720.04,    25.76,         18362.7
     12483, India, Potatoes      , 2001,      183627,                        1083.0,          43720.04,    27.2 ,         18362.7
     12484, India, Potatoes      , 2001,      183627,                        1083.0,          43720.04,    26.02,         18362.7
     12485, India, Potatoes      , 2001,      183627,                        1083.0,          43720.04,    24.5 ,         18362.7
     12486, India, Potatoes      , 2001,      183627,                        1083.0,          43720.04,    25.53,         18362.7
     12487, India, Potatoes      , 2001,      183627,                        1083.0,          43720.04,    25.95,         18362.7
     12488, India, Potatoes      , 2001,      183627,                        1083.0,          43720.04,    25.86,         18362.7
     12489, India, Potatoes      , 2001,      183627,                        1083.0,          43720.04,    26.52,         18362.7
     12490, India, Potatoes      , 2001,      183627,                        1083.0,          43720.04,    27.56,         18362.7
     12491, India, Potatoes      , 2001,      183627,                        1083.0,          43720.04,    25.59,         18362.7
     12492, India, Potatoes      , 2001,      183627,                        1083.0,          43720.04,    26.02,         18362.7
     12493, India, Potatoes      , 2001,      183627,                        1083.0,          43720.04,    25.33,         18362.7
     12494, India, Potatoes      , 2001,      183627,                        1083.0,          43720.04,    24.5 ,         18362.7
     12495, India, Potatoes      , 2001,      183627,                        1083.0,          43720.04,    26.32,         18362.7
     12496, India, Potatoes      , 2001,      183627,                        1083.0,          43720.04,    25.86,         18362.7
     12497, India, Potatoes      , 2001,      183627,                        1083.0,          43720.04,    25.82,         18362.7
     12498, India, Potatoes      , 2001,      183627,                        1083.0,          43720.04,    25.34,         18362.7
     12499, India, Potatoes      , 2001,      183627,                        1083.0,          43720.04,    26.91,         18362.7
     12500, India, Potatoes      , 2001,      183627,                        1083.0,          43720.04,    24.76,         18362.7
     12501, India, Potatoes      , 2001,      183627,                        1083.0,          43720.04,    26.9 ,         18362.7
     12502, India, Potatoes      , 2001,      183627,                        1083.0,          43720.04,    26.9 ,         18362.7
     12503, India, Potatoes      , 2001,      183627,                        1083.0,          43720.04,    25.92,         18362.7
     12504, India, "Rice, paddy" , 2001,       31158,                        1083.0,          43720.04,    25.76,          3115.8
     12505, India, "Rice, paddy" , 2001,       31158,                        1083.0,          43720.04,    27.2 ,          3115.8
     12506, India, "Rice, paddy" , 2001,       31158,                        1083.0,          43720.04,    26.02,          3115.8
     12507, India, "Rice, paddy" , 2001,       31158,                        1083.0,          43720.04,    24.5 ,          3115.8
     12508, India, "Rice, paddy" , 2001,       31158,                        1083.0,          43720.04,    25.53,          3115.8
     12509, India, "Rice, paddy" , 2001,       31158,                        1083.0,          43720.04,    25.95,          3115.8
     12510, India, "Rice, paddy" , 2001,       31158,                        1083.0,          43720.04,    25.86,          3115.8
     12511, India, "Rice, paddy" , 2001,       31158,                        1083.0,          43720.04,    26.52,          3115.8
     12512, India, "Rice, paddy" , 2001,       31158,                        1083.0,          43720.04,    27.56,          3115.8
     12513, India, "Rice, paddy" , 2001,       31158,                        1083.0,          43720.04,    25.59,          3115.8
     12514, India, "Rice, paddy" , 2001,       31158,                        1083.0,          43720.04,    26.02,          3115.8
     12515, India, "Rice, paddy" , 2001,       31158,                        1083.0,          43720.04,    25.33,          3115.8
     12516, India, "Rice, paddy" , 2001,       31158,                        1083.0,          43720.04,    24.5 ,          3115.8
     12517, India, "Rice, paddy" , 2001,       31158,                        1083.0,          43720.04,    26.32,          3115.8
     12518, India, "Rice, paddy" , 2001,       31158,                        1083.0,          43720.04,    25.86,          3115.8
     12519, India, "Rice, paddy" , 2001,       31158,                        1083.0,          43720.04,    25.82,          3115.8
     12520, India, "Rice, paddy" , 2001,       31158,                        1083.0,          43720.04,    25.34,          3115.8
     12521, India, "Rice, paddy" , 2001,       31158,                        1083.0,          43720.04,    26.91,          3115.8
     12522, India, "Rice, paddy" , 2001,       31158,                        1083.0,          43720.04,    24.76,          3115.8
     12523, India, "Rice, paddy" , 2001,       31158,                        1083.0,          43720.04,    26.9 ,          3115.8
     12524, India, "Rice, paddy" , 2001,       31158,                        1083.0,          43720.04,    26.9 ,          3115.8
     12525, India, "Rice, paddy" , 2001,       31158,                        1083.0,          43720.04,    25.92,          3115.8
     12526, India, Sorghum       , 2001,        7715,                        1083.0,          43720.04,    25.76,           771.5
     12527, India, Sorghum       , 2001,        7715,                        1083.0,          43720.04,    27.2 ,           771.5
     12528, India, Sorghum       , 2001,        7715,                        1083.0,          43720.04,    26.02,           771.5
     12529, India, Sorghum       , 2001,        7715,                        1083.0,          43720.04,    24.5 ,           771.5
     12530, India, Sorghum       , 2001,        7715,                        1083.0,          43720.04,    25.53,           771.5
     12531, India, Sorghum       , 2001,        7715,                        1083.0,          43720.04,    25.95,           771.5
     12532, India, Sorghum       , 2001,        7715,                        1083.0,          43720.04,    25.86,           771.5
     12533, India, Sorghum       , 2001,        7715,                        1083.0,          43720.04,    26.52,           771.5
     12534, India, Sorghum       , 2001,        7715,                        1083.0,          43720.04,    27.56,           771.5
     12535, India, Sorghum       , 2001,        7715,                        1083.0,          43720.04,    25.59,           771.5
     12536, India, Sorghum       , 2001,        7715,                        1083.0,          43720.04,    26.02,           771.5
     12537, India, Sorghum       , 2001,        7715,                        1083.0,          43720.04,    25.33,           771.5
     12538, India, Sorghum       , 2001,        7715,                        1083.0,          43720.04,    24.5 ,           771.5
     12539, India, Sorghum       , 2001,        7715,                        1083.0,          43720.04,    26.32,           771.5
     12540, India, Sorghum       , 2001,        7715,                        1083.0,          43720.04,    25.86,           771.5
     12541, India, Sorghum       , 2001,        7715,                        1083.0,          43720.04,    25.82,           771.5
     12542, India, Sorghum       , 2001,        7715,                        1083.0,          43720.04,    25.34,           771.5
     12543, India, Sorghum       , 2001,        7715,                        1083.0,          43720.04,    26.91,           771.5
     12544, India, Sorghum       , 2001,        7715,                        1083.0,          43720.04,    24.76,           771.5
     12545, India, Sorghum       , 2001,        7715,                        1083.0,          43720.04,    26.9 ,           771.5
     12546, India, Sorghum       , 2001,        7715,                        1083.0,          43720.04,    26.9 ,           771.5
     12547, India, Sorghum       , 2001,        7715,                        1083.0,          43720.04,    25.92,           771.5
     12548, India, Soybeans      , 2001,        9400,                        1083.0,          43720.04,    25.76,           940.0
     12549, India, Soybeans      , 2001,        9400,                        1083.0,          43720.04,    27.2 ,           940.0
     12550, India, Soybeans      , 2001,        9400,                        1083.0,          43720.04,    26.02,           940.0
     12551, India, Soybeans      , 2001,        9400,                        1083.0,          43720.04,    24.5 ,           940.0
     12552, India, Soybeans      , 2001,        9400,                        1083.0,          43720.04,    25.53,           940.0
     12553, India, Soybeans      , 2001,        9400,                        1083.0,          43720.04,    25.95,           940.0
     12554, India, Soybeans      , 2001,        9400,                        1083.0,          43720.04,    25.86,           940.0
     12555, India, Soybeans      , 2001,        9400,                        1083.0,          43720.04,    26.52,           940.0
     12556, India, Soybeans      , 2001,        9400,                        1083.0,          43720.04,    27.56,           940.0
     12557, India, Soybeans      , 2001,        9400,                        1083.0,          43720.04,    25.59,           940.0
     12558, India, Soybeans      , 2001,        9400,                        1083.0,          43720.04,    26.02,           940.0
     12559, India, Soybeans      , 2001,        9400,                        1083.0,          43720.04,    25.33,           940.0
     12560, India, Soybeans      , 2001,        9400,                        1083.0,          43720.04,    24.5 ,           940.0
     12561, India, Soybeans      , 2001,        9400,                        1083.0,          43720.04,    26.32,           940.0
     12562, India, Soybeans      , 2001,        9400,                        1083.0,          43720.04,    25.86,           940.0
     12563, India, Soybeans      , 2001,        9400,                        1083.0,          43720.04,    25.82,           940.0
     12564, India, Soybeans      , 2001,        9400,                        1083.0,          43720.04,    25.34,           940.0
     12565, India, Soybeans      , 2001,        9400,                        1083.0,          43720.04,    26.91,           940.0
     12566, India, Soybeans      , 2001,        9400,                        1083.0,          43720.04,    24.76,           940.0
     12567, India, Soybeans      , 2001,        9400,                        1083.0,          43720.04,    26.9 ,           940.0
     12568, India, Soybeans      , 2001,        9400,                        1083.0,          43720.04,    26.9 ,           940.0
     12569, India, Soybeans      , 2001,        9400,                        1083.0,          43720.04,    25.92,           940.0
     12570, India, Sweet potatoes, 2001,       88368,                        1083.0,          43720.04,    25.76,          8836.8
     12571, India, Sweet potatoes, 2001,       88368,                        1083.0,          43720.04,    27.2 ,          8836.8
     12572, India, Sweet potatoes, 2001,       88368,                        1083.0,          43720.04,    26.02,          8836.8
     12573, India, Sweet potatoes, 2001,       88368,                        1083.0,          43720.04,    24.5 ,          8836.8
     12574, India, Sweet potatoes, 2001,       88368,                        1083.0,          43720.04,    25.53,          8836.8
     12575, India, Sweet potatoes, 2001,       88368,                        1083.0,          43720.04,    25.95,          8836.8
     12576, India, Sweet potatoes, 2001,       88368,                        1083.0,          43720.04,    25.86,          8836.8
     12577, India, Sweet potatoes, 2001,       88368,                        1083.0,          43720.04,    26.52,          8836.8
     12578, India, Sweet potatoes, 2001,       88368,                        1083.0,          43720.04,    27.56,          8836.8
     12579, India, Sweet potatoes, 2001,       88368,                        1083.0,          43720.04,    25.59,          8836.8
     12580, India, Sweet potatoes, 2001,       88368,                        1083.0,          43720.04,    26.02,          8836.8
     12581, India, Sweet potatoes, 2001,       88368,                        1083.0,          43720.04,    25.33,          8836.8
     12582, India, Sweet potatoes, 2001,       88368,                        1083.0,          43720.04,    24.5 ,          8836.8
     12583, India, Sweet potatoes, 2001,       88368,                        1083.0,          43720.04,    26.32,          8836.8
     12584, India, Sweet potatoes, 2001,       88368,                        1083.0,          43720.04,    25.86,          8836.8
     12585, India, Sweet potatoes, 2001,       88368,                        1083.0,          43720.04,    25.82,          8836.8
     12586, India, Sweet potatoes, 2001,       88368,                        1083.0,          43720.04,    25.34,          8836.8
     12587, India, Sweet potatoes, 2001,       88368,                        1083.0,          43720.04,    26.91,          8836.8
     12588, India, Sweet potatoes, 2001,       88368,                        1083.0,          43720.04,    24.76,          8836.8
     12589, India, Sweet potatoes, 2001,       88368,                        1083.0,          43720.04,    26.9 ,          8836.8
     12590, India, Sweet potatoes, 2001,       88368,                        1083.0,          43720.04,    26.9 ,          8836.8
     12591, India, Sweet potatoes, 2001,       88368,                        1083.0,          43720.04,    25.92,          8836.8
     12592, India, Wheat         , 2001,       27081,                        1083.0,          43720.04,    25.76,          2708.1
     12593, India, Wheat         , 2001,       27081,                        1083.0,          43720.04,    27.2 ,          2708.1
     12594, India, Wheat         , 2001,       27081,                        1083.0,          43720.04,    26.02,          2708.1
     12595, India, Wheat         , 2001,       27081,                        1083.0,          43720.04,    24.5 ,          2708.1
     12596, India, Wheat         , 2001,       27081,                        1083.0,          43720.04,    25.53,          2708.1
     12597, India, Wheat         , 2001,       27081,                        1083.0,          43720.04,    25.95,          2708.1
     12598, India, Wheat         , 2001,       27081,                        1083.0,          43720.04,    25.86,          2708.1
     12599, India, Wheat         , 2001,       27081,                        1083.0,          43720.04,    26.52,          2708.1
     12600, India, Wheat         , 2001,       27081,                        1083.0,          43720.04,    27.56,          2708.1
     12601, India, Wheat         , 2001,       27081,                        1083.0,          43720.04,    25.59,          2708.1
     12602, India, Wheat         , 2001,       27081,                        1083.0,          43720.04,    26.02,          2708.1
     12603, India, Wheat         , 2001,       27081,                        1083.0,          43720.04,    25.33,          2708.1
     12604, India, Wheat         , 2001,       27081,                        1083.0,          43720.04,    24.5 ,          2708.1
     12605, India, Wheat         , 2001,       27081,                        1083.0,          43720.04,    26.32,          2708.1
     12606, India, Wheat         , 2001,       27081,                        1083.0,          43720.04,    25.86,          2708.1
     12607, India, Wheat         , 2001,       27081,                        1083.0,          43720.04,    25.82,          2708.1
     12608, India, Wheat         , 2001,       27081,                        1083.0,          43720.04,    25.34,          2708.1
     12609, India, Wheat         , 2001,       27081,                        1083.0,          43720.04,    26.91,          2708.1
     12610, India, Wheat         , 2001,       27081,                        1083.0,          43720.04,    24.76,          2708.1
     12611, India, Wheat         , 2001,       27081,                        1083.0,          43720.04,    26.9 ,          2708.1
     12612, India, Wheat         , 2001,       27081,                        1083.0,          43720.04,    26.9 ,          2708.1
     12613, India, Wheat         , 2001,       27081,                        1083.0,          43720.04,    25.92,          2708.1
     12614, India, Cassava       , 2002,      272746,                        1083.0,          42482.56,    26.66,         27274.6
     12615, India, Cassava       , 2002,      272746,                        1083.0,          42482.56,    27.72,         27274.6
     12616, India, Cassava       , 2002,      272746,                        1083.0,          42482.56,    26.79,         27274.6
     12617, India, Cassava       , 2002,      272746,                        1083.0,          42482.56,    24.91,         27274.6
     12618, India, Cassava       , 2002,      272746,                        1083.0,          42482.56,    25.76,         27274.6
     12619, India, Cassava       , 2002,      272746,                        1083.0,          42482.56,    26.55,         27274.6
     12620, India, Cassava       , 2002,      272746,                        1083.0,          42482.56,    26.63,         27274.6
     12621, India, Cassava       , 2002,      272746,                        1083.0,          42482.56,    26.7 ,         27274.6
     12622, India, Cassava       , 2002,      272746,                        1083.0,          42482.56,    27.67,         27274.6
     12623, India, Cassava       , 2002,      272746,                        1083.0,          42482.56,    26.15,         27274.6
     12624, India, Cassava       , 2002,      272746,                        1083.0,          42482.56,    27.03,         27274.6
     12625, India, Cassava       , 2002,      272746,                        1083.0,          42482.56,    26.12,         27274.6
     12626, India, Cassava       , 2002,      272746,                        1083.0,          42482.56,    24.91,         27274.6
     12627, India, Cassava       , 2002,      272746,                        1083.0,          42482.56,    26.75,         27274.6
     12628, India, Cassava       , 2002,      272746,                        1083.0,          42482.56,    26.63,         27274.6
     12629, India, Cassava       , 2002,      272746,                        1083.0,          42482.56,    26.06,         27274.6
     12630, India, Cassava       , 2002,      272746,                        1083.0,          42482.56,    25.58,         27274.6
     12631, India, Cassava       , 2002,      272746,                        1083.0,          42482.56,    27.15,         27274.6
     12632, India, Cassava       , 2002,      272746,                        1083.0,          42482.56,    25.07,         27274.6
     12633, India, Cassava       , 2002,      272746,                        1083.0,          42482.56,    27.35,         27274.6
     12634, India, Cassava       , 2002,      272746,                        1083.0,          42482.56,    27.35,         27274.6
     12635, India, Cassava       , 2002,      272746,                        1083.0,          42482.56,    26.49,         27274.6
     12636, India, Maize         , 2002,       16807,                        1083.0,          42482.56,    26.66,          1680.7
     12637, India, Maize         , 2002,       16807,                        1083.0,          42482.56,    27.72,          1680.7
     12638, India, Maize         , 2002,       16807,                        1083.0,          42482.56,    26.79,          1680.7
     12639, India, Maize         , 2002,       16807,                        1083.0,          42482.56,    24.91,          1680.7
     12640, India, Maize         , 2002,       16807,                        1083.0,          42482.56,    25.76,          1680.7
     12641, India, Maize         , 2002,       16807,                        1083.0,          42482.56,    26.55,          1680.7
     12642, India, Maize         , 2002,       16807,                        1083.0,          42482.56,    26.63,          1680.7
     12643, India, Maize         , 2002,       16807,                        1083.0,          42482.56,    26.7 ,          1680.7
     12644, India, Maize         , 2002,       16807,                        1083.0,          42482.56,    27.67,          1680.7
     12645, India, Maize         , 2002,       16807,                        1083.0,          42482.56,    26.15,          1680.7
     12646, India, Maize         , 2002,       16807,                        1083.0,          42482.56,    27.03,          1680.7
     12647, India, Maize         , 2002,       16807,                        1083.0,          42482.56,    26.12,          1680.7
     12648, India, Maize         , 2002,       16807,                        1083.0,          42482.56,    24.91,          1680.7
     12649, India, Maize         , 2002,       16807,                        1083.0,          42482.56,    26.75,          1680.7
     12650, India, Maize         , 2002,       16807,                        1083.0,          42482.56,    26.63,          1680.7
     12651, India, Maize         , 2002,       16807,                        1083.0,          42482.56,    26.06,          1680.7
     12652, India, Maize         , 2002,       16807,                        1083.0,          42482.56,    25.58,          1680.7
     12653, India, Maize         , 2002,       16807,                        1083.0,          42482.56,    27.15,          1680.7
     12654, India, Maize         , 2002,       16807,                        1083.0,          42482.56,    25.07,          1680.7
     12655, India, Maize         , 2002,       16807,                        1083.0,          42482.56,    27.35,          1680.7
     12656, India, Maize         , 2002,       16807,                        1083.0,          42482.56,    27.35,          1680.7
     12657, India, Maize         , 2002,       16807,                        1083.0,          42482.56,    26.49,          1680.7
     12658, India, Potatoes      , 2002,      194173,                        1083.0,          42482.56,    26.66,         19417.3
     12659, India, Potatoes      , 2002,      194173,                        1083.0,          42482.56,    27.72,         19417.3
     12660, India, Potatoes      , 2002,      194173,                        1083.0,          42482.56,    26.79,         19417.3
     12661, India, Potatoes      , 2002,      194173,                        1083.0,          42482.56,    24.91,         19417.3
     12662, India, Potatoes      , 2002,      194173,                        1083.0,          42482.56,    25.76,         19417.3
     12663, India, Potatoes      , 2002,      194173,                        1083.0,          42482.56,    26.55,         19417.3
     12664, India, Potatoes      , 2002,      194173,                        1083.0,          42482.56,    26.63,         19417.3
     12665, India, Potatoes      , 2002,      194173,                        1083.0,          42482.56,    26.7 ,         19417.3
     12666, India, Potatoes      , 2002,      194173,                        1083.0,          42482.56,    27.67,         19417.3
     12667, India, Potatoes      , 2002,      194173,                        1083.0,          42482.56,    26.15,         19417.3
     12668, India, Potatoes      , 2002,      194173,                        1083.0,          42482.56,    27.03,         19417.3
     12669, India, Potatoes      , 2002,      194173,                        1083.0,          42482.56,    26.12,         19417.3
     12670, India, Potatoes      , 2002,      194173,                        1083.0,          42482.56,    24.91,         19417.3
     12671, India, Potatoes      , 2002,      194173,                        1083.0,          42482.56,    26.75,         19417.3
     12672, India, Potatoes      , 2002,      194173,                        1083.0,          42482.56,    26.63,         19417.3
     12673, India, Potatoes      , 2002,      194173,                        1083.0,          42482.56,    26.06,         19417.3
     12674, India, Potatoes      , 2002,      194173,                        1083.0,          42482.56,    25.58,         19417.3
     12675, India, Potatoes      , 2002,      194173,                        1083.0,          42482.56,    27.15,         19417.3
     12676, India, Potatoes      , 2002,      194173,                        1083.0,          42482.56,    25.07,         19417.3
     12677, India, Potatoes      , 2002,      194173,                        1083.0,          42482.56,    27.35,         19417.3
     12678, India, Potatoes      , 2002,      194173,                        1083.0,          42482.56,    27.35,         19417.3
     12679, India, Potatoes      , 2002,      194173,                        1083.0,          42482.56,    26.49,         19417.3
     12680, India, "Rice, paddy" , 2002,       26163,                        1083.0,          42482.56,    26.66,          2616.3
     12681, India, "Rice, paddy" , 2002,       26163,                        1083.0,          42482.56,    27.72,          2616.3
     12682, India, "Rice, paddy" , 2002,       26163,                        1083.0,          42482.56,    26.79,          2616.3
     12683, India, "Rice, paddy" , 2002,       26163,                        1083.0,          42482.56,    24.91,          2616.3
     12684, India, "Rice, paddy" , 2002,       26163,                        1083.0,          42482.56,    25.76,          2616.3
     12685, India, "Rice, paddy" , 2002,       26163,                        1083.0,          42482.56,    26.55,          2616.3
     12686, India, "Rice, paddy" , 2002,       26163,                        1083.0,          42482.56,    26.63,          2616.3
     12687, India, "Rice, paddy" , 2002,       26163,                        1083.0,          42482.56,    26.7 ,          2616.3
     12688, India, "Rice, paddy" , 2002,       26163,                        1083.0,          42482.56,    27.67,          2616.3
     12689, India, "Rice, paddy" , 2002,       26163,                        1083.0,          42482.56,    26.15,          2616.3
     12690, India, "Rice, paddy" , 2002,       26163,                        1083.0,          42482.56,    27.03,          2616.3
     12691, India, "Rice, paddy" , 2002,       26163,                        1083.0,          42482.56,    26.12,          2616.3
     12692, India, "Rice, paddy" , 2002,       26163,                        1083.0,          42482.56,    24.91,          2616.3
     12693, India, "Rice, paddy" , 2002,       26163,                        1083.0,          42482.56,    26.75,          2616.3
     12694, India, "Rice, paddy" , 2002,       26163,                        1083.0,          42482.56,    26.63,          2616.3
     12695, India, "Rice, paddy" , 2002,       26163,                        1083.0,          42482.56,    26.06,          2616.3
     12696, India, "Rice, paddy" , 2002,       26163,                        1083.0,          42482.56,    25.58,          2616.3
     12697, India, "Rice, paddy" , 2002,       26163,                        1083.0,          42482.56,    27.15,          2616.3
     12698, India, "Rice, paddy" , 2002,       26163,                        1083.0,          42482.56,    25.07,          2616.3
     12699, India, "Rice, paddy" , 2002,       26163,                        1083.0,          42482.56,    27.35,          2616.3
     12700, India, "Rice, paddy" , 2002,       26163,                        1083.0,          42482.56,    27.35,          2616.3
     12701, India, "Rice, paddy" , 2002,       26163,                        1083.0,          42482.56,    26.49,          2616.3
     12702, India, Sorghum       , 2002,        7602,                        1083.0,          42482.56,    26.66,           760.2
     12703, India, Sorghum       , 2002,        7602,                        1083.0,          42482.56,    27.72,           760.2
     12704, India, Sorghum       , 2002,        7602,                        1083.0,          42482.56,    26.79,           760.2
     12705, India, Sorghum       , 2002,        7602,                        1083.0,          42482.56,    24.91,           760.2
     12706, India, Sorghum       , 2002,        7602,                        1083.0,          42482.56,    25.76,           760.2
     12707, India, Sorghum       , 2002,        7602,                        1083.0,          42482.56,    26.55,           760.2
     12708, India, Sorghum       , 2002,        7602,                        1083.0,          42482.56,    26.63,           760.2
     12709, India, Sorghum       , 2002,        7602,                        1083.0,          42482.56,    26.7 ,           760.2
     12710, India, Sorghum       , 2002,        7602,                        1083.0,          42482.56,    27.67,           760.2
     12711, India, Sorghum       , 2002,        7602,                        1083.0,          42482.56,    26.15,           760.2
     12712, India, Sorghum       , 2002,        7602,                        1083.0,          42482.56,    27.03,           760.2
     12713, India, Sorghum       , 2002,        7602,                        1083.0,          42482.56,    26.12,           760.2
     12714, India, Sorghum       , 2002,        7602,                        1083.0,          42482.56,    24.91,           760.2
     12715, India, Sorghum       , 2002,        7602,                        1083.0,          42482.56,    26.75,           760.2
     12716, India, Sorghum       , 2002,        7602,                        1083.0,          42482.56,    26.63,           760.2
     12717, India, Sorghum       , 2002,        7602,                        1083.0,          42482.56,    26.06,           760.2
     12718, India, Sorghum       , 2002,        7602,                        1083.0,          42482.56,    25.58,           760.2
     12719, India, Sorghum       , 2002,        7602,                        1083.0,          42482.56,    27.15,           760.2
     12720, India, Sorghum       , 2002,        7602,                        1083.0,          42482.56,    25.07,           760.2
     12721, India, Sorghum       , 2002,        7602,                        1083.0,          42482.56,    27.35,           760.2
     12722, India, Sorghum       , 2002,        7602,                        1083.0,          42482.56,    27.35,           760.2
     12723, India, Sorghum       , 2002,        7602,                        1083.0,          42482.56,    26.49,           760.2
     12724, India, Soybeans      , 2002,        7624,                        1083.0,          42482.56,    26.66,           762.4
     12725, India, Soybeans      , 2002,        7624,                        1083.0,          42482.56,    27.72,           762.4
     12726, India, Soybeans      , 2002,        7624,                        1083.0,          42482.56,    26.79,           762.4
     12727, India, Soybeans      , 2002,        7624,                        1083.0,          42482.56,    24.91,           762.4
     12728, India, Soybeans      , 2002,        7624,                        1083.0,          42482.56,    25.76,           762.4
     12729, India, Soybeans      , 2002,        7624,                        1083.0,          42482.56,    26.55,           762.4
     12730, India, Soybeans      , 2002,        7624,                        1083.0,          42482.56,    26.63,           762.4
     12731, India, Soybeans      , 2002,        7624,                        1083.0,          42482.56,    26.7 ,           762.4
     12732, India, Soybeans      , 2002,        7624,                        1083.0,          42482.56,    27.67,           762.4
     12733, India, Soybeans      , 2002,        7624,                        1083.0,          42482.56,    26.15,           762.4
     12734, India, Soybeans      , 2002,        7624,                        1083.0,          42482.56,    27.03,           762.4
     12735, India, Soybeans      , 2002,        7624,                        1083.0,          42482.56,    26.12,           762.4
     12736, India, Soybeans      , 2002,        7624,                        1083.0,          42482.56,    24.91,           762.4
     12737, India, Soybeans      , 2002,        7624,                        1083.0,          42482.56,    26.75,           762.4
     12738, India, Soybeans      , 2002,        7624,                        1083.0,          42482.56,    26.63,           762.4
     12739, India, Soybeans      , 2002,        7624,                        1083.0,          42482.56,    26.06,           762.4
     12740, India, Soybeans      , 2002,        7624,                        1083.0,          42482.56,    25.58,           762.4
     12741, India, Soybeans      , 2002,        7624,                        1083.0,          42482.56,    27.15,           762.4
     12742, India, Soybeans      , 2002,        7624,                        1083.0,          42482.56,    25.07,           762.4
     12743, India, Soybeans      , 2002,        7624,                        1083.0,          42482.56,    27.35,           762.4
     12744, India, Soybeans      , 2002,        7624,                        1083.0,          42482.56,    27.35,           762.4
     12745, India, Soybeans      , 2002,        7624,                        1083.0,          42482.56,    26.49,           762.4
     12746, India, Sweet potatoes, 2002,       85694,                        1083.0,          42482.56,    26.66,          8569.4
     12747, India, Sweet potatoes, 2002,       85694,                        1083.0,          42482.56,    27.72,          8569.4
     12748, India, Sweet potatoes, 2002,       85694,                        1083.0,          42482.56,    26.79,          8569.4
     12749, India, Sweet potatoes, 2002,       85694,                        1083.0,          42482.56,    24.91,          8569.4
     12750, India, Sweet potatoes, 2002,       85694,                        1083.0,          42482.56,    25.76,          8569.4
     12751, India, Sweet potatoes, 2002,       85694,                        1083.0,          42482.56,    26.55,          8569.4
     12752, India, Sweet potatoes, 2002,       85694,                        1083.0,          42482.56,    26.63,          8569.4
     12753, India, Sweet potatoes, 2002,       85694,                        1083.0,          42482.56,    26.7 ,          8569.4
     12754, India, Sweet potatoes, 2002,       85694,                        1083.0,          42482.56,    27.67,          8569.4
     12755, India, Sweet potatoes, 2002,       85694,                        1083.0,          42482.56,    26.15,          8569.4
     12756, India, Sweet potatoes, 2002,       85694,                        1083.0,          42482.56,    27.03,          8569.4
     12757, India, Sweet potatoes, 2002,       85694,                        1083.0,          42482.56,    26.12,          8569.4
     12758, India, Sweet potatoes, 2002,       85694,                        1083.0,          42482.56,    24.91,          8569.4
     12759, India, Sweet potatoes, 2002,       85694,                        1083.0,          42482.56,    26.75,          8569.4
     12760, India, Sweet potatoes, 2002,       85694,                        1083.0,          42482.56,    26.63,          8569.4
     12761, India, Sweet potatoes, 2002,       85694,                        1083.0,          42482.56,    26.06,          8569.4
     12762, India, Sweet potatoes, 2002,       85694,                        1083.0,          42482.56,    25.58,          8569.4
     12763, India, Sweet potatoes, 2002,       85694,                        1083.0,          42482.56,    27.15,          8569.4
     12764, India, Sweet potatoes, 2002,       85694,                        1083.0,          42482.56,    25.07,          8569.4
     12765, India, Sweet potatoes, 2002,       85694,                        1083.0,          42482.56,    27.35,          8569.4
     12766, India, Sweet potatoes, 2002,       85694,                        1083.0,          42482.56,    27.35,          8569.4
     12767, India, Sweet potatoes, 2002,       85694,                        1083.0,          42482.56,    26.49,          8569.4
     12768, India, Wheat         , 2002,       27621,                        1083.0,          42482.56,    26.66,          2762.1
     12769, India, Wheat         , 2002,       27621,                        1083.0,          42482.56,    27.72,          2762.1
     12770, India, Wheat         , 2002,       27621,                        1083.0,          42482.56,    26.79,          2762.1
     12771, India, Wheat         , 2002,       27621,                        1083.0,          42482.56,    24.91,          2762.1
     12772, India, Wheat         , 2002,       27621,                        1083.0,          42482.56,    25.76,          2762.1
     12773, India, Wheat         , 2002,       27621,                        1083.0,          42482.56,    26.55,          2762.1
     12774, India, Wheat         , 2002,       27621,                        1083.0,          42482.56,    26.63,          2762.1
     12775, India, Wheat         , 2002,       27621,                        1083.0,          42482.56,    26.7 ,          2762.1
     12776, India, Wheat         , 2002,       27621,                        1083.0,          42482.56,    27.67,          2762.1
     12777, India, Wheat         , 2002,       27621,                        1083.0,          42482.56,    26.15,          2762.1
     12778, India, Wheat         , 2002,       27621,                        1083.0,          42482.56,    27.03,          2762.1
     12779, India, Wheat         , 2002,       27621,                        1083.0,          42482.56,    26.12,          2762.1
     12780, India, Wheat         , 2002,       27621,                        1083.0,          42482.56,    24.91,          2762.1
     12781, India, Wheat         , 2002,       27621,                        1083.0,          42482.56,    26.75,          2762.1
     12782, India, Wheat         , 2002,       27621,                        1083.0,          42482.56,    26.63,          2762.1
     12783, India, Wheat         , 2002,       27621,                        1083.0,          42482.56,    26.06,          2762.1
     12784, India, Wheat         , 2002,       27621,                        1083.0,          42482.56,    25.58,          2762.1
     12785, India, Wheat         , 2002,       27621,                        1083.0,          42482.56,    27.15,          2762.1
     12786, India, Wheat         , 2002,       27621,                        1083.0,          42482.56,    25.07,          2762.1
     12787, India, Wheat         , 2002,       27621,                        1083.0,          42482.56,    27.35,          2762.1
     12788, India, Wheat         , 2002,       27621,                        1083.0,          42482.56,    27.35,          2762.1
     12789, India, Wheat         , 2002,       27621,                        1083.0,          42482.56,    26.49,          2762.1
     12790, India, Cassava       , 2004,      270436,                        1083.0,          35113.0 ,    26.11,         27043.6
     12791, India, Cassava       , 2004,      270436,                        1083.0,          35113.0 ,    27.63,         27043.6
     12792, India, Cassava       , 2004,      270436,                        1083.0,          35113.0 ,    26.25,         27043.6
     12793, India, Cassava       , 2004,      270436,                        1083.0,          35113.0 ,    24.85,         27043.6
     12794, India, Cassava       , 2004,      270436,                        1083.0,          35113.0 ,    25.25,         27043.6
     12795, India, Cassava       , 2004,      270436,                        1083.0,          35113.0 ,    26.22,         27043.6
     12796, India, Cassava       , 2004,      270436,                        1083.0,          35113.0 ,    26.24,         27043.6
     12797, India, Cassava       , 2004,      270436,                        1083.0,          35113.0 ,    26.63,         27043.6
     12798, India, Cassava       , 2004,      270436,                        1083.0,          35113.0 ,    27.23,         27043.6
     12799, India, Cassava       , 2004,      270436,                        1083.0,          35113.0 ,    25.98,         27043.6
     12800, India, Cassava       , 2004,      270436,                        1083.0,          35113.0 ,    26.64,         27043.6
     12801, India, Cassava       , 2004,      270436,                        1083.0,          35113.0 ,    25.59,         27043.6
     12802, India, Cassava       , 2004,      270436,                        1083.0,          35113.0 ,    24.85,         27043.6
     12803, India, Cassava       , 2004,      270436,                        1083.0,          35113.0 ,    26.41,         27043.6
     12804, India, Cassava       , 2004,      270436,                        1083.0,          35113.0 ,    26.24,         27043.6
     12805, India, Cassava       , 2004,      270436,                        1083.0,          35113.0 ,    25.69,         27043.6
     12806, India, Cassava       , 2004,      270436,                        1083.0,          35113.0 ,    25.32,         27043.6
     12807, India, Cassava       , 2004,      270436,                        1083.0,          35113.0 ,    27.16,         27043.6
     12808, India, Cassava       , 2004,      270436,                        1083.0,          35113.0 ,    24.69,         27043.6
     12809, India, Cassava       , 2004,      270436,                        1083.0,          35113.0 ,    27.29,         27043.6
     12810, India, Cassava       , 2004,      270436,                        1083.0,          35113.0 ,    27.29,         27043.6
     12811, India, Cassava       , 2004,      270436,                        1083.0,          35113.0 ,    25.95,         27043.6
     12812, India, Maize         , 2004,       19073,                        1083.0,          35113.0 ,    26.11,          1907.3
     12813, India, Maize         , 2004,       19073,                        1083.0,          35113.0 ,    27.63,          1907.3
     12814, India, Maize         , 2004,       19073,                        1083.0,          35113.0 ,    26.25,          1907.3
     12815, India, Maize         , 2004,       19073,                        1083.0,          35113.0 ,    24.85,          1907.3
     12816, India, Maize         , 2004,       19073,                        1083.0,          35113.0 ,    25.25,          1907.3
     12817, India, Maize         , 2004,       19073,                        1083.0,          35113.0 ,    26.22,          1907.3
     12818, India, Maize         , 2004,       19073,                        1083.0,          35113.0 ,    26.24,          1907.3
     12819, India, Maize         , 2004,       19073,                        1083.0,          35113.0 ,    26.63,          1907.3
     12820, India, Maize         , 2004,       19073,                        1083.0,          35113.0 ,    27.23,          1907.3
     12821, India, Maize         , 2004,       19073,                        1083.0,          35113.0 ,    25.98,          1907.3
     12822, India, Maize         , 2004,       19073,                        1083.0,          35113.0 ,    26.64,          1907.3
     12823, India, Maize         , 2004,       19073,                        1083.0,          35113.0 ,    25.59,          1907.3
     12824, India, Maize         , 2004,       19073,                        1083.0,          35113.0 ,    24.85,          1907.3
     12825, India, Maize         , 2004,       19073,                        1083.0,          35113.0 ,    26.41,          1907.3
     12826, India, Maize         , 2004,       19073,                        1083.0,          35113.0 ,    26.24,          1907.3
     12827, India, Maize         , 2004,       19073,                        1083.0,          35113.0 ,    25.69,          1907.3
     12828, India, Maize         , 2004,       19073,                        1083.0,          35113.0 ,    25.32,          1907.3
     12829, India, Maize         , 2004,       19073,                        1083.0,          35113.0 ,    27.16,          1907.3
     12830, India, Maize         , 2004,       19073,                        1083.0,          35113.0 ,    24.69,          1907.3
     12831, India, Maize         , 2004,       19073,                        1083.0,          35113.0 ,    27.29,          1907.3
     12832, India, Maize         , 2004,       19073,                        1083.0,          35113.0 ,    27.29,          1907.3
     12833, India, Maize         , 2004,       19073,                        1083.0,          35113.0 ,    25.95,          1907.3
     12834, India, Potatoes      , 2004,      188091,                        1083.0,          35113.0 ,    26.11,         18809.1
     12835, India, Potatoes      , 2004,      188091,                        1083.0,          35113.0 ,    27.63,         18809.1
     12836, India, Potatoes      , 2004,      188091,                        1083.0,          35113.0 ,    26.25,         18809.1
     12837, India, Potatoes      , 2004,      188091,                        1083.0,          35113.0 ,    24.85,         18809.1
     12838, India, Potatoes      , 2004,      188091,                        1083.0,          35113.0 ,    25.25,         18809.1
     12839, India, Potatoes      , 2004,      188091,                        1083.0,          35113.0 ,    26.22,         18809.1
     12840, India, Potatoes      , 2004,      188091,                        1083.0,          35113.0 ,    26.24,         18809.1
     12841, India, Potatoes      , 2004,      188091,                        1083.0,          35113.0 ,    26.63,         18809.1
     12842, India, Potatoes      , 2004,      188091,                        1083.0,          35113.0 ,    27.23,         18809.1
     12843, India, Potatoes      , 2004,      188091,                        1083.0,          35113.0 ,    25.98,         18809.1
     12844, India, Potatoes      , 2004,      188091,                        1083.0,          35113.0 ,    26.64,         18809.1
     12845, India, Potatoes      , 2004,      188091,                        1083.0,          35113.0 ,    25.59,         18809.1
     12846, India, Potatoes      , 2004,      188091,                        1083.0,          35113.0 ,    24.85,         18809.1
     12847, India, Potatoes      , 2004,      188091,                        1083.0,          35113.0 ,    26.41,         18809.1
     12848, India, Potatoes      , 2004,      188091,                        1083.0,          35113.0 ,    26.24,         18809.1
     12849, India, Potatoes      , 2004,      188091,                        1083.0,          35113.0 ,    25.69,         18809.1
     12850, India, Potatoes      , 2004,      188091,                        1083.0,          35113.0 ,    25.32,         18809.1
     12851, India, Potatoes      , 2004,      188091,                        1083.0,          35113.0 ,    27.16,         18809.1
     12852, India, Potatoes      , 2004,      188091,                        1083.0,          35113.0 ,    24.69,         18809.1
     12853, India, Potatoes      , 2004,      188091,                        1083.0,          35113.0 ,    27.29,         18809.1
     12854, India, Potatoes      , 2004,      188091,                        1083.0,          35113.0 ,    27.29,         18809.1
     12855, India, Potatoes      , 2004,      188091,                        1083.0,          35113.0 ,    25.95,         18809.1
     12856, India, "Rice, paddy" , 2004,       29756,                        1083.0,          35113.0 ,    26.11,          2975.6
     12857, India, "Rice, paddy" , 2004,       29756,                        1083.0,          35113.0 ,    27.63,          2975.6
     12858, India, "Rice, paddy" , 2004,       29756,                        1083.0,          35113.0 ,    26.25,          2975.6
     12859, India, "Rice, paddy" , 2004,       29756,                        1083.0,          35113.0 ,    24.85,          2975.6
     12860, India, "Rice, paddy" , 2004,       29756,                        1083.0,          35113.0 ,    25.25,          2975.6
     12861, India, "Rice, paddy" , 2004,       29756,                        1083.0,          35113.0 ,    26.22,          2975.6
     12862, India, "Rice, paddy" , 2004,       29756,                        1083.0,          35113.0 ,    26.24,          2975.6
     12863, India, "Rice, paddy" , 2004,       29756,                        1083.0,          35113.0 ,    26.63,          2975.6
     12864, India, "Rice, paddy" , 2004,       29756,                        1083.0,          35113.0 ,    27.23,          2975.6
     12865, India, "Rice, paddy" , 2004,       29756,                        1083.0,          35113.0 ,    25.98,          2975.6
     12866, India, "Rice, paddy" , 2004,       29756,                        1083.0,          35113.0 ,    26.64,          2975.6
     12867, India, "Rice, paddy" , 2004,       29756,                        1083.0,          35113.0 ,    25.59,          2975.6
     12868, India, "Rice, paddy" , 2004,       29756,                        1083.0,          35113.0 ,    24.85,          2975.6
     12869, India, "Rice, paddy" , 2004,       29756,                        1083.0,          35113.0 ,    26.41,          2975.6
     12870, India, "Rice, paddy" , 2004,       29756,                        1083.0,          35113.0 ,    26.24,          2975.6
     12871, India, "Rice, paddy" , 2004,       29756,                        1083.0,          35113.0 ,    25.69,          2975.6
     12872, India, "Rice, paddy" , 2004,       29756,                        1083.0,          35113.0 ,    25.32,          2975.6
     12873, India, "Rice, paddy" , 2004,       29756,                        1083.0,          35113.0 ,    27.16,          2975.6
     12874, India, "Rice, paddy" , 2004,       29756,                        1083.0,          35113.0 ,    24.69,          2975.6
     12875, India, "Rice, paddy" , 2004,       29756,                        1083.0,          35113.0 ,    27.29,          2975.6
     12876, India, "Rice, paddy" , 2004,       29756,                        1083.0,          35113.0 ,    27.29,          2975.6
     12877, India, "Rice, paddy" , 2004,       29756,                        1083.0,          35113.0 ,    25.95,          2975.6
     12878, India, Sorghum       , 2004,        7161,                        1083.0,          35113.0 ,    26.11,           716.1
     12879, India, Sorghum       , 2004,        7161,                        1083.0,          35113.0 ,    27.63,           716.1
     12880, India, Sorghum       , 2004,        7161,                        1083.0,          35113.0 ,    26.25,           716.1
     12881, India, Sorghum       , 2004,        7161,                        1083.0,          35113.0 ,    24.85,           716.1
     12882, India, Sorghum       , 2004,        7161,                        1083.0,          35113.0 ,    25.25,           716.1
     12883, India, Sorghum       , 2004,        7161,                        1083.0,          35113.0 ,    26.22,           716.1
     12884, India, Sorghum       , 2004,        7161,                        1083.0,          35113.0 ,    26.24,           716.1
     12885, India, Sorghum       , 2004,        7161,                        1083.0,          35113.0 ,    26.63,           716.1
     12886, India, Sorghum       , 2004,        7161,                        1083.0,          35113.0 ,    27.23,           716.1
     12887, India, Sorghum       , 2004,        7161,                        1083.0,          35113.0 ,    25.98,           716.1
     12888, India, Sorghum       , 2004,        7161,                        1083.0,          35113.0 ,    26.64,           716.1
     12889, India, Sorghum       , 2004,        7161,                        1083.0,          35113.0 ,    25.59,           716.1
     12890, India, Sorghum       , 2004,        7161,                        1083.0,          35113.0 ,    24.85,           716.1
     12891, India, Sorghum       , 2004,        7161,                        1083.0,          35113.0 ,    26.41,           716.1
     12892, India, Sorghum       , 2004,        7161,                        1083.0,          35113.0 ,    26.24,           716.1
     12893, India, Sorghum       , 2004,        7161,                        1083.0,          35113.0 ,    25.69,           716.1
     12894, India, Sorghum       , 2004,        7161,                        1083.0,          35113.0 ,    25.32,           716.1
     12895, India, Sorghum       , 2004,        7161,                        1083.0,          35113.0 ,    27.16,           716.1
     12896, India, Sorghum       , 2004,        7161,                        1083.0,          35113.0 ,    24.69,           716.1
     12897, India, Sorghum       , 2004,        7161,                        1083.0,          35113.0 ,    27.29,           716.1
     12898, India, Sorghum       , 2004,        7161,                        1083.0,          35113.0 ,    27.29,           716.1
     12899, India, Sorghum       , 2004,        7161,                        1083.0,          35113.0 ,    25.95,           716.1
     12900, India, Soybeans      , 2004,        9082,                        1083.0,          35113.0 ,    26.11,           908.2
     12901, India, Soybeans      , 2004,        9082,                        1083.0,          35113.0 ,    27.63,           908.2
     12902, India, Soybeans      , 2004,        9082,                        1083.0,          35113.0 ,    26.25,           908.2
     12903, India, Soybeans      , 2004,        9082,                        1083.0,          35113.0 ,    24.85,           908.2
     12904, India, Soybeans      , 2004,        9082,                        1083.0,          35113.0 ,    25.25,           908.2
     12905, India, Soybeans      , 2004,        9082,                        1083.0,          35113.0 ,    26.22,           908.2
     12906, India, Soybeans      , 2004,        9082,                        1083.0,          35113.0 ,    26.24,           908.2
     12907, India, Soybeans      , 2004,        9082,                        1083.0,          35113.0 ,    26.63,           908.2
     12908, India, Soybeans      , 2004,        9082,                        1083.0,          35113.0 ,    27.23,           908.2
     12909, India, Soybeans      , 2004,        9082,                        1083.0,          35113.0 ,    25.98,           908.2
     12910, India, Soybeans      , 2004,        9082,                        1083.0,          35113.0 ,    26.64,           908.2
     12911, India, Soybeans      , 2004,        9082,                        1083.0,          35113.0 ,    25.59,           908.2
     12912, India, Soybeans      , 2004,        9082,                        1083.0,          35113.0 ,    24.85,           908.2
     12913, India, Soybeans      , 2004,        9082,                        1083.0,          35113.0 ,    26.41,           908.2
     12914, India, Soybeans      , 2004,        9082,                        1083.0,          35113.0 ,    26.24,           908.2
     12915, India, Soybeans      , 2004,        9082,                        1083.0,          35113.0 ,    25.69,           908.2
     12916, India, Soybeans      , 2004,        9082,                        1083.0,          35113.0 ,    25.32,           908.2
     12917, India, Soybeans      , 2004,        9082,                        1083.0,          35113.0 ,    27.16,           908.2
     12918, India, Soybeans      , 2004,        9082,                        1083.0,          35113.0 ,    24.69,           908.2
     12919, India, Soybeans      , 2004,        9082,                        1083.0,          35113.0 ,    27.29,           908.2
     12920, India, Soybeans      , 2004,        9082,                        1083.0,          35113.0 ,    27.29,           908.2
     12921, India, Soybeans      , 2004,        9082,                        1083.0,          35113.0 ,    25.95,           908.2
     12922, India, Sweet potatoes, 2004,       88588,                        1083.0,          35113.0 ,    26.11,          8858.8
     12923, India, Sweet potatoes, 2004,       88588,                        1083.0,          35113.0 ,    27.63,          8858.8
     12924, India, Sweet potatoes, 2004,       88588,                        1083.0,          35113.0 ,    26.25,          8858.8
     12925, India, Sweet potatoes, 2004,       88588,                        1083.0,          35113.0 ,    24.85,          8858.8
     12926, India, Sweet potatoes, 2004,       88588,                        1083.0,          35113.0 ,    25.25,          8858.8
     12927, India, Sweet potatoes, 2004,       88588,                        1083.0,          35113.0 ,    26.22,          8858.8
     12928, India, Sweet potatoes, 2004,       88588,                        1083.0,          35113.0 ,    26.24,          8858.8
     12929, India, Sweet potatoes, 2004,       88588,                        1083.0,          35113.0 ,    26.63,          8858.8
     12930, India, Sweet potatoes, 2004,       88588,                        1083.0,          35113.0 ,    27.23,          8858.8
     12931, India, Sweet potatoes, 2004,       88588,                        1083.0,          35113.0 ,    25.98,          8858.8
     12932, India, Sweet potatoes, 2004,       88588,                        1083.0,          35113.0 ,    26.64,          8858.8
     12933, India, Sweet potatoes, 2004,       88588,                        1083.0,          35113.0 ,    25.59,          8858.8
     12934, India, Sweet potatoes, 2004,       88588,                        1083.0,          35113.0 ,    24.85,          8858.8
     12935, India, Sweet potatoes, 2004,       88588,                        1083.0,          35113.0 ,    26.41,          8858.8
     12936, India, Sweet potatoes, 2004,       88588,                        1083.0,          35113.0 ,    26.24,          8858.8
     12937, India, Sweet potatoes, 2004,       88588,                        1083.0,          35113.0 ,    25.69,          8858.8
     12938, India, Sweet potatoes, 2004,       88588,                        1083.0,          35113.0 ,    25.32,          8858.8
     12939, India, Sweet potatoes, 2004,       88588,                        1083.0,          35113.0 ,    27.16,          8858.8
     12940, India, Sweet potatoes, 2004,       88588,                        1083.0,          35113.0 ,    24.69,          8858.8
     12941, India, Sweet potatoes, 2004,       88588,                        1083.0,          35113.0 ,    27.29,          8858.8
     12942, India, Sweet potatoes, 2004,       88588,                        1083.0,          35113.0 ,    27.29,          8858.8
     12943, India, Sweet potatoes, 2004,       88588,                        1083.0,          35113.0 ,    25.95,          8858.8
     12944, India, Wheat         , 2004,       27132,                        1083.0,          35113.0 ,    26.11,          2713.2
     12945, India, Wheat         , 2004,       27132,                        1083.0,          35113.0 ,    27.63,          2713.2
     12946, India, Wheat         , 2004,       27132,                        1083.0,          35113.0 ,    26.25,          2713.2
     12947, India, Wheat         , 2004,       27132,                        1083.0,          35113.0 ,    24.85,          2713.2
     12948, India, Wheat         , 2004,       27132,                        1083.0,          35113.0 ,    25.25,          2713.2
     12949, India, Wheat         , 2004,       27132,                        1083.0,          35113.0 ,    26.22,          2713.2
     12950, India, Wheat         , 2004,       27132,                        1083.0,          35113.0 ,    26.24,          2713.2
     12951, India, Wheat         , 2004,       27132,                        1083.0,          35113.0 ,    26.63,          2713.2
     12952, India, Wheat         , 2004,       27132,                        1083.0,          35113.0 ,    27.23,          2713.2
     12953, India, Wheat         , 2004,       27132,                        1083.0,          35113.0 ,    25.98,          2713.2
     12954, India, Wheat         , 2004,       27132,                        1083.0,          35113.0 ,    26.64,          2713.2
     12955, India, Wheat         , 2004,       27132,                        1083.0,          35113.0 ,    25.59,          2713.2
     12956, India, Wheat         , 2004,       27132,                        1083.0,          35113.0 ,    24.85,          2713.2
     12957, India, Wheat         , 2004,       27132,                        1083.0,          35113.0 ,    26.41,          2713.2
     12958, India, Wheat         , 2004,       27132,                        1083.0,          35113.0 ,    26.24,          2713.2
     12959, India, Wheat         , 2004,       27132,                        1083.0,          35113.0 ,    25.69,          2713.2
     12960, India, Wheat         , 2004,       27132,                        1083.0,          35113.0 ,    25.32,          2713.2
     12961, India, Wheat         , 2004,       27132,                        1083.0,          35113.0 ,    27.16,          2713.2
     12962, India, Wheat         , 2004,       27132,                        1083.0,          35113.0 ,    24.69,          2713.2
     12963, India, Wheat         , 2004,       27132,                        1083.0,          35113.0 ,    27.29,          2713.2
     12964, India, Wheat         , 2004,       27132,                        1083.0,          35113.0 ,    27.29,          2713.2
     12965, India, Wheat         , 2004,       27132,                        1083.0,          35113.0 ,    25.95,          2713.2
     12966, India, Cassava       , 2005,      304978,                        1083.0,          35342.0 ,    25.85,         30497.8
     12967, India, Cassava       , 2005,      304978,                        1083.0,          35342.0 ,    26.83,         30497.8
     12968, India, Cassava       , 2005,      304978,                        1083.0,          35342.0 ,    26.28,         30497.8
     12969, India, Cassava       , 2005,      304978,                        1083.0,          35342.0 ,    24.12,         30497.8
     12970, India, Cassava       , 2005,      304978,                        1083.0,          35342.0 ,    25.48,         30497.8
     12971, India, Cassava       , 2005,      304978,                        1083.0,          35342.0 ,    25.82,         30497.8
     12972, India, Cassava       , 2005,      304978,                        1083.0,          35342.0 ,    25.72,         30497.8
     12973, India, Cassava       , 2005,      304978,                        1083.0,          35342.0 ,    26.73,         30497.8
     12974, India, Cassava       , 2005,      304978,                        1083.0,          35342.0 ,    27.49,         30497.8
     12975, India, Cassava       , 2005,      304978,                        1083.0,          35342.0 ,    25.4 ,         30497.8
     12976, India, Cassava       , 2005,      304978,                        1083.0,          35342.0 ,    25.77,         30497.8
     12977, India, Cassava       , 2005,      304978,                        1083.0,          35342.0 ,    25.62,         30497.8
     12978, India, Cassava       , 2005,      304978,                        1083.0,          35342.0 ,    24.12,         30497.8
     12979, India, Cassava       , 2005,      304978,                        1083.0,          35342.0 ,    26.23,         30497.8
     12980, India, Cassava       , 2005,      304978,                        1083.0,          35342.0 ,    25.72,         30497.8
     12981, India, Cassava       , 2005,      304978,                        1083.0,          35342.0 ,    26.11,         30497.8
     12982, India, Cassava       , 2005,      304978,                        1083.0,          35342.0 ,    25.09,         30497.8
     12983, India, Cassava       , 2005,      304978,                        1083.0,          35342.0 ,    26.51,         30497.8
     12984, India, Cassava       , 2005,      304978,                        1083.0,          35342.0 ,    25.07,         30497.8
     12985, India, Cassava       , 2005,      304978,                        1083.0,          35342.0 ,    26.72,         30497.8
     12986, India, Cassava       , 2005,      304978,                        1083.0,          35342.0 ,    26.72,         30497.8
     12987, India, Cassava       , 2005,      304978,                        1083.0,          35342.0 ,    26.3 ,         30497.8
     12988, India, Maize         , 2005,       19385,                        1083.0,          35342.0 ,    25.85,          1938.5
     12989, India, Maize         , 2005,       19385,                        1083.0,          35342.0 ,    26.83,          1938.5
     12990, India, Maize         , 2005,       19385,                        1083.0,          35342.0 ,    26.28,          1938.5
     12991, India, Maize         , 2005,       19385,                        1083.0,          35342.0 ,    24.12,          1938.5
     12992, India, Maize         , 2005,       19385,                        1083.0,          35342.0 ,    25.48,          1938.5
     12993, India, Maize         , 2005,       19385,                        1083.0,          35342.0 ,    25.82,          1938.5
     12994, India, Maize         , 2005,       19385,                        1083.0,          35342.0 ,    25.72,          1938.5
     12995, India, Maize         , 2005,       19385,                        1083.0,          35342.0 ,    26.73,          1938.5
     12996, India, Maize         , 2005,       19385,                        1083.0,          35342.0 ,    27.49,          1938.5
     12997, India, Maize         , 2005,       19385,                        1083.0,          35342.0 ,    25.4 ,          1938.5
     12998, India, Maize         , 2005,       19385,                        1083.0,          35342.0 ,    25.77,          1938.5
     12999, India, Maize         , 2005,       19385,                        1083.0,          35342.0 ,    25.62,          1938.5
     13000, India, Maize         , 2005,       19385,                        1083.0,          35342.0 ,    24.12,          1938.5
     13001, India, Maize         , 2005,       19385,                        1083.0,          35342.0 ,    26.23,          1938.5
     13002, India, Maize         , 2005,       19385,                        1083.0,          35342.0 ,    25.72,          1938.5
     13003, India, Maize         , 2005,       19385,                        1083.0,          35342.0 ,    26.11,          1938.5
     13004, India, Maize         , 2005,       19385,                        1083.0,          35342.0 ,    25.09,          1938.5
     13005, India, Maize         , 2005,       19385,                        1083.0,          35342.0 ,    26.51,          1938.5
     13006, India, Maize         , 2005,       19385,                        1083.0,          35342.0 ,    25.07,          1938.5
     13007, India, Maize         , 2005,       19385,                        1083.0,          35342.0 ,    26.72,          1938.5
     13008, India, Maize         , 2005,       19385,                        1083.0,          35342.0 ,    26.72,          1938.5
     13009, India, Maize         , 2005,       19385,                        1083.0,          35342.0 ,    26.3 ,          1938.5
     13010, India, Potatoes      , 2005,      188908,                        1083.0,          35342.0 ,    25.85,         18890.8
     13011, India, Potatoes      , 2005,      188908,                        1083.0,          35342.0 ,    26.83,         18890.8
     13012, India, Potatoes      , 2005,      188908,                        1083.0,          35342.0 ,    26.28,         18890.8
     13013, India, Potatoes      , 2005,      188908,                        1083.0,          35342.0 ,    24.12,         18890.8
     13014, India, Potatoes      , 2005,      188908,                        1083.0,          35342.0 ,    25.48,         18890.8
     13015, India, Potatoes      , 2005,      188908,                        1083.0,          35342.0 ,    25.82,         18890.8
     13016, India, Potatoes      , 2005,      188908,                        1083.0,          35342.0 ,    25.72,         18890.8
     13017, India, Potatoes      , 2005,      188908,                        1083.0,          35342.0 ,    26.73,         18890.8
     13018, India, Potatoes      , 2005,      188908,                        1083.0,          35342.0 ,    27.49,         18890.8
     13019, India, Potatoes      , 2005,      188908,                        1083.0,          35342.0 ,    25.4 ,         18890.8
     13020, India, Potatoes      , 2005,      188908,                        1083.0,          35342.0 ,    25.77,         18890.8
     13021, India, Potatoes      , 2005,      188908,                        1083.0,          35342.0 ,    25.62,         18890.8
     13022, India, Potatoes      , 2005,      188908,                        1083.0,          35342.0 ,    24.12,         18890.8
     13023, India, Potatoes      , 2005,      188908,                        1083.0,          35342.0 ,    26.23,         18890.8
     13024, India, Potatoes      , 2005,      188908,                        1083.0,          35342.0 ,    25.72,         18890.8
     13025, India, Potatoes      , 2005,      188908,                        1083.0,          35342.0 ,    26.11,         18890.8
     13026, India, Potatoes      , 2005,      188908,                        1083.0,          35342.0 ,    25.09,         18890.8
     13027, India, Potatoes      , 2005,      188908,                        1083.0,          35342.0 ,    26.51,         18890.8
     13028, India, Potatoes      , 2005,      188908,                        1083.0,          35342.0 ,    25.07,         18890.8
     13029, India, Potatoes      , 2005,      188908,                        1083.0,          35342.0 ,    26.72,         18890.8
     13030, India, Potatoes      , 2005,      188908,                        1083.0,          35342.0 ,    26.72,         18890.8
     13031, India, Potatoes      , 2005,      188908,                        1083.0,          35342.0 ,    26.3 ,         18890.8
     13032, India, "Rice, paddy" , 2005,       31537,                        1083.0,          35342.0 ,    25.85,          3153.7
     13033, India, "Rice, paddy" , 2005,       31537,                        1083.0,          35342.0 ,    26.83,          3153.7
     13034, India, "Rice, paddy" , 2005,       31537,                        1083.0,          35342.0 ,    26.28,          3153.7
     13035, India, "Rice, paddy" , 2005,       31537,                        1083.0,          35342.0 ,    24.12,          3153.7
     13036, India, "Rice, paddy" , 2005,       31537,                        1083.0,          35342.0 ,    25.48,          3153.7
     13037, India, "Rice, paddy" , 2005,       31537,                        1083.0,          35342.0 ,    25.82,          3153.7
     13038, India, "Rice, paddy" , 2005,       31537,                        1083.0,          35342.0 ,    25.72,          3153.7
     13039, India, "Rice, paddy" , 2005,       31537,                        1083.0,          35342.0 ,    26.73,          3153.7
     13040, India, "Rice, paddy" , 2005,       31537,                        1083.0,          35342.0 ,    27.49,          3153.7
     13041, India, "Rice, paddy" , 2005,       31537,                        1083.0,          35342.0 ,    25.4 ,          3153.7
     13042, India, "Rice, paddy" , 2005,       31537,                        1083.0,          35342.0 ,    25.77,          3153.7
     13043, India, "Rice, paddy" , 2005,       31537,                        1083.0,          35342.0 ,    25.62,          3153.7
     13044, India, "Rice, paddy" , 2005,       31537,                        1083.0,          35342.0 ,    24.12,          3153.7
     13045, India, "Rice, paddy" , 2005,       31537,                        1083.0,          35342.0 ,    26.23,          3153.7
     13046, India, "Rice, paddy" , 2005,       31537,                        1083.0,          35342.0 ,    25.72,          3153.7
     13047, India, "Rice, paddy" , 2005,       31537,                        1083.0,          35342.0 ,    26.11,          3153.7
     13048, India, "Rice, paddy" , 2005,       31537,                        1083.0,          35342.0 ,    25.09,          3153.7
     13049, India, "Rice, paddy" , 2005,       31537,                        1083.0,          35342.0 ,    26.51,          3153.7
     13050, India, "Rice, paddy" , 2005,       31537,                        1083.0,          35342.0 ,    25.07,          3153.7
     13051, India, "Rice, paddy" , 2005,       31537,                        1083.0,          35342.0 ,    26.72,          3153.7
     13052, India, "Rice, paddy" , 2005,       31537,                        1083.0,          35342.0 ,    26.72,          3153.7
     13053, India, "Rice, paddy" , 2005,       31537,                        1083.0,          35342.0 ,    26.3 ,          3153.7
     13054, India, Sorghum       , 2005,        7968,                        1083.0,          35342.0 ,    25.85,           796.8
     13055, India, Sorghum       , 2005,        7968,                        1083.0,          35342.0 ,    26.83,           796.8
     13056, India, Sorghum       , 2005,        7968,                        1083.0,          35342.0 ,    26.28,           796.8
     13057, India, Sorghum       , 2005,        7968,                        1083.0,          35342.0 ,    24.12,           796.8
     13058, India, Sorghum       , 2005,        7968,                        1083.0,          35342.0 ,    25.48,           796.8
     13059, India, Sorghum       , 2005,        7968,                        1083.0,          35342.0 ,    25.82,           796.8
     13060, India, Sorghum       , 2005,        7968,                        1083.0,          35342.0 ,    25.72,           796.8
     13061, India, Sorghum       , 2005,        7968,                        1083.0,          35342.0 ,    26.73,           796.8
     13062, India, Sorghum       , 2005,        7968,                        1083.0,          35342.0 ,    27.49,           796.8
     13063, India, Sorghum       , 2005,        7968,                        1083.0,          35342.0 ,    25.4 ,           796.8
     13064, India, Sorghum       , 2005,        7968,                        1083.0,          35342.0 ,    25.77,           796.8
     13065, India, Sorghum       , 2005,        7968,                        1083.0,          35342.0 ,    25.62,           796.8
     13066, India, Sorghum       , 2005,        7968,                        1083.0,          35342.0 ,    24.12,           796.8
     13067, India, Sorghum       , 2005,        7968,                        1083.0,          35342.0 ,    26.23,           796.8
     13068, India, Sorghum       , 2005,        7968,                        1083.0,          35342.0 ,    25.72,           796.8
     13069, India, Sorghum       , 2005,        7968,                        1083.0,          35342.0 ,    26.11,           796.8
     13070, India, Sorghum       , 2005,        7968,                        1083.0,          35342.0 ,    25.09,           796.8
     13071, India, Sorghum       , 2005,        7968,                        1083.0,          35342.0 ,    26.51,           796.8
     13072, India, Sorghum       , 2005,        7968,                        1083.0,          35342.0 ,    25.07,           796.8
     13073, India, Sorghum       , 2005,        7968,                        1083.0,          35342.0 ,    26.72,           796.8
     13074, India, Sorghum       , 2005,        7968,                        1083.0,          35342.0 ,    26.72,           796.8
     13075, India, Sorghum       , 2005,        7968,                        1083.0,          35342.0 ,    26.3 ,           796.8
     13076, India, Soybeans      , 2005,       10734,                        1083.0,          35342.0 ,    25.85,          1073.4
     13077, India, Soybeans      , 2005,       10734,                        1083.0,          35342.0 ,    26.83,          1073.4
     13078, India, Soybeans      , 2005,       10734,                        1083.0,          35342.0 ,    26.28,          1073.4
     13079, India, Soybeans      , 2005,       10734,                        1083.0,          35342.0 ,    24.12,          1073.4
     13080, India, Soybeans      , 2005,       10734,                        1083.0,          35342.0 ,    25.48,          1073.4
     13081, India, Soybeans      , 2005,       10734,                        1083.0,          35342.0 ,    25.82,          1073.4
     13082, India, Soybeans      , 2005,       10734,                        1083.0,          35342.0 ,    25.72,          1073.4
     13083, India, Soybeans      , 2005,       10734,                        1083.0,          35342.0 ,    26.73,          1073.4
     13084, India, Soybeans      , 2005,       10734,                        1083.0,          35342.0 ,    27.49,          1073.4
     13085, India, Soybeans      , 2005,       10734,                        1083.0,          35342.0 ,    25.4 ,          1073.4
     13086, India, Soybeans      , 2005,       10734,                        1083.0,          35342.0 ,    25.77,          1073.4
     13087, India, Soybeans      , 2005,       10734,                        1083.0,          35342.0 ,    25.62,          1073.4
     13088, India, Soybeans      , 2005,       10734,                        1083.0,          35342.0 ,    24.12,          1073.4
     13089, India, Soybeans      , 2005,       10734,                        1083.0,          35342.0 ,    26.23,          1073.4
     13090, India, Soybeans      , 2005,       10734,                        1083.0,          35342.0 ,    25.72,          1073.4
     13091, India, Soybeans      , 2005,       10734,                        1083.0,          35342.0 ,    26.11,          1073.4
     13092, India, Soybeans      , 2005,       10734,                        1083.0,          35342.0 ,    25.09,          1073.4
     13093, India, Soybeans      , 2005,       10734,                        1083.0,          35342.0 ,    26.51,          1073.4
     13094, India, Soybeans      , 2005,       10734,                        1083.0,          35342.0 ,    25.07,          1073.4
     13095, India, Soybeans      , 2005,       10734,                        1083.0,          35342.0 ,    26.72,          1073.4
     13096, India, Soybeans      , 2005,       10734,                        1083.0,          35342.0 ,    26.72,          1073.4
     13097, India, Soybeans      , 2005,       10734,                        1083.0,          35342.0 ,    26.3 ,          1073.4
     13098, India, Sweet potatoes, 2005,       88477,                        1083.0,          35342.0 ,    25.85,          8847.7
     13099, India, Sweet potatoes, 2005,       88477,                        1083.0,          35342.0 ,    26.83,          8847.7
     13100, India, Sweet potatoes, 2005,       88477,                        1083.0,          35342.0 ,    26.28,          8847.7
     13101, India, Sweet potatoes, 2005,       88477,                        1083.0,          35342.0 ,    24.12,          8847.7
     13102, India, Sweet potatoes, 2005,       88477,                        1083.0,          35342.0 ,    25.48,          8847.7
     13103, India, Sweet potatoes, 2005,       88477,                        1083.0,          35342.0 ,    25.82,          8847.7
     13104, India, Sweet potatoes, 2005,       88477,                        1083.0,          35342.0 ,    25.72,          8847.7
     13105, India, Sweet potatoes, 2005,       88477,                        1083.0,          35342.0 ,    26.73,          8847.7
     13106, India, Sweet potatoes, 2005,       88477,                        1083.0,          35342.0 ,    27.49,          8847.7
     13107, India, Sweet potatoes, 2005,       88477,                        1083.0,          35342.0 ,    25.4 ,          8847.7
     13108, India, Sweet potatoes, 2005,       88477,                        1083.0,          35342.0 ,    25.77,          8847.7
     13109, India, Sweet potatoes, 2005,       88477,                        1083.0,          35342.0 ,    25.62,          8847.7
     13110, India, Sweet potatoes, 2005,       88477,                        1083.0,          35342.0 ,    24.12,          8847.7
     13111, India, Sweet potatoes, 2005,       88477,                        1083.0,          35342.0 ,    26.23,          8847.7
     13112, India, Sweet potatoes, 2005,       88477,                        1083.0,          35342.0 ,    25.72,          8847.7
     13113, India, Sweet potatoes, 2005,       88477,                        1083.0,          35342.0 ,    26.11,          8847.7
     13114, India, Sweet potatoes, 2005,       88477,                        1083.0,          35342.0 ,    25.09,          8847.7
     13115, India, Sweet potatoes, 2005,       88477,                        1083.0,          35342.0 ,    26.51,          8847.7
     13116, India, Sweet potatoes, 2005,       88477,                        1083.0,          35342.0 ,    25.07,          8847.7
     13117, India, Sweet potatoes, 2005,       88477,                        1083.0,          35342.0 ,    26.72,          8847.7
     13118, India, Sweet potatoes, 2005,       88477,                        1083.0,          35342.0 ,    26.72,          8847.7
     13119, India, Sweet potatoes, 2005,       88477,                        1083.0,          35342.0 ,    26.3 ,          8847.7
     13120, India, Wheat         , 2005,       26016,                        1083.0,          35342.0 ,    25.85,          2601.6
     13121, India, Wheat         , 2005,       26016,                        1083.0,          35342.0 ,    26.83,          2601.6
     13122, India, Wheat         , 2005,       26016,                        1083.0,          35342.0 ,    26.28,          2601.6
     13123, India, Wheat         , 2005,       26016,                        1083.0,          35342.0 ,    24.12,          2601.6
     13124, India, Wheat         , 2005,       26016,                        1083.0,          35342.0 ,    25.48,          2601.6
     13125, India, Wheat         , 2005,       26016,                        1083.0,          35342.0 ,    25.82,          2601.6
     13126, India, Wheat         , 2005,       26016,                        1083.0,          35342.0 ,    25.72,          2601.6
     13127, India, Wheat         , 2005,       26016,                        1083.0,          35342.0 ,    26.73,          2601.6
     13128, India, Wheat         , 2005,       26016,                        1083.0,          35342.0 ,    27.49,          2601.6
     13129, India, Wheat         , 2005,       26016,                        1083.0,          35342.0 ,    25.4 ,          2601.6
     13130, India, Wheat         , 2005,       26016,                        1083.0,          35342.0 ,    25.77,          2601.6
     13131, India, Wheat         , 2005,       26016,                        1083.0,          35342.0 ,    25.62,          2601.6
     13132, India, Wheat         , 2005,       26016,                        1083.0,          35342.0 ,    24.12,          2601.6
     13133, India, Wheat         , 2005,       26016,                        1083.0,          35342.0 ,    26.23,          2601.6
     13134, India, Wheat         , 2005,       26016,                        1083.0,          35342.0 ,    25.72,          2601.6
     13135, India, Wheat         , 2005,       26016,                        1083.0,          35342.0 ,    26.11,          2601.6
     13136, India, Wheat         , 2005,       26016,                        1083.0,          35342.0 ,    25.09,          2601.6
     13137, India, Wheat         , 2005,       26016,                        1083.0,          35342.0 ,    26.51,          2601.6
     13138, India, Wheat         , 2005,       26016,                        1083.0,          35342.0 ,    25.07,          2601.6
     13139, India, Wheat         , 2005,       26016,                        1083.0,          35342.0 ,    26.72,          2601.6
     13140, India, Wheat         , 2005,       26016,                        1083.0,          35342.0 ,    26.72,          2601.6
     13141, India, Wheat         , 2005,       26016,                        1083.0,          35342.0 ,    26.3 ,          2601.6
     13142, India, Cassava       , 2006,      321132,                        1083.0,          37423.0 ,    26.34,         32113.2
     13143, India, Cassava       , 2006,      321132,                        1083.0,          37423.0 ,    27.28,         32113.2
     13144, India, Cassava       , 2006,      321132,                        1083.0,          37423.0 ,    26.39,         32113.2
     13145, India, Cassava       , 2006,      321132,                        1083.0,          37423.0 ,    24.72,         32113.2
     13146, India, Cassava       , 2006,      321132,                        1083.0,          37423.0 ,    25.42,         32113.2
     13147, India, Cassava       , 2006,      321132,                        1083.0,          37423.0 ,    26.04,         32113.2
     13148, India, Cassava       , 2006,      321132,                        1083.0,          37423.0 ,    26.37,         32113.2
     13149, India, Cassava       , 2006,      321132,                        1083.0,          37423.0 ,    26.99,         32113.2
     13150, India, Cassava       , 2006,      321132,                        1083.0,          37423.0 ,    27.47,         32113.2
     13151, India, Cassava       , 2006,      321132,                        1083.0,          37423.0 ,    25.78,         32113.2
     13152, India, Cassava       , 2006,      321132,                        1083.0,          37423.0 ,    26.43,         32113.2
     13153, India, Cassava       , 2006,      321132,                        1083.0,          37423.0 ,    25.85,         32113.2
     13154, India, Cassava       , 2006,      321132,                        1083.0,          37423.0 ,    24.72,         32113.2
     13155, India, Cassava       , 2006,      321132,                        1083.0,          37423.0 ,    26.37,         32113.2
     13156, India, Cassava       , 2006,      321132,                        1083.0,          37423.0 ,    26.37,         32113.2
     13157, India, Cassava       , 2006,      321132,                        1083.0,          37423.0 ,    26.13,         32113.2
     13158, India, Cassava       , 2006,      321132,                        1083.0,          37423.0 ,    25.31,         32113.2
     13159, India, Cassava       , 2006,      321132,                        1083.0,          37423.0 ,    26.94,         32113.2
     13160, India, Cassava       , 2006,      321132,                        1083.0,          37423.0 ,    24.98,         32113.2
     13161, India, Cassava       , 2006,      321132,                        1083.0,          37423.0 ,    27.15,         32113.2
     13162, India, Cassava       , 2006,      321132,                        1083.0,          37423.0 ,    27.15,         32113.2
     13163, India, Cassava       , 2006,      321132,                        1083.0,          37423.0 ,    26.28,         32113.2
     13164, India, Maize         , 2006,       19125,                        1083.0,          37423.0 ,    26.34,          1912.5
     13165, India, Maize         , 2006,       19125,                        1083.0,          37423.0 ,    27.28,          1912.5
     13166, India, Maize         , 2006,       19125,                        1083.0,          37423.0 ,    26.39,          1912.5
     13167, India, Maize         , 2006,       19125,                        1083.0,          37423.0 ,    24.72,          1912.5
     13168, India, Maize         , 2006,       19125,                        1083.0,          37423.0 ,    25.42,          1912.5
     13169, India, Maize         , 2006,       19125,                        1083.0,          37423.0 ,    26.04,          1912.5
     13170, India, Maize         , 2006,       19125,                        1083.0,          37423.0 ,    26.37,          1912.5
     13171, India, Maize         , 2006,       19125,                        1083.0,          37423.0 ,    26.99,          1912.5
     13172, India, Maize         , 2006,       19125,                        1083.0,          37423.0 ,    27.47,          1912.5
     13173, India, Maize         , 2006,       19125,                        1083.0,          37423.0 ,    25.78,          1912.5
     13174, India, Maize         , 2006,       19125,                        1083.0,          37423.0 ,    26.43,          1912.5
     13175, India, Maize         , 2006,       19125,                        1083.0,          37423.0 ,    25.85,          1912.5
     13176, India, Maize         , 2006,       19125,                        1083.0,          37423.0 ,    24.72,          1912.5
     13177, India, Maize         , 2006,       19125,                        1083.0,          37423.0 ,    26.37,          1912.5
     13178, India, Maize         , 2006,       19125,                        1083.0,          37423.0 ,    26.37,          1912.5
     13179, India, Maize         , 2006,       19125,                        1083.0,          37423.0 ,    26.13,          1912.5
     13180, India, Maize         , 2006,       19125,                        1083.0,          37423.0 ,    25.31,          1912.5
     13181, India, Maize         , 2006,       19125,                        1083.0,          37423.0 ,    26.94,          1912.5
     13182, India, Maize         , 2006,       19125,                        1083.0,          37423.0 ,    24.98,          1912.5
     13183, India, Maize         , 2006,       19125,                        1083.0,          37423.0 ,    27.15,          1912.5
     13184, India, Maize         , 2006,       19125,                        1083.0,          37423.0 ,    27.15,          1912.5
     13185, India, Maize         , 2006,       19125,                        1083.0,          37423.0 ,    26.28,          1912.5
     13186, India, Potatoes      , 2006,      185920,                        1083.0,          37423.0 ,    26.34,         18592.0
     13187, India, Potatoes      , 2006,      185920,                        1083.0,          37423.0 ,    27.28,         18592.0
     13188, India, Potatoes      , 2006,      185920,                        1083.0,          37423.0 ,    26.39,         18592.0
     13189, India, Potatoes      , 2006,      185920,                        1083.0,          37423.0 ,    24.72,         18592.0
     13190, India, Potatoes      , 2006,      185920,                        1083.0,          37423.0 ,    25.42,         18592.0
     13191, India, Potatoes      , 2006,      185920,                        1083.0,          37423.0 ,    26.04,         18592.0
     13192, India, Potatoes      , 2006,      185920,                        1083.0,          37423.0 ,    26.37,         18592.0
     13193, India, Potatoes      , 2006,      185920,                        1083.0,          37423.0 ,    26.99,         18592.0
     13194, India, Potatoes      , 2006,      185920,                        1083.0,          37423.0 ,    27.47,         18592.0
     13195, India, Potatoes      , 2006,      185920,                        1083.0,          37423.0 ,    25.78,         18592.0
     13196, India, Potatoes      , 2006,      185920,                        1083.0,          37423.0 ,    26.43,         18592.0
     13197, India, Potatoes      , 2006,      185920,                        1083.0,          37423.0 ,    25.85,         18592.0
     13198, India, Potatoes      , 2006,      185920,                        1083.0,          37423.0 ,    24.72,         18592.0
     13199, India, Potatoes      , 2006,      185920,                        1083.0,          37423.0 ,    26.37,         18592.0
     13200, India, Potatoes      , 2006,      185920,                        1083.0,          37423.0 ,    26.37,         18592.0
     13201, India, Potatoes      , 2006,      185920,                        1083.0,          37423.0 ,    26.13,         18592.0
     13202, India, Potatoes      , 2006,      185920,                        1083.0,          37423.0 ,    25.31,         18592.0
     13203, India, Potatoes      , 2006,      185920,                        1083.0,          37423.0 ,    26.94,         18592.0
     13204, India, Potatoes      , 2006,      185920,                        1083.0,          37423.0 ,    24.98,         18592.0
     13205, India, Potatoes      , 2006,      185920,                        1083.0,          37423.0 ,    27.15,         18592.0
     13206, India, Potatoes      , 2006,      185920,                        1083.0,          37423.0 ,    27.15,         18592.0
     13207, India, Potatoes      , 2006,      185920,                        1083.0,          37423.0 ,    26.28,         18592.0
     13208, India, "Rice, paddy" , 2006,       31759,                        1083.0,          37423.0 ,    26.34,          3175.9
     13209, India, "Rice, paddy" , 2006,       31759,                        1083.0,          37423.0 ,    27.28,          3175.9
     13210, India, "Rice, paddy" , 2006,       31759,                        1083.0,          37423.0 ,    26.39,          3175.9
     13211, India, "Rice, paddy" , 2006,       31759,                        1083.0,          37423.0 ,    24.72,          3175.9
     13212, India, "Rice, paddy" , 2006,       31759,                        1083.0,          37423.0 ,    25.42,          3175.9
     13213, India, "Rice, paddy" , 2006,       31759,                        1083.0,          37423.0 ,    26.04,          3175.9
     13214, India, "Rice, paddy" , 2006,       31759,                        1083.0,          37423.0 ,    26.37,          3175.9
     13215, India, "Rice, paddy" , 2006,       31759,                        1083.0,          37423.0 ,    26.99,          3175.9
     13216, India, "Rice, paddy" , 2006,       31759,                        1083.0,          37423.0 ,    27.47,          3175.9
     13217, India, "Rice, paddy" , 2006,       31759,                        1083.0,          37423.0 ,    25.78,          3175.9
     13218, India, "Rice, paddy" , 2006,       31759,                        1083.0,          37423.0 ,    26.43,          3175.9
     13219, India, "Rice, paddy" , 2006,       31759,                        1083.0,          37423.0 ,    25.85,          3175.9
     13220, India, "Rice, paddy" , 2006,       31759,                        1083.0,          37423.0 ,    24.72,          3175.9
     13221, India, "Rice, paddy" , 2006,       31759,                        1083.0,          37423.0 ,    26.37,          3175.9
     13222, India, "Rice, paddy" , 2006,       31759,                        1083.0,          37423.0 ,    26.37,          3175.9
     13223, India, "Rice, paddy" , 2006,       31759,                        1083.0,          37423.0 ,    26.13,          3175.9
     13224, India, "Rice, paddy" , 2006,       31759,                        1083.0,          37423.0 ,    25.31,          3175.9
     13225, India, "Rice, paddy" , 2006,       31759,                        1083.0,          37423.0 ,    26.94,          3175.9
     13226, India, "Rice, paddy" , 2006,       31759,                        1083.0,          37423.0 ,    24.98,          3175.9
     13227, India, "Rice, paddy" , 2006,       31759,                        1083.0,          37423.0 ,    27.15,          3175.9
     13228, India, "Rice, paddy" , 2006,       31759,                        1083.0,          37423.0 ,    27.15,          3175.9
     13229, India, "Rice, paddy" , 2006,       31759,                        1083.0,          37423.0 ,    26.28,          3175.9
     13230, India, Sorghum       , 2006,        8803,                        1083.0,          37423.0 ,    26.34,           880.3
     13231, India, Sorghum       , 2006,        8803,                        1083.0,          37423.0 ,    27.28,           880.3
     13232, India, Sorghum       , 2006,        8803,                        1083.0,          37423.0 ,    26.39,           880.3
     13233, India, Sorghum       , 2006,        8803,                        1083.0,          37423.0 ,    24.72,           880.3
     13234, India, Sorghum       , 2006,        8803,                        1083.0,          37423.0 ,    25.42,           880.3
     13235, India, Sorghum       , 2006,        8803,                        1083.0,          37423.0 ,    26.04,           880.3
     13236, India, Sorghum       , 2006,        8803,                        1083.0,          37423.0 ,    26.37,           880.3
     13237, India, Sorghum       , 2006,        8803,                        1083.0,          37423.0 ,    26.99,           880.3
     13238, India, Sorghum       , 2006,        8803,                        1083.0,          37423.0 ,    27.47,           880.3
     13239, India, Sorghum       , 2006,        8803,                        1083.0,          37423.0 ,    25.78,           880.3
     13240, India, Sorghum       , 2006,        8803,                        1083.0,          37423.0 ,    26.43,           880.3
     13241, India, Sorghum       , 2006,        8803,                        1083.0,          37423.0 ,    25.85,           880.3
     13242, India, Sorghum       , 2006,        8803,                        1083.0,          37423.0 ,    24.72,           880.3
     13243, India, Sorghum       , 2006,        8803,                        1083.0,          37423.0 ,    26.37,           880.3
     13244, India, Sorghum       , 2006,        8803,                        1083.0,          37423.0 ,    26.37,           880.3
     13245, India, Sorghum       , 2006,        8803,                        1083.0,          37423.0 ,    26.13,           880.3
     13246, India, Sorghum       , 2006,        8803,                        1083.0,          37423.0 ,    25.31,           880.3
     13247, India, Sorghum       , 2006,        8803,                        1083.0,          37423.0 ,    26.94,           880.3
     13248, India, Sorghum       , 2006,        8803,                        1083.0,          37423.0 ,    24.98,           880.3
     13249, India, Sorghum       , 2006,        8803,                        1083.0,          37423.0 ,    27.15,           880.3
     13250, India, Sorghum       , 2006,        8803,                        1083.0,          37423.0 ,    27.15,           880.3
     13251, India, Sorghum       , 2006,        8803,                        1083.0,          37423.0 ,    26.28,           880.3
     13252, India, Soybeans      , 2006,       10628,                        1083.0,          37423.0 ,    26.34,          1062.8
     13253, India, Soybeans      , 2006,       10628,                        1083.0,          37423.0 ,    27.28,          1062.8
     13254, India, Soybeans      , 2006,       10628,                        1083.0,          37423.0 ,    26.39,          1062.8
     13255, India, Soybeans      , 2006,       10628,                        1083.0,          37423.0 ,    24.72,          1062.8
     13256, India, Soybeans      , 2006,       10628,                        1083.0,          37423.0 ,    25.42,          1062.8
     13257, India, Soybeans      , 2006,       10628,                        1083.0,          37423.0 ,    26.04,          1062.8
     13258, India, Soybeans      , 2006,       10628,                        1083.0,          37423.0 ,    26.37,          1062.8
     13259, India, Soybeans      , 2006,       10628,                        1083.0,          37423.0 ,    26.99,          1062.8
     13260, India, Soybeans      , 2006,       10628,                        1083.0,          37423.0 ,    27.47,          1062.8
     13261, India, Soybeans      , 2006,       10628,                        1083.0,          37423.0 ,    25.78,          1062.8
     13262, India, Soybeans      , 2006,       10628,                        1083.0,          37423.0 ,    26.43,          1062.8
     13263, India, Soybeans      , 2006,       10628,                        1083.0,          37423.0 ,    25.85,          1062.8
     13264, India, Soybeans      , 2006,       10628,                        1083.0,          37423.0 ,    24.72,          1062.8
     13265, India, Soybeans      , 2006,       10628,                        1083.0,          37423.0 ,    26.37,          1062.8
     13266, India, Soybeans      , 2006,       10628,                        1083.0,          37423.0 ,    26.37,          1062.8
     13267, India, Soybeans      , 2006,       10628,                        1083.0,          37423.0 ,    26.13,          1062.8
     13268, India, Soybeans      , 2006,       10628,                        1083.0,          37423.0 ,    25.31,          1062.8
     13269, India, Soybeans      , 2006,       10628,                        1083.0,          37423.0 ,    26.94,          1062.8
     13270, India, Soybeans      , 2006,       10628,                        1083.0,          37423.0 ,    24.98,          1062.8
     13271, India, Soybeans      , 2006,       10628,                        1083.0,          37423.0 ,    27.15,          1062.8
     13272, India, Soybeans      , 2006,       10628,                        1083.0,          37423.0 ,    27.15,          1062.8
     13273, India, Soybeans      , 2006,       10628,                        1083.0,          37423.0 ,    26.28,          1062.8
     13274, India, Sweet potatoes, 2006,       86849,                        1083.0,          37423.0 ,    26.34,          8684.9
     13275, India, Sweet potatoes, 2006,       86849,                        1083.0,          37423.0 ,    27.28,          8684.9
     13276, India, Sweet potatoes, 2006,       86849,                        1083.0,          37423.0 ,    26.39,          8684.9
     13277, India, Sweet potatoes, 2006,       86849,                        1083.0,          37423.0 ,    24.72,          8684.9
     13278, India, Sweet potatoes, 2006,       86849,                        1083.0,          37423.0 ,    25.42,          8684.9
     13279, India, Sweet potatoes, 2006,       86849,                        1083.0,          37423.0 ,    26.04,          8684.9
     13280, India, Sweet potatoes, 2006,       86849,                        1083.0,          37423.0 ,    26.37,          8684.9
     13281, India, Sweet potatoes, 2006,       86849,                        1083.0,          37423.0 ,    26.99,          8684.9
     13282, India, Sweet potatoes, 2006,       86849,                        1083.0,          37423.0 ,    27.47,          8684.9
     13283, India, Sweet potatoes, 2006,       86849,                        1083.0,          37423.0 ,    25.78,          8684.9
     13284, India, Sweet potatoes, 2006,       86849,                        1083.0,          37423.0 ,    26.43,          8684.9
     13285, India, Sweet potatoes, 2006,       86849,                        1083.0,          37423.0 ,    25.85,          8684.9
     13286, India, Sweet potatoes, 2006,       86849,                        1083.0,          37423.0 ,    24.72,          8684.9
     13287, India, Sweet potatoes, 2006,       86849,                        1083.0,          37423.0 ,    26.37,          8684.9
     13288, India, Sweet potatoes, 2006,       86849,                        1083.0,          37423.0 ,    26.37,          8684.9
     13289, India, Sweet potatoes, 2006,       86849,                        1083.0,          37423.0 ,    26.13,          8684.9
     13290, India, Sweet potatoes, 2006,       86849,                        1083.0,          37423.0 ,    25.31,          8684.9
     13291, India, Sweet potatoes, 2006,       86849,                        1083.0,          37423.0 ,    26.94,          8684.9
     13292, India, Sweet potatoes, 2006,       86849,                        1083.0,          37423.0 ,    24.98,          8684.9
     13293, India, Sweet potatoes, 2006,       86849,                        1083.0,          37423.0 ,    27.15,          8684.9
     13294, India, Sweet potatoes, 2006,       86849,                        1083.0,          37423.0 ,    27.15,          8684.9
     13295, India, Sweet potatoes, 2006,       86849,                        1083.0,          37423.0 ,    26.28,          8684.9
     13296, India, Wheat         , 2006,       26188,                        1083.0,          37423.0 ,    26.34,          2618.8
     13297, India, Wheat         , 2006,       26188,                        1083.0,          37423.0 ,    27.28,          2618.8
     13298, India, Wheat         , 2006,       26188,                        1083.0,          37423.0 ,    26.39,          2618.8
     13299, India, Wheat         , 2006,       26188,                        1083.0,          37423.0 ,    24.72,          2618.8
     13300, India, Wheat         , 2006,       26188,                        1083.0,          37423.0 ,    25.42,          2618.8
     13301, India, Wheat         , 2006,       26188,                        1083.0,          37423.0 ,    26.04,          2618.8
     13302, India, Wheat         , 2006,       26188,                        1083.0,          37423.0 ,    26.37,          2618.8
     13303, India, Wheat         , 2006,       26188,                        1083.0,          37423.0 ,    26.99,          2618.8
     13304, India, Wheat         , 2006,       26188,                        1083.0,          37423.0 ,    27.47,          2618.8
     13305, India, Wheat         , 2006,       26188,                        1083.0,          37423.0 ,    25.78,          2618.8
     13306, India, Wheat         , 2006,       26188,                        1083.0,          37423.0 ,    26.43,          2618.8
     13307, India, Wheat         , 2006,       26188,                        1083.0,          37423.0 ,    25.85,          2618.8
     13308, India, Wheat         , 2006,       26188,                        1083.0,          37423.0 ,    24.72,          2618.8
     13309, India, Wheat         , 2006,       26188,                        1083.0,          37423.0 ,    26.37,          2618.8
     13310, India, Wheat         , 2006,       26188,                        1083.0,          37423.0 ,    26.37,          2618.8
     13311, India, Wheat         , 2006,       26188,                        1083.0,          37423.0 ,    26.13,          2618.8
     13312, India, Wheat         , 2006,       26188,                        1083.0,          37423.0 ,    25.31,          2618.8
     13313, India, Wheat         , 2006,       26188,                        1083.0,          37423.0 ,    26.94,          2618.8
     13314, India, Wheat         , 2006,       26188,                        1083.0,          37423.0 ,    24.98,          2618.8
     13315, India, Wheat         , 2006,       26188,                        1083.0,          37423.0 ,    27.15,          2618.8
     13316, India, Wheat         , 2006,       26188,                        1083.0,          37423.0 ,    27.15,          2618.8
     13317, India, Wheat         , 2006,       26188,                        1083.0,          37423.0 ,    26.28,          2618.8
     13318, India, Cassava       , 2007,      322204,                        1083.0,          27422.77,    26.0 ,         32220.4
     13319, India, Cassava       , 2007,      322204,                        1083.0,          27422.77,    27.51,         32220.4
     13320, India, Cassava       , 2007,      322204,                        1083.0,          27422.77,    25.98,         32220.4
     13321, India, Cassava       , 2007,      322204,                        1083.0,          27422.77,    24.6 ,         32220.4
     13322, India, Cassava       , 2007,      322204,                        1083.0,          27422.77,    25.46,         32220.4
     13323, India, Cassava       , 2007,      322204,                        1083.0,          27422.77,    25.95,         32220.4
     13324, India, Cassava       , 2007,      322204,                        1083.0,          27422.77,    26.15,         32220.4
     13325, India, Cassava       , 2007,      322204,                        1083.0,          27422.77,    26.58,         32220.4
     13326, India, Cassava       , 2007,      322204,                        1083.0,          27422.77,    27.55,         32220.4
     13327, India, Cassava       , 2007,      322204,                        1083.0,          27422.77,    25.66,         32220.4
     13328, India, Cassava       , 2007,      322204,                        1083.0,          27422.77,    26.27,         32220.4
     13329, India, Cassava       , 2007,      322204,                        1083.0,          27422.77,    25.44,         32220.4
     13330, India, Cassava       , 2007,      322204,                        1083.0,          27422.77,    24.6 ,         32220.4
     13331, India, Cassava       , 2007,      322204,                        1083.0,          27422.77,    26.39,         32220.4
     13332, India, Cassava       , 2007,      322204,                        1083.0,          27422.77,    26.15,         32220.4
     13333, India, Cassava       , 2007,      322204,                        1083.0,          27422.77,    25.59,         32220.4
     13334, India, Cassava       , 2007,      322204,                        1083.0,          27422.77,    25.58,         32220.4
     13335, India, Cassava       , 2007,      322204,                        1083.0,          27422.77,    27.23,         32220.4
     13336, India, Cassava       , 2007,      322204,                        1083.0,          27422.77,    24.59,         32220.4
     13337, India, Cassava       , 2007,      322204,                        1083.0,          27422.77,    27.31,         32220.4
     13338, India, Cassava       , 2007,      322204,                        1083.0,          27422.77,    27.31,         32220.4
     13339, India, Cassava       , 2007,      322204,                        1083.0,          27422.77,    25.82,         32220.4
     13340, India, Maize         , 2007,       23352,                        1083.0,          27422.77,    26.0 ,          2335.2
     13341, India, Maize         , 2007,       23352,                        1083.0,          27422.77,    27.51,          2335.2
     13342, India, Maize         , 2007,       23352,                        1083.0,          27422.77,    25.98,          2335.2
     13343, India, Maize         , 2007,       23352,                        1083.0,          27422.77,    24.6 ,          2335.2
     13344, India, Maize         , 2007,       23352,                        1083.0,          27422.77,    25.46,          2335.2
     13345, India, Maize         , 2007,       23352,                        1083.0,          27422.77,    25.95,          2335.2
     13346, India, Maize         , 2007,       23352,                        1083.0,          27422.77,    26.15,          2335.2
     13347, India, Maize         , 2007,       23352,                        1083.0,          27422.77,    26.58,          2335.2
     13348, India, Maize         , 2007,       23352,                        1083.0,          27422.77,    27.55,          2335.2
     13349, India, Maize         , 2007,       23352,                        1083.0,          27422.77,    25.66,          2335.2
     13350, India, Maize         , 2007,       23352,                        1083.0,          27422.77,    26.27,          2335.2
     13351, India, Maize         , 2007,       23352,                        1083.0,          27422.77,    25.44,          2335.2
     13352, India, Maize         , 2007,       23352,                        1083.0,          27422.77,    24.6 ,          2335.2
     13353, India, Maize         , 2007,       23352,                        1083.0,          27422.77,    26.39,          2335.2
     13354, India, Maize         , 2007,       23352,                        1083.0,          27422.77,    26.15,          2335.2
     13355, India, Maize         , 2007,       23352,                        1083.0,          27422.77,    25.59,          2335.2
     13356, India, Maize         , 2007,       23352,                        1083.0,          27422.77,    25.58,          2335.2
     13357, India, Maize         , 2007,       23352,                        1083.0,          27422.77,    27.23,          2335.2
     13358, India, Maize         , 2007,       23352,                        1083.0,          27422.77,    24.59,          2335.2
     13359, India, Maize         , 2007,       23352,                        1083.0,          27422.77,    27.31,          2335.2
     13360, India, Maize         , 2007,       23352,                        1083.0,          27422.77,    27.31,          2335.2
     13361, India, Maize         , 2007,       23352,                        1083.0,          27422.77,    25.82,          2335.2
     13362, India, Potatoes      , 2007,      164101,                        1083.0,          27422.77,    26.0 ,         16410.1
     13363, India, Potatoes      , 2007,      164101,                        1083.0,          27422.77,    27.51,         16410.1
     13364, India, Potatoes      , 2007,      164101,                        1083.0,          27422.77,    25.98,         16410.1
     13365, India, Potatoes      , 2007,      164101,                        1083.0,          27422.77,    24.6 ,         16410.1
     13366, India, Potatoes      , 2007,      164101,                        1083.0,          27422.77,    25.46,         16410.1
     13367, India, Potatoes      , 2007,      164101,                        1083.0,          27422.77,    25.95,         16410.1
     13368, India, Potatoes      , 2007,      164101,                        1083.0,          27422.77,    26.15,         16410.1
     13369, India, Potatoes      , 2007,      164101,                        1083.0,          27422.77,    26.58,         16410.1
     13370, India, Potatoes      , 2007,      164101,                        1083.0,          27422.77,    27.55,         16410.1
     13371, India, Potatoes      , 2007,      164101,                        1083.0,          27422.77,    25.66,         16410.1
     13372, India, Potatoes      , 2007,      164101,                        1083.0,          27422.77,    26.27,         16410.1
     13373, India, Potatoes      , 2007,      164101,                        1083.0,          27422.77,    25.44,         16410.1
     13374, India, Potatoes      , 2007,      164101,                        1083.0,          27422.77,    24.6 ,         16410.1
     13375, India, Potatoes      , 2007,      164101,                        1083.0,          27422.77,    26.39,         16410.1
     13376, India, Potatoes      , 2007,      164101,                        1083.0,          27422.77,    26.15,         16410.1
     13377, India, Potatoes      , 2007,      164101,                        1083.0,          27422.77,    25.59,         16410.1
     13378, India, Potatoes      , 2007,      164101,                        1083.0,          27422.77,    25.58,         16410.1
     13379, India, Potatoes      , 2007,      164101,                        1083.0,          27422.77,    27.23,         16410.1
     13380, India, Potatoes      , 2007,      164101,                        1083.0,          27422.77,    24.59,         16410.1
     13381, India, Potatoes      , 2007,      164101,                        1083.0,          27422.77,    27.31,         16410.1
     13382, India, Potatoes      , 2007,      164101,                        1083.0,          27422.77,    27.31,         16410.1
     13383, India, Potatoes      , 2007,      164101,                        1083.0,          27422.77,    25.82,         16410.1
     13384, India, "Rice, paddy" , 2007,       32924,                        1083.0,          27422.77,    26.0 ,          3292.4
     13385, India, "Rice, paddy" , 2007,       32924,                        1083.0,          27422.77,    27.51,          3292.4
     13386, India, "Rice, paddy" , 2007,       32924,                        1083.0,          27422.77,    25.98,          3292.4
     13387, India, "Rice, paddy" , 2007,       32924,                        1083.0,          27422.77,    24.6 ,          3292.4
     13388, India, "Rice, paddy" , 2007,       32924,                        1083.0,          27422.77,    25.46,          3292.4
     13389, India, "Rice, paddy" , 2007,       32924,                        1083.0,          27422.77,    25.95,          3292.4
     13390, India, "Rice, paddy" , 2007,       32924,                        1083.0,          27422.77,    26.15,          3292.4
     13391, India, "Rice, paddy" , 2007,       32924,                        1083.0,          27422.77,    26.58,          3292.4
     13392, India, "Rice, paddy" , 2007,       32924,                        1083.0,          27422.77,    27.55,          3292.4
     13393, India, "Rice, paddy" , 2007,       32924,                        1083.0,          27422.77,    25.66,          3292.4
     13394, India, "Rice, paddy" , 2007,       32924,                        1083.0,          27422.77,    26.27,          3292.4
     13395, India, "Rice, paddy" , 2007,       32924,                        1083.0,          27422.77,    25.44,          3292.4
     13396, India, "Rice, paddy" , 2007,       32924,                        1083.0,          27422.77,    24.6 ,          3292.4
     13397, India, "Rice, paddy" , 2007,       32924,                        1083.0,          27422.77,    26.39,          3292.4
     13398, India, "Rice, paddy" , 2007,       32924,                        1083.0,          27422.77,    26.15,          3292.4
     13399, India, "Rice, paddy" , 2007,       32924,                        1083.0,          27422.77,    25.59,          3292.4
     13400, India, "Rice, paddy" , 2007,       32924,                        1083.0,          27422.77,    25.58,          3292.4
     13401, India, "Rice, paddy" , 2007,       32924,                        1083.0,          27422.77,    27.23,          3292.4
     13402, India, "Rice, paddy" , 2007,       32924,                        1083.0,          27422.77,    24.59,          3292.4
     13403, India, "Rice, paddy" , 2007,       32924,                        1083.0,          27422.77,    27.31,          3292.4
     13404, India, "Rice, paddy" , 2007,       32924,                        1083.0,          27422.77,    27.31,          3292.4
     13405, India, "Rice, paddy" , 2007,       32924,                        1083.0,          27422.77,    25.82,          3292.4
     13406, India, Sorghum       , 2007,        8443,                        1083.0,          27422.77,    26.0 ,           844.3
     13407, India, Sorghum       , 2007,        8443,                        1083.0,          27422.77,    27.51,           844.3
     13408, India, Sorghum       , 2007,        8443,                        1083.0,          27422.77,    25.98,           844.3
     13409, India, Sorghum       , 2007,        8443,                        1083.0,          27422.77,    24.6 ,           844.3
     13410, India, Sorghum       , 2007,        8443,                        1083.0,          27422.77,    25.46,           844.3
     13411, India, Sorghum       , 2007,        8443,                        1083.0,          27422.77,    25.95,           844.3
     13412, India, Sorghum       , 2007,        8443,                        1083.0,          27422.77,    26.15,           844.3
     13413, India, Sorghum       , 2007,        8443,                        1083.0,          27422.77,    26.58,           844.3
     13414, India, Sorghum       , 2007,        8443,                        1083.0,          27422.77,    27.55,           844.3
     13415, India, Sorghum       , 2007,        8443,                        1083.0,          27422.77,    25.66,           844.3
     13416, India, Sorghum       , 2007,        8443,                        1083.0,          27422.77,    26.27,           844.3
     13417, India, Sorghum       , 2007,        8443,                        1083.0,          27422.77,    25.44,           844.3
     13418, India, Sorghum       , 2007,        8443,                        1083.0,          27422.77,    24.6 ,           844.3
     13419, India, Sorghum       , 2007,        8443,                        1083.0,          27422.77,    26.39,           844.3
     13420, India, Sorghum       , 2007,        8443,                        1083.0,          27422.77,    26.15,           844.3
     13421, India, Sorghum       , 2007,        8443,                        1083.0,          27422.77,    25.59,           844.3
     13422, India, Sorghum       , 2007,        8443,                        1083.0,          27422.77,    25.58,           844.3
     13423, India, Sorghum       , 2007,        8443,                        1083.0,          27422.77,    27.23,           844.3
     13424, India, Sorghum       , 2007,        8443,                        1083.0,          27422.77,    24.59,           844.3
     13425, India, Sorghum       , 2007,        8443,                        1083.0,          27422.77,    27.31,           844.3
     13426, India, Sorghum       , 2007,        8443,                        1083.0,          27422.77,    27.31,           844.3
     13427, India, Sorghum       , 2007,        8443,                        1083.0,          27422.77,    25.82,           844.3
     13428, India, Soybeans      , 2007,       12351,                        1083.0,          27422.77,    26.0 ,          1235.1
     13429, India, Soybeans      , 2007,       12351,                        1083.0,          27422.77,    27.51,          1235.1
     13430, India, Soybeans      , 2007,       12351,                        1083.0,          27422.77,    25.98,          1235.1
     13431, India, Soybeans      , 2007,       12351,                        1083.0,          27422.77,    24.6 ,          1235.1
     13432, India, Soybeans      , 2007,       12351,                        1083.0,          27422.77,    25.46,          1235.1
     13433, India, Soybeans      , 2007,       12351,                        1083.0,          27422.77,    25.95,          1235.1
     13434, India, Soybeans      , 2007,       12351,                        1083.0,          27422.77,    26.15,          1235.1
     13435, India, Soybeans      , 2007,       12351,                        1083.0,          27422.77,    26.58,          1235.1
     13436, India, Soybeans      , 2007,       12351,                        1083.0,          27422.77,    27.55,          1235.1
     13437, India, Soybeans      , 2007,       12351,                        1083.0,          27422.77,    25.66,          1235.1
     13438, India, Soybeans      , 2007,       12351,                        1083.0,          27422.77,    26.27,          1235.1
     13439, India, Soybeans      , 2007,       12351,                        1083.0,          27422.77,    25.44,          1235.1
     13440, India, Soybeans      , 2007,       12351,                        1083.0,          27422.77,    24.6 ,          1235.1
     13441, India, Soybeans      , 2007,       12351,                        1083.0,          27422.77,    26.39,          1235.1
     13442, India, Soybeans      , 2007,       12351,                        1083.0,          27422.77,    26.15,          1235.1
     13443, India, Soybeans      , 2007,       12351,                        1083.0,          27422.77,    25.59,          1235.1
     13444, India, Soybeans      , 2007,       12351,                        1083.0,          27422.77,    25.58,          1235.1
     13445, India, Soybeans      , 2007,       12351,                        1083.0,          27422.77,    27.23,          1235.1
     13446, India, Soybeans      , 2007,       12351,                        1083.0,          27422.77,    24.59,          1235.1
     13447, India, Soybeans      , 2007,       12351,                        1083.0,          27422.77,    27.31,          1235.1
     13448, India, Soybeans      , 2007,       12351,                        1083.0,          27422.77,    27.31,          1235.1
     13449, India, Soybeans      , 2007,       12351,                        1083.0,          27422.77,    25.82,          1235.1
     13450, India, Sweet potatoes, 2007,       86976,                        1083.0,          27422.77,    26.0 ,          8697.6
     13451, India, Sweet potatoes, 2007,       86976,                        1083.0,          27422.77,    27.51,          8697.6
     13452, India, Sweet potatoes, 2007,       86976,                        1083.0,          27422.77,    25.98,          8697.6
     13453, India, Sweet potatoes, 2007,       86976,                        1083.0,          27422.77,    24.6 ,          8697.6
     13454, India, Sweet potatoes, 2007,       86976,                        1083.0,          27422.77,    25.46,          8697.6
     13455, India, Sweet potatoes, 2007,       86976,                        1083.0,          27422.77,    25.95,          8697.6
     13456, India, Sweet potatoes, 2007,       86976,                        1083.0,          27422.77,    26.15,          8697.6
     13457, India, Sweet potatoes, 2007,       86976,                        1083.0,          27422.77,    26.58,          8697.6
     13458, India, Sweet potatoes, 2007,       86976,                        1083.0,          27422.77,    27.55,          8697.6
     13459, India, Sweet potatoes, 2007,       86976,                        1083.0,          27422.77,    25.66,          8697.6
     13460, India, Sweet potatoes, 2007,       86976,                        1083.0,          27422.77,    26.27,          8697.6
     13461, India, Sweet potatoes, 2007,       86976,                        1083.0,          27422.77,    25.44,          8697.6
     13462, India, Sweet potatoes, 2007,       86976,                        1083.0,          27422.77,    24.6 ,          8697.6
     13463, India, Sweet potatoes, 2007,       86976,                        1083.0,          27422.77,    26.39,          8697.6
     13464, India, Sweet potatoes, 2007,       86976,                        1083.0,          27422.77,    26.15,          8697.6
     13465, India, Sweet potatoes, 2007,       86976,                        1083.0,          27422.77,    25.59,          8697.6
     13466, India, Sweet potatoes, 2007,       86976,                        1083.0,          27422.77,    25.58,          8697.6
     13467, India, Sweet potatoes, 2007,       86976,                        1083.0,          27422.77,    27.23,          8697.6
     13468, India, Sweet potatoes, 2007,       86976,                        1083.0,          27422.77,    24.59,          8697.6
     13469, India, Sweet potatoes, 2007,       86976,                        1083.0,          27422.77,    27.31,          8697.6
     13470, India, Sweet potatoes, 2007,       86976,                        1083.0,          27422.77,    27.31,          8697.6
     13471, India, Sweet potatoes, 2007,       86976,                        1083.0,          27422.77,    25.82,          8697.6
     13472, India, Wheat         , 2007,       27079,                        1083.0,          27422.77,    26.0 ,          2707.9
     13473, India, Wheat         , 2007,       27079,                        1083.0,          27422.77,    27.51,          2707.9
     13474, India, Wheat         , 2007,       27079,                        1083.0,          27422.77,    25.98,          2707.9
     13475, India, Wheat         , 2007,       27079,                        1083.0,          27422.77,    24.6 ,          2707.9
     13476, India, Wheat         , 2007,       27079,                        1083.0,          27422.77,    25.46,          2707.9
     13477, India, Wheat         , 2007,       27079,                        1083.0,          27422.77,    25.95,          2707.9
     13478, India, Wheat         , 2007,       27079,                        1083.0,          27422.77,    26.15,          2707.9
     13479, India, Wheat         , 2007,       27079,                        1083.0,          27422.77,    26.58,          2707.9
     13480, India, Wheat         , 2007,       27079,                        1083.0,          27422.77,    27.55,          2707.9
     13481, India, Wheat         , 2007,       27079,                        1083.0,          27422.77,    25.66,          2707.9
     13482, India, Wheat         , 2007,       27079,                        1083.0,          27422.77,    26.27,          2707.9
     13483, India, Wheat         , 2007,       27079,                        1083.0,          27422.77,    25.44,          2707.9
     13484, India, Wheat         , 2007,       27079,                        1083.0,          27422.77,    24.6 ,          2707.9
     13485, India, Wheat         , 2007,       27079,                        1083.0,          27422.77,    26.39,          2707.9
     13486, India, Wheat         , 2007,       27079,                        1083.0,          27422.77,    26.15,          2707.9
     13487, India, Wheat         , 2007,       27079,                        1083.0,          27422.77,    25.59,          2707.9
     13488, India, Wheat         , 2007,       27079,                        1083.0,          27422.77,    25.58,          2707.9
     13489, India, Wheat         , 2007,       27079,                        1083.0,          27422.77,    27.23,          2707.9
     13490, India, Wheat         , 2007,       27079,                        1083.0,          27422.77,    24.59,          2707.9
     13491, India, Wheat         , 2007,       27079,                        1083.0,          27422.77,    27.31,          2707.9
     13492, India, Wheat         , 2007,       27079,                        1083.0,          27422.77,    27.31,          2707.9
     13493, India, Wheat         , 2007,       27079,                        1083.0,          27422.77,    25.82,          2707.9
     13494, India, Cassava       , 2008,      335407,                        1083.0,          14485.33,    25.57,         33540.7
     13495, India, Cassava       , 2008,      335407,                        1083.0,          14485.33,    27.05,         33540.7
     13496, India, Cassava       , 2008,      335407,                        1083.0,          14485.33,    25.78,         33540.7
     13497, India, Cassava       , 2008,      335407,                        1083.0,          14485.33,    24.25,         33540.7
     13498, India, Cassava       , 2008,      335407,                        1083.0,          14485.33,    25.35,         33540.7
     13499, India, Cassava       , 2008,      335407,                        1083.0,          14485.33,    25.65,         33540.7
     13500, India, Cassava       , 2008,      335407,                        1083.0,          14485.33,    25.68,         33540.7
     13501, India, Cassava       , 2008,      335407,                        1083.0,          14485.33,    26.52,         33540.7
     13502, India, Cassava       , 2008,      335407,                        1083.0,          14485.33,    27.45,         33540.7
     13503, India, Cassava       , 2008,      335407,                        1083.0,          14485.33,    25.3 ,         33540.7
     13504, India, Cassava       , 2008,      335407,                        1083.0,          14485.33,    25.88,         33540.7
     13505, India, Cassava       , 2008,      335407,                        1083.0,          14485.33,    25.11,         33540.7
     13506, India, Cassava       , 2008,      335407,                        1083.0,          14485.33,    24.25,         33540.7
     13507, India, Cassava       , 2008,      335407,                        1083.0,          14485.33,    26.19,         33540.7
     13508, India, Cassava       , 2008,      335407,                        1083.0,          14485.33,    25.68,         33540.7
     13509, India, Cassava       , 2008,      335407,                        1083.0,          14485.33,    25.56,         33540.7
     13510, India, Cassava       , 2008,      335407,                        1083.0,          14485.33,    25.23,         33540.7
     13511, India, Cassava       , 2008,      335407,                        1083.0,          14485.33,    26.51,         33540.7
     13512, India, Cassava       , 2008,      335407,                        1083.0,          14485.33,    24.51,         33540.7
     13513, India, Cassava       , 2008,      335407,                        1083.0,          14485.33,    26.83,         33540.7
     13514, India, Cassava       , 2008,      335407,                        1083.0,          14485.33,    26.83,         33540.7
     13515, India, Cassava       , 2008,      335407,                        1083.0,          14485.33,    25.66,         33540.7
     13516, India, Maize         , 2008,       24140,                        1083.0,          14485.33,    25.57,          2414.0
     13517, India, Maize         , 2008,       24140,                        1083.0,          14485.33,    27.05,          2414.0
     13518, India, Maize         , 2008,       24140,                        1083.0,          14485.33,    25.78,          2414.0
     13519, India, Maize         , 2008,       24140,                        1083.0,          14485.33,    24.25,          2414.0
     13520, India, Maize         , 2008,       24140,                        1083.0,          14485.33,    25.35,          2414.0
     13521, India, Maize         , 2008,       24140,                        1083.0,          14485.33,    25.65,          2414.0
     13522, India, Maize         , 2008,       24140,                        1083.0,          14485.33,    25.68,          2414.0
     13523, India, Maize         , 2008,       24140,                        1083.0,          14485.33,    26.52,          2414.0
     13524, India, Maize         , 2008,       24140,                        1083.0,          14485.33,    27.45,          2414.0
     13525, India, Maize         , 2008,       24140,                        1083.0,          14485.33,    25.3 ,          2414.0
     13526, India, Maize         , 2008,       24140,                        1083.0,          14485.33,    25.88,          2414.0
     13527, India, Maize         , 2008,       24140,                        1083.0,          14485.33,    25.11,          2414.0
     13528, India, Maize         , 2008,       24140,                        1083.0,          14485.33,    24.25,          2414.0
     13529, India, Maize         , 2008,       24140,                        1083.0,          14485.33,    26.19,          2414.0
     13530, India, Maize         , 2008,       24140,                        1083.0,          14485.33,    25.68,          2414.0
     13531, India, Maize         , 2008,       24140,                        1083.0,          14485.33,    25.56,          2414.0
     13532, India, Maize         , 2008,       24140,                        1083.0,          14485.33,    25.23,          2414.0
     13533, India, Maize         , 2008,       24140,                        1083.0,          14485.33,    26.51,          2414.0
     13534, India, Maize         , 2008,       24140,                        1083.0,          14485.33,    24.51,          2414.0
     13535, India, Maize         , 2008,       24140,                        1083.0,          14485.33,    26.83,          2414.0
     13536, India, Maize         , 2008,       24140,                        1083.0,          14485.33,    26.83,          2414.0
     13537, India, Maize         , 2008,       24140,                        1083.0,          14485.33,    25.66,          2414.0
     13538, India, Potatoes      , 2008,      192973,                        1083.0,          14485.33,    25.57,         19297.3
     13539, India, Potatoes      , 2008,      192973,                        1083.0,          14485.33,    27.05,         19297.3
     13540, India, Potatoes      , 2008,      192973,                        1083.0,          14485.33,    25.78,         19297.3
     13541, India, Potatoes      , 2008,      192973,                        1083.0,          14485.33,    24.25,         19297.3
     13542, India, Potatoes      , 2008,      192973,                        1083.0,          14485.33,    25.35,         19297.3
     13543, India, Potatoes      , 2008,      192973,                        1083.0,          14485.33,    25.65,         19297.3
     13544, India, Potatoes      , 2008,      192973,                        1083.0,          14485.33,    25.68,         19297.3
     13545, India, Potatoes      , 2008,      192973,                        1083.0,          14485.33,    26.52,         19297.3
     13546, India, Potatoes      , 2008,      192973,                        1083.0,          14485.33,    27.45,         19297.3
     13547, India, Potatoes      , 2008,      192973,                        1083.0,          14485.33,    25.3 ,         19297.3
     13548, India, Potatoes      , 2008,      192973,                        1083.0,          14485.33,    25.88,         19297.3
     13549, India, Potatoes      , 2008,      192973,                        1083.0,          14485.33,    25.11,         19297.3
     13550, India, Potatoes      , 2008,      192973,                        1083.0,          14485.33,    24.25,         19297.3
     13551, India, Potatoes      , 2008,      192973,                        1083.0,          14485.33,    26.19,         19297.3
     13552, India, Potatoes      , 2008,      192973,                        1083.0,          14485.33,    25.68,         19297.3
     13553, India, Potatoes      , 2008,      192973,                        1083.0,          14485.33,    25.56,         19297.3
     13554, India, Potatoes      , 2008,      192973,                        1083.0,          14485.33,    25.23,         19297.3
     13555, India, Potatoes      , 2008,      192973,                        1083.0,          14485.33,    26.51,         19297.3
     13556, India, Potatoes      , 2008,      192973,                        1083.0,          14485.33,    24.51,         19297.3
     13557, India, Potatoes      , 2008,      192973,                        1083.0,          14485.33,    26.83,         19297.3
     13558, India, Potatoes      , 2008,      192973,                        1083.0,          14485.33,    26.83,         19297.3
     13559, India, Potatoes      , 2008,      192973,                        1083.0,          14485.33,    25.66,         19297.3
     13560, India, "Rice, paddy" , 2008,       32509,                        1083.0,          14485.33,    25.57,          3250.9
     13561, India, "Rice, paddy" , 2008,       32509,                        1083.0,          14485.33,    27.05,          3250.9
     13562, India, "Rice, paddy" , 2008,       32509,                        1083.0,          14485.33,    25.78,          3250.9
     13563, India, "Rice, paddy" , 2008,       32509,                        1083.0,          14485.33,    24.25,          3250.9
     13564, India, "Rice, paddy" , 2008,       32509,                        1083.0,          14485.33,    25.35,          3250.9
     13565, India, "Rice, paddy" , 2008,       32509,                        1083.0,          14485.33,    25.65,          3250.9
     13566, India, "Rice, paddy" , 2008,       32509,                        1083.0,          14485.33,    25.68,          3250.9
     13567, India, "Rice, paddy" , 2008,       32509,                        1083.0,          14485.33,    26.52,          3250.9
     13568, India, "Rice, paddy" , 2008,       32509,                        1083.0,          14485.33,    27.45,          3250.9
     13569, India, "Rice, paddy" , 2008,       32509,                        1083.0,          14485.33,    25.3 ,          3250.9
     13570, India, "Rice, paddy" , 2008,       32509,                        1083.0,          14485.33,    25.88,          3250.9
     13571, India, "Rice, paddy" , 2008,       32509,                        1083.0,          14485.33,    25.11,          3250.9
     13572, India, "Rice, paddy" , 2008,       32509,                        1083.0,          14485.33,    24.25,          3250.9
     13573, India, "Rice, paddy" , 2008,       32509,                        1083.0,          14485.33,    26.19,          3250.9
     13574, India, "Rice, paddy" , 2008,       32509,                        1083.0,          14485.33,    25.68,          3250.9
     13575, India, "Rice, paddy" , 2008,       32509,                        1083.0,          14485.33,    25.56,          3250.9
     13576, India, "Rice, paddy" , 2008,       32509,                        1083.0,          14485.33,    25.23,          3250.9
     13577, India, "Rice, paddy" , 2008,       32509,                        1083.0,          14485.33,    26.51,          3250.9
     13578, India, "Rice, paddy" , 2008,       32509,                        1083.0,          14485.33,    24.51,          3250.9
     13579, India, "Rice, paddy" , 2008,       32509,                        1083.0,          14485.33,    26.83,          3250.9
     13580, India, "Rice, paddy" , 2008,       32509,                        1083.0,          14485.33,    26.83,          3250.9
     13581, India, "Rice, paddy" , 2008,       32509,                        1083.0,          14485.33,    25.66,          3250.9
     13582, India, Sorghum       , 2008,       10209,                        1083.0,          14485.33,    25.57,          1020.9
     13583, India, Sorghum       , 2008,       10209,                        1083.0,          14485.33,    27.05,          1020.9
     13584, India, Sorghum       , 2008,       10209,                        1083.0,          14485.33,    25.78,          1020.9
     13585, India, Sorghum       , 2008,       10209,                        1083.0,          14485.33,    24.25,          1020.9
     13586, India, Sorghum       , 2008,       10209,                        1083.0,          14485.33,    25.35,          1020.9
     13587, India, Sorghum       , 2008,       10209,                        1083.0,          14485.33,    25.65,          1020.9
     13588, India, Sorghum       , 2008,       10209,                        1083.0,          14485.33,    25.68,          1020.9
     13589, India, Sorghum       , 2008,       10209,                        1083.0,          14485.33,    26.52,          1020.9
     13590, India, Sorghum       , 2008,       10209,                        1083.0,          14485.33,    27.45,          1020.9
     13591, India, Sorghum       , 2008,       10209,                        1083.0,          14485.33,    25.3 ,          1020.9
     13592, India, Sorghum       , 2008,       10209,                        1083.0,          14485.33,    25.88,          1020.9
     13593, India, Sorghum       , 2008,       10209,                        1083.0,          14485.33,    25.11,          1020.9
     13594, India, Sorghum       , 2008,       10209,                        1083.0,          14485.33,    24.25,          1020.9
     13595, India, Sorghum       , 2008,       10209,                        1083.0,          14485.33,    26.19,          1020.9
     13596, India, Sorghum       , 2008,       10209,                        1083.0,          14485.33,    25.68,          1020.9
     13597, India, Sorghum       , 2008,       10209,                        1083.0,          14485.33,    25.56,          1020.9
     13598, India, Sorghum       , 2008,       10209,                        1083.0,          14485.33,    25.23,          1020.9
     13599, India, Sorghum       , 2008,       10209,                        1083.0,          14485.33,    26.51,          1020.9
     13600, India, Sorghum       , 2008,       10209,                        1083.0,          14485.33,    24.51,          1020.9
     13601, India, Sorghum       , 2008,       10209,                        1083.0,          14485.33,    26.83,          1020.9
     13602, India, Sorghum       , 2008,       10209,                        1083.0,          14485.33,    26.83,          1020.9
     13603, India, Sorghum       , 2008,       10209,                        1083.0,          14485.33,    25.66,          1020.9
     13604, India, Soybeans      , 2008,       10415,                        1083.0,          14485.33,    25.57,          1041.5
     13605, India, Soybeans      , 2008,       10415,                        1083.0,          14485.33,    27.05,          1041.5
     13606, India, Soybeans      , 2008,       10415,                        1083.0,          14485.33,    25.78,          1041.5
     13607, India, Soybeans      , 2008,       10415,                        1083.0,          14485.33,    24.25,          1041.5
     13608, India, Soybeans      , 2008,       10415,                        1083.0,          14485.33,    25.35,          1041.5
     13609, India, Soybeans      , 2008,       10415,                        1083.0,          14485.33,    25.65,          1041.5
     13610, India, Soybeans      , 2008,       10415,                        1083.0,          14485.33,    25.68,          1041.5
     13611, India, Soybeans      , 2008,       10415,                        1083.0,          14485.33,    26.52,          1041.5
     13612, India, Soybeans      , 2008,       10415,                        1083.0,          14485.33,    27.45,          1041.5
     13613, India, Soybeans      , 2008,       10415,                        1083.0,          14485.33,    25.3 ,          1041.5
     13614, India, Soybeans      , 2008,       10415,                        1083.0,          14485.33,    25.88,          1041.5
     13615, India, Soybeans      , 2008,       10415,                        1083.0,          14485.33,    25.11,          1041.5
     13616, India, Soybeans      , 2008,       10415,                        1083.0,          14485.33,    24.25,          1041.5
     13617, India, Soybeans      , 2008,       10415,                        1083.0,          14485.33,    26.19,          1041.5
     13618, India, Soybeans      , 2008,       10415,                        1083.0,          14485.33,    25.68,          1041.5
     13619, India, Soybeans      , 2008,       10415,                        1083.0,          14485.33,    25.56,          1041.5
     13620, India, Soybeans      , 2008,       10415,                        1083.0,          14485.33,    25.23,          1041.5
     13621, India, Soybeans      , 2008,       10415,                        1083.0,          14485.33,    26.51,          1041.5
     13622, India, Soybeans      , 2008,       10415,                        1083.0,          14485.33,    24.51,          1041.5
     13623, India, Soybeans      , 2008,       10415,                        1083.0,          14485.33,    26.83,          1041.5
     13624, India, Soybeans      , 2008,       10415,                        1083.0,          14485.33,    26.83,          1041.5
     13625, India, Soybeans      , 2008,       10415,                        1083.0,          14485.33,    25.66,          1041.5
     13626, India, Sweet potatoes, 2008,       88943,                        1083.0,          14485.33,    25.57,          8894.3
     13627, India, Sweet potatoes, 2008,       88943,                        1083.0,          14485.33,    27.05,          8894.3
     13628, India, Sweet potatoes, 2008,       88943,                        1083.0,          14485.33,    25.78,          8894.3
     13629, India, Sweet potatoes, 2008,       88943,                        1083.0,          14485.33,    24.25,          8894.3
     13630, India, Sweet potatoes, 2008,       88943,                        1083.0,          14485.33,    25.35,          8894.3
     13631, India, Sweet potatoes, 2008,       88943,                        1083.0,          14485.33,    25.65,          8894.3
     13632, India, Sweet potatoes, 2008,       88943,                        1083.0,          14485.33,    25.68,          8894.3
     13633, India, Sweet potatoes, 2008,       88943,                        1083.0,          14485.33,    26.52,          8894.3
     13634, India, Sweet potatoes, 2008,       88943,                        1083.0,          14485.33,    27.45,          8894.3
     13635, India, Sweet potatoes, 2008,       88943,                        1083.0,          14485.33,    25.3 ,          8894.3
     13636, India, Sweet potatoes, 2008,       88943,                        1083.0,          14485.33,    25.88,          8894.3
     13637, India, Sweet potatoes, 2008,       88943,                        1083.0,          14485.33,    25.11,          8894.3
     13638, India, Sweet potatoes, 2008,       88943,                        1083.0,          14485.33,    24.25,          8894.3
     13639, India, Sweet potatoes, 2008,       88943,                        1083.0,          14485.33,    26.19,          8894.3
     13640, India, Sweet potatoes, 2008,       88943,                        1083.0,          14485.33,    25.68,          8894.3
     13641, India, Sweet potatoes, 2008,       88943,                        1083.0,          14485.33,    25.56,          8894.3
     13642, India, Sweet potatoes, 2008,       88943,                        1083.0,          14485.33,    25.23,          8894.3
     13643, India, Sweet potatoes, 2008,       88943,                        1083.0,          14485.33,    26.51,          8894.3
     13644, India, Sweet potatoes, 2008,       88943,                        1083.0,          14485.33,    24.51,          8894.3
     13645, India, Sweet potatoes, 2008,       88943,                        1083.0,          14485.33,    26.83,          8894.3
     13646, India, Sweet potatoes, 2008,       88943,                        1083.0,          14485.33,    26.83,          8894.3
     13647, India, Sweet potatoes, 2008,       88943,                        1083.0,          14485.33,    25.66,          8894.3
     13648, India, Wheat         , 2008,       28022,                        1083.0,          14485.33,    25.57,          2802.2
     13649, India, Wheat         , 2008,       28022,                        1083.0,          14485.33,    27.05,          2802.2
     13650, India, Wheat         , 2008,       28022,                        1083.0,          14485.33,    25.78,          2802.2
     13651, India, Wheat         , 2008,       28022,                        1083.0,          14485.33,    24.25,          2802.2
     13652, India, Wheat         , 2008,       28022,                        1083.0,          14485.33,    25.35,          2802.2
     13653, India, Wheat         , 2008,       28022,                        1083.0,          14485.33,    25.65,          2802.2
     13654, India, Wheat         , 2008,       28022,                        1083.0,          14485.33,    25.68,          2802.2
     13655, India, Wheat         , 2008,       28022,                        1083.0,          14485.33,    26.52,          2802.2
     13656, India, Wheat         , 2008,       28022,                        1083.0,          14485.33,    27.45,          2802.2
     13657, India, Wheat         , 2008,       28022,                        1083.0,          14485.33,    25.3 ,          2802.2
     13658, India, Wheat         , 2008,       28022,                        1083.0,          14485.33,    25.88,          2802.2
     13659, India, Wheat         , 2008,       28022,                        1083.0,          14485.33,    25.11,          2802.2
     13660, India, Wheat         , 2008,       28022,                        1083.0,          14485.33,    24.25,          2802.2
     13661, India, Wheat         , 2008,       28022,                        1083.0,          14485.33,    26.19,          2802.2
     13662, India, Wheat         , 2008,       28022,                        1083.0,          14485.33,    25.68,          2802.2
     13663, India, Wheat         , 2008,       28022,                        1083.0,          14485.33,    25.56,          2802.2
     13664, India, Wheat         , 2008,       28022,                        1083.0,          14485.33,    25.23,          2802.2
     13665, India, Wheat         , 2008,       28022,                        1083.0,          14485.33,    26.51,          2802.2
     13666, India, Wheat         , 2008,       28022,                        1083.0,          14485.33,    24.51,          2802.2
     13667, India, Wheat         , 2008,       28022,                        1083.0,          14485.33,    26.83,          2802.2
     13668, India, Wheat         , 2008,       28022,                        1083.0,          14485.33,    26.83,          2802.2
     13669, India, Wheat         , 2008,       28022,                        1083.0,          14485.33,    25.66,          2802.2
     13670, India, Cassava       , 2009,      343433,                        1083.0,          28707.01,    26.55,         34343.3
     13671, India, Cassava       , 2009,      343433,                        1083.0,          28707.01,    28.1 ,         34343.3
     13672, India, Cassava       , 2009,      343433,                        1083.0,          28707.01,    26.76,         34343.3
     13673, India, Cassava       , 2009,      343433,                        1083.0,          28707.01,    24.87,         34343.3
     13674, India, Cassava       , 2009,      343433,                        1083.0,          28707.01,    25.73,         34343.3
     13675, India, Cassava       , 2009,      343433,                        1083.0,          28707.01,    26.68,         34343.3
     13676, India, Cassava       , 2009,      343433,                        1083.0,          28707.01,    26.55,         34343.3
     13677, India, Cassava       , 2009,      343433,                        1083.0,          28707.01,    27.15,         34343.3
     13678, India, Cassava       , 2009,      343433,                        1083.0,          28707.01,    28.03,         34343.3
     13679, India, Cassava       , 2009,      343433,                        1083.0,          28707.01,    26.41,         34343.3
     13680, India, Cassava       , 2009,      343433,                        1083.0,          28707.01,    26.92,         34343.3
     13681, India, Cassava       , 2009,      343433,                        1083.0,          28707.01,    25.99,         34343.3
     13682, India, Cassava       , 2009,      343433,                        1083.0,          28707.01,    24.87,         34343.3
     13683, India, Cassava       , 2009,      343433,                        1083.0,          28707.01,    27.14,         34343.3
     13684, India, Cassava       , 2009,      343433,                        1083.0,          28707.01,    26.55,         34343.3
     13685, India, Cassava       , 2009,      343433,                        1083.0,          28707.01,    26.31,         34343.3
     13686, India, Cassava       , 2009,      343433,                        1083.0,          28707.01,    25.87,         34343.3
     13687, India, Cassava       , 2009,      343433,                        1083.0,          28707.01,    27.43,         34343.3
     13688, India, Cassava       , 2009,      343433,                        1083.0,          28707.01,    25.38,         34343.3
     13689, India, Cassava       , 2009,      343433,                        1083.0,          28707.01,    27.82,         34343.3
     13690, India, Cassava       , 2009,      343433,                        1083.0,          28707.01,    27.82,         34343.3
     13691, India, Cassava       , 2009,      343433,                        1083.0,          28707.01,    26.55,         34343.3
     13692, India, Maize         , 2009,       20238,                        1083.0,          28707.01,    26.55,          2023.8
     13693, India, Maize         , 2009,       20238,                        1083.0,          28707.01,    28.1 ,          2023.8
     13694, India, Maize         , 2009,       20238,                        1083.0,          28707.01,    26.76,          2023.8
     13695, India, Maize         , 2009,       20238,                        1083.0,          28707.01,    24.87,          2023.8
     13696, India, Maize         , 2009,       20238,                        1083.0,          28707.01,    25.73,          2023.8
     13697, India, Maize         , 2009,       20238,                        1083.0,          28707.01,    26.68,          2023.8
     13698, India, Maize         , 2009,       20238,                        1083.0,          28707.01,    26.55,          2023.8
     13699, India, Maize         , 2009,       20238,                        1083.0,          28707.01,    27.15,          2023.8
     13700, India, Maize         , 2009,       20238,                        1083.0,          28707.01,    28.03,          2023.8
     13701, India, Maize         , 2009,       20238,                        1083.0,          28707.01,    26.41,          2023.8
     13702, India, Maize         , 2009,       20238,                        1083.0,          28707.01,    26.92,          2023.8
     13703, India, Maize         , 2009,       20238,                        1083.0,          28707.01,    25.99,          2023.8
     13704, India, Maize         , 2009,       20238,                        1083.0,          28707.01,    24.87,          2023.8
     13705, India, Maize         , 2009,       20238,                        1083.0,          28707.01,    27.14,          2023.8
     13706, India, Maize         , 2009,       20238,                        1083.0,          28707.01,    26.55,          2023.8
     13707, India, Maize         , 2009,       20238,                        1083.0,          28707.01,    26.31,          2023.8
     13708, India, Maize         , 2009,       20238,                        1083.0,          28707.01,    25.87,          2023.8
     13709, India, Maize         , 2009,       20238,                        1083.0,          28707.01,    27.43,          2023.8
     13710, India, Maize         , 2009,       20238,                        1083.0,          28707.01,    25.38,          2023.8
     13711, India, Maize         , 2009,       20238,                        1083.0,          28707.01,    27.82,          2023.8
     13712, India, Maize         , 2009,       20238,                        1083.0,          28707.01,    27.82,          2023.8
     13713, India, Maize         , 2009,       20238,                        1083.0,          28707.01,    26.55,          2023.8
     13714, India, Potatoes      , 2009,      188103,                        1083.0,          28707.01,    26.55,         18810.3
     13715, India, Potatoes      , 2009,      188103,                        1083.0,          28707.01,    28.1 ,         18810.3
     13716, India, Potatoes      , 2009,      188103,                        1083.0,          28707.01,    26.76,         18810.3
     13717, India, Potatoes      , 2009,      188103,                        1083.0,          28707.01,    24.87,         18810.3
     13718, India, Potatoes      , 2009,      188103,                        1083.0,          28707.01,    25.73,         18810.3
     13719, India, Potatoes      , 2009,      188103,                        1083.0,          28707.01,    26.68,         18810.3
     13720, India, Potatoes      , 2009,      188103,                        1083.0,          28707.01,    26.55,         18810.3
     13721, India, Potatoes      , 2009,      188103,                        1083.0,          28707.01,    27.15,         18810.3
     13722, India, Potatoes      , 2009,      188103,                        1083.0,          28707.01,    28.03,         18810.3
     13723, India, Potatoes      , 2009,      188103,                        1083.0,          28707.01,    26.41,         18810.3
     13724, India, Potatoes      , 2009,      188103,                        1083.0,          28707.01,    26.92,         18810.3
     13725, India, Potatoes      , 2009,      188103,                        1083.0,          28707.01,    25.99,         18810.3
     13726, India, Potatoes      , 2009,      188103,                        1083.0,          28707.01,    24.87,         18810.3
     13727, India, Potatoes      , 2009,      188103,                        1083.0,          28707.01,    27.14,         18810.3
     13728, India, Potatoes      , 2009,      188103,                        1083.0,          28707.01,    26.55,         18810.3
     13729, India, Potatoes      , 2009,      188103,                        1083.0,          28707.01,    26.31,         18810.3
     13730, India, Potatoes      , 2009,      188103,                        1083.0,          28707.01,    25.87,         18810.3
     13731, India, Potatoes      , 2009,      188103,                        1083.0,          28707.01,    27.43,         18810.3
     13732, India, Potatoes      , 2009,      188103,                        1083.0,          28707.01,    25.38,         18810.3
     13733, India, Potatoes      , 2009,      188103,                        1083.0,          28707.01,    27.82,         18810.3
     13734, India, Potatoes      , 2009,      188103,                        1083.0,          28707.01,    27.82,         18810.3
     13735, India, Potatoes      , 2009,      188103,                        1083.0,          28707.01,    26.55,         18810.3
     13736, India, "Rice, paddy" , 2009,       32366,                        1083.0,          28707.01,    26.55,          3236.6
     13737, India, "Rice, paddy" , 2009,       32366,                        1083.0,          28707.01,    28.1 ,          3236.6
     13738, India, "Rice, paddy" , 2009,       32366,                        1083.0,          28707.01,    26.76,          3236.6
     13739, India, "Rice, paddy" , 2009,       32366,                        1083.0,          28707.01,    24.87,          3236.6
     13740, India, "Rice, paddy" , 2009,       32366,                        1083.0,          28707.01,    25.73,          3236.6
     13741, India, "Rice, paddy" , 2009,       32366,                        1083.0,          28707.01,    26.68,          3236.6
     13742, India, "Rice, paddy" , 2009,       32366,                        1083.0,          28707.01,    26.55,          3236.6
     13743, India, "Rice, paddy" , 2009,       32366,                        1083.0,          28707.01,    27.15,          3236.6
     13744, India, "Rice, paddy" , 2009,       32366,                        1083.0,          28707.01,    28.03,          3236.6
     13745, India, "Rice, paddy" , 2009,       32366,                        1083.0,          28707.01,    26.41,          3236.6
     13746, India, "Rice, paddy" , 2009,       32366,                        1083.0,          28707.01,    26.92,          3236.6
     13747, India, "Rice, paddy" , 2009,       32366,                        1083.0,          28707.01,    25.99,          3236.6
     13748, India, "Rice, paddy" , 2009,       32366,                        1083.0,          28707.01,    24.87,          3236.6
     13749, India, "Rice, paddy" , 2009,       32366,                        1083.0,          28707.01,    27.14,          3236.6
     13750, India, "Rice, paddy" , 2009,       32366,                        1083.0,          28707.01,    26.55,          3236.6
     13751, India, "Rice, paddy" , 2009,       32366,                        1083.0,          28707.01,    26.31,          3236.6
     13752, India, "Rice, paddy" , 2009,       32366,                        1083.0,          28707.01,    25.87,          3236.6
     13753, India, "Rice, paddy" , 2009,       32366,                        1083.0,          28707.01,    27.43,          3236.6
     13754, India, "Rice, paddy" , 2009,       32366,                        1083.0,          28707.01,    25.38,          3236.6
     13755, India, "Rice, paddy" , 2009,       32366,                        1083.0,          28707.01,    27.82,          3236.6
     13756, India, "Rice, paddy" , 2009,       32366,                        1083.0,          28707.01,    27.82,          3236.6
     13757, India, "Rice, paddy" , 2009,       32366,                        1083.0,          28707.01,    26.55,          3236.6
     13758, India, Sorghum       , 2009,        9621,                        1083.0,          28707.01,    26.55,           962.1
     13759, India, Sorghum       , 2009,        9621,                        1083.0,          28707.01,    28.1 ,           962.1
     13760, India, Sorghum       , 2009,        9621,                        1083.0,          28707.01,    26.76,           962.1
     13761, India, Sorghum       , 2009,        9621,                        1083.0,          28707.01,    24.87,           962.1
     13762, India, Sorghum       , 2009,        9621,                        1083.0,          28707.01,    25.73,           962.1
     13763, India, Sorghum       , 2009,        9621,                        1083.0,          28707.01,    26.68,           962.1
     13764, India, Sorghum       , 2009,        9621,                        1083.0,          28707.01,    26.55,           962.1
     13765, India, Sorghum       , 2009,        9621,                        1083.0,          28707.01,    27.15,           962.1
     13766, India, Sorghum       , 2009,        9621,                        1083.0,          28707.01,    28.03,           962.1
     13767, India, Sorghum       , 2009,        9621,                        1083.0,          28707.01,    26.41,           962.1
     13768, India, Sorghum       , 2009,        9621,                        1083.0,          28707.01,    26.92,           962.1
     13769, India, Sorghum       , 2009,        9621,                        1083.0,          28707.01,    25.99,           962.1
     13770, India, Sorghum       , 2009,        9621,                        1083.0,          28707.01,    24.87,           962.1
     13771, India, Sorghum       , 2009,        9621,                        1083.0,          28707.01,    27.14,           962.1
     13772, India, Sorghum       , 2009,        9621,                        1083.0,          28707.01,    26.55,           962.1
     13773, India, Sorghum       , 2009,        9621,                        1083.0,          28707.01,    26.31,           962.1
     13774, India, Sorghum       , 2009,        9621,                        1083.0,          28707.01,    25.87,           962.1
     13775, India, Sorghum       , 2009,        9621,                        1083.0,          28707.01,    27.43,           962.1
     13776, India, Sorghum       , 2009,        9621,                        1083.0,          28707.01,    25.38,           962.1
     13777, India, Sorghum       , 2009,        9621,                        1083.0,          28707.01,    27.82,           962.1
     13778, India, Sorghum       , 2009,        9621,                        1083.0,          28707.01,    27.82,           962.1
     13779, India, Sorghum       , 2009,        9621,                        1083.0,          28707.01,    26.55,           962.1
     13780, India, Soybeans      , 2009,       10236,                        1083.0,          28707.01,    26.55,          1023.6
     13781, India, Soybeans      , 2009,       10236,                        1083.0,          28707.01,    28.1 ,          1023.6
     13782, India, Soybeans      , 2009,       10236,                        1083.0,          28707.01,    26.76,          1023.6
     13783, India, Soybeans      , 2009,       10236,                        1083.0,          28707.01,    24.87,          1023.6
     13784, India, Soybeans      , 2009,       10236,                        1083.0,          28707.01,    25.73,          1023.6
     13785, India, Soybeans      , 2009,       10236,                        1083.0,          28707.01,    26.68,          1023.6
     13786, India, Soybeans      , 2009,       10236,                        1083.0,          28707.01,    26.55,          1023.6
     13787, India, Soybeans      , 2009,       10236,                        1083.0,          28707.01,    27.15,          1023.6
     13788, India, Soybeans      , 2009,       10236,                        1083.0,          28707.01,    28.03,          1023.6
     13789, India, Soybeans      , 2009,       10236,                        1083.0,          28707.01,    26.41,          1023.6
     13790, India, Soybeans      , 2009,       10236,                        1083.0,          28707.01,    26.92,          1023.6
     13791, India, Soybeans      , 2009,       10236,                        1083.0,          28707.01,    25.99,          1023.6
     13792, India, Soybeans      , 2009,       10236,                        1083.0,          28707.01,    24.87,          1023.6
     13793, India, Soybeans      , 2009,       10236,                        1083.0,          28707.01,    27.14,          1023.6
     13794, India, Soybeans      , 2009,       10236,                        1083.0,          28707.01,    26.55,          1023.6
     13795, India, Soybeans      , 2009,       10236,                        1083.0,          28707.01,    26.31,          1023.6
     13796, India, Soybeans      , 2009,       10236,                        1083.0,          28707.01,    25.87,          1023.6
     13797, India, Soybeans      , 2009,       10236,                        1083.0,          28707.01,    27.43,          1023.6
     13798, India, Soybeans      , 2009,       10236,                        1083.0,          28707.01,    25.38,          1023.6
     13799, India, Soybeans      , 2009,       10236,                        1083.0,          28707.01,    27.82,          1023.6
     13800, India, Soybeans      , 2009,       10236,                        1083.0,          28707.01,    27.82,          1023.6
     13801, India, Soybeans      , 2009,       10236,                        1083.0,          28707.01,    26.55,          1023.6
     13802, India, Sweet potatoes, 2009,       90080,                        1083.0,          28707.01,    26.55,          9008.0
     13803, India, Sweet potatoes, 2009,       90080,                        1083.0,          28707.01,    28.1 ,          9008.0
     13804, India, Sweet potatoes, 2009,       90080,                        1083.0,          28707.01,    26.76,          9008.0
     13805, India, Sweet potatoes, 2009,       90080,                        1083.0,          28707.01,    24.87,          9008.0
     13806, India, Sweet potatoes, 2009,       90080,                        1083.0,          28707.01,    25.73,          9008.0
     13807, India, Sweet potatoes, 2009,       90080,                        1083.0,          28707.01,    26.68,          9008.0
     13808, India, Sweet potatoes, 2009,       90080,                        1083.0,          28707.01,    26.55,          9008.0
     13809, India, Sweet potatoes, 2009,       90080,                        1083.0,          28707.01,    27.15,          9008.0
     13810, India, Sweet potatoes, 2009,       90080,                        1083.0,          28707.01,    28.03,          9008.0
     13811, India, Sweet potatoes, 2009,       90080,                        1083.0,          28707.01,    26.41,          9008.0
     13812, India, Sweet potatoes, 2009,       90080,                        1083.0,          28707.01,    26.92,          9008.0
     13813, India, Sweet potatoes, 2009,       90080,                        1083.0,          28707.01,    25.99,          9008.0
     13814, India, Sweet potatoes, 2009,       90080,                        1083.0,          28707.01,    24.87,          9008.0
     13815, India, Sweet potatoes, 2009,       90080,                        1083.0,          28707.01,    27.14,          9008.0
     13816, India, Sweet potatoes, 2009,       90080,                        1083.0,          28707.01,    26.55,          9008.0
     13817, India, Sweet potatoes, 2009,       90080,                        1083.0,          28707.01,    26.31,          9008.0
     13818, India, Sweet potatoes, 2009,       90080,                        1083.0,          28707.01,    25.87,          9008.0
     13819, India, Sweet potatoes, 2009,       90080,                        1083.0,          28707.01,    27.43,          9008.0
     13820, India, Sweet potatoes, 2009,       90080,                        1083.0,          28707.01,    25.38,          9008.0
     13821, India, Sweet potatoes, 2009,       90080,                        1083.0,          28707.01,    27.82,          9008.0
     13822, India, Sweet potatoes, 2009,       90080,                        1083.0,          28707.01,    27.82,          9008.0
     13823, India, Sweet potatoes, 2009,       90080,                        1083.0,          28707.01,    26.55,          9008.0
     13824, India, Wheat         , 2009,       29071,                        1083.0,          28707.01,    26.55,          2907.1
     13825, India, Wheat         , 2009,       29071,                        1083.0,          28707.01,    28.1 ,          2907.1
     13826, India, Wheat         , 2009,       29071,                        1083.0,          28707.01,    26.76,          2907.1
     13827, India, Wheat         , 2009,       29071,                        1083.0,          28707.01,    24.87,          2907.1
     13828, India, Wheat         , 2009,       29071,                        1083.0,          28707.01,    25.73,          2907.1
     13829, India, Wheat         , 2009,       29071,                        1083.0,          28707.01,    26.68,          2907.1
     13830, India, Wheat         , 2009,       29071,                        1083.0,          28707.01,    26.55,          2907.1
     13831, India, Wheat         , 2009,       29071,                        1083.0,          28707.01,    27.15,          2907.1
     13832, India, Wheat         , 2009,       29071,                        1083.0,          28707.01,    28.03,          2907.1
     13833, India, Wheat         , 2009,       29071,                        1083.0,          28707.01,    26.41,          2907.1
     13834, India, Wheat         , 2009,       29071,                        1083.0,          28707.01,    26.92,          2907.1
     13835, India, Wheat         , 2009,       29071,                        1083.0,          28707.01,    25.99,          2907.1
     13836, India, Wheat         , 2009,       29071,                        1083.0,          28707.01,    24.87,          2907.1
     13837, India, Wheat         , 2009,       29071,                        1083.0,          28707.01,    27.14,          2907.1
     13838, India, Wheat         , 2009,       29071,                        1083.0,          28707.01,    26.55,          2907.1
     13839, India, Wheat         , 2009,       29071,                        1083.0,          28707.01,    26.31,          2907.1
     13840, India, Wheat         , 2009,       29071,                        1083.0,          28707.01,    25.87,          2907.1
     13841, India, Wheat         , 2009,       29071,                        1083.0,          28707.01,    27.43,          2907.1
     13842, India, Wheat         , 2009,       29071,                        1083.0,          28707.01,    25.38,          2907.1
     13843, India, Wheat         , 2009,       29071,                        1083.0,          28707.01,    27.82,          2907.1
     13844, India, Wheat         , 2009,       29071,                        1083.0,          28707.01,    27.82,          2907.1
     13845, India, Wheat         , 2009,       29071,                        1083.0,          28707.01,    26.55,          2907.1
     13846, India, Cassava       , 2010,      347555,                        1083.0,          40093.69,    26.51,         34755.5
     13847, India, Cassava       , 2010,      347555,                        1083.0,          40093.69,    28.02,         34755.5
     13848, India, Cassava       , 2010,      347555,                        1083.0,          40093.69,    26.81,         34755.5
     13849, India, Cassava       , 2010,      347555,                        1083.0,          40093.69,    24.98,         34755.5
     13850, India, Cassava       , 2010,      347555,                        1083.0,          40093.69,    25.71,         34755.5
     13851, India, Cassava       , 2010,      347555,                        1083.0,          40093.69,    26.61,         34755.5
     13852, India, Cassava       , 2010,      347555,                        1083.0,          40093.69,    26.52,         34755.5
     13853, India, Cassava       , 2010,      347555,                        1083.0,          40093.69,    27.29,         34755.5
     13854, India, Cassava       , 2010,      347555,                        1083.0,          40093.69,    27.69,         34755.5
     13855, India, Cassava       , 2010,      347555,                        1083.0,          40093.69,    26.31,         34755.5
     13856, India, Cassava       , 2010,      347555,                        1083.0,          40093.69,    26.82,         34755.5
     13857, India, Cassava       , 2010,      347555,                        1083.0,          40093.69,    26.02,         34755.5
     13858, India, Cassava       , 2010,      347555,                        1083.0,          40093.69,    24.98,         34755.5
     13859, India, Cassava       , 2010,      347555,                        1083.0,          40093.69,    26.93,         34755.5
     13860, India, Cassava       , 2010,      347555,                        1083.0,          40093.69,    26.52,         34755.5
     13861, India, Cassava       , 2010,      347555,                        1083.0,          40093.69,    26.54,         34755.5
     13862, India, Cassava       , 2010,      347555,                        1083.0,          40093.69,    25.75,         34755.5
     13863, India, Cassava       , 2010,      347555,                        1083.0,          40093.69,    27.16,         34755.5
     13864, India, Cassava       , 2010,      347555,                        1083.0,          40093.69,    25.54,         34755.5
     13865, India, Cassava       , 2010,      347555,                        1083.0,          40093.69,    27.68,         34755.5
     13866, India, Cassava       , 2010,      347555,                        1083.0,          40093.69,    27.68,         34755.5
     13867, India, Cassava       , 2010,      347555,                        1083.0,          40093.69,    26.67,         34755.5
     13868, India, Maize         , 2010,       25401,                        1083.0,          40093.69,    26.51,          2540.1
     13869, India, Maize         , 2010,       25401,                        1083.0,          40093.69,    28.02,          2540.1
     13870, India, Maize         , 2010,       25401,                        1083.0,          40093.69,    26.81,          2540.1
     13871, India, Maize         , 2010,       25401,                        1083.0,          40093.69,    24.98,          2540.1
     13872, India, Maize         , 2010,       25401,                        1083.0,          40093.69,    25.71,          2540.1
     13873, India, Maize         , 2010,       25401,                        1083.0,          40093.69,    26.61,          2540.1
     13874, India, Maize         , 2010,       25401,                        1083.0,          40093.69,    26.52,          2540.1
     13875, India, Maize         , 2010,       25401,                        1083.0,          40093.69,    27.29,          2540.1
     13876, India, Maize         , 2010,       25401,                        1083.0,          40093.69,    27.69,          2540.1
     13877, India, Maize         , 2010,       25401,                        1083.0,          40093.69,    26.31,          2540.1
     13878, India, Maize         , 2010,       25401,                        1083.0,          40093.69,    26.82,          2540.1
     13879, India, Maize         , 2010,       25401,                        1083.0,          40093.69,    26.02,          2540.1
     13880, India, Maize         , 2010,       25401,                        1083.0,          40093.69,    24.98,          2540.1
     13881, India, Maize         , 2010,       25401,                        1083.0,          40093.69,    26.93,          2540.1
     13882, India, Maize         , 2010,       25401,                        1083.0,          40093.69,    26.52,          2540.1
     13883, India, Maize         , 2010,       25401,                        1083.0,          40093.69,    26.54,          2540.1
     13884, India, Maize         , 2010,       25401,                        1083.0,          40093.69,    25.75,          2540.1
     13885, India, Maize         , 2010,       25401,                        1083.0,          40093.69,    27.16,          2540.1
     13886, India, Maize         , 2010,       25401,                        1083.0,          40093.69,    25.54,          2540.1
     13887, India, Maize         , 2010,       25401,                        1083.0,          40093.69,    27.68,          2540.1
     13888, India, Maize         , 2010,       25401,                        1083.0,          40093.69,    27.68,          2540.1
     13889, India, Maize         , 2010,       25401,                        1083.0,          40093.69,    26.67,          2540.1
     13890, India, Potatoes      , 2010,      199299,                        1083.0,          40093.69,    26.51,         19929.9
     13891, India, Potatoes      , 2010,      199299,                        1083.0,          40093.69,    28.02,         19929.9
     13892, India, Potatoes      , 2010,      199299,                        1083.0,          40093.69,    26.81,         19929.9
     13893, India, Potatoes      , 2010,      199299,                        1083.0,          40093.69,    24.98,         19929.9
     13894, India, Potatoes      , 2010,      199299,                        1083.0,          40093.69,    25.71,         19929.9
     13895, India, Potatoes      , 2010,      199299,                        1083.0,          40093.69,    26.61,         19929.9
     13896, India, Potatoes      , 2010,      199299,                        1083.0,          40093.69,    26.52,         19929.9
     13897, India, Potatoes      , 2010,      199299,                        1083.0,          40093.69,    27.29,         19929.9
     13898, India, Potatoes      , 2010,      199299,                        1083.0,          40093.69,    27.69,         19929.9
     13899, India, Potatoes      , 2010,      199299,                        1083.0,          40093.69,    26.31,         19929.9
     13900, India, Potatoes      , 2010,      199299,                        1083.0,          40093.69,    26.82,         19929.9
     13901, India, Potatoes      , 2010,      199299,                        1083.0,          40093.69,    26.02,         19929.9
     13902, India, Potatoes      , 2010,      199299,                        1083.0,          40093.69,    24.98,         19929.9
     13903, India, Potatoes      , 2010,      199299,                        1083.0,          40093.69,    26.93,         19929.9
     13904, India, Potatoes      , 2010,      199299,                        1083.0,          40093.69,    26.52,         19929.9
     13905, India, Potatoes      , 2010,      199299,                        1083.0,          40093.69,    26.54,         19929.9
     13906, India, Potatoes      , 2010,      199299,                        1083.0,          40093.69,    25.75,         19929.9
     13907, India, Potatoes      , 2010,      199299,                        1083.0,          40093.69,    27.16,         19929.9
     13908, India, Potatoes      , 2010,      199299,                        1083.0,          40093.69,    25.54,         19929.9
     13909, India, Potatoes      , 2010,      199299,                        1083.0,          40093.69,    27.68,         19929.9
     13910, India, Potatoes      , 2010,      199299,                        1083.0,          40093.69,    27.68,         19929.9
     13911, India, Potatoes      , 2010,      199299,                        1083.0,          40093.69,    26.67,         19929.9
     13912, India, "Rice, paddy" , 2010,       33587,                        1083.0,          40093.69,    26.51,          3358.7
     13913, India, "Rice, paddy" , 2010,       33587,                        1083.0,          40093.69,    28.02,          3358.7
     13914, India, "Rice, paddy" , 2010,       33587,                        1083.0,          40093.69,    26.81,          3358.7
     13915, India, "Rice, paddy" , 2010,       33587,                        1083.0,          40093.69,    24.98,          3358.7
     13916, India, "Rice, paddy" , 2010,       33587,                        1083.0,          40093.69,    25.71,          3358.7
     13917, India, "Rice, paddy" , 2010,       33587,                        1083.0,          40093.69,    26.61,          3358.7
     13918, India, "Rice, paddy" , 2010,       33587,                        1083.0,          40093.69,    26.52,          3358.7
     13919, India, "Rice, paddy" , 2010,       33587,                        1083.0,          40093.69,    27.29,          3358.7
     13920, India, "Rice, paddy" , 2010,       33587,                        1083.0,          40093.69,    27.69,          3358.7
     13921, India, "Rice, paddy" , 2010,       33587,                        1083.0,          40093.69,    26.31,          3358.7
     13922, India, "Rice, paddy" , 2010,       33587,                        1083.0,          40093.69,    26.82,          3358.7
     13923, India, "Rice, paddy" , 2010,       33587,                        1083.0,          40093.69,    26.02,          3358.7
     13924, India, "Rice, paddy" , 2010,       33587,                        1083.0,          40093.69,    24.98,          3358.7
     13925, India, "Rice, paddy" , 2010,       33587,                        1083.0,          40093.69,    26.93,          3358.7
     13926, India, "Rice, paddy" , 2010,       33587,                        1083.0,          40093.69,    26.52,          3358.7
     13927, India, "Rice, paddy" , 2010,       33587,                        1083.0,          40093.69,    26.54,          3358.7
     13928, India, "Rice, paddy" , 2010,       33587,                        1083.0,          40093.69,    25.75,          3358.7
     13929, India, "Rice, paddy" , 2010,       33587,                        1083.0,          40093.69,    27.16,          3358.7
     13930, India, "Rice, paddy" , 2010,       33587,                        1083.0,          40093.69,    25.54,          3358.7
     13931, India, "Rice, paddy" , 2010,       33587,                        1083.0,          40093.69,    27.68,          3358.7
     13932, India, "Rice, paddy" , 2010,       33587,                        1083.0,          40093.69,    27.68,          3358.7
     13933, India, "Rice, paddy" , 2010,       33587,                        1083.0,          40093.69,    26.67,          3358.7
     13934, India, Sorghum       , 2010,        8602,                        1083.0,          40093.69,    26.51,           860.2
     13935, India, Sorghum       , 2010,        8602,                        1083.0,          40093.69,    28.02,           860.2
     13936, India, Sorghum       , 2010,        8602,                        1083.0,          40093.69,    26.81,           860.2
     13937, India, Sorghum       , 2010,        8602,                        1083.0,          40093.69,    24.98,           860.2
     13938, India, Sorghum       , 2010,        8602,                        1083.0,          40093.69,    25.71,           860.2
     13939, India, Sorghum       , 2010,        8602,                        1083.0,          40093.69,    26.61,           860.2
     13940, India, Sorghum       , 2010,        8602,                        1083.0,          40093.69,    26.52,           860.2
     13941, India, Sorghum       , 2010,        8602,                        1083.0,          40093.69,    27.29,           860.2
     13942, India, Sorghum       , 2010,        8602,                        1083.0,          40093.69,    27.69,           860.2
     13943, India, Sorghum       , 2010,        8602,                        1083.0,          40093.69,    26.31,           860.2
     13944, India, Sorghum       , 2010,        8602,                        1083.0,          40093.69,    26.82,           860.2
     13945, India, Sorghum       , 2010,        8602,                        1083.0,          40093.69,    26.02,           860.2
     13946, India, Sorghum       , 2010,        8602,                        1083.0,          40093.69,    24.98,           860.2
     13947, India, Sorghum       , 2010,        8602,                        1083.0,          40093.69,    26.93,           860.2
     13948, India, Sorghum       , 2010,        8602,                        1083.0,          40093.69,    26.52,           860.2
     13949, India, Sorghum       , 2010,        8602,                        1083.0,          40093.69,    26.54,           860.2
     13950, India, Sorghum       , 2010,        8602,                        1083.0,          40093.69,    25.75,           860.2
     13951, India, Sorghum       , 2010,        8602,                        1083.0,          40093.69,    27.16,           860.2
     13952, India, Sorghum       , 2010,        8602,                        1083.0,          40093.69,    25.54,           860.2
     13953, India, Sorghum       , 2010,        8602,                        1083.0,          40093.69,    27.68,           860.2
     13954, India, Sorghum       , 2010,        8602,                        1083.0,          40093.69,    27.68,           860.2
     13955, India, Sorghum       , 2010,        8602,                        1083.0,          40093.69,    26.67,           860.2
     13956, India, Soybeans      , 2010,       13330,                        1083.0,          40093.69,    26.51,          1333.0
     13957, India, Soybeans      , 2010,       13330,                        1083.0,          40093.69,    28.02,          1333.0
     13958, India, Soybeans      , 2010,       13330,                        1083.0,          40093.69,    26.81,          1333.0
     13959, India, Soybeans      , 2010,       13330,                        1083.0,          40093.69,    24.98,          1333.0
     13960, India, Soybeans      , 2010,       13330,                        1083.0,          40093.69,    25.71,          1333.0
     13961, India, Soybeans      , 2010,       13330,                        1083.0,          40093.69,    26.61,          1333.0
     13962, India, Soybeans      , 2010,       13330,                        1083.0,          40093.69,    26.52,          1333.0
     13963, India, Soybeans      , 2010,       13330,                        1083.0,          40093.69,    27.29,          1333.0
     13964, India, Soybeans      , 2010,       13330,                        1083.0,          40093.69,    27.69,          1333.0
     13965, India, Soybeans      , 2010,       13330,                        1083.0,          40093.69,    26.31,          1333.0
     13966, India, Soybeans      , 2010,       13330,                        1083.0,          40093.69,    26.82,          1333.0
     13967, India, Soybeans      , 2010,       13330,                        1083.0,          40093.69,    26.02,          1333.0
     13968, India, Soybeans      , 2010,       13330,                        1083.0,          40093.69,    24.98,          1333.0
     13969, India, Soybeans      , 2010,       13330,                        1083.0,          40093.69,    26.93,          1333.0
     13970, India, Soybeans      , 2010,       13330,                        1083.0,          40093.69,    26.52,          1333.0
     13971, India, Soybeans      , 2010,       13330,                        1083.0,          40093.69,    26.54,          1333.0
     13972, India, Soybeans      , 2010,       13330,                        1083.0,          40093.69,    25.75,          1333.0
     13973, India, Soybeans      , 2010,       13330,                        1083.0,          40093.69,    27.16,          1333.0
     13974, India, Soybeans      , 2010,       13330,                        1083.0,          40093.69,    25.54,          1333.0
     13975, India, Soybeans      , 2010,       13330,                        1083.0,          40093.69,    27.68,          1333.0
     13976, India, Soybeans      , 2010,       13330,                        1083.0,          40093.69,    27.68,          1333.0
     13977, India, Soybeans      , 2010,       13330,                        1083.0,          40093.69,    26.67,          1333.0
     13978, India, Sweet potatoes, 2010,       92069,                        1083.0,          40093.69,    26.51,          9206.9
     13979, India, Sweet potatoes, 2010,       92069,                        1083.0,          40093.69,    28.02,          9206.9
     13980, India, Sweet potatoes, 2010,       92069,                        1083.0,          40093.69,    26.81,          9206.9
     13981, India, Sweet potatoes, 2010,       92069,                        1083.0,          40093.69,    24.98,          9206.9
     13982, India, Sweet potatoes, 2010,       92069,                        1083.0,          40093.69,    25.71,          9206.9
     13983, India, Sweet potatoes, 2010,       92069,                        1083.0,          40093.69,    26.61,          9206.9
     13984, India, Sweet potatoes, 2010,       92069,                        1083.0,          40093.69,    26.52,          9206.9
     13985, India, Sweet potatoes, 2010,       92069,                        1083.0,          40093.69,    27.29,          9206.9
     13986, India, Sweet potatoes, 2010,       92069,                        1083.0,          40093.69,    27.69,          9206.9
     13987, India, Sweet potatoes, 2010,       92069,                        1083.0,          40093.69,    26.31,          9206.9
     13988, India, Sweet potatoes, 2010,       92069,                        1083.0,          40093.69,    26.82,          9206.9
     13989, India, Sweet potatoes, 2010,       92069,                        1083.0,          40093.69,    26.02,          9206.9
     13990, India, Sweet potatoes, 2010,       92069,                        1083.0,          40093.69,    24.98,          9206.9
     13991, India, Sweet potatoes, 2010,       92069,                        1083.0,          40093.69,    26.93,          9206.9
     13992, India, Sweet potatoes, 2010,       92069,                        1083.0,          40093.69,    26.52,          9206.9
     13993, India, Sweet potatoes, 2010,       92069,                        1083.0,          40093.69,    26.54,          9206.9
     13994, India, Sweet potatoes, 2010,       92069,                        1083.0,          40093.69,    25.75,          9206.9
     13995, India, Sweet potatoes, 2010,       92069,                        1083.0,          40093.69,    27.16,          9206.9
     13996, India, Sweet potatoes, 2010,       92069,                        1083.0,          40093.69,    25.54,          9206.9
     13997, India, Sweet potatoes, 2010,       92069,                        1083.0,          40093.69,    27.68,          9206.9
     13998, India, Sweet potatoes, 2010,       92069,                        1083.0,          40093.69,    27.68,          9206.9
     13999, India, Sweet potatoes, 2010,       92069,                        1083.0,          40093.69,    26.67,          9206.9
     14000, India, Wheat         , 2010,       28395,                        1083.0,          40093.69,    26.51,          2839.5
     14001, India, Wheat         , 2010,       28395,                        1083.0,          40093.69,    28.02,          2839.5
     14002, India, Wheat         , 2010,       28395,                        1083.0,          40093.69,    26.81,          2839.5
     14003, India, Wheat         , 2010,       28395,                        1083.0,          40093.69,    24.98,          2839.5
     14004, India, Wheat         , 2010,       28395,                        1083.0,          40093.69,    25.71,          2839.5
     14005, India, Wheat         , 2010,       28395,                        1083.0,          40093.69,    26.61,          2839.5
     14006, India, Wheat         , 2010,       28395,                        1083.0,          40093.69,    26.52,          2839.5
     14007, India, Wheat         , 2010,       28395,                        1083.0,          40093.69,    27.29,          2839.5
     14008, India, Wheat         , 2010,       28395,                        1083.0,          40093.69,    27.69,          2839.5
     14009, India, Wheat         , 2010,       28395,                        1083.0,          40093.69,    26.31,          2839.5
     14010, India, Wheat         , 2010,       28395,                        1083.0,          40093.69,    26.82,          2839.5
     14011, India, Wheat         , 2010,       28395,                        1083.0,          40093.69,    26.02,          2839.5
     14012, India, Wheat         , 2010,       28395,                        1083.0,          40093.69,    24.98,          2839.5
     14013, India, Wheat         , 2010,       28395,                        1083.0,          40093.69,    26.93,          2839.5
     14014, India, Wheat         , 2010,       28395,                        1083.0,          40093.69,    26.52,          2839.5
     14015, India, Wheat         , 2010,       28395,                        1083.0,          40093.69,    26.54,          2839.5
     14016, India, Wheat         , 2010,       28395,                        1083.0,          40093.69,    25.75,          2839.5
     14017, India, Wheat         , 2010,       28395,                        1083.0,          40093.69,    27.16,          2839.5
     14018, India, Wheat         , 2010,       28395,                        1083.0,          40093.69,    25.54,          2839.5
     14019, India, Wheat         , 2010,       28395,                        1083.0,          40093.69,    27.68,          2839.5
     14020, India, Wheat         , 2010,       28395,                        1083.0,          40093.69,    27.68,          2839.5
     14021, India, Wheat         , 2010,       28395,                        1083.0,          40093.69,    26.67,          2839.5
     14022, India, Cassava       , 2011,      364770,                        1083.0,          55540.0 ,    25.53,         36477.0
     14023, India, Cassava       , 2011,      364770,                        1083.0,          55540.0 ,    27.29,         36477.0
     14024, India, Cassava       , 2011,      364770,                        1083.0,          55540.0 ,    25.81,         36477.0
     14025, India, Cassava       , 2011,      364770,                        1083.0,          55540.0 ,    24.35,         36477.0
     14026, India, Cassava       , 2011,      364770,                        1083.0,          55540.0 ,    25.36,         36477.0
     14027, India, Cassava       , 2011,      364770,                        1083.0,          55540.0 ,    25.72,         36477.0
     14028, India, Cassava       , 2011,      364770,                        1083.0,          55540.0 ,    25.63,         36477.0
     14029, India, Cassava       , 2011,      364770,                        1083.0,          55540.0 ,    26.41,         36477.0
     14030, India, Cassava       , 2011,      364770,                        1083.0,          55540.0 ,    27.41,         36477.0
     14031, India, Cassava       , 2011,      364770,                        1083.0,          55540.0 ,    25.45,         36477.0
     14032, India, Cassava       , 2011,      364770,                        1083.0,          55540.0 ,    25.92,         36477.0
     14033, India, Cassava       , 2011,      364770,                        1083.0,          55540.0 ,    25.06,         36477.0
     14034, India, Cassava       , 2011,      364770,                        1083.0,          55540.0 ,    24.35,         36477.0
     14035, India, Cassava       , 2011,      364770,                        1083.0,          55540.0 ,    26.0 ,         36477.0
     14036, India, Cassava       , 2011,      364770,                        1083.0,          55540.0 ,    25.63,         36477.0
     14037, India, Cassava       , 2011,      364770,                        1083.0,          55540.0 ,    25.48,         36477.0
     14038, India, Cassava       , 2011,      364770,                        1083.0,          55540.0 ,    25.16,         36477.0
     14039, India, Cassava       , 2011,      364770,                        1083.0,          55540.0 ,    26.84,         36477.0
     14040, India, Cassava       , 2011,      364770,                        1083.0,          55540.0 ,    24.5 ,         36477.0
     14041, India, Cassava       , 2011,      364770,                        1083.0,          55540.0 ,    27.02,         36477.0
     14042, India, Cassava       , 2011,      364770,                        1083.0,          55540.0 ,    27.02,         36477.0
     14043, India, Cassava       , 2011,      364770,                        1083.0,          55540.0 ,    25.64,         36477.0
     14044, India, Maize         , 2011,       24784,                        1083.0,          55540.0 ,    25.53,          2478.4
     14045, India, Maize         , 2011,       24784,                        1083.0,          55540.0 ,    27.29,          2478.4
     14046, India, Maize         , 2011,       24784,                        1083.0,          55540.0 ,    25.81,          2478.4
     14047, India, Maize         , 2011,       24784,                        1083.0,          55540.0 ,    24.35,          2478.4
     14048, India, Maize         , 2011,       24784,                        1083.0,          55540.0 ,    25.36,          2478.4
     14049, India, Maize         , 2011,       24784,                        1083.0,          55540.0 ,    25.72,          2478.4
     14050, India, Maize         , 2011,       24784,                        1083.0,          55540.0 ,    25.63,          2478.4
     14051, India, Maize         , 2011,       24784,                        1083.0,          55540.0 ,    26.41,          2478.4
     14052, India, Maize         , 2011,       24784,                        1083.0,          55540.0 ,    27.41,          2478.4
     14053, India, Maize         , 2011,       24784,                        1083.0,          55540.0 ,    25.45,          2478.4
     14054, India, Maize         , 2011,       24784,                        1083.0,          55540.0 ,    25.92,          2478.4
     14055, India, Maize         , 2011,       24784,                        1083.0,          55540.0 ,    25.06,          2478.4
     14056, India, Maize         , 2011,       24784,                        1083.0,          55540.0 ,    24.35,          2478.4
     14057, India, Maize         , 2011,       24784,                        1083.0,          55540.0 ,    26.0 ,          2478.4
     14058, India, Maize         , 2011,       24784,                        1083.0,          55540.0 ,    25.63,          2478.4
     14059, India, Maize         , 2011,       24784,                        1083.0,          55540.0 ,    25.48,          2478.4
     14060, India, Maize         , 2011,       24784,                        1083.0,          55540.0 ,    25.16,          2478.4
     14061, India, Maize         , 2011,       24784,                        1083.0,          55540.0 ,    26.84,          2478.4
     14062, India, Maize         , 2011,       24784,                        1083.0,          55540.0 ,    24.5 ,          2478.4
     14063, India, Maize         , 2011,       24784,                        1083.0,          55540.0 ,    27.02,          2478.4
     14064, India, Maize         , 2011,       24784,                        1083.0,          55540.0 ,    27.02,          2478.4
     14065, India, Maize         , 2011,       24784,                        1083.0,          55540.0 ,    25.64,          2478.4
     14066, India, Potatoes      , 2011,      227240,                        1083.0,          55540.0 ,    25.53,         22724.0
     14067, India, Potatoes      , 2011,      227240,                        1083.0,          55540.0 ,    27.29,         22724.0
     14068, India, Potatoes      , 2011,      227240,                        1083.0,          55540.0 ,    25.81,         22724.0
     14069, India, Potatoes      , 2011,      227240,                        1083.0,          55540.0 ,    24.35,         22724.0
     14070, India, Potatoes      , 2011,      227240,                        1083.0,          55540.0 ,    25.36,         22724.0
     14071, India, Potatoes      , 2011,      227240,                        1083.0,          55540.0 ,    25.72,         22724.0
     14072, India, Potatoes      , 2011,      227240,                        1083.0,          55540.0 ,    25.63,         22724.0
     14073, India, Potatoes      , 2011,      227240,                        1083.0,          55540.0 ,    26.41,         22724.0
     14074, India, Potatoes      , 2011,      227240,                        1083.0,          55540.0 ,    27.41,         22724.0
     14075, India, Potatoes      , 2011,      227240,                        1083.0,          55540.0 ,    25.45,         22724.0
     14076, India, Potatoes      , 2011,      227240,                        1083.0,          55540.0 ,    25.92,         22724.0
     14077, India, Potatoes      , 2011,      227240,                        1083.0,          55540.0 ,    25.06,         22724.0
     14078, India, Potatoes      , 2011,      227240,                        1083.0,          55540.0 ,    24.35,         22724.0
     14079, India, Potatoes      , 2011,      227240,                        1083.0,          55540.0 ,    26.0 ,         22724.0
     14080, India, Potatoes      , 2011,      227240,                        1083.0,          55540.0 ,    25.63,         22724.0
     14081, India, Potatoes      , 2011,      227240,                        1083.0,          55540.0 ,    25.48,         22724.0
     14082, India, Potatoes      , 2011,      227240,                        1083.0,          55540.0 ,    25.16,         22724.0
     14083, India, Potatoes      , 2011,      227240,                        1083.0,          55540.0 ,    26.84,         22724.0
     14084, India, Potatoes      , 2011,      227240,                        1083.0,          55540.0 ,    24.5 ,         22724.0
     14085, India, Potatoes      , 2011,      227240,                        1083.0,          55540.0 ,    27.02,         22724.0
     14086, India, Potatoes      , 2011,      227240,                        1083.0,          55540.0 ,    27.02,         22724.0
     14087, India, Potatoes      , 2011,      227240,                        1083.0,          55540.0 ,    25.64,         22724.0
     14088, India, "Rice, paddy" , 2011,       35878,                        1083.0,          55540.0 ,    25.53,          3587.8
     14089, India, "Rice, paddy" , 2011,       35878,                        1083.0,          55540.0 ,    27.29,          3587.8
     14090, India, "Rice, paddy" , 2011,       35878,                        1083.0,          55540.0 ,    25.81,          3587.8
     14091, India, "Rice, paddy" , 2011,       35878,                        1083.0,          55540.0 ,    24.35,          3587.8
     14092, India, "Rice, paddy" , 2011,       35878,                        1083.0,          55540.0 ,    25.36,          3587.8
     14093, India, "Rice, paddy" , 2011,       35878,                        1083.0,          55540.0 ,    25.72,          3587.8
     14094, India, "Rice, paddy" , 2011,       35878,                        1083.0,          55540.0 ,    25.63,          3587.8
     14095, India, "Rice, paddy" , 2011,       35878,                        1083.0,          55540.0 ,    26.41,          3587.8
     14096, India, "Rice, paddy" , 2011,       35878,                        1083.0,          55540.0 ,    27.41,          3587.8
     14097, India, "Rice, paddy" , 2011,       35878,                        1083.0,          55540.0 ,    25.45,          3587.8
     14098, India, "Rice, paddy" , 2011,       35878,                        1083.0,          55540.0 ,    25.92,          3587.8
     14099, India, "Rice, paddy" , 2011,       35878,                        1083.0,          55540.0 ,    25.06,          3587.8
     14100, India, "Rice, paddy" , 2011,       35878,                        1083.0,          55540.0 ,    24.35,          3587.8
     14101, India, "Rice, paddy" , 2011,       35878,                        1083.0,          55540.0 ,    26.0 ,          3587.8
     14102, India, "Rice, paddy" , 2011,       35878,                        1083.0,          55540.0 ,    25.63,          3587.8
     14103, India, "Rice, paddy" , 2011,       35878,                        1083.0,          55540.0 ,    25.48,          3587.8
     14104, India, "Rice, paddy" , 2011,       35878,                        1083.0,          55540.0 ,    25.16,          3587.8
     14105, India, "Rice, paddy" , 2011,       35878,                        1083.0,          55540.0 ,    26.84,          3587.8
     14106, India, "Rice, paddy" , 2011,       35878,                        1083.0,          55540.0 ,    24.5 ,          3587.8
     14107, India, "Rice, paddy" , 2011,       35878,                        1083.0,          55540.0 ,    27.02,          3587.8
     14108, India, "Rice, paddy" , 2011,       35878,                        1083.0,          55540.0 ,    27.02,          3587.8
     14109, India, "Rice, paddy" , 2011,       35878,                        1083.0,          55540.0 ,    25.64,          3587.8
     14110, India, Sorghum       , 2011,        9487,                        1083.0,          55540.0 ,    25.53,           948.7
     14111, India, Sorghum       , 2011,        9487,                        1083.0,          55540.0 ,    27.29,           948.7
     14112, India, Sorghum       , 2011,        9487,                        1083.0,          55540.0 ,    25.81,           948.7
     14113, India, Sorghum       , 2011,        9487,                        1083.0,          55540.0 ,    24.35,           948.7
     14114, India, Sorghum       , 2011,        9487,                        1083.0,          55540.0 ,    25.36,           948.7
     14115, India, Sorghum       , 2011,        9487,                        1083.0,          55540.0 ,    25.72,           948.7
     14116, India, Sorghum       , 2011,        9487,                        1083.0,          55540.0 ,    25.63,           948.7
     14117, India, Sorghum       , 2011,        9487,                        1083.0,          55540.0 ,    26.41,           948.7
     14118, India, Sorghum       , 2011,        9487,                        1083.0,          55540.0 ,    27.41,           948.7
     14119, India, Sorghum       , 2011,        9487,                        1083.0,          55540.0 ,    25.45,           948.7
     14120, India, Sorghum       , 2011,        9487,                        1083.0,          55540.0 ,    25.92,           948.7
     14121, India, Sorghum       , 2011,        9487,                        1083.0,          55540.0 ,    25.06,           948.7
     14122, India, Sorghum       , 2011,        9487,                        1083.0,          55540.0 ,    24.35,           948.7
     14123, India, Sorghum       , 2011,        9487,                        1083.0,          55540.0 ,    26.0 ,           948.7
     14124, India, Sorghum       , 2011,        9487,                        1083.0,          55540.0 ,    25.63,           948.7
     14125, India, Sorghum       , 2011,        9487,                        1083.0,          55540.0 ,    25.48,           948.7
     14126, India, Sorghum       , 2011,        9487,                        1083.0,          55540.0 ,    25.16,           948.7
     14127, India, Sorghum       , 2011,        9487,                        1083.0,          55540.0 ,    26.84,           948.7
     14128, India, Sorghum       , 2011,        9487,                        1083.0,          55540.0 ,    24.5 ,           948.7
     14129, India, Sorghum       , 2011,        9487,                        1083.0,          55540.0 ,    27.02,           948.7
     14130, India, Sorghum       , 2011,        9487,                        1083.0,          55540.0 ,    27.02,           948.7
     14131, India, Sorghum       , 2011,        9487,                        1083.0,          55540.0 ,    25.64,           948.7
     14132, India, Soybeans      , 2011,       11998,                        1083.0,          55540.0 ,    25.53,          1199.8
     14133, India, Soybeans      , 2011,       11998,                        1083.0,          55540.0 ,    27.29,          1199.8
     14134, India, Soybeans      , 2011,       11998,                        1083.0,          55540.0 ,    25.81,          1199.8
     14135, India, Soybeans      , 2011,       11998,                        1083.0,          55540.0 ,    24.35,          1199.8
     14136, India, Soybeans      , 2011,       11998,                        1083.0,          55540.0 ,    25.36,          1199.8
     14137, India, Soybeans      , 2011,       11998,                        1083.0,          55540.0 ,    25.72,          1199.8
     14138, India, Soybeans      , 2011,       11998,                        1083.0,          55540.0 ,    25.63,          1199.8
     14139, India, Soybeans      , 2011,       11998,                        1083.0,          55540.0 ,    26.41,          1199.8
     14140, India, Soybeans      , 2011,       11998,                        1083.0,          55540.0 ,    27.41,          1199.8
     14141, India, Soybeans      , 2011,       11998,                        1083.0,          55540.0 ,    25.45,          1199.8
     14142, India, Soybeans      , 2011,       11998,                        1083.0,          55540.0 ,    25.92,          1199.8
     14143, India, Soybeans      , 2011,       11998,                        1083.0,          55540.0 ,    25.06,          1199.8
     14144, India, Soybeans      , 2011,       11998,                        1083.0,          55540.0 ,    24.35,          1199.8
     14145, India, Soybeans      , 2011,       11998,                        1083.0,          55540.0 ,    26.0 ,          1199.8
     14146, India, Soybeans      , 2011,       11998,                        1083.0,          55540.0 ,    25.63,          1199.8
     14147, India, Soybeans      , 2011,       11998,                        1083.0,          55540.0 ,    25.48,          1199.8
     14148, India, Soybeans      , 2011,       11998,                        1083.0,          55540.0 ,    25.16,          1199.8
     14149, India, Soybeans      , 2011,       11998,                        1083.0,          55540.0 ,    26.84,          1199.8
     14150, India, Soybeans      , 2011,       11998,                        1083.0,          55540.0 ,    24.5 ,          1199.8
     14151, India, Soybeans      , 2011,       11998,                        1083.0,          55540.0 ,    27.02,          1199.8
     14152, India, Soybeans      , 2011,       11998,                        1083.0,          55540.0 ,    27.02,          1199.8
     14153, India, Soybeans      , 2011,       11998,                        1083.0,          55540.0 ,    25.64,          1199.8
     14154, India, Sweet potatoes, 2011,       92456,                        1083.0,          55540.0 ,    25.53,          9245.6
     14155, India, Sweet potatoes, 2011,       92456,                        1083.0,          55540.0 ,    27.29,          9245.6
     14156, India, Sweet potatoes, 2011,       92456,                        1083.0,          55540.0 ,    25.81,          9245.6
     14157, India, Sweet potatoes, 2011,       92456,                        1083.0,          55540.0 ,    24.35,          9245.6
     14158, India, Sweet potatoes, 2011,       92456,                        1083.0,          55540.0 ,    25.36,          9245.6
     14159, India, Sweet potatoes, 2011,       92456,                        1083.0,          55540.0 ,    25.72,          9245.6
     14160, India, Sweet potatoes, 2011,       92456,                        1083.0,          55540.0 ,    25.63,          9245.6
     14161, India, Sweet potatoes, 2011,       92456,                        1083.0,          55540.0 ,    26.41,          9245.6
     14162, India, Sweet potatoes, 2011,       92456,                        1083.0,          55540.0 ,    27.41,          9245.6
     14163, India, Sweet potatoes, 2011,       92456,                        1083.0,          55540.0 ,    25.45,          9245.6
     14164, India, Sweet potatoes, 2011,       92456,                        1083.0,          55540.0 ,    25.92,          9245.6
     14165, India, Sweet potatoes, 2011,       92456,                        1083.0,          55540.0 ,    25.06,          9245.6
     14166, India, Sweet potatoes, 2011,       92456,                        1083.0,          55540.0 ,    24.35,          9245.6
     14167, India, Sweet potatoes, 2011,       92456,                        1083.0,          55540.0 ,    26.0 ,          9245.6
     14168, India, Sweet potatoes, 2011,       92456,                        1083.0,          55540.0 ,    25.63,          9245.6
     14169, India, Sweet potatoes, 2011,       92456,                        1083.0,          55540.0 ,    25.48,          9245.6
     14170, India, Sweet potatoes, 2011,       92456,                        1083.0,          55540.0 ,    25.16,          9245.6
     14171, India, Sweet potatoes, 2011,       92456,                        1083.0,          55540.0 ,    26.84,          9245.6
     14172, India, Sweet potatoes, 2011,       92456,                        1083.0,          55540.0 ,    24.5 ,          9245.6
     14173, India, Sweet potatoes, 2011,       92456,                        1083.0,          55540.0 ,    27.02,          9245.6
     14174, India, Sweet potatoes, 2011,       92456,                        1083.0,          55540.0 ,    27.02,          9245.6
     14175, India, Sweet potatoes, 2011,       92456,                        1083.0,          55540.0 ,    25.64,          9245.6
     14176, India, Wheat         , 2011,       29886,                        1083.0,          55540.0 ,    25.53,          2988.6
     14177, India, Wheat         , 2011,       29886,                        1083.0,          55540.0 ,    27.29,          2988.6
     14178, India, Wheat         , 2011,       29886,                        1083.0,          55540.0 ,    25.81,          2988.6
     14179, India, Wheat         , 2011,       29886,                        1083.0,          55540.0 ,    24.35,          2988.6
     14180, India, Wheat         , 2011,       29886,                        1083.0,          55540.0 ,    25.36,          2988.6
     14181, India, Wheat         , 2011,       29886,                        1083.0,          55540.0 ,    25.72,          2988.6
     14182, India, Wheat         , 2011,       29886,                        1083.0,          55540.0 ,    25.63,          2988.6
     14183, India, Wheat         , 2011,       29886,                        1083.0,          55540.0 ,    26.41,          2988.6
     14184, India, Wheat         , 2011,       29886,                        1083.0,          55540.0 ,    27.41,          2988.6
     14185, India, Wheat         , 2011,       29886,                        1083.0,          55540.0 ,    25.45,          2988.6
     14186, India, Wheat         , 2011,       29886,                        1083.0,          55540.0 ,    25.92,          2988.6
     14187, India, Wheat         , 2011,       29886,                        1083.0,          55540.0 ,    25.06,          2988.6
     14188, India, Wheat         , 2011,       29886,                        1083.0,          55540.0 ,    24.35,          2988.6
     14189, India, Wheat         , 2011,       29886,                        1083.0,          55540.0 ,    26.0 ,          2988.6
     14190, India, Wheat         , 2011,       29886,                        1083.0,          55540.0 ,    25.63,          2988.6
     14191, India, Wheat         , 2011,       29886,                        1083.0,          55540.0 ,    25.48,          2988.6
     14192, India, Wheat         , 2011,       29886,                        1083.0,          55540.0 ,    25.16,          2988.6
     14193, India, Wheat         , 2011,       29886,                        1083.0,          55540.0 ,    26.84,          2988.6
     14194, India, Wheat         , 2011,       29886,                        1083.0,          55540.0 ,    24.5 ,          2988.6
     14195, India, Wheat         , 2011,       29886,                        1083.0,          55540.0 ,    27.02,          2988.6
     14196, India, Wheat         , 2011,       29886,                        1083.0,          55540.0 ,    27.02,          2988.6
     14197, India, Wheat         , 2011,       29886,                        1083.0,          55540.0 ,    25.64,          2988.6
     14198, India, Cassava       , 2012,      385818,                        1083.0,          52980.0 ,    25.86,         38581.8
     14199, India, Cassava       , 2012,      385818,                        1083.0,          52980.0 ,    27.03,         38581.8
     14200, India, Cassava       , 2012,      385818,                        1083.0,          52980.0 ,    26.21,         38581.8
     14201, India, Cassava       , 2012,      385818,                        1083.0,          52980.0 ,    24.37,         38581.8
     14202, India, Cassava       , 2012,      385818,                        1083.0,          52980.0 ,    26.04,         38581.8
     14203, India, Cassava       , 2012,      385818,                        1083.0,          52980.0 ,    25.82,         38581.8
     14204, India, Cassava       , 2012,      385818,                        1083.0,          52980.0 ,    25.89,         38581.8
     14205, India, Cassava       , 2012,      385818,                        1083.0,          52980.0 ,    26.94,         38581.8
     14206, India, Cassava       , 2012,      385818,                        1083.0,          52980.0 ,    28.02,         38581.8
     14207, India, Cassava       , 2012,      385818,                        1083.0,          52980.0 ,    25.39,         38581.8
     14208, India, Cassava       , 2012,      385818,                        1083.0,          52980.0 ,    25.88,         38581.8
     14209, India, Cassava       , 2012,      385818,                        1083.0,          52980.0 ,    25.45,         38581.8
     14210, India, Cassava       , 2012,      385818,                        1083.0,          52980.0 ,    24.37,         38581.8
     14211, India, Cassava       , 2012,      385818,                        1083.0,          52980.0 ,    26.33,         38581.8
     14212, India, Cassava       , 2012,      385818,                        1083.0,          52980.0 ,    25.89,         38581.8
     14213, India, Cassava       , 2012,      385818,                        1083.0,          52980.0 ,    25.98,         38581.8
     14214, India, Cassava       , 2012,      385818,                        1083.0,          52980.0 ,    25.3 ,         38581.8
     14215, India, Cassava       , 2012,      385818,                        1083.0,          52980.0 ,    26.65,         38581.8
     14216, India, Cassava       , 2012,      385818,                        1083.0,          52980.0 ,    25.09,         38581.8
     14217, India, Cassava       , 2012,      385818,                        1083.0,          52980.0 ,    26.89,         38581.8
     14218, India, Cassava       , 2012,      385818,                        1083.0,          52980.0 ,    26.89,         38581.8
     14219, India, Cassava       , 2012,      385818,                        1083.0,          52980.0 ,    26.09,         38581.8
     14220, India, Maize         , 2012,       25557,                        1083.0,          52980.0 ,    25.86,          2555.7
     14221, India, Maize         , 2012,       25557,                        1083.0,          52980.0 ,    27.03,          2555.7
     14222, India, Maize         , 2012,       25557,                        1083.0,          52980.0 ,    26.21,          2555.7
     14223, India, Maize         , 2012,       25557,                        1083.0,          52980.0 ,    24.37,          2555.7
     14224, India, Maize         , 2012,       25557,                        1083.0,          52980.0 ,    26.04,          2555.7
     14225, India, Maize         , 2012,       25557,                        1083.0,          52980.0 ,    25.82,          2555.7
     14226, India, Maize         , 2012,       25557,                        1083.0,          52980.0 ,    25.89,          2555.7
     14227, India, Maize         , 2012,       25557,                        1083.0,          52980.0 ,    26.94,          2555.7
     14228, India, Maize         , 2012,       25557,                        1083.0,          52980.0 ,    28.02,          2555.7
     14229, India, Maize         , 2012,       25557,                        1083.0,          52980.0 ,    25.39,          2555.7
     14230, India, Maize         , 2012,       25557,                        1083.0,          52980.0 ,    25.88,          2555.7
     14231, India, Maize         , 2012,       25557,                        1083.0,          52980.0 ,    25.45,          2555.7
     14232, India, Maize         , 2012,       25557,                        1083.0,          52980.0 ,    24.37,          2555.7
     14233, India, Maize         , 2012,       25557,                        1083.0,          52980.0 ,    26.33,          2555.7
     14234, India, Maize         , 2012,       25557,                        1083.0,          52980.0 ,    25.89,          2555.7
     14235, India, Maize         , 2012,       25557,                        1083.0,          52980.0 ,    25.98,          2555.7
     14236, India, Maize         , 2012,       25557,                        1083.0,          52980.0 ,    25.3 ,          2555.7
     14237, India, Maize         , 2012,       25557,                        1083.0,          52980.0 ,    26.65,          2555.7
     14238, India, Maize         , 2012,       25557,                        1083.0,          52980.0 ,    25.09,          2555.7
     14239, India, Maize         , 2012,       25557,                        1083.0,          52980.0 ,    26.89,          2555.7
     14240, India, Maize         , 2012,       25557,                        1083.0,          52980.0 ,    26.89,          2555.7
     14241, India, Maize         , 2012,       25557,                        1083.0,          52980.0 ,    26.09,          2555.7
     14242, India, Potatoes      , 2012,      217530,                        1083.0,          52980.0 ,    25.86,         21753.0
     14243, India, Potatoes      , 2012,      217530,                        1083.0,          52980.0 ,    27.03,         21753.0
     14244, India, Potatoes      , 2012,      217530,                        1083.0,          52980.0 ,    26.21,         21753.0
     14245, India, Potatoes      , 2012,      217530,                        1083.0,          52980.0 ,    24.37,         21753.0
     14246, India, Potatoes      , 2012,      217530,                        1083.0,          52980.0 ,    26.04,         21753.0
     14247, India, Potatoes      , 2012,      217530,                        1083.0,          52980.0 ,    25.82,         21753.0
     14248, India, Potatoes      , 2012,      217530,                        1083.0,          52980.0 ,    25.89,         21753.0
     14249, India, Potatoes      , 2012,      217530,                        1083.0,          52980.0 ,    26.94,         21753.0
     14250, India, Potatoes      , 2012,      217530,                        1083.0,          52980.0 ,    28.02,         21753.0
     14251, India, Potatoes      , 2012,      217530,                        1083.0,          52980.0 ,    25.39,         21753.0
     14252, India, Potatoes      , 2012,      217530,                        1083.0,          52980.0 ,    25.88,         21753.0
     14253, India, Potatoes      , 2012,      217530,                        1083.0,          52980.0 ,    25.45,         21753.0
     14254, India, Potatoes      , 2012,      217530,                        1083.0,          52980.0 ,    24.37,         21753.0
     14255, India, Potatoes      , 2012,      217530,                        1083.0,          52980.0 ,    26.33,         21753.0
     14256, India, Potatoes      , 2012,      217530,                        1083.0,          52980.0 ,    25.89,         21753.0
     14257, India, Potatoes      , 2012,      217530,                        1083.0,          52980.0 ,    25.98,         21753.0
     14258, India, Potatoes      , 2012,      217530,                        1083.0,          52980.0 ,    25.3 ,         21753.0
     14259, India, Potatoes      , 2012,      217530,                        1083.0,          52980.0 ,    26.65,         21753.0
     14260, India, Potatoes      , 2012,      217530,                        1083.0,          52980.0 ,    25.09,         21753.0
     14261, India, Potatoes      , 2012,      217530,                        1083.0,          52980.0 ,    26.89,         21753.0
     14262, India, Potatoes      , 2012,      217530,                        1083.0,          52980.0 ,    26.89,         21753.0
     14263, India, Potatoes      , 2012,      217530,                        1083.0,          52980.0 ,    26.09,         21753.0
     14264, India, "Rice, paddy" , 2012,       36909,                        1083.0,          52980.0 ,    25.86,          3690.9
     14265, India, "Rice, paddy" , 2012,       36909,                        1083.0,          52980.0 ,    27.03,          3690.9
     14266, India, "Rice, paddy" , 2012,       36909,                        1083.0,          52980.0 ,    26.21,          3690.9
     14267, India, "Rice, paddy" , 2012,       36909,                        1083.0,          52980.0 ,    24.37,          3690.9
     14268, India, "Rice, paddy" , 2012,       36909,                        1083.0,          52980.0 ,    26.04,          3690.9
     14269, India, "Rice, paddy" , 2012,       36909,                        1083.0,          52980.0 ,    25.82,          3690.9
     14270, India, "Rice, paddy" , 2012,       36909,                        1083.0,          52980.0 ,    25.89,          3690.9
     14271, India, "Rice, paddy" , 2012,       36909,                        1083.0,          52980.0 ,    26.94,          3690.9
     14272, India, "Rice, paddy" , 2012,       36909,                        1083.0,          52980.0 ,    28.02,          3690.9
     14273, India, "Rice, paddy" , 2012,       36909,                        1083.0,          52980.0 ,    25.39,          3690.9
     14274, India, "Rice, paddy" , 2012,       36909,                        1083.0,          52980.0 ,    25.88,          3690.9
     14275, India, "Rice, paddy" , 2012,       36909,                        1083.0,          52980.0 ,    25.45,          3690.9
     14276, India, "Rice, paddy" , 2012,       36909,                        1083.0,          52980.0 ,    24.37,          3690.9
     14277, India, "Rice, paddy" , 2012,       36909,                        1083.0,          52980.0 ,    26.33,          3690.9
     14278, India, "Rice, paddy" , 2012,       36909,                        1083.0,          52980.0 ,    25.89,          3690.9
     14279, India, "Rice, paddy" , 2012,       36909,                        1083.0,          52980.0 ,    25.98,          3690.9
     14280, India, "Rice, paddy" , 2012,       36909,                        1083.0,          52980.0 ,    25.3 ,          3690.9
     14281, India, "Rice, paddy" , 2012,       36909,                        1083.0,          52980.0 ,    26.65,          3690.9
     14282, India, "Rice, paddy" , 2012,       36909,                        1083.0,          52980.0 ,    25.09,          3690.9
     14283, India, "Rice, paddy" , 2012,       36909,                        1083.0,          52980.0 ,    26.89,          3690.9
     14284, India, "Rice, paddy" , 2012,       36909,                        1083.0,          52980.0 ,    26.89,          3690.9
     14285, India, "Rice, paddy" , 2012,       36909,                        1083.0,          52980.0 ,    26.09,          3690.9
     14286, India, Sorghum       , 2012,        9568,                        1083.0,          52980.0 ,    25.86,           956.8
     14287, India, Sorghum       , 2012,        9568,                        1083.0,          52980.0 ,    27.03,           956.8
     14288, India, Sorghum       , 2012,        9568,                        1083.0,          52980.0 ,    26.21,           956.8
     14289, India, Sorghum       , 2012,        9568,                        1083.0,          52980.0 ,    24.37,           956.8
     14290, India, Sorghum       , 2012,        9568,                        1083.0,          52980.0 ,    26.04,           956.8
     14291, India, Sorghum       , 2012,        9568,                        1083.0,          52980.0 ,    25.82,           956.8
     14292, India, Sorghum       , 2012,        9568,                        1083.0,          52980.0 ,    25.89,           956.8
     14293, India, Sorghum       , 2012,        9568,                        1083.0,          52980.0 ,    26.94,           956.8
     14294, India, Sorghum       , 2012,        9568,                        1083.0,          52980.0 ,    28.02,           956.8
     14295, India, Sorghum       , 2012,        9568,                        1083.0,          52980.0 ,    25.39,           956.8
     14296, India, Sorghum       , 2012,        9568,                        1083.0,          52980.0 ,    25.88,           956.8
     14297, India, Sorghum       , 2012,        9568,                        1083.0,          52980.0 ,    25.45,           956.8
     14298, India, Sorghum       , 2012,        9568,                        1083.0,          52980.0 ,    24.37,           956.8
     14299, India, Sorghum       , 2012,        9568,                        1083.0,          52980.0 ,    26.33,           956.8
     14300, India, Sorghum       , 2012,        9568,                        1083.0,          52980.0 ,    25.89,           956.8
     14301, India, Sorghum       , 2012,        9568,                        1083.0,          52980.0 ,    25.98,           956.8
     14302, India, Sorghum       , 2012,        9568,                        1083.0,          52980.0 ,    25.3 ,           956.8
     14303, India, Sorghum       , 2012,        9568,                        1083.0,          52980.0 ,    26.65,           956.8
     14304, India, Sorghum       , 2012,        9568,                        1083.0,          52980.0 ,    25.09,           956.8
     14305, India, Sorghum       , 2012,        9568,                        1083.0,          52980.0 ,    26.89,           956.8
     14306, India, Sorghum       , 2012,        9568,                        1083.0,          52980.0 ,    26.89,           956.8
     14307, India, Sorghum       , 2012,        9568,                        1083.0,          52980.0 ,    26.09,           956.8
     14308, India, Soybeans      , 2012,       13530,                        1083.0,          52980.0 ,    25.86,          1353.0
     14309, India, Soybeans      , 2012,       13530,                        1083.0,          52980.0 ,    27.03,          1353.0
     14310, India, Soybeans      , 2012,       13530,                        1083.0,          52980.0 ,    26.21,          1353.0
     14311, India, Soybeans      , 2012,       13530,                        1083.0,          52980.0 ,    24.37,          1353.0
     14312, India, Soybeans      , 2012,       13530,                        1083.0,          52980.0 ,    26.04,          1353.0
     14313, India, Soybeans      , 2012,       13530,                        1083.0,          52980.0 ,    25.82,          1353.0
     14314, India, Soybeans      , 2012,       13530,                        1083.0,          52980.0 ,    25.89,          1353.0
     14315, India, Soybeans      , 2012,       13530,                        1083.0,          52980.0 ,    26.94,          1353.0
     14316, India, Soybeans      , 2012,       13530,                        1083.0,          52980.0 ,    28.02,          1353.0
     14317, India, Soybeans      , 2012,       13530,                        1083.0,          52980.0 ,    25.39,          1353.0
     14318, India, Soybeans      , 2012,       13530,                        1083.0,          52980.0 ,    25.88,          1353.0
     14319, India, Soybeans      , 2012,       13530,                        1083.0,          52980.0 ,    25.45,          1353.0
     14320, India, Soybeans      , 2012,       13530,                        1083.0,          52980.0 ,    24.37,          1353.0
     14321, India, Soybeans      , 2012,       13530,                        1083.0,          52980.0 ,    26.33,          1353.0
     14322, India, Soybeans      , 2012,       13530,                        1083.0,          52980.0 ,    25.89,          1353.0
     14323, India, Soybeans      , 2012,       13530,                        1083.0,          52980.0 ,    25.98,          1353.0
     14324, India, Soybeans      , 2012,       13530,                        1083.0,          52980.0 ,    25.3 ,          1353.0
     14325, India, Soybeans      , 2012,       13530,                        1083.0,          52980.0 ,    26.65,          1353.0
     14326, India, Soybeans      , 2012,       13530,                        1083.0,          52980.0 ,    25.09,          1353.0
     14327, India, Soybeans      , 2012,       13530,                        1083.0,          52980.0 ,    26.89,          1353.0
     14328, India, Soybeans      , 2012,       13530,                        1083.0,          52980.0 ,    26.89,          1353.0
     14329, India, Soybeans      , 2012,       13530,                        1083.0,          52980.0 ,    26.09,          1353.0
     14330, India, Sweet potatoes, 2012,       97174,                        1083.0,          52980.0 ,    25.86,          9717.4
     14331, India, Sweet potatoes, 2012,       97174,                        1083.0,          52980.0 ,    27.03,          9717.4
     14332, India, Sweet potatoes, 2012,       97174,                        1083.0,          52980.0 ,    26.21,          9717.4
     14333, India, Sweet potatoes, 2012,       97174,                        1083.0,          52980.0 ,    24.37,          9717.4
     14334, India, Sweet potatoes, 2012,       97174,                        1083.0,          52980.0 ,    26.04,          9717.4
     14335, India, Sweet potatoes, 2012,       97174,                        1083.0,          52980.0 ,    25.82,          9717.4
     14336, India, Sweet potatoes, 2012,       97174,                        1083.0,          52980.0 ,    25.89,          9717.4
     14337, India, Sweet potatoes, 2012,       97174,                        1083.0,          52980.0 ,    26.94,          9717.4
     14338, India, Sweet potatoes, 2012,       97174,                        1083.0,          52980.0 ,    28.02,          9717.4
     14339, India, Sweet potatoes, 2012,       97174,                        1083.0,          52980.0 ,    25.39,          9717.4
     14340, India, Sweet potatoes, 2012,       97174,                        1083.0,          52980.0 ,    25.88,          9717.4
     14341, India, Sweet potatoes, 2012,       97174,                        1083.0,          52980.0 ,    25.45,          9717.4
     14342, India, Sweet potatoes, 2012,       97174,                        1083.0,          52980.0 ,    24.37,          9717.4
     14343, India, Sweet potatoes, 2012,       97174,                        1083.0,          52980.0 ,    26.33,          9717.4
     14344, India, Sweet potatoes, 2012,       97174,                        1083.0,          52980.0 ,    25.89,          9717.4
     14345, India, Sweet potatoes, 2012,       97174,                        1083.0,          52980.0 ,    25.98,          9717.4
     14346, India, Sweet potatoes, 2012,       97174,                        1083.0,          52980.0 ,    25.3 ,          9717.4
     14347, India, Sweet potatoes, 2012,       97174,                        1083.0,          52980.0 ,    26.65,          9717.4
     14348, India, Sweet potatoes, 2012,       97174,                        1083.0,          52980.0 ,    25.09,          9717.4
     14349, India, Sweet potatoes, 2012,       97174,                        1083.0,          52980.0 ,    26.89,          9717.4
     14350, India, Sweet potatoes, 2012,       97174,                        1083.0,          52980.0 ,    26.89,          9717.4
     14351, India, Sweet potatoes, 2012,       97174,                        1083.0,          52980.0 ,    26.09,          9717.4
     14352, India, Wheat         , 2012,       31775,                        1083.0,          52980.0 ,    25.86,          3177.5
     14353, India, Wheat         , 2012,       31775,                        1083.0,          52980.0 ,    27.03,          3177.5
     14354, India, Wheat         , 2012,       31775,                        1083.0,          52980.0 ,    26.21,          3177.5
     14355, India, Wheat         , 2012,       31775,                        1083.0,          52980.0 ,    24.37,          3177.5
     14356, India, Wheat         , 2012,       31775,                        1083.0,          52980.0 ,    26.04,          3177.5
     14357, India, Wheat         , 2012,       31775,                        1083.0,          52980.0 ,    25.82,          3177.5
     14358, India, Wheat         , 2012,       31775,                        1083.0,          52980.0 ,    25.89,          3177.5
     14359, India, Wheat         , 2012,       31775,                        1083.0,          52980.0 ,    26.94,          3177.5
     14360, India, Wheat         , 2012,       31775,                        1083.0,          52980.0 ,    28.02,          3177.5
     14361, India, Wheat         , 2012,       31775,                        1083.0,          52980.0 ,    25.39,          3177.5
     14362, India, Wheat         , 2012,       31775,                        1083.0,          52980.0 ,    25.88,          3177.5
     14363, India, Wheat         , 2012,       31775,                        1083.0,          52980.0 ,    25.45,          3177.5
     14364, India, Wheat         , 2012,       31775,                        1083.0,          52980.0 ,    24.37,          3177.5
     14365, India, Wheat         , 2012,       31775,                        1083.0,          52980.0 ,    26.33,          3177.5
     14366, India, Wheat         , 2012,       31775,                        1083.0,          52980.0 ,    25.89,          3177.5
     14367, India, Wheat         , 2012,       31775,                        1083.0,          52980.0 ,    25.98,          3177.5
     14368, India, Wheat         , 2012,       31775,                        1083.0,          52980.0 ,    25.3 ,          3177.5
     14369, India, Wheat         , 2012,       31775,                        1083.0,          52980.0 ,    26.65,          3177.5
     14370, India, Wheat         , 2012,       31775,                        1083.0,          52980.0 ,    25.09,          3177.5
     14371, India, Wheat         , 2012,       31775,                        1083.0,          52980.0 ,    26.89,          3177.5
     14372, India, Wheat         , 2012,       31775,                        1083.0,          52980.0 ,    26.89,          3177.5
     14373, India, Wheat         , 2012,       31775,                        1083.0,          52980.0 ,    26.09,          3177.5
     14374, India, Cassava       , 2013,      349594,                        1083.0,          45620.0 ,    26.69,         34959.4
     14375, India, Cassava       , 2013,      349594,                        1083.0,          45620.0 ,    27.61,         34959.4
     14376, India, Cassava       , 2013,      349594,                        1083.0,          45620.0 ,    27.1 ,         34959.4
     14377, India, Cassava       , 2013,      349594,                        1083.0,          45620.0 ,    25.44,         34959.4
     14378, India, Cassava       , 2013,      349594,                        1083.0,          45620.0 ,    26.61,         34959.4
     14379, India, Cassava       , 2013,      349594,                        1083.0,          45620.0 ,    26.37,         34959.4
     14380, India, Cassava       , 2013,      349594,                        1083.0,          45620.0 ,    26.71,         34959.4
     14381, India, Cassava       , 2013,      349594,                        1083.0,          45620.0 ,    27.37,         34959.4
     14382, India, Cassava       , 2013,      349594,                        1083.0,          45620.0 ,    28.85,         34959.4
     14383, India, Cassava       , 2013,      349594,                        1083.0,          45620.0 ,    25.94,         34959.4
     14384, India, Cassava       , 2013,      349594,                        1083.0,          45620.0 ,    26.84,         34959.4
     14385, India, Cassava       , 2013,      349594,                        1083.0,          45620.0 ,    26.12,         34959.4
     14386, India, Cassava       , 2013,      349594,                        1083.0,          45620.0 ,    25.44,         34959.4
     14387, India, Cassava       , 2013,      349594,                        1083.0,          45620.0 ,    27.11,         34959.4
     14388, India, Cassava       , 2013,      349594,                        1083.0,          45620.0 ,    26.71,         34959.4
     14389, India, Cassava       , 2013,      349594,                        1083.0,          45620.0 ,    26.79,         34959.4
     14390, India, Cassava       , 2013,      349594,                        1083.0,          45620.0 ,    25.85,         34959.4
     14391, India, Cassava       , 2013,      349594,                        1083.0,          45620.0 ,    27.14,         34959.4
     14392, India, Cassava       , 2013,      349594,                        1083.0,          45620.0 ,    25.98,         34959.4
     14393, India, Cassava       , 2013,      349594,                        1083.0,          45620.0 ,    27.44,         34959.4
     14394, India, Cassava       , 2013,      349594,                        1083.0,          45620.0 ,    27.44,         34959.4
     14395, India, Cassava       , 2013,      349594,                        1083.0,          45620.0 ,    26.99,         34959.4
     14396, India, Maize         , 2013,       25726,                        1083.0,          45620.0 ,    26.69,          2572.6
     14397, India, Maize         , 2013,       25726,                        1083.0,          45620.0 ,    27.61,          2572.6
     14398, India, Maize         , 2013,       25726,                        1083.0,          45620.0 ,    27.1 ,          2572.6
     14399, India, Maize         , 2013,       25726,                        1083.0,          45620.0 ,    25.44,          2572.6
     14400, India, Maize         , 2013,       25726,                        1083.0,          45620.0 ,    26.61,          2572.6
     14401, India, Maize         , 2013,       25726,                        1083.0,          45620.0 ,    26.37,          2572.6
     14402, India, Maize         , 2013,       25726,                        1083.0,          45620.0 ,    26.71,          2572.6
     14403, India, Maize         , 2013,       25726,                        1083.0,          45620.0 ,    27.37,          2572.6
     14404, India, Maize         , 2013,       25726,                        1083.0,          45620.0 ,    28.85,          2572.6
     14405, India, Maize         , 2013,       25726,                        1083.0,          45620.0 ,    25.94,          2572.6
     14406, India, Maize         , 2013,       25726,                        1083.0,          45620.0 ,    26.84,          2572.6
     14407, India, Maize         , 2013,       25726,                        1083.0,          45620.0 ,    26.12,          2572.6
     14408, India, Maize         , 2013,       25726,                        1083.0,          45620.0 ,    25.44,          2572.6
     14409, India, Maize         , 2013,       25726,                        1083.0,          45620.0 ,    27.11,          2572.6
     14410, India, Maize         , 2013,       25726,                        1083.0,          45620.0 ,    26.71,          2572.6
     14411, India, Maize         , 2013,       25726,                        1083.0,          45620.0 ,    26.79,          2572.6
     14412, India, Maize         , 2013,       25726,                        1083.0,          45620.0 ,    25.85,          2572.6
     14413, India, Maize         , 2013,       25726,                        1083.0,          45620.0 ,    27.14,          2572.6
     14414, India, Maize         , 2013,       25726,                        1083.0,          45620.0 ,    25.98,          2572.6
     14415, India, Maize         , 2013,       25726,                        1083.0,          45620.0 ,    27.44,          2572.6
     14416, India, Maize         , 2013,       25726,                        1083.0,          45620.0 ,    27.44,          2572.6
     14417, India, Maize         , 2013,       25726,                        1083.0,          45620.0 ,    26.99,          2572.6
     14418, India, Potatoes      , 2013,      227606,                        1083.0,          45620.0 ,    26.69,         22760.6
     14419, India, Potatoes      , 2013,      227606,                        1083.0,          45620.0 ,    27.61,         22760.6
     14420, India, Potatoes      , 2013,      227606,                        1083.0,          45620.0 ,    27.1 ,         22760.6
     14421, India, Potatoes      , 2013,      227606,                        1083.0,          45620.0 ,    25.44,         22760.6
     14422, India, Potatoes      , 2013,      227606,                        1083.0,          45620.0 ,    26.61,         22760.6
     14423, India, Potatoes      , 2013,      227606,                        1083.0,          45620.0 ,    26.37,         22760.6
     14424, India, Potatoes      , 2013,      227606,                        1083.0,          45620.0 ,    26.71,         22760.6
     14425, India, Potatoes      , 2013,      227606,                        1083.0,          45620.0 ,    27.37,         22760.6
     14426, India, Potatoes      , 2013,      227606,                        1083.0,          45620.0 ,    28.85,         22760.6
     14427, India, Potatoes      , 2013,      227606,                        1083.0,          45620.0 ,    25.94,         22760.6
     14428, India, Potatoes      , 2013,      227606,                        1083.0,          45620.0 ,    26.84,         22760.6
     14429, India, Potatoes      , 2013,      227606,                        1083.0,          45620.0 ,    26.12,         22760.6
     14430, India, Potatoes      , 2013,      227606,                        1083.0,          45620.0 ,    25.44,         22760.6
     14431, India, Potatoes      , 2013,      227606,                        1083.0,          45620.0 ,    27.11,         22760.6
     14432, India, Potatoes      , 2013,      227606,                        1083.0,          45620.0 ,    26.71,         22760.6
     14433, India, Potatoes      , 2013,      227606,                        1083.0,          45620.0 ,    26.79,         22760.6
     14434, India, Potatoes      , 2013,      227606,                        1083.0,          45620.0 ,    25.85,         22760.6
     14435, India, Potatoes      , 2013,      227606,                        1083.0,          45620.0 ,    27.14,         22760.6
     14436, India, Potatoes      , 2013,      227606,                        1083.0,          45620.0 ,    25.98,         22760.6
     14437, India, Potatoes      , 2013,      227606,                        1083.0,          45620.0 ,    27.44,         22760.6
     14438, India, Potatoes      , 2013,      227606,                        1083.0,          45620.0 ,    27.44,         22760.6
     14439, India, Potatoes      , 2013,      227606,                        1083.0,          45620.0 ,    26.99,         22760.6
     14440, India, "Rice, paddy" , 2013,       36070,                        1083.0,          45620.0 ,    26.69,          3607.0
     14441, India, "Rice, paddy" , 2013,       36070,                        1083.0,          45620.0 ,    27.61,          3607.0
     14442, India, "Rice, paddy" , 2013,       36070,                        1083.0,          45620.0 ,    27.1 ,          3607.0
     14443, India, "Rice, paddy" , 2013,       36070,                        1083.0,          45620.0 ,    25.44,          3607.0
     14444, India, "Rice, paddy" , 2013,       36070,                        1083.0,          45620.0 ,    26.61,          3607.0
     14445, India, "Rice, paddy" , 2013,       36070,                        1083.0,          45620.0 ,    26.37,          3607.0
     14446, India, "Rice, paddy" , 2013,       36070,                        1083.0,          45620.0 ,    26.71,          3607.0
     14447, India, "Rice, paddy" , 2013,       36070,                        1083.0,          45620.0 ,    27.37,          3607.0
     14448, India, "Rice, paddy" , 2013,       36070,                        1083.0,          45620.0 ,    28.85,          3607.0
     14449, India, "Rice, paddy" , 2013,       36070,                        1083.0,          45620.0 ,    25.94,          3607.0
     14450, India, "Rice, paddy" , 2013,       36070,                        1083.0,          45620.0 ,    26.84,          3607.0
     14451, India, "Rice, paddy" , 2013,       36070,                        1083.0,          45620.0 ,    26.12,          3607.0
     14452, India, "Rice, paddy" , 2013,       36070,                        1083.0,          45620.0 ,    25.44,          3607.0
     14453, India, "Rice, paddy" , 2013,       36070,                        1083.0,          45620.0 ,    27.11,          3607.0
     14454, India, "Rice, paddy" , 2013,       36070,                        1083.0,          45620.0 ,    26.71,          3607.0
     14455, India, "Rice, paddy" , 2013,       36070,                        1083.0,          45620.0 ,    26.79,          3607.0
     14456, India, "Rice, paddy" , 2013,       36070,                        1083.0,          45620.0 ,    25.85,          3607.0
     14457, India, "Rice, paddy" , 2013,       36070,                        1083.0,          45620.0 ,    27.14,          3607.0
     14458, India, "Rice, paddy" , 2013,       36070,                        1083.0,          45620.0 ,    25.98,          3607.0
     14459, India, "Rice, paddy" , 2013,       36070,                        1083.0,          45620.0 ,    27.44,          3607.0
     14460, India, "Rice, paddy" , 2013,       36070,                        1083.0,          45620.0 ,    27.44,          3607.0
     14461, India, "Rice, paddy" , 2013,       36070,                        1083.0,          45620.0 ,    26.99,          3607.0
     14462, India, Sorghum       , 2013,        8502,                        1083.0,          45620.0 ,    26.69,           850.2
     14463, India, Sorghum       , 2013,        8502,                        1083.0,          45620.0 ,    27.61,           850.2
     14464, India, Sorghum       , 2013,        8502,                        1083.0,          45620.0 ,    27.1 ,           850.2
     14465, India, Sorghum       , 2013,        8502,                        1083.0,          45620.0 ,    25.44,           850.2
     14466, India, Sorghum       , 2013,        8502,                        1083.0,          45620.0 ,    26.61,           850.2
     14467, India, Sorghum       , 2013,        8502,                        1083.0,          45620.0 ,    26.37,           850.2
     14468, India, Sorghum       , 2013,        8502,                        1083.0,          45620.0 ,    26.71,           850.2
     14469, India, Sorghum       , 2013,        8502,                        1083.0,          45620.0 ,    27.37,           850.2
     14470, India, Sorghum       , 2013,        8502,                        1083.0,          45620.0 ,    28.85,           850.2
     14471, India, Sorghum       , 2013,        8502,                        1083.0,          45620.0 ,    25.94,           850.2
     14472, India, Sorghum       , 2013,        8502,                        1083.0,          45620.0 ,    26.84,           850.2
     14473, India, Sorghum       , 2013,        8502,                        1083.0,          45620.0 ,    26.12,           850.2
     14474, India, Sorghum       , 2013,        8502,                        1083.0,          45620.0 ,    25.44,           850.2
     14475, India, Sorghum       , 2013,        8502,                        1083.0,          45620.0 ,    27.11,           850.2
     14476, India, Sorghum       , 2013,        8502,                        1083.0,          45620.0 ,    26.71,           850.2
     14477, India, Sorghum       , 2013,        8502,                        1083.0,          45620.0 ,    26.79,           850.2
     14478, India, Sorghum       , 2013,        8502,                        1083.0,          45620.0 ,    25.85,           850.2
     14479, India, Sorghum       , 2013,        8502,                        1083.0,          45620.0 ,    27.14,           850.2
     14480, India, Sorghum       , 2013,        8502,                        1083.0,          45620.0 ,    25.98,           850.2
     14481, India, Sorghum       , 2013,        8502,                        1083.0,          45620.0 ,    27.44,           850.2
     14482, India, Sorghum       , 2013,        8502,                        1083.0,          45620.0 ,    27.44,           850.2
     14483, India, Sorghum       , 2013,        8502,                        1083.0,          45620.0 ,    26.99,           850.2
     14484, India, Soybeans      , 2013,       10123,                        1083.0,          45620.0 ,    26.69,          1012.3
     14485, India, Soybeans      , 2013,       10123,                        1083.0,          45620.0 ,    27.61,          1012.3
     14486, India, Soybeans      , 2013,       10123,                        1083.0,          45620.0 ,    27.1 ,          1012.3
     14487, India, Soybeans      , 2013,       10123,                        1083.0,          45620.0 ,    25.44,          1012.3
     14488, India, Soybeans      , 2013,       10123,                        1083.0,          45620.0 ,    26.61,          1012.3
     14489, India, Soybeans      , 2013,       10123,                        1083.0,          45620.0 ,    26.37,          1012.3
     14490, India, Soybeans      , 2013,       10123,                        1083.0,          45620.0 ,    26.71,          1012.3
     14491, India, Soybeans      , 2013,       10123,                        1083.0,          45620.0 ,    27.37,          1012.3
     14492, India, Soybeans      , 2013,       10123,                        1083.0,          45620.0 ,    28.85,          1012.3
     14493, India, Soybeans      , 2013,       10123,                        1083.0,          45620.0 ,    25.94,          1012.3
     14494, India, Soybeans      , 2013,       10123,                        1083.0,          45620.0 ,    26.84,          1012.3
     14495, India, Soybeans      , 2013,       10123,                        1083.0,          45620.0 ,    26.12,          1012.3
     14496, India, Soybeans      , 2013,       10123,                        1083.0,          45620.0 ,    25.44,          1012.3
     14497, India, Soybeans      , 2013,       10123,                        1083.0,          45620.0 ,    27.11,          1012.3
     14498, India, Soybeans      , 2013,       10123,                        1083.0,          45620.0 ,    26.71,          1012.3
     14499, India, Soybeans      , 2013,       10123,                        1083.0,          45620.0 ,    26.79,          1012.3
     14500, India, Soybeans      , 2013,       10123,                        1083.0,          45620.0 ,    25.85,          1012.3
     14501, India, Soybeans      , 2013,       10123,                        1083.0,          45620.0 ,    27.14,          1012.3
     14502, India, Soybeans      , 2013,       10123,                        1083.0,          45620.0 ,    25.98,          1012.3
     14503, India, Soybeans      , 2013,       10123,                        1083.0,          45620.0 ,    27.44,          1012.3
     14504, India, Soybeans      , 2013,       10123,                        1083.0,          45620.0 ,    27.44,          1012.3
     14505, India, Soybeans      , 2013,       10123,                        1083.0,          45620.0 ,    26.99,          1012.3
     14506, India, Sweet potatoes, 2013,      101288,                        1083.0,          45620.0 ,    26.69,         10128.8
     14507, India, Sweet potatoes, 2013,      101288,                        1083.0,          45620.0 ,    27.61,         10128.8
     14508, India, Sweet potatoes, 2013,      101288,                        1083.0,          45620.0 ,    27.1 ,         10128.8
     14509, India, Sweet potatoes, 2013,      101288,                        1083.0,          45620.0 ,    25.44,         10128.8
     14510, India, Sweet potatoes, 2013,      101288,                        1083.0,          45620.0 ,    26.61,         10128.8
     14511, India, Sweet potatoes, 2013,      101288,                        1083.0,          45620.0 ,    26.37,         10128.8
     14512, India, Sweet potatoes, 2013,      101288,                        1083.0,          45620.0 ,    26.71,         10128.8
     14513, India, Sweet potatoes, 2013,      101288,                        1083.0,          45620.0 ,    27.37,         10128.8
     14514, India, Sweet potatoes, 2013,      101288,                        1083.0,          45620.0 ,    28.85,         10128.8
     14515, India, Sweet potatoes, 2013,      101288,                        1083.0,          45620.0 ,    25.94,         10128.8
     14516, India, Sweet potatoes, 2013,      101288,                        1083.0,          45620.0 ,    26.84,         10128.8
     14517, India, Sweet potatoes, 2013,      101288,                        1083.0,          45620.0 ,    26.12,         10128.8
     14518, India, Sweet potatoes, 2013,      101288,                        1083.0,          45620.0 ,    25.44,         10128.8
     14519, India, Sweet potatoes, 2013,      101288,                        1083.0,          45620.0 ,    27.11,         10128.8
     14520, India, Sweet potatoes, 2013,      101288,                        1083.0,          45620.0 ,    26.71,         10128.8
     14521, India, Sweet potatoes, 2013,      101288,                        1083.0,          45620.0 ,    26.79,         10128.8
     14522, India, Sweet potatoes, 2013,      101288,                        1083.0,          45620.0 ,    25.85,         10128.8
     14523, India, Sweet potatoes, 2013,      101288,                        1083.0,          45620.0 ,    27.14,         10128.8
     14524, India, Sweet potatoes, 2013,      101288,                        1083.0,          45620.0 ,    25.98,         10128.8
     14525, India, Sweet potatoes, 2013,      101288,                        1083.0,          45620.0 ,    27.44,         10128.8
     14526, India, Sweet potatoes, 2013,      101288,                        1083.0,          45620.0 ,    27.44,         10128.8
     14527, India, Sweet potatoes, 2013,      101288,                        1083.0,          45620.0 ,    26.99,         10128.8
     14528, India, Wheat         , 2013,       31538,                        1083.0,          45620.0 ,    26.69,          3153.8
     14529, India, Wheat         , 2013,       31538,                        1083.0,          45620.0 ,    27.61,          3153.8
     14530, India, Wheat         , 2013,       31538,                        1083.0,          45620.0 ,    27.1 ,          3153.8
     14531, India, Wheat         , 2013,       31538,                        1083.0,          45620.0 ,    25.44,          3153.8
     14532, India, Wheat         , 2013,       31538,                        1083.0,          45620.0 ,    26.61,          3153.8
     14533, India, Wheat         , 2013,       31538,                        1083.0,          45620.0 ,    26.37,          3153.8
     14534, India, Wheat         , 2013,       31538,                        1083.0,          45620.0 ,    26.71,          3153.8
     14535, India, Wheat         , 2013,       31538,                        1083.0,          45620.0 ,    27.37,          3153.8
     14536, India, Wheat         , 2013,       31538,                        1083.0,          45620.0 ,    28.85,          3153.8
     14537, India, Wheat         , 2013,       31538,                        1083.0,          45620.0 ,    25.94,          3153.8
     14538, India, Wheat         , 2013,       31538,                        1083.0,          45620.0 ,    26.84,          3153.8
     14539, India, Wheat         , 2013,       31538,                        1083.0,          45620.0 ,    26.12,          3153.8
     14540, India, Wheat         , 2013,       31538,                        1083.0,          45620.0 ,    25.44,          3153.8
     14541, India, Wheat         , 2013,       31538,                        1083.0,          45620.0 ,    27.11,          3153.8
     14542, India, Wheat         , 2013,       31538,                        1083.0,          45620.0 ,    26.71,          3153.8
     14543, India, Wheat         , 2013,       31538,                        1083.0,          45620.0 ,    26.79,          3153.8
     14544, India, Wheat         , 2013,       31538,                        1083.0,          45620.0 ,    25.85,          3153.8
     14545, India, Wheat         , 2013,       31538,                        1083.0,          45620.0 ,    27.14,          3153.8
     14546, India, Wheat         , 2013,       31538,                        1083.0,          45620.0 ,    25.98,          3153.8
     14547, India, Wheat         , 2013,       31538,                        1083.0,          45620.0 ,    27.44,          3153.8
     14548, India, Wheat         , 2013,       31538,                        1083.0,          45620.0 ,    27.44,          3153.8
     14549, India, Wheat         , 2013,       31538,                        1083.0,          45620.0 ,    26.99,          3153.8
